word,global_frequency_percent,document_frequency_percent,global_freq_score,document_freq_score,avg_tfidf_score,combined_score
samadhi,0.003,0.425,0.997,0.850,0.081,0.262
self,0.002,0.398,0.998,0.796,0.070,0.236
pleasure,0.001,0.343,0.999,0.687,0.053,0.190
joy,0.002,0.458,0.998,0.916,0.035,0.179
jhana,0.001,0.120,0.999,0.240,0.133,0.179
metta,0.001,0.180,0.999,0.360,0.086,0.176
river,0.001,0.161,0.999,0.322,0.096,0.175
poem,0.001,0.183,0.999,0.365,0.082,0.174
equanimity,0.001,0.262,0.999,0.523,0.053,0.167
happiness,0.002,0.469,0.998,0.937,0.030,0.167
king,0.001,0.079,0.999,0.158,0.174,0.166
compassion,0.001,0.403,0.999,0.807,0.033,0.163
tension,0.001,0.441,0.999,0.883,0.030,0.162
goodwill,0.001,0.281,0.999,0.561,0.047,0.162
yeah,0.001,0.365,0.999,0.730,0.036,0.161
breathing,0.004,0.646,0.996,0.708,0.037,0.161
path,0.002,0.469,0.998,0.937,0.027,0.160
calm,0.001,0.422,0.999,0.845,0.030,0.160
well-being,0.001,0.373,0.999,0.747,0.033,0.158
simplicity,0.000,0.199,1.000,0.398,0.060,0.154
patience,0.001,0.109,0.999,0.218,0.109,0.154
flow,0.001,0.357,0.999,0.714,0.033,0.154
pain,0.001,0.406,0.999,0.812,0.029,0.152
dukkha,0.001,0.251,0.999,0.501,0.046,0.152
suffering,0.003,0.599,0.997,0.801,0.029,0.152
sensing,0.001,0.264,0.999,0.529,0.043,0.151
awareness,0.002,0.594,0.998,0.812,0.028,0.151
desire,0.001,0.401,0.999,0.801,0.028,0.151
flood,0.000,0.046,1.000,0.093,0.243,0.150
space,0.001,0.510,0.999,0.981,0.023,0.150
spiritual,0.001,0.297,0.999,0.594,0.038,0.149
truth,0.001,0.330,0.999,0.659,0.034,0.149
water,0.001,0.354,0.999,0.708,0.031,0.149
changing,0.001,0.297,0.999,0.594,0.037,0.148
goodness,0.001,0.409,0.999,0.817,0.027,0.148
clinging,0.001,0.354,0.999,0.708,0.031,0.148
kindness,0.001,0.420,0.999,0.839,0.026,0.147
view,0.001,0.365,0.999,0.730,0.030,0.147
harm,0.001,0.232,0.999,0.463,0.046,0.146
aversion,0.001,0.319,0.999,0.638,0.034,0.146
counting,0.000,0.074,1.000,0.147,0.144,0.146
mara,0.000,0.046,1.000,0.093,0.229,0.146
settling,0.001,0.439,0.999,0.877,0.024,0.145
vision,0.000,0.114,1.000,0.229,0.092,0.145
fear,0.001,0.417,0.999,0.834,0.025,0.144
story,0.002,0.540,0.998,0.921,0.022,0.143
wisdom,0.001,0.425,0.999,0.850,0.024,0.143
contentment,0.001,0.155,0.999,0.311,0.065,0.142
sensation,0.002,0.561,0.998,0.877,0.023,0.142
quiet,0.001,0.439,0.999,0.877,0.023,0.142
settled,0.001,0.373,0.999,0.747,0.027,0.141
count,0.000,0.104,1.000,0.207,0.096,0.141
wholesome,0.001,0.275,0.999,0.550,0.036,0.141
aware,0.001,0.501,0.999,0.997,0.020,0.141
diana,0.001,0.158,0.999,0.316,0.063,0.141
community,0.001,0.248,0.999,0.496,0.040,0.141
state,0.002,0.534,0.998,0.932,0.021,0.141
knowing,0.001,0.515,0.999,0.970,0.020,0.140
freedom,0.001,0.493,0.999,0.986,0.020,0.140
sangha,0.000,0.174,1.000,0.349,0.056,0.140
quality,0.001,0.482,0.999,0.965,0.020,0.140
breathe,0.001,0.425,0.999,0.850,0.023,0.140
change,0.002,0.559,0.998,0.883,0.022,0.139
spaciousness,0.000,0.155,1.000,0.311,0.062,0.139
sutta,0.001,0.204,0.999,0.409,0.047,0.139
effort,0.001,0.281,0.999,0.561,0.034,0.138
light,0.001,0.401,0.999,0.801,0.024,0.138
condition,0.001,0.414,0.999,0.828,0.023,0.138
activity,0.001,0.398,0.999,0.796,0.024,0.137
pleasant,0.001,0.313,0.999,0.627,0.030,0.137
dharma,0.002,0.567,0.998,0.866,0.022,0.137
relaxing,0.001,0.379,0.999,0.757,0.025,0.137
question,0.002,0.523,0.998,0.954,0.020,0.137
buddhism,0.001,0.387,0.999,0.774,0.024,0.136
source,0.001,0.243,0.999,0.485,0.038,0.136
energy,0.001,0.403,0.999,0.807,0.023,0.136
friend,0.001,0.458,0.999,0.916,0.020,0.136
capacity,0.001,0.373,0.999,0.747,0.024,0.134
wise,0.001,0.335,0.999,0.670,0.027,0.134
ease,0.001,0.469,0.999,0.937,0.019,0.134
earth,0.000,0.183,1.000,0.365,0.049,0.134
clark,0.001,0.131,0.999,0.262,0.068,0.133
teacher,0.001,0.469,0.999,0.937,0.019,0.133
sound,0.001,0.436,0.999,0.872,0.020,0.133
helpful,0.001,0.411,0.999,0.823,0.022,0.133
not-self,0.000,0.120,1.000,0.240,0.074,0.133
deeper,0.001,0.515,0.999,0.970,0.018,0.133
anger,0.001,0.264,0.999,0.529,0.033,0.132
beautiful,0.001,0.469,0.999,0.937,0.019,0.132
conflict,0.001,0.098,0.999,0.196,0.089,0.132
noticing,0.001,0.319,0.999,0.638,0.027,0.131
allowing,0.001,0.485,0.999,0.970,0.018,0.131
unpleasant,0.000,0.169,1.000,0.338,0.051,0.131
peace,0.001,0.526,0.999,0.948,0.018,0.131
system,0.001,0.286,0.999,0.572,0.030,0.131
poetry,0.000,0.052,1.000,0.104,0.164,0.130
fetter,0.000,0.025,1.000,0.049,0.347,0.130
mine,0.000,0.215,1.000,0.431,0.039,0.130
inner,0.001,0.431,0.999,0.861,0.020,0.130
hindrance,0.000,0.142,1.000,0.283,0.060,0.130
action,0.001,0.300,0.999,0.599,0.028,0.130
recognition,0.000,0.215,1.000,0.431,0.039,0.130
mental,0.001,0.351,0.999,0.703,0.024,0.130
attachment,0.000,0.199,1.000,0.398,0.042,0.129
stillness,0.000,0.188,1.000,0.376,0.044,0.129
element,0.000,0.158,1.000,0.316,0.053,0.129
worse,0.000,0.139,1.000,0.278,0.060,0.129
noble,0.001,0.199,0.999,0.398,0.042,0.129
subtle,0.001,0.341,0.999,0.681,0.024,0.129
control,0.000,0.245,1.000,0.490,0.034,0.129
deer,0.000,0.033,1.000,0.065,0.254,0.129
jataka,0.000,0.033,1.000,0.065,0.253,0.129
power,0.000,0.232,1.000,0.463,0.036,0.128
vedana,0.000,0.035,1.000,0.071,0.232,0.128
perception,0.000,0.142,1.000,0.283,0.058,0.128
friendliness,0.000,0.098,1.000,0.196,0.083,0.128
craving,0.000,0.188,1.000,0.376,0.043,0.127
caught,0.001,0.395,0.999,0.790,0.020,0.127
retreat,0.001,0.384,0.999,0.768,0.021,0.127
attitude,0.001,0.283,0.999,0.567,0.028,0.127
clarity,0.000,0.292,1.000,0.583,0.027,0.126
intention,0.000,0.283,1.000,0.567,0.028,0.126
settle,0.001,0.531,0.999,0.937,0.017,0.126
gently,0.001,0.482,0.999,0.965,0.016,0.125
understanding,0.001,0.471,0.999,0.943,0.017,0.125
he's,0.001,0.245,0.999,0.490,0.032,0.125
preoccupation,0.000,0.221,1.000,0.441,0.035,0.125
pressure,0.000,0.300,1.000,0.599,0.026,0.125
wind,0.000,0.139,1.000,0.278,0.056,0.125
movement,0.001,0.496,0.999,0.992,0.016,0.125
wanting,0.001,0.387,0.999,0.774,0.020,0.124
purpose,0.001,0.283,0.999,0.567,0.027,0.124
relationship,0.001,0.469,0.999,0.937,0.016,0.124
room,0.001,0.458,0.999,0.916,0.017,0.124
object,0.001,0.319,0.999,0.638,0.024,0.124
steady,0.000,0.147,1.000,0.294,0.052,0.124
matthew,0.000,0.123,1.000,0.245,0.062,0.123
list,0.000,0.245,1.000,0.490,0.031,0.123
simple,0.001,0.540,0.999,0.921,0.016,0.123
holding,0.001,0.425,0.999,0.850,0.018,0.123
intelligence,0.000,0.060,1.000,0.120,0.126,0.123
delusion,0.000,0.221,1.000,0.441,0.034,0.123
concept,0.000,0.223,1.000,0.447,0.034,0.123
stress,0.000,0.259,1.000,0.518,0.029,0.123
brensilver,0.000,0.120,1.000,0.240,0.063,0.123
awakening,0.001,0.248,0.999,0.496,0.030,0.123
true,0.001,0.417,0.999,0.834,0.018,0.123
new,0.001,0.518,0.999,0.965,0.016,0.123
emotion,0.001,0.387,0.999,0.774,0.019,0.123
chaplaincy,0.000,0.038,1.000,0.076,0.197,0.123
arrow,0.000,0.071,1.000,0.142,0.106,0.122
greed,0.000,0.245,1.000,0.490,0.031,0.122
soften,0.001,0.371,0.999,0.741,0.020,0.122
relaxed,0.001,0.341,0.999,0.681,0.022,0.122
subjective,0.000,0.033,1.000,0.065,0.227,0.122
appreciation,0.000,0.196,1.000,0.392,0.038,0.122
characteristic,0.000,0.180,1.000,0.360,0.041,0.122
clearly,0.001,0.428,0.999,0.856,0.017,0.122
speech,0.000,0.150,1.000,0.300,0.049,0.121
silence,0.000,0.218,1.000,0.436,0.034,0.121
somebody,0.001,0.262,0.999,0.523,0.028,0.121
gentle,0.000,0.297,1.000,0.594,0.025,0.121
refuge,0.000,0.125,1.000,0.251,0.058,0.121
nature,0.001,0.431,0.999,0.861,0.017,0.121
selfing,0.000,0.065,1.000,0.131,0.111,0.121
ethical,0.000,0.158,1.000,0.316,0.046,0.120
peaceful,0.001,0.496,0.999,0.992,0.015,0.120
death,0.000,0.169,1.000,0.338,0.043,0.120
belly,0.000,0.354,1.000,0.708,0.020,0.120
lead,0.001,0.311,0.999,0.621,0.023,0.120
extra,0.000,0.188,1.000,0.376,0.038,0.120
contact,0.000,0.234,1.000,0.469,0.031,0.120
wish,0.001,0.490,0.999,0.981,0.015,0.120
got,0.001,0.455,0.999,0.910,0.016,0.120
towards,0.001,0.507,0.999,0.986,0.015,0.120
stay,0.001,0.545,0.999,0.910,0.016,0.120
yes,0.001,0.403,0.999,0.807,0.018,0.119
natural,0.001,0.373,0.999,0.747,0.019,0.119
focus,0.001,0.392,0.999,0.785,0.018,0.119
arises,0.001,0.414,0.999,0.828,0.017,0.119
concentration,0.000,0.240,1.000,0.480,0.030,0.119
grief,0.000,0.136,1.000,0.272,0.052,0.119
spread,0.000,0.199,1.000,0.398,0.036,0.119
recognize,0.001,0.433,0.999,0.866,0.016,0.119
enter,0.000,0.243,1.000,0.485,0.029,0.119
fully,0.001,0.362,0.999,0.725,0.019,0.118
learn,0.001,0.450,0.999,0.899,0.016,0.118
reflection,0.000,0.256,1.000,0.512,0.027,0.118
notice,0.001,0.569,0.999,0.861,0.016,0.118
cultivating,0.000,0.213,1.000,0.425,0.033,0.118
profound,0.000,0.232,1.000,0.463,0.030,0.118
air,0.000,0.204,1.000,0.409,0.034,0.118
friendship,0.000,0.104,1.000,0.207,0.067,0.118
questioner,0.000,0.106,1.000,0.213,0.066,0.118
inside,0.001,0.485,0.999,0.970,0.014,0.118
trust,0.000,0.234,1.000,0.469,0.030,0.118
connecting,0.000,0.142,1.000,0.283,0.049,0.118
nothing,0.001,0.512,0.999,0.975,0.014,0.118
strong,0.001,0.406,0.999,0.812,0.017,0.118
calming,0.000,0.114,1.000,0.229,0.060,0.117
field,0.000,0.281,1.000,0.561,0.024,0.117
meet,0.001,0.401,0.999,0.801,0.017,0.117
arise,0.001,0.433,0.999,0.866,0.016,0.117
mindfulness,0.002,0.605,0.998,0.790,0.017,0.117
connected,0.001,0.376,0.999,0.752,0.018,0.117
harmony,0.000,0.101,1.000,0.202,0.067,0.117
stability,0.000,0.196,1.000,0.392,0.035,0.117
approach,0.000,0.234,1.000,0.469,0.029,0.117
unwholesome,0.000,0.158,1.000,0.316,0.043,0.116
discover,0.000,0.223,1.000,0.447,0.030,0.116
wholeness,0.000,0.134,1.000,0.267,0.051,0.116
pause,0.000,0.166,1.000,0.332,0.040,0.116
opening,0.001,0.371,0.999,0.741,0.018,0.116
generosity,0.000,0.196,1.000,0.392,0.034,0.116
softening,0.000,0.330,1.000,0.659,0.020,0.116
realm,0.000,0.153,1.000,0.305,0.044,0.116
confidence,0.000,0.161,1.000,0.322,0.042,0.116
tradition,0.001,0.338,0.999,0.676,0.020,0.116
release,0.000,0.240,1.000,0.480,0.028,0.116
effect,0.000,0.196,1.000,0.392,0.034,0.116
offer,0.001,0.490,0.999,0.981,0.014,0.116
orientation,0.000,0.240,1.000,0.480,0.028,0.116
wrong,0.001,0.354,0.999,0.708,0.019,0.116
shore,0.000,0.052,1.000,0.104,0.129,0.115
sort,0.001,0.302,0.999,0.605,0.022,0.115
receiving,0.000,0.150,1.000,0.300,0.044,0.115
let's,0.001,0.431,0.999,0.861,0.015,0.115
lake,0.000,0.093,1.000,0.185,0.072,0.115
wave,0.000,0.169,1.000,0.338,0.039,0.115
arising,0.001,0.343,0.999,0.687,0.019,0.115
step,0.001,0.368,0.999,0.736,0.018,0.115
situation,0.001,0.346,0.999,0.692,0.019,0.115
belief,0.001,0.237,0.999,0.474,0.028,0.115
hatred,0.000,0.210,1.000,0.420,0.032,0.115
involved,0.000,0.324,1.000,0.649,0.020,0.115
shift,0.001,0.381,0.999,0.763,0.017,0.115
didn't,0.001,0.504,0.999,0.992,0.013,0.115
allows,0.001,0.414,0.999,0.828,0.016,0.115
shifting,0.000,0.163,1.000,0.327,0.040,0.115
oh,0.003,0.632,0.997,0.736,0.018,0.115
simply,0.001,0.406,0.999,0.812,0.016,0.115
operating,0.000,0.196,1.000,0.392,0.034,0.115
faith,0.000,0.128,1.000,0.256,0.051,0.115
simile,0.000,0.106,1.000,0.213,0.062,0.115
gathering,0.000,0.207,1.000,0.414,0.032,0.115
act,0.000,0.286,1.000,0.572,0.023,0.115
stop,0.001,0.409,0.999,0.817,0.016,0.114
taste,0.000,0.123,1.000,0.245,0.053,0.114
living,0.001,0.436,0.999,0.872,0.015,0.114
direct,0.000,0.270,1.000,0.540,0.024,0.114
hand,0.001,0.520,0.999,0.959,0.014,0.114
edge,0.000,0.210,1.000,0.420,0.031,0.114
walk,0.001,0.322,0.999,0.643,0.020,0.114
beginning,0.001,0.526,0.999,0.948,0.014,0.114
show,0.001,0.414,0.999,0.828,0.016,0.114
form,0.001,0.501,0.999,0.997,0.013,0.114
force,0.000,0.264,1.000,0.529,0.025,0.114
degree,0.000,0.313,1.000,0.627,0.021,0.114
saying,0.001,0.540,0.999,0.921,0.014,0.114
within,0.001,0.542,0.999,0.916,0.014,0.114
fire,0.000,0.139,1.000,0.278,0.047,0.114
becoming,0.001,0.387,0.999,0.774,0.017,0.114
appreciate,0.001,0.501,0.999,0.997,0.013,0.114
delight,0.000,0.248,1.000,0.496,0.026,0.114
steadiness,0.000,0.098,1.000,0.196,0.066,0.114
big,0.001,0.501,0.999,0.997,0.013,0.114
courage,0.000,0.071,1.000,0.142,0.091,0.114
instruction,0.000,0.256,1.000,0.512,0.025,0.114
caring,0.000,0.245,1.000,0.490,0.026,0.113
staying,0.000,0.275,1.000,0.550,0.023,0.113
relax,0.001,0.569,0.999,0.861,0.015,0.113
turn,0.001,0.493,0.999,0.986,0.013,0.113
beyond,0.000,0.226,1.000,0.452,0.028,0.113
practicing,0.001,0.460,0.999,0.921,0.014,0.113
child,0.000,0.229,1.000,0.458,0.028,0.113
problem,0.001,0.327,0.999,0.654,0.020,0.113
shoulder,0.000,0.297,1.000,0.594,0.021,0.113
resting,0.000,0.240,1.000,0.480,0.027,0.113
add,0.000,0.218,1.000,0.436,0.029,0.113
seeing,0.002,0.594,0.998,0.812,0.016,0.113
group,0.000,0.270,1.000,0.540,0.024,0.113
live,0.001,0.561,0.999,0.877,0.014,0.113
monk,0.000,0.161,1.000,0.322,0.039,0.113
healthy,0.000,0.319,1.000,0.638,0.020,0.113
impermanence,0.000,0.139,1.000,0.278,0.046,0.113
flowing,0.000,0.183,1.000,0.365,0.035,0.113
instead,0.001,0.466,0.999,0.932,0.014,0.112
weight,0.000,0.191,1.000,0.381,0.033,0.112
grow,0.000,0.311,1.000,0.621,0.020,0.112
small,0.001,0.431,0.999,0.861,0.015,0.112
hear,0.001,0.428,0.999,0.856,0.015,0.112
isn't,0.001,0.436,0.999,0.872,0.014,0.112
dear,0.000,0.112,1.000,0.223,0.056,0.112
identity,0.000,0.117,1.000,0.234,0.054,0.112
inspiration,0.000,0.136,1.000,0.272,0.046,0.112
mindful,0.000,0.294,1.000,0.589,0.021,0.112
difficult,0.001,0.395,0.999,0.790,0.016,0.112
surface,0.000,0.229,1.000,0.458,0.027,0.112
patient,0.000,0.071,1.000,0.142,0.088,0.112
soft,0.000,0.297,1.000,0.594,0.021,0.112
someone,0.001,0.537,0.999,0.926,0.014,0.112
presence,0.000,0.286,1.000,0.572,0.022,0.112
practitioner,0.000,0.270,1.000,0.540,0.023,0.112
difficulty,0.000,0.210,1.000,0.420,0.030,0.112
ability,0.000,0.311,1.000,0.621,0.020,0.111
bad,0.000,0.311,1.000,0.621,0.020,0.111
centered,0.000,0.177,1.000,0.354,0.035,0.111
future,0.000,0.300,1.000,0.599,0.021,0.111
emotional,0.000,0.305,1.000,0.610,0.020,0.111
series,0.000,0.362,1.000,0.725,0.017,0.111
ask,0.001,0.330,0.999,0.659,0.019,0.111
line,0.000,0.256,1.000,0.512,0.024,0.111
level,0.001,0.332,0.999,0.665,0.018,0.111
wonderful,0.001,0.526,0.999,0.948,0.013,0.111
beauty,0.000,0.185,1.000,0.371,0.033,0.111
tree,0.000,0.210,1.000,0.420,0.029,0.111
drop,0.000,0.262,1.000,0.523,0.023,0.110
crossing,0.000,0.035,1.000,0.071,0.172,0.110
sens,0.000,0.142,1.000,0.283,0.043,0.110
entering,0.000,0.169,1.000,0.338,0.036,0.110
meaning,0.000,0.294,1.000,0.589,0.021,0.110
cultivate,0.000,0.248,1.000,0.496,0.024,0.110
loving-kindness,0.000,0.177,1.000,0.354,0.034,0.110
matter,0.001,0.395,0.999,0.790,0.015,0.110
chaplain,0.000,0.030,1.000,0.060,0.202,0.110
audience,0.000,0.068,1.000,0.136,0.088,0.110
middle,0.000,0.343,1.000,0.687,0.018,0.110
phrase,0.000,0.199,1.000,0.398,0.030,0.110
cause,0.001,0.346,0.999,0.692,0.017,0.110
available,0.000,0.330,1.000,0.659,0.018,0.110
doubt,0.000,0.163,1.000,0.327,0.037,0.109
lost,0.000,0.322,1.000,0.643,0.019,0.109
giving,0.001,0.381,0.999,0.763,0.016,0.109
remember,0.001,0.422,0.999,0.845,0.014,0.109
everyone,0.001,0.518,0.999,0.965,0.012,0.109
touch,0.001,0.433,0.999,0.866,0.014,0.109
knowledge,0.000,0.101,1.000,0.202,0.059,0.109
listening,0.000,0.229,1.000,0.458,0.026,0.109
greater,0.000,0.240,1.000,0.480,0.025,0.109
i'd,0.001,0.504,0.999,0.992,0.012,0.109
walking,0.000,0.275,1.000,0.550,0.022,0.109
past,0.000,0.316,1.000,0.632,0.019,0.109
surrender,0.000,0.057,1.000,0.114,0.103,0.109
piece,0.000,0.237,1.000,0.474,0.025,0.109
physical,0.000,0.292,1.000,0.583,0.020,0.109
job,0.000,0.218,1.000,0.436,0.027,0.109
judgment,0.000,0.213,1.000,0.425,0.028,0.109
loss,0.000,0.125,1.000,0.251,0.047,0.109
student,0.000,0.123,1.000,0.245,0.048,0.108
perspective,0.000,0.183,1.000,0.365,0.032,0.108
balance,0.000,0.180,1.000,0.360,0.033,0.108
ordinary,0.000,0.256,1.000,0.512,0.023,0.108
response,0.000,0.202,1.000,0.403,0.029,0.108
needed,0.000,0.335,1.000,0.670,0.018,0.108
tell,0.001,0.395,0.999,0.790,0.015,0.108
play,0.000,0.248,1.000,0.496,0.024,0.108
area,0.000,0.360,1.000,0.719,0.016,0.108
warmth,0.000,0.221,1.000,0.441,0.027,0.108
mudita,0.000,0.044,1.000,0.087,0.134,0.108
reactivity,0.000,0.147,1.000,0.294,0.040,0.108
member,0.000,0.142,1.000,0.283,0.041,0.108
far,0.000,0.275,1.000,0.550,0.021,0.108
face,0.000,0.360,1.000,0.719,0.016,0.108
content,0.000,0.174,1.000,0.349,0.033,0.108
emptiness,0.000,0.082,1.000,0.163,0.071,0.108
meeting,0.000,0.240,1.000,0.480,0.024,0.108
memory,0.000,0.185,1.000,0.371,0.031,0.108
minute,0.001,0.458,0.999,0.916,0.013,0.108
already,0.000,0.346,1.000,0.692,0.017,0.108
benefit,0.000,0.330,1.000,0.659,0.018,0.108
read,0.001,0.387,0.999,0.774,0.015,0.107
born,0.000,0.215,1.000,0.431,0.027,0.107
suttas,0.000,0.163,1.000,0.327,0.035,0.107
precept,0.000,0.060,1.000,0.120,0.096,0.107
useful,0.001,0.403,0.999,0.807,0.014,0.107
particular,0.001,0.510,0.999,0.981,0.012,0.107
cannot,0.000,0.215,1.000,0.431,0.027,0.107
vast,0.000,0.163,1.000,0.327,0.035,0.107
dhamma,0.000,0.060,1.000,0.120,0.096,0.107
imagine,0.001,0.466,0.999,0.932,0.012,0.107
making,0.001,0.512,0.999,0.975,0.012,0.107
image,0.000,0.275,1.000,0.550,0.021,0.107
you've,0.001,0.414,0.999,0.828,0.014,0.107
believe,0.001,0.371,0.999,0.741,0.015,0.107
head,0.000,0.341,1.000,0.681,0.017,0.107
longer,0.001,0.433,0.999,0.866,0.013,0.107
answer,0.000,0.283,1.000,0.567,0.020,0.107
interest,0.000,0.150,1.000,0.300,0.038,0.107
absence,0.000,0.109,1.000,0.218,0.052,0.107
top,0.000,0.240,1.000,0.480,0.024,0.107
came,0.001,0.401,0.999,0.801,0.014,0.107
using,0.001,0.390,0.999,0.779,0.015,0.107
sustaining,0.000,0.052,1.000,0.104,0.110,0.107
cultivation,0.000,0.134,1.000,0.267,0.043,0.107
went,0.001,0.346,0.999,0.692,0.016,0.107
yet,0.000,0.292,1.000,0.583,0.019,0.106
meditate,0.000,0.390,1.000,0.779,0.015,0.106
side,0.001,0.313,0.999,0.627,0.018,0.106
foundation,0.000,0.221,1.000,0.441,0.026,0.106
foot,0.000,0.305,1.000,0.610,0.019,0.106
comfortable,0.000,0.322,1.000,0.643,0.018,0.106
vipassana,0.000,0.079,1.000,0.158,0.071,0.106
fourth,0.000,0.202,1.000,0.403,0.028,0.106
family,0.000,0.289,1.000,0.578,0.020,0.106
aspect,0.001,0.379,0.999,0.757,0.015,0.106
suffer,0.000,0.161,1.000,0.322,0.035,0.106
heard,0.001,0.338,0.999,0.676,0.017,0.106
art,0.000,0.163,1.000,0.327,0.034,0.106
appreciating,0.000,0.174,1.000,0.349,0.032,0.106
invite,0.000,0.215,1.000,0.431,0.026,0.106
direction,0.000,0.349,1.000,0.698,0.016,0.106
teach,0.000,0.292,1.000,0.583,0.019,0.106
choice,0.000,0.174,1.000,0.349,0.032,0.106
name,0.000,0.335,1.000,0.670,0.017,0.106
listen,0.000,0.223,1.000,0.447,0.025,0.105
oneself,0.000,0.272,1.000,0.545,0.020,0.105
training,0.000,0.185,1.000,0.371,0.030,0.105
night,0.000,0.193,1.000,0.387,0.029,0.105
yesterday,0.000,0.243,1.000,0.485,0.023,0.105
stage,0.000,0.155,1.000,0.311,0.036,0.105
silent,0.000,0.125,1.000,0.251,0.044,0.105
speak,0.000,0.232,1.000,0.463,0.024,0.105
call,0.001,0.512,0.999,0.975,0.011,0.105
continue,0.000,0.417,1.000,0.834,0.013,0.105
food,0.000,0.234,1.000,0.469,0.023,0.105
concern,0.000,0.253,1.000,0.507,0.022,0.105
uncomfortable,0.000,0.196,1.000,0.392,0.028,0.105
made,0.001,0.441,0.999,0.883,0.012,0.105
road,0.000,0.106,1.000,0.213,0.052,0.105
hour,0.000,0.270,1.000,0.540,0.020,0.105
started,0.001,0.390,0.999,0.779,0.014,0.104
upon,0.000,0.302,1.000,0.605,0.018,0.104
invitation,0.000,0.199,1.000,0.398,0.027,0.104
toward,0.000,0.158,1.000,0.316,0.034,0.104
gil,0.001,0.512,0.999,0.975,0.011,0.104
wasn't,0.001,0.390,0.999,0.779,0.014,0.104
clear,0.001,0.561,0.999,0.877,0.012,0.104
term,0.000,0.289,1.000,0.578,0.019,0.104
conversation,0.000,0.207,1.000,0.414,0.026,0.104
current,0.000,0.147,1.000,0.294,0.037,0.104
learning,0.000,0.327,1.000,0.654,0.017,0.104
connect,0.000,0.264,1.000,0.529,0.020,0.104
ago,0.001,0.371,0.999,0.741,0.015,0.104
home,0.000,0.381,1.000,0.763,0.014,0.104
receive,0.000,0.215,1.000,0.431,0.025,0.104
working,0.001,0.332,0.999,0.665,0.016,0.104
alive,0.000,0.300,1.000,0.599,0.018,0.104
challenge,0.000,0.245,1.000,0.490,0.022,0.104
metaphor,0.000,0.196,1.000,0.392,0.027,0.104
moving,0.000,0.351,1.000,0.703,0.015,0.104
book,0.000,0.267,1.000,0.534,0.020,0.104
bringing,0.000,0.349,1.000,0.698,0.015,0.104
pull,0.000,0.234,1.000,0.469,0.023,0.104
develop,0.000,0.267,1.000,0.534,0.020,0.104
seen,0.001,0.420,0.999,0.839,0.013,0.104
maria,0.000,0.054,1.000,0.109,0.098,0.104
offering,0.000,0.259,1.000,0.518,0.021,0.103
buddhist,0.002,0.586,0.998,0.828,0.013,0.103
example,0.001,0.452,0.999,0.905,0.012,0.103
speaking,0.000,0.185,1.000,0.371,0.029,0.103
looking,0.001,0.542,0.999,0.916,0.012,0.103
safety,0.000,0.172,1.000,0.343,0.031,0.103
respect,0.000,0.232,1.000,0.463,0.023,0.103
okay,0.002,0.651,0.998,0.698,0.015,0.103
reference,0.000,0.193,1.000,0.387,0.028,0.103
choose,0.000,0.218,1.000,0.436,0.024,0.103
daily,0.000,0.226,1.000,0.452,0.024,0.103
connection,0.000,0.313,1.000,0.627,0.017,0.103
one's,0.000,0.256,1.000,0.512,0.021,0.103
talking,0.001,0.518,0.999,0.965,0.011,0.103
embodied,0.000,0.174,1.000,0.349,0.031,0.103
continuity,0.000,0.065,1.000,0.131,0.081,0.103
meditating,0.000,0.319,1.000,0.638,0.017,0.103
wide,0.000,0.210,1.000,0.420,0.025,0.103
absorbed,0.000,0.142,1.000,0.283,0.037,0.103
empathy,0.000,0.046,1.000,0.093,0.114,0.103
spot,0.000,0.153,1.000,0.305,0.035,0.103
year,0.002,0.602,0.998,0.796,0.013,0.103
core,0.000,0.155,1.000,0.311,0.034,0.103
buddha,0.003,0.689,0.997,0.621,0.017,0.103
love,0.003,0.717,0.997,0.567,0.019,0.103
cling,0.000,0.120,1.000,0.240,0.044,0.103
every,0.001,0.545,0.999,0.910,0.012,0.103
fall,0.000,0.302,1.000,0.605,0.017,0.102
rest,0.001,0.534,0.999,0.932,0.011,0.102
phenomenon,0.000,0.172,1.000,0.343,0.031,0.102
folk,0.000,0.180,1.000,0.360,0.029,0.102
principle,0.000,0.120,1.000,0.240,0.044,0.102
ancient,0.000,0.196,1.000,0.392,0.027,0.102
pali,0.000,0.300,1.000,0.599,0.017,0.102
brain,0.000,0.136,1.000,0.272,0.038,0.102
interesting,0.001,0.357,0.999,0.714,0.015,0.102
recognizing,0.000,0.248,1.000,0.496,0.021,0.102
friendly,0.000,0.114,1.000,0.229,0.045,0.102
posture,0.001,0.602,0.999,0.796,0.013,0.102
grounding,0.000,0.139,1.000,0.278,0.037,0.102
sharing,0.000,0.163,1.000,0.327,0.032,0.102
sweetness,0.000,0.071,1.000,0.142,0.073,0.102
share,0.000,0.330,1.000,0.659,0.016,0.102
found,0.000,0.368,1.000,0.736,0.014,0.102
human,0.001,0.553,0.999,0.894,0.012,0.101
exactly,0.000,0.373,1.000,0.747,0.014,0.101
inconstancy,0.000,0.071,1.000,0.142,0.072,0.101
full,0.000,0.398,1.000,0.796,0.013,0.101
ego,0.000,0.093,1.000,0.185,0.055,0.101
loving,0.000,0.202,1.000,0.403,0.025,0.101
completely,0.000,0.357,1.000,0.714,0.014,0.101
journey,0.000,0.123,1.000,0.245,0.042,0.101
support,0.001,0.616,0.999,0.768,0.013,0.101
unification,0.000,0.117,1.000,0.234,0.044,0.101
expectation,0.000,0.155,1.000,0.311,0.033,0.101
fronsdal,0.001,0.401,0.999,0.801,0.013,0.101
gaze,0.000,0.177,1.000,0.354,0.029,0.101
asked,0.000,0.281,1.000,0.561,0.018,0.101
hope,0.000,0.414,1.000,0.828,0.012,0.101
seems,0.001,0.411,0.999,0.823,0.012,0.101
sensual,0.000,0.112,1.000,0.223,0.046,0.101
opinion,0.000,0.104,1.000,0.207,0.049,0.101
bird,0.000,0.136,1.000,0.272,0.037,0.101
hold,0.001,0.564,0.999,0.872,0.012,0.101
putting,0.000,0.278,1.000,0.556,0.018,0.101
difference,0.000,0.346,1.000,0.692,0.015,0.101
tense,0.000,0.155,1.000,0.311,0.033,0.101
context,0.000,0.262,1.000,0.523,0.019,0.101
rather,0.001,0.572,0.999,0.856,0.012,0.101
ajahn,0.000,0.120,1.000,0.240,0.042,0.101
whether,0.001,0.439,0.999,0.877,0.011,0.100
morning,0.001,0.537,0.999,0.926,0.011,0.100
subject,0.000,0.106,1.000,0.213,0.047,0.100
moral,0.000,0.074,1.000,0.147,0.068,0.100
ready,0.000,0.270,1.000,0.540,0.019,0.100
brings,0.000,0.294,1.000,0.589,0.017,0.100
satisfying,0.000,0.150,1.000,0.300,0.034,0.100
inviting,0.000,0.161,1.000,0.322,0.031,0.100
preoccupied,0.000,0.166,1.000,0.332,0.030,0.100
hearing,0.000,0.210,1.000,0.420,0.024,0.100
opportunity,0.000,0.259,1.000,0.518,0.019,0.100
imc,0.000,0.267,1.000,0.534,0.019,0.100
used,0.001,0.477,0.999,0.954,0.011,0.100
rhythm,0.000,0.174,1.000,0.349,0.029,0.100
type,0.000,0.199,1.000,0.398,0.025,0.100
normal,0.000,0.346,1.000,0.692,0.014,0.100
appropriate,0.000,0.229,1.000,0.458,0.022,0.100
tomorrow,0.000,0.335,1.000,0.670,0.015,0.100
cloud,0.000,0.084,1.000,0.169,0.059,0.100
grasping,0.000,0.125,1.000,0.251,0.040,0.100
chest,0.000,0.248,1.000,0.496,0.020,0.100
topic,0.000,0.390,1.000,0.779,0.013,0.100
figure,0.000,0.245,1.000,0.490,0.020,0.100
experienced,0.000,0.270,1.000,0.540,0.018,0.100
possible,0.001,0.561,0.999,0.877,0.011,0.100
animal,0.000,0.139,1.000,0.278,0.036,0.100
somehow,0.001,0.485,0.999,0.970,0.010,0.100
openness,0.000,0.210,1.000,0.420,0.024,0.100
outside,0.000,0.308,1.000,0.616,0.016,0.100
you'll,0.000,0.332,1.000,0.665,0.015,0.100
usually,0.000,0.373,1.000,0.747,0.013,0.100
behind,0.000,0.322,1.000,0.643,0.015,0.099
gift,0.000,0.226,1.000,0.452,0.022,0.099
talked,0.000,0.330,1.000,0.659,0.015,0.099
leave,0.000,0.316,1.000,0.632,0.016,0.099
limit,0.000,0.134,1.000,0.267,0.037,0.099
wanted,0.000,0.335,1.000,0.670,0.015,0.099
primary,0.000,0.234,1.000,0.469,0.021,0.099
woman,0.000,0.112,1.000,0.223,0.044,0.099
old,0.000,0.213,1.000,0.425,0.023,0.099
sure,0.000,0.362,1.000,0.725,0.014,0.099
spacious,0.000,0.147,1.000,0.294,0.033,0.099
stepping,0.000,0.117,1.000,0.234,0.042,0.099
set,0.000,0.343,1.000,0.687,0.014,0.099
across,0.000,0.196,1.000,0.392,0.025,0.099
personal,0.000,0.221,1.000,0.441,0.022,0.099
wow,0.000,0.297,1.000,0.594,0.016,0.099
left,0.000,0.349,1.000,0.698,0.014,0.099
pointing,0.000,0.207,1.000,0.414,0.024,0.099
taught,0.000,0.248,1.000,0.496,0.020,0.099
lose,0.000,0.174,1.000,0.349,0.028,0.099
equanimous,0.000,0.082,1.000,0.163,0.059,0.099
cool,0.000,0.144,1.000,0.289,0.034,0.099
buddha's,0.000,0.215,1.000,0.431,0.023,0.099
fix,0.000,0.202,1.000,0.403,0.024,0.099
happened,0.000,0.278,1.000,0.556,0.017,0.099
must,0.000,0.240,1.000,0.480,0.020,0.099
willing,0.000,0.210,1.000,0.420,0.023,0.098
familiar,0.000,0.272,1.000,0.545,0.018,0.098
abide,0.000,0.038,1.000,0.076,0.127,0.098
die,0.000,0.136,1.000,0.272,0.035,0.098
circle,0.000,0.180,1.000,0.360,0.027,0.098
mountain,0.000,0.136,1.000,0.272,0.035,0.098
angry,0.000,0.183,1.000,0.365,0.026,0.098
possibility,0.000,0.259,1.000,0.518,0.019,0.098
hate,0.000,0.147,1.000,0.294,0.033,0.098
factor,0.000,0.144,1.000,0.289,0.033,0.098
ground,0.000,0.240,1.000,0.480,0.020,0.098
language,0.000,0.278,1.000,0.556,0.017,0.098
imagination,0.000,0.117,1.000,0.234,0.041,0.098
bell,0.000,0.142,1.000,0.283,0.034,0.098
alternative,0.000,0.172,1.000,0.343,0.028,0.098
puzzle,0.000,0.016,1.000,0.033,0.294,0.098
real,0.000,0.373,1.000,0.747,0.013,0.098
certainly,0.000,0.338,1.000,0.676,0.014,0.098
medicine,0.000,0.093,1.000,0.185,0.052,0.098
welfare,0.000,0.104,1.000,0.207,0.046,0.098
nice,0.001,0.572,0.999,0.856,0.011,0.098
turning,0.000,0.207,1.000,0.414,0.023,0.098
experiencing,0.000,0.281,1.000,0.561,0.017,0.098
number,0.000,0.308,1.000,0.616,0.015,0.098
seat,0.000,0.150,1.000,0.300,0.032,0.098
forward,0.000,0.379,1.000,0.757,0.013,0.098
settledness,0.000,0.109,1.000,0.218,0.044,0.098
zen,0.000,0.144,1.000,0.289,0.033,0.098
door,0.000,0.210,1.000,0.420,0.023,0.097
probably,0.001,0.463,0.999,0.926,0.010,0.097
ill,0.000,0.161,1.000,0.322,0.030,0.097
easier,0.000,0.322,1.000,0.643,0.015,0.097
known,0.000,0.346,1.000,0.692,0.014,0.097
monkey,0.000,0.038,1.000,0.076,0.124,0.097
watch,0.000,0.191,1.000,0.381,0.025,0.097
associated,0.000,0.294,1.000,0.589,0.016,0.097
return,0.000,0.387,1.000,0.774,0.012,0.097
sacred,0.000,0.123,1.000,0.245,0.038,0.097
agitation,0.000,0.155,1.000,0.311,0.030,0.097
car,0.000,0.155,1.000,0.311,0.030,0.097
comment,0.000,0.226,1.000,0.452,0.021,0.097
especially,0.000,0.351,1.000,0.703,0.013,0.097
realize,0.000,0.335,1.000,0.670,0.014,0.097
clean,0.000,0.142,1.000,0.283,0.033,0.097
pushing,0.000,0.234,1.000,0.469,0.020,0.097
becomes,0.001,0.583,0.999,0.834,0.011,0.097
releasing,0.000,0.120,1.000,0.240,0.039,0.097
done,0.001,0.540,0.999,0.921,0.010,0.097
god,0.000,0.136,1.000,0.272,0.034,0.097
almost,0.001,0.602,0.999,0.796,0.012,0.097
value,0.000,0.278,1.000,0.556,0.017,0.097
measure,0.000,0.131,1.000,0.262,0.036,0.097
ending,0.000,0.104,1.000,0.207,0.045,0.097
skillful,0.000,0.142,1.000,0.283,0.033,0.097
order,0.000,0.371,1.000,0.741,0.013,0.097
strength,0.000,0.163,1.000,0.327,0.029,0.097
leading,0.000,0.134,1.000,0.267,0.035,0.097
create,0.000,0.371,1.000,0.741,0.013,0.097
smile,0.000,0.123,1.000,0.245,0.038,0.096
happens,0.001,0.531,0.999,0.937,0.010,0.096
torso,0.000,0.177,1.000,0.354,0.026,0.096
slowly,0.000,0.210,1.000,0.420,0.022,0.096
either,0.000,0.371,1.000,0.741,0.013,0.096
aliveness,0.000,0.131,1.000,0.262,0.036,0.096
theme,0.000,0.221,1.000,0.441,0.021,0.096
consciousness,0.000,0.109,1.000,0.218,0.043,0.096
lightness,0.000,0.090,1.000,0.180,0.052,0.096
pattern,0.000,0.155,1.000,0.311,0.030,0.096
in-breath,0.000,0.104,1.000,0.207,0.045,0.096
letting,0.001,0.643,0.999,0.714,0.013,0.096
quail,0.000,0.016,1.000,0.033,0.283,0.096
later,0.000,0.349,1.000,0.698,0.013,0.096
saw,0.000,0.267,1.000,0.534,0.017,0.096
ever,0.000,0.294,1.000,0.589,0.016,0.096
push,0.000,0.223,1.000,0.447,0.021,0.096
tight,0.000,0.204,1.000,0.409,0.023,0.096
virtue,0.000,0.084,1.000,0.169,0.055,0.096
aside,0.000,0.158,1.000,0.316,0.029,0.096
abiding,0.000,0.074,1.000,0.147,0.063,0.096
fact,0.000,0.387,1.000,0.774,0.012,0.096
nikki,0.000,0.033,1.000,0.065,0.141,0.096
finding,0.000,0.313,1.000,0.627,0.015,0.096
move,0.001,0.537,0.999,0.926,0.010,0.096
watching,0.000,0.185,1.000,0.371,0.025,0.096
engaged,0.000,0.158,1.000,0.316,0.029,0.096
ethic,0.000,0.090,1.000,0.180,0.051,0.096
reality,0.000,0.166,1.000,0.332,0.028,0.096
resistance,0.000,0.147,1.000,0.294,0.031,0.096
alone,0.000,0.237,1.000,0.474,0.019,0.095
constantly,0.000,0.136,1.000,0.272,0.033,0.095
background,0.000,0.183,1.000,0.365,0.025,0.095
muscle,0.000,0.172,1.000,0.343,0.027,0.095
however,0.000,0.262,1.000,0.523,0.017,0.095
ah,0.000,0.169,1.000,0.338,0.027,0.095
ocean,0.000,0.106,1.000,0.213,0.043,0.095
happen,0.001,0.575,0.999,0.850,0.011,0.095
chance,0.000,0.237,1.000,0.474,0.019,0.095
happening,0.002,0.649,0.998,0.703,0.013,0.095
bigger,0.000,0.215,1.000,0.431,0.021,0.095
else,0.001,0.564,0.999,0.872,0.010,0.095
stream,0.000,0.134,1.000,0.267,0.034,0.095
use,0.001,0.580,0.999,0.839,0.011,0.095
least,0.000,0.330,1.000,0.659,0.014,0.095
complete,0.000,0.193,1.000,0.387,0.023,0.095
quieter,0.000,0.158,1.000,0.316,0.028,0.095
faculty,0.000,0.079,1.000,0.158,0.057,0.095
consider,0.000,0.275,1.000,0.550,0.016,0.095
spirit,0.000,0.150,1.000,0.300,0.030,0.095
discursive,0.000,0.057,1.000,0.114,0.078,0.095
radical,0.000,0.131,1.000,0.262,0.034,0.095
fist,0.000,0.046,1.000,0.093,0.097,0.095
non-clinging,0.000,0.054,1.000,0.109,0.082,0.095
internal,0.000,0.123,1.000,0.245,0.036,0.095
empty,0.000,0.131,1.000,0.262,0.034,0.095
seem,0.000,0.286,1.000,0.572,0.016,0.095
understand,0.001,0.589,0.999,0.823,0.011,0.094
land,0.000,0.193,1.000,0.387,0.023,0.094
stuck,0.000,0.188,1.000,0.376,0.024,0.094
goal,0.000,0.150,1.000,0.300,0.030,0.094
here's,0.000,0.229,1.000,0.458,0.019,0.094
social,0.000,0.142,1.000,0.283,0.031,0.094
careful,0.000,0.202,1.000,0.403,0.022,0.094
reason,0.000,0.409,1.000,0.817,0.011,0.094
sensitivity,0.000,0.125,1.000,0.251,0.035,0.094
brahma,0.000,0.057,1.000,0.114,0.078,0.094
impatience,0.000,0.030,1.000,0.060,0.148,0.094
arm,0.000,0.196,1.000,0.392,0.023,0.094
amount,0.000,0.283,1.000,0.567,0.016,0.094
function,0.000,0.180,1.000,0.360,0.025,0.094
massage,0.000,0.090,1.000,0.180,0.049,0.094
who's,0.000,0.251,1.000,0.501,0.018,0.094
wider,0.000,0.150,1.000,0.300,0.030,0.094
teaching,0.002,0.659,0.998,0.681,0.013,0.094
sky,0.000,0.128,1.000,0.256,0.035,0.094
stuff,0.000,0.245,1.000,0.490,0.018,0.094
focusing,0.000,0.169,1.000,0.338,0.026,0.094
focused,0.000,0.191,1.000,0.381,0.023,0.094
leg,0.000,0.183,1.000,0.365,0.024,0.094
perfect,0.000,0.183,1.000,0.365,0.024,0.094
assume,0.000,0.322,1.000,0.643,0.014,0.094
liberation,0.000,0.163,1.000,0.327,0.027,0.094
onward,0.000,0.035,1.000,0.071,0.124,0.094
attached,0.000,0.144,1.000,0.289,0.030,0.094
general,0.000,0.259,1.000,0.518,0.017,0.094
try,0.001,0.567,0.999,0.866,0.010,0.094
global,0.000,0.079,1.000,0.158,0.055,0.093
obvious,0.000,0.221,1.000,0.441,0.020,0.093
zoom,0.000,0.104,1.000,0.207,0.042,0.093
notion,0.000,0.142,1.000,0.283,0.031,0.093
supporting,0.000,0.144,1.000,0.289,0.030,0.093
culture,0.000,0.166,1.000,0.332,0.026,0.093
tightness,0.000,0.191,1.000,0.381,0.023,0.093
enjoy,0.000,0.199,1.000,0.398,0.022,0.093
plan,0.000,0.147,1.000,0.294,0.030,0.093
involves,0.000,0.180,1.000,0.360,0.024,0.093
cushion,0.000,0.191,1.000,0.381,0.023,0.093
role,0.000,0.169,1.000,0.338,0.026,0.093
chat,0.000,0.158,1.000,0.316,0.027,0.093
growing,0.000,0.174,1.000,0.349,0.025,0.093
text,0.000,0.155,1.000,0.311,0.028,0.093
great,0.001,0.597,0.999,0.807,0.011,0.093
carry,0.000,0.191,1.000,0.381,0.023,0.093
standing,0.000,0.199,1.000,0.398,0.022,0.093
spend,0.000,0.300,1.000,0.599,0.014,0.093
consideration,0.000,0.142,1.000,0.283,0.031,0.093
pulled,0.000,0.169,1.000,0.338,0.026,0.093
grounded,0.000,0.180,1.000,0.360,0.024,0.093
supposed,0.000,0.248,1.000,0.496,0.017,0.093
dharmette,0.001,0.567,0.999,0.866,0.010,0.093
aspiration,0.000,0.079,1.000,0.158,0.055,0.093
detail,0.000,0.150,1.000,0.300,0.029,0.093
brief,0.000,0.114,1.000,0.229,0.038,0.093
stable,0.000,0.174,1.000,0.349,0.025,0.093
tone,0.000,0.104,1.000,0.207,0.042,0.093
forest,0.000,0.114,1.000,0.229,0.038,0.093
curiosity,0.000,0.123,1.000,0.245,0.035,0.093
person,0.002,0.657,0.998,0.687,0.013,0.093
common,0.000,0.281,1.000,0.561,0.015,0.093
based,0.000,0.185,1.000,0.371,0.023,0.093
voice,0.000,0.172,1.000,0.343,0.025,0.093
pretty,0.000,0.267,1.000,0.534,0.016,0.092
though,0.000,0.403,1.000,0.807,0.011,0.092
young,0.000,0.196,1.000,0.392,0.022,0.092
momentum,0.000,0.125,1.000,0.251,0.034,0.092
gratitude,0.000,0.114,1.000,0.229,0.037,0.092
habit,0.000,0.158,1.000,0.316,0.027,0.092
painful,0.000,0.134,1.000,0.267,0.032,0.092
distracted,0.000,0.191,1.000,0.381,0.022,0.092
lovely,0.000,0.199,1.000,0.398,0.021,0.092
house,0.000,0.144,1.000,0.289,0.029,0.092
reflect,0.000,0.174,1.000,0.349,0.024,0.092
youtube,0.000,0.142,1.000,0.283,0.030,0.092
wishing,0.000,0.188,1.000,0.376,0.023,0.092
usual,0.000,0.177,1.000,0.354,0.024,0.092
deep,0.002,0.692,0.998,0.616,0.014,0.092
cow,0.000,0.033,1.000,0.065,0.129,0.092
discomfort,0.000,0.158,1.000,0.316,0.027,0.092
passing,0.000,0.117,1.000,0.234,0.036,0.092
mood,0.000,0.139,1.000,0.278,0.030,0.092
supportive,0.000,0.207,1.000,0.414,0.020,0.092
relate,0.000,0.215,1.000,0.431,0.020,0.092
inspired,0.000,0.158,1.000,0.316,0.027,0.092
symptom,0.000,0.046,1.000,0.093,0.091,0.092
religion,0.000,0.090,1.000,0.180,0.047,0.092
everybody,0.000,0.218,1.000,0.436,0.019,0.092
bring,0.001,0.610,0.999,0.779,0.011,0.092
renunciation,0.000,0.090,1.000,0.180,0.047,0.092
class,0.000,0.139,1.000,0.278,0.030,0.092
relief,0.000,0.136,1.000,0.272,0.031,0.092
generally,0.000,0.191,1.000,0.381,0.022,0.092
engage,0.000,0.210,1.000,0.420,0.020,0.092
limitation,0.000,0.049,1.000,0.098,0.086,0.092
couple,0.000,0.311,1.000,0.621,0.014,0.092
curious,0.000,0.144,1.000,0.289,0.029,0.092
she's,0.000,0.134,1.000,0.267,0.031,0.092
worry,0.000,0.166,1.000,0.332,0.025,0.092
worth,0.000,0.120,1.000,0.240,0.035,0.092
care,0.002,0.700,0.998,0.599,0.014,0.092
throughout,0.000,0.169,1.000,0.338,0.025,0.092
lay,0.000,0.123,1.000,0.245,0.034,0.092
quote,0.000,0.207,1.000,0.414,0.020,0.091
avoid,0.000,0.169,1.000,0.338,0.025,0.091
stand,0.000,0.234,1.000,0.469,0.018,0.091
commentary,0.000,0.125,1.000,0.251,0.033,0.091
beneficial,0.000,0.128,1.000,0.256,0.033,0.091
calmly,0.000,0.068,1.000,0.136,0.061,0.091
distinction,0.000,0.153,1.000,0.305,0.027,0.091
basic,0.000,0.196,1.000,0.392,0.021,0.091
including,0.000,0.248,1.000,0.496,0.017,0.091
afraid,0.000,0.153,1.000,0.305,0.027,0.091
follow,0.000,0.251,1.000,0.501,0.017,0.091
society,0.000,0.155,1.000,0.311,0.027,0.091
gather,0.000,0.147,1.000,0.294,0.028,0.091
anxiety,0.000,0.144,1.000,0.289,0.029,0.091
receptive,0.000,0.114,1.000,0.229,0.036,0.091
attentional,0.000,0.044,1.000,0.087,0.095,0.091
better,0.001,0.610,0.999,0.779,0.011,0.091
powerful,0.000,0.262,1.000,0.523,0.016,0.091
expression,0.000,0.218,1.000,0.436,0.019,0.091
jhanas,0.000,0.060,1.000,0.120,0.069,0.091
front,0.000,0.199,1.000,0.398,0.021,0.091
son,0.000,0.076,1.000,0.153,0.054,0.091
impact,0.000,0.169,1.000,0.338,0.024,0.091
out-breath,0.000,0.101,1.000,0.202,0.041,0.091
able,0.001,0.608,0.999,0.785,0.010,0.091
taking,0.001,0.578,0.999,0.845,0.010,0.091
wherever,0.000,0.202,1.000,0.403,0.020,0.091
early,0.000,0.248,1.000,0.496,0.017,0.091
arrive,0.000,0.112,1.000,0.223,0.037,0.091
awake,0.000,0.134,1.000,0.267,0.031,0.091
won't,0.000,0.243,1.000,0.485,0.017,0.091
fixed,0.000,0.120,1.000,0.240,0.034,0.091
sati,0.000,0.109,1.000,0.218,0.038,0.091
eightfold,0.000,0.087,1.000,0.174,0.047,0.091
told,0.000,0.213,1.000,0.425,0.019,0.090
cycle,0.000,0.117,1.000,0.234,0.035,0.090
tend,0.000,0.234,1.000,0.469,0.017,0.090
pay,0.000,0.218,1.000,0.436,0.019,0.090
check,0.000,0.161,1.000,0.322,0.025,0.090
case,0.000,0.237,1.000,0.474,0.017,0.090
contraction,0.000,0.158,1.000,0.316,0.026,0.090
rid,0.000,0.155,1.000,0.311,0.026,0.090
allowed,0.000,0.166,1.000,0.332,0.024,0.090
tranquility,0.000,0.079,1.000,0.158,0.051,0.090
willingness,0.000,0.109,1.000,0.218,0.037,0.090
monastic,0.000,0.117,1.000,0.234,0.035,0.090
dissolution,0.000,0.038,1.000,0.076,0.106,0.090
conditioned,0.000,0.112,1.000,0.223,0.036,0.090
study,0.000,0.177,1.000,0.354,0.023,0.090
fill,0.000,0.177,1.000,0.354,0.023,0.090
became,0.000,0.183,1.000,0.365,0.022,0.090
stronger,0.000,0.139,1.000,0.278,0.029,0.090
translated,0.000,0.229,1.000,0.458,0.018,0.090
interested,0.000,0.226,1.000,0.452,0.018,0.090
monastery,0.000,0.112,1.000,0.223,0.036,0.090
seed,0.000,0.117,1.000,0.234,0.034,0.090
touched,0.000,0.196,1.000,0.392,0.020,0.090
version,0.000,0.142,1.000,0.283,0.028,0.090
heaven,0.000,0.046,1.000,0.093,0.087,0.090
offered,0.000,0.193,1.000,0.387,0.021,0.090
fine,0.000,0.232,1.000,0.463,0.017,0.090
lying,0.000,0.180,1.000,0.360,0.022,0.090
include,0.000,0.172,1.000,0.343,0.023,0.089
learned,0.000,0.232,1.000,0.463,0.017,0.089
sincerity,0.000,0.063,1.000,0.125,0.064,0.089
concerned,0.000,0.166,1.000,0.332,0.024,0.089
picture,0.000,0.155,1.000,0.311,0.026,0.089
meant,0.000,0.213,1.000,0.425,0.019,0.089
understood,0.000,0.174,1.000,0.349,0.023,0.089
easily,0.000,0.183,1.000,0.365,0.022,0.089
took,0.000,0.237,1.000,0.474,0.017,0.089
chair,0.000,0.193,1.000,0.387,0.021,0.089
begin,0.002,0.676,0.998,0.649,0.012,0.089
attuned,0.000,0.112,1.000,0.223,0.036,0.089
balanced,0.000,0.101,1.000,0.202,0.039,0.089
kid,0.000,0.144,1.000,0.289,0.027,0.089
sweet,0.000,0.134,1.000,0.267,0.030,0.089
data,0.000,0.046,1.000,0.093,0.085,0.089
somewhere,0.000,0.207,1.000,0.414,0.019,0.089
quietly,0.000,0.180,1.000,0.360,0.022,0.089
filled,0.000,0.180,1.000,0.360,0.022,0.089
layer,0.000,0.082,1.000,0.163,0.048,0.089
palliative,0.000,0.011,1.000,0.022,0.362,0.089
warm,0.000,0.161,1.000,0.322,0.025,0.089
tendency,0.000,0.169,1.000,0.338,0.023,0.089
man,0.000,0.134,1.000,0.267,0.029,0.089
we'll,0.001,0.608,0.999,0.785,0.010,0.089
caravan,0.000,0.008,1.000,0.016,0.481,0.089
program,0.000,0.074,1.000,0.147,0.053,0.089
self-love,0.000,0.008,1.000,0.016,0.481,0.089
inspiring,0.000,0.155,1.000,0.311,0.025,0.089
creates,0.000,0.185,1.000,0.371,0.021,0.089
related,0.000,0.243,1.000,0.485,0.016,0.089
concentrated,0.000,0.142,1.000,0.283,0.028,0.089
finally,0.000,0.232,1.000,0.463,0.017,0.089
restlessness,0.000,0.074,1.000,0.147,0.053,0.089
boulder,0.000,0.033,1.000,0.065,0.120,0.089
terrible,0.000,0.153,1.000,0.305,0.026,0.088
solid,0.000,0.106,1.000,0.213,0.037,0.088
wait,0.000,0.237,1.000,0.474,0.016,0.088
supported,0.000,0.193,1.000,0.387,0.020,0.088
expansive,0.000,0.093,1.000,0.185,0.042,0.088
result,0.000,0.144,1.000,0.289,0.027,0.088
location,0.000,0.142,1.000,0.283,0.028,0.088
discovery,0.000,0.065,1.000,0.131,0.060,0.088
lived,0.000,0.185,1.000,0.371,0.021,0.088
activated,0.000,0.079,1.000,0.158,0.049,0.088
asking,0.000,0.188,1.000,0.376,0.021,0.088
began,0.000,0.101,1.000,0.202,0.039,0.088
english,0.000,0.185,1.000,0.371,0.021,0.088
loved,0.000,0.188,1.000,0.376,0.021,0.088
project,0.000,0.139,1.000,0.278,0.028,0.088
brightness,0.000,0.071,1.000,0.142,0.055,0.088
knee,0.000,0.093,1.000,0.185,0.042,0.088
comfort,0.000,0.131,1.000,0.262,0.030,0.088
range,0.000,0.155,1.000,0.311,0.025,0.088
allow,0.001,0.638,0.999,0.725,0.011,0.088
directly,0.000,0.229,1.000,0.458,0.017,0.088
elephant,0.000,0.011,1.000,0.022,0.356,0.088
explore,0.000,0.147,1.000,0.294,0.026,0.088
approaching,0.000,0.074,1.000,0.147,0.053,0.088
sensitive,0.000,0.144,1.000,0.289,0.027,0.088
building,0.000,0.158,1.000,0.316,0.024,0.088
course,0.001,0.619,0.999,0.763,0.010,0.088
keep,0.001,0.638,0.999,0.725,0.011,0.088
totally,0.000,0.120,1.000,0.240,0.032,0.088
closer,0.000,0.128,1.000,0.256,0.030,0.088
necessarily,0.000,0.251,1.000,0.501,0.015,0.088
eye,0.001,0.638,0.999,0.725,0.011,0.088
we've,0.001,0.583,0.999,0.834,0.009,0.087
period,0.000,0.207,1.000,0.414,0.018,0.087
dependent,0.000,0.123,1.000,0.245,0.031,0.087
translation,0.000,0.142,1.000,0.283,0.027,0.087
short,0.000,0.202,1.000,0.403,0.019,0.087
tremendous,0.000,0.204,1.000,0.409,0.019,0.087
model,0.000,0.090,1.000,0.180,0.042,0.087
separate,0.000,0.153,1.000,0.305,0.025,0.087
starting,0.000,0.278,1.000,0.556,0.014,0.087
secular,0.000,0.033,1.000,0.065,0.116,0.087
straatman,0.000,0.014,1.000,0.027,0.279,0.087
soon,0.000,0.188,1.000,0.376,0.020,0.087
anicca,0.000,0.093,1.000,0.185,0.041,0.087
respond,0.000,0.134,1.000,0.267,0.028,0.087
mei,0.000,0.027,1.000,0.054,0.139,0.087
broad,0.000,0.144,1.000,0.289,0.026,0.087
simpler,0.000,0.098,1.000,0.196,0.038,0.087
shine,0.000,0.068,1.000,0.136,0.055,0.087
reaction,0.000,0.123,1.000,0.245,0.031,0.087
effortless,0.000,0.027,1.000,0.054,0.138,0.087
keeping,0.000,0.180,1.000,0.360,0.021,0.087
team,0.000,0.046,1.000,0.093,0.081,0.087
rain,0.000,0.087,1.000,0.174,0.043,0.087
awe,0.000,0.030,1.000,0.060,0.125,0.087
close,0.001,0.578,0.999,0.845,0.009,0.087
valuable,0.000,0.177,1.000,0.354,0.021,0.087
everywhere,0.000,0.172,1.000,0.343,0.022,0.087
expand,0.000,0.180,1.000,0.360,0.021,0.087
evening,0.000,0.215,1.000,0.431,0.017,0.087
touching,0.000,0.163,1.000,0.327,0.023,0.087
near,0.000,0.144,1.000,0.289,0.026,0.087
knew,0.000,0.196,1.000,0.392,0.019,0.087
blame,0.000,0.079,1.000,0.158,0.047,0.087
hurt,0.000,0.188,1.000,0.376,0.020,0.086
flower,0.000,0.120,1.000,0.240,0.031,0.086
spreading,0.000,0.084,1.000,0.169,0.044,0.086
busy,0.000,0.185,1.000,0.371,0.020,0.086
strain,0.000,0.109,1.000,0.218,0.034,0.086
included,0.000,0.134,1.000,0.267,0.028,0.086
agitated,0.000,0.134,1.000,0.267,0.028,0.086
striving,0.000,0.090,1.000,0.180,0.041,0.086
rise,0.000,0.131,1.000,0.262,0.028,0.086
certain,0.001,0.627,0.999,0.747,0.010,0.086
street,0.000,0.109,1.000,0.218,0.034,0.086
express,0.000,0.128,1.000,0.256,0.029,0.086
discourse,0.000,0.093,1.000,0.185,0.040,0.086
rooted,0.000,0.068,1.000,0.136,0.054,0.086
complicated,0.000,0.147,1.000,0.294,0.025,0.086
centering,0.000,0.101,1.000,0.202,0.037,0.086
awakened,0.000,0.125,1.000,0.251,0.030,0.086
emphasis,0.000,0.207,1.000,0.414,0.018,0.086
slow,0.000,0.253,1.000,0.507,0.015,0.086
nest,0.000,0.027,1.000,0.054,0.135,0.086
fun,0.000,0.142,1.000,0.283,0.026,0.086
bodily,0.000,0.112,1.000,0.223,0.033,0.086
aren't,0.000,0.213,1.000,0.425,0.017,0.086
oriented,0.000,0.104,1.000,0.207,0.035,0.086
high,0.000,0.180,1.000,0.360,0.020,0.086
everything,0.002,0.673,0.998,0.654,0.011,0.086
closing,0.000,0.210,1.000,0.420,0.018,0.086
build,0.000,0.169,1.000,0.338,0.022,0.086
tenderness,0.000,0.065,1.000,0.131,0.056,0.086
wake,0.000,0.158,1.000,0.316,0.023,0.086
rock,0.000,0.125,1.000,0.251,0.029,0.086
forever,0.000,0.104,1.000,0.207,0.035,0.086
perceive,0.000,0.090,1.000,0.180,0.041,0.086
slide,0.000,0.074,1.000,0.147,0.050,0.086
half,0.000,0.147,1.000,0.294,0.025,0.086
straining,0.000,0.104,1.000,0.207,0.035,0.086
blessing,0.000,0.079,1.000,0.158,0.046,0.086
described,0.000,0.202,1.000,0.403,0.018,0.086
noticed,0.000,0.218,1.000,0.436,0.017,0.085
sila,0.000,0.049,1.000,0.098,0.074,0.085
note,0.000,0.098,1.000,0.196,0.037,0.085
blue,0.000,0.054,1.000,0.109,0.067,0.085
creating,0.000,0.191,1.000,0.381,0.019,0.085
construct,0.000,0.068,1.000,0.136,0.053,0.085
gave,0.000,0.223,1.000,0.447,0.016,0.085
health,0.000,0.153,1.000,0.305,0.024,0.085
hurry,0.000,0.084,1.000,0.169,0.043,0.085
ritual,0.000,0.065,1.000,0.131,0.056,0.085
adding,0.000,0.109,1.000,0.218,0.033,0.085
observing,0.000,0.074,1.000,0.147,0.049,0.085
wouldn't,0.000,0.213,1.000,0.425,0.017,0.085
external,0.000,0.109,1.000,0.218,0.033,0.085
afternoon,0.000,0.136,1.000,0.272,0.027,0.085
devotion,0.000,0.041,1.000,0.082,0.089,0.085
showing,0.000,0.166,1.000,0.332,0.022,0.085
unconscious,0.000,0.044,1.000,0.087,0.083,0.085
remembering,0.000,0.117,1.000,0.234,0.031,0.085
neither,0.000,0.125,1.000,0.251,0.029,0.085
cup,0.000,0.057,1.000,0.114,0.063,0.085
lie,0.000,0.114,1.000,0.229,0.032,0.085
investigation,0.000,0.082,1.000,0.163,0.044,0.085
flavor,0.000,0.147,1.000,0.294,0.025,0.085
skin,0.000,0.095,1.000,0.191,0.038,0.085
preference,0.000,0.112,1.000,0.223,0.032,0.085
last,0.001,0.591,0.999,0.817,0.009,0.085
month,0.000,0.183,1.000,0.365,0.020,0.085
distress,0.000,0.098,1.000,0.196,0.037,0.085
conditioning,0.000,0.098,1.000,0.196,0.037,0.085
service,0.000,0.093,1.000,0.185,0.039,0.085
run,0.000,0.174,1.000,0.349,0.021,0.085
higher,0.000,0.093,1.000,0.185,0.039,0.085
practiced,0.000,0.147,1.000,0.294,0.024,0.085
nervous,0.000,0.071,1.000,0.142,0.051,0.085
cognitive,0.000,0.071,1.000,0.142,0.051,0.085
orient,0.000,0.114,1.000,0.229,0.031,0.085
arriving,0.000,0.106,1.000,0.213,0.034,0.085
serve,0.000,0.104,1.000,0.207,0.035,0.085
continuous,0.000,0.071,1.000,0.142,0.051,0.085
description,0.000,0.120,1.000,0.240,0.030,0.085
tonight,0.000,0.147,1.000,0.294,0.024,0.085
anyone,0.000,0.169,1.000,0.338,0.021,0.085
changed,0.000,0.161,1.000,0.322,0.022,0.085
fantasy,0.000,0.134,1.000,0.267,0.027,0.084
fuller,0.000,0.136,1.000,0.272,0.026,0.084
amazing,0.000,0.215,1.000,0.431,0.016,0.084
anchor,0.000,0.079,1.000,0.158,0.045,0.084
individual,0.000,0.207,1.000,0.414,0.017,0.084
conceit,0.000,0.090,1.000,0.180,0.039,0.084
evidence,0.000,0.049,1.000,0.098,0.072,0.084
held,0.000,0.169,1.000,0.338,0.021,0.084
potential,0.000,0.134,1.000,0.267,0.027,0.084
invaluable,0.000,0.120,1.000,0.240,0.030,0.084
harmful,0.000,0.095,1.000,0.191,0.037,0.084
record,0.000,0.243,1.000,0.485,0.015,0.084
deepest,0.000,0.095,1.000,0.191,0.037,0.084
grows,0.000,0.128,1.000,0.256,0.028,0.084
mother,0.000,0.104,1.000,0.207,0.034,0.084
meaningful,0.000,0.161,1.000,0.322,0.022,0.084
reflecting,0.000,0.109,1.000,0.218,0.032,0.084
meditative,0.000,0.123,1.000,0.245,0.029,0.084
position,0.000,0.144,1.000,0.289,0.024,0.084
category,0.000,0.098,1.000,0.196,0.036,0.084
conscious,0.000,0.120,1.000,0.240,0.029,0.084
mostly,0.000,0.183,1.000,0.365,0.019,0.084
huge,0.000,0.163,1.000,0.327,0.021,0.084
elbow,0.000,0.035,1.000,0.071,0.099,0.084
onward-leading,0.000,0.054,1.000,0.109,0.064,0.084
observe,0.000,0.090,1.000,0.180,0.039,0.084
window,0.000,0.112,1.000,0.223,0.031,0.084
mode,0.000,0.071,1.000,0.142,0.049,0.084
pure,0.000,0.087,1.000,0.174,0.040,0.084
challenging,0.000,0.150,1.000,0.300,0.023,0.084
ride,0.000,0.098,1.000,0.196,0.036,0.084
doe,0.002,0.670,0.998,0.659,0.011,0.084
unified,0.000,0.109,1.000,0.218,0.032,0.084
temple,0.000,0.084,1.000,0.169,0.041,0.084
identify,0.000,0.106,1.000,0.213,0.033,0.084
pick,0.000,0.166,1.000,0.332,0.021,0.084
onto,0.000,0.177,1.000,0.354,0.020,0.083
opposite,0.000,0.218,1.000,0.436,0.016,0.083
fullness,0.000,0.104,1.000,0.207,0.034,0.083
stopping,0.000,0.065,1.000,0.131,0.053,0.083
deepening,0.000,0.112,1.000,0.223,0.031,0.083
issue,0.000,0.185,1.000,0.371,0.019,0.083
exploring,0.000,0.131,1.000,0.262,0.027,0.083
waiting,0.000,0.114,1.000,0.229,0.030,0.083
sign,0.000,0.106,1.000,0.213,0.033,0.083
save,0.000,0.068,1.000,0.136,0.051,0.083
authoritative,0.000,0.223,1.000,0.447,0.015,0.083
gravity,0.000,0.106,1.000,0.213,0.033,0.083
samsara,0.000,0.065,1.000,0.131,0.053,0.083
outwards,0.000,0.084,1.000,0.169,0.041,0.083
motivation,0.000,0.106,1.000,0.213,0.033,0.083
sun,0.000,0.093,1.000,0.185,0.037,0.083
getting,0.001,0.613,0.999,0.774,0.009,0.083
provides,0.000,0.147,1.000,0.294,0.023,0.083
viharas,0.000,0.046,1.000,0.093,0.074,0.083
calmer,0.000,0.112,1.000,0.223,0.031,0.083
realized,0.000,0.210,1.000,0.420,0.016,0.083
unity,0.000,0.041,1.000,0.082,0.084,0.083
various,0.000,0.163,1.000,0.327,0.021,0.083
anybody,0.000,0.174,1.000,0.349,0.020,0.083
anymore,0.000,0.196,1.000,0.392,0.018,0.083
freely,0.000,0.084,1.000,0.169,0.041,0.083
imagining,0.000,0.155,1.000,0.311,0.022,0.083
psychological,0.000,0.117,1.000,0.234,0.029,0.083
anyway,0.000,0.139,1.000,0.278,0.025,0.083
ignorance,0.000,0.063,1.000,0.125,0.055,0.083
radiating,0.000,0.074,1.000,0.147,0.046,0.083
closed,0.000,0.191,1.000,0.381,0.018,0.083
single,0.000,0.144,1.000,0.289,0.024,0.083
glass,0.000,0.074,1.000,0.147,0.046,0.083
nikaya,0.000,0.120,1.000,0.240,0.028,0.083
verse,0.000,0.063,1.000,0.125,0.054,0.083
attend,0.000,0.093,1.000,0.185,0.037,0.083
called,0.001,0.610,0.999,0.779,0.009,0.082
float,0.000,0.117,1.000,0.234,0.029,0.082
event,0.000,0.142,1.000,0.283,0.024,0.082
specific,0.000,0.163,1.000,0.327,0.021,0.082
parami,0.000,0.030,1.000,0.060,0.113,0.082
wrote,0.000,0.147,1.000,0.294,0.023,0.082
lack,0.000,0.134,1.000,0.267,0.025,0.082
break,0.000,0.169,1.000,0.338,0.020,0.082
music,0.000,0.079,1.000,0.158,0.043,0.082
provide,0.000,0.147,1.000,0.294,0.023,0.082
speaker,0.000,0.090,1.000,0.180,0.038,0.082
developing,0.000,0.180,1.000,0.360,0.019,0.082
anatta,0.000,0.035,1.000,0.071,0.095,0.082
gone,0.000,0.183,1.000,0.365,0.018,0.082
literally,0.000,0.193,1.000,0.387,0.017,0.082
gradual,0.000,0.071,1.000,0.142,0.048,0.082
attention,0.002,0.738,0.998,0.523,0.013,0.082
collection,0.000,0.044,1.000,0.087,0.077,0.082
active,0.000,0.120,1.000,0.240,0.028,0.082
eventually,0.000,0.207,1.000,0.414,0.016,0.082
continuing,0.000,0.172,1.000,0.343,0.020,0.082
falling,0.000,0.136,1.000,0.272,0.025,0.082
non-harming,0.000,0.084,1.000,0.169,0.040,0.082
guess,0.000,0.177,1.000,0.354,0.019,0.082
reach,0.000,0.117,1.000,0.234,0.029,0.082
naturally,0.000,0.155,1.000,0.311,0.022,0.082
commitment,0.000,0.087,1.000,0.174,0.038,0.082
engaging,0.000,0.128,1.000,0.256,0.026,0.082
mentioned,0.000,0.196,1.000,0.392,0.017,0.082
thanks,0.000,0.114,1.000,0.229,0.029,0.082
final,0.000,0.117,1.000,0.234,0.028,0.082
drive,0.000,0.147,1.000,0.294,0.023,0.082
weather,0.000,0.082,1.000,0.163,0.041,0.082
exist,0.000,0.166,1.000,0.332,0.020,0.082
generous,0.000,0.106,1.000,0.213,0.031,0.082
upright,0.000,0.098,1.000,0.196,0.034,0.081
telling,0.000,0.191,1.000,0.381,0.017,0.081
floor,0.000,0.123,1.000,0.245,0.027,0.081
address,0.000,0.123,1.000,0.245,0.027,0.081
pulling,0.000,0.117,1.000,0.234,0.028,0.081
impulse,0.000,0.095,1.000,0.191,0.035,0.081
couldn't,0.000,0.202,1.000,0.403,0.016,0.081
theory,0.000,0.046,1.000,0.093,0.071,0.081
education,0.000,0.046,1.000,0.093,0.071,0.081
neck,0.000,0.095,1.000,0.191,0.035,0.081
wheel,0.000,0.076,1.000,0.153,0.043,0.081
danger,0.000,0.109,1.000,0.218,0.030,0.081
refrain,0.000,0.052,1.000,0.104,0.064,0.081
boundary,0.000,0.090,1.000,0.180,0.037,0.081
baby,0.000,0.082,1.000,0.163,0.040,0.081
intense,0.000,0.087,1.000,0.174,0.038,0.081
vacation,0.000,0.076,1.000,0.153,0.043,0.081
gentleness,0.000,0.060,1.000,0.120,0.055,0.081
investigate,0.000,0.098,1.000,0.196,0.033,0.081
accept,0.000,0.139,1.000,0.278,0.024,0.081
guy,0.000,0.125,1.000,0.251,0.026,0.081
particularly,0.000,0.142,1.000,0.283,0.023,0.081
distraction,0.000,0.134,1.000,0.267,0.024,0.081
dissolve,0.000,0.104,1.000,0.207,0.032,0.081
tower,0.000,0.068,1.000,0.136,0.048,0.081
emphasize,0.000,0.155,1.000,0.311,0.021,0.081
reading,0.000,0.202,1.000,0.403,0.016,0.081
constructed,0.000,0.057,1.000,0.114,0.057,0.081
behavior,0.000,0.134,1.000,0.267,0.024,0.081
playing,0.000,0.104,1.000,0.207,0.031,0.081
independent,0.000,0.082,1.000,0.163,0.040,0.081
riding,0.000,0.076,1.000,0.153,0.042,0.081
bone,0.000,0.120,1.000,0.240,0.027,0.081
easeful,0.000,0.112,1.000,0.223,0.029,0.081
stick,0.000,0.090,1.000,0.180,0.036,0.080
ear,0.000,0.112,1.000,0.223,0.029,0.080
session,0.000,0.166,1.000,0.332,0.019,0.080
appreciative,0.000,0.063,1.000,0.125,0.052,0.080
country,0.000,0.134,1.000,0.267,0.024,0.080
relaxation,0.000,0.131,1.000,0.262,0.025,0.080
humor,0.000,0.019,1.000,0.038,0.169,0.080
lens,0.000,0.125,1.000,0.251,0.026,0.080
tender,0.000,0.087,1.000,0.174,0.037,0.080
school,0.000,0.120,1.000,0.240,0.027,0.080
wiser,0.000,0.071,1.000,0.142,0.045,0.080
medium,0.000,0.109,1.000,0.218,0.030,0.080
birth,0.000,0.090,1.000,0.180,0.036,0.080
pas,0.000,0.163,1.000,0.327,0.020,0.080
bypassing,0.000,0.016,1.000,0.033,0.197,0.080
taken,0.000,0.183,1.000,0.365,0.018,0.080
requires,0.000,0.125,1.000,0.251,0.026,0.080
contribute,0.000,0.131,1.000,0.262,0.025,0.080
judging,0.000,0.120,1.000,0.240,0.027,0.080
work,0.002,0.687,0.998,0.627,0.010,0.080
peripheral,0.000,0.044,1.000,0.087,0.074,0.080
parent,0.000,0.125,1.000,0.251,0.026,0.080
constant,0.000,0.125,1.000,0.251,0.026,0.080
length,0.000,0.082,1.000,0.163,0.039,0.080
growth,0.000,0.131,1.000,0.262,0.024,0.080
horse,0.000,0.038,1.000,0.076,0.084,0.080
confusion,0.000,0.071,1.000,0.142,0.045,0.080
smell,0.000,0.076,1.000,0.153,0.042,0.080
tune,0.000,0.112,1.000,0.223,0.028,0.080
special,0.000,0.142,1.000,0.283,0.022,0.080
research,0.000,0.074,1.000,0.147,0.043,0.080
integrated,0.000,0.041,1.000,0.082,0.078,0.080
transformation,0.000,0.068,1.000,0.136,0.047,0.080
shared,0.000,0.139,1.000,0.278,0.023,0.080
contemplation,0.000,0.068,1.000,0.136,0.047,0.080
acceptance,0.000,0.074,1.000,0.147,0.043,0.080
otherwise,0.000,0.163,1.000,0.327,0.019,0.080
warm-heartedness,0.000,0.030,1.000,0.060,0.106,0.080
modern,0.000,0.120,1.000,0.240,0.026,0.080
reactive,0.000,0.093,1.000,0.185,0.034,0.080
hostility,0.000,0.093,1.000,0.185,0.034,0.080
gain,0.000,0.101,1.000,0.202,0.031,0.080
hurrying,0.000,0.011,1.000,0.022,0.291,0.080
shouldn't,0.000,0.163,1.000,0.327,0.019,0.080
leader,0.000,0.038,1.000,0.076,0.083,0.080
traveled,0.000,0.033,1.000,0.065,0.097,0.079
pleasantness,0.000,0.054,1.000,0.109,0.058,0.079
label,0.000,0.084,1.000,0.169,0.037,0.079
assuming,0.000,0.134,1.000,0.267,0.024,0.079
versus,0.000,0.142,1.000,0.283,0.022,0.079
needing,0.000,0.117,1.000,0.234,0.027,0.079
alert,0.000,0.098,1.000,0.196,0.032,0.079
key,0.000,0.174,1.000,0.349,0.018,0.079
encounter,0.000,0.163,1.000,0.327,0.019,0.079
w,0.000,0.027,1.000,0.054,0.115,0.079
affect,0.000,0.123,1.000,0.245,0.026,0.079
influence,0.000,0.125,1.000,0.251,0.025,0.079
wander,0.000,0.090,1.000,0.180,0.035,0.079
universe,0.000,0.090,1.000,0.180,0.035,0.079
haven't,0.000,0.210,1.000,0.420,0.015,0.079
eat,0.000,0.104,1.000,0.207,0.030,0.079
circumstance,0.000,0.125,1.000,0.251,0.025,0.079
tends,0.000,0.158,1.000,0.316,0.020,0.079
nourishment,0.000,0.060,1.000,0.120,0.052,0.079
plant,0.000,0.095,1.000,0.191,0.033,0.079
helping,0.000,0.155,1.000,0.311,0.020,0.079
earlier,0.000,0.218,1.000,0.436,0.014,0.079
monday,0.000,0.144,1.000,0.289,0.022,0.079
self-model,0.000,0.014,1.000,0.027,0.229,0.079
leaf,0.000,0.128,1.000,0.256,0.024,0.079
driving,0.000,0.128,1.000,0.256,0.024,0.079
safe,0.001,0.619,0.999,0.763,0.008,0.079
myth,0.000,0.035,1.000,0.071,0.088,0.079
sexual,0.000,0.052,1.000,0.104,0.060,0.079
quieting,0.000,0.098,1.000,0.196,0.032,0.079
innocent,0.000,0.076,1.000,0.153,0.041,0.079
leaving,0.000,0.131,1.000,0.262,0.024,0.079
root,0.000,0.112,1.000,0.223,0.028,0.079
hot,0.000,0.087,1.000,0.174,0.036,0.079
quickly,0.000,0.185,1.000,0.371,0.017,0.079
companion,0.000,0.065,1.000,0.131,0.047,0.079
associate,0.000,0.104,1.000,0.207,0.030,0.079
india,0.000,0.093,1.000,0.185,0.033,0.079
intimate,0.000,0.109,1.000,0.218,0.028,0.079
hopefully,0.000,0.153,1.000,0.305,0.020,0.079
heavy,0.000,0.093,1.000,0.185,0.033,0.079
apart,0.000,0.128,1.000,0.256,0.024,0.079
brought,0.000,0.180,1.000,0.360,0.017,0.078
they've,0.000,0.180,1.000,0.360,0.017,0.078
activation,0.000,0.074,1.000,0.147,0.042,0.078
task,0.000,0.134,1.000,0.267,0.023,0.078
herd,0.000,0.019,1.000,0.038,0.161,0.078
partly,0.000,0.147,1.000,0.294,0.021,0.078
association,0.000,0.104,1.000,0.207,0.030,0.078
softly,0.000,0.093,1.000,0.185,0.033,0.078
prayer,0.000,0.052,1.000,0.104,0.059,0.078
entire,0.000,0.120,1.000,0.240,0.026,0.078
honest,0.000,0.104,1.000,0.207,0.030,0.078
hang,0.000,0.128,1.000,0.256,0.024,0.078
describe,0.000,0.177,1.000,0.354,0.017,0.078
phone,0.000,0.079,1.000,0.158,0.039,0.078
fit,0.000,0.139,1.000,0.278,0.022,0.078
development,0.000,0.098,1.000,0.196,0.031,0.078
harming,0.000,0.068,1.000,0.136,0.045,0.078
bliss,0.000,0.076,1.000,0.153,0.040,0.078
karma,0.000,0.079,1.000,0.158,0.038,0.078
solve,0.000,0.087,1.000,0.174,0.035,0.078
attending,0.000,0.104,1.000,0.207,0.029,0.078
central,0.000,0.109,1.000,0.218,0.028,0.078
turned,0.000,0.134,1.000,0.267,0.023,0.078
compassionate,0.000,0.109,1.000,0.218,0.028,0.078
large,0.000,0.163,1.000,0.327,0.018,0.078
mind's,0.000,0.114,1.000,0.229,0.026,0.078
worked,0.000,0.144,1.000,0.289,0.021,0.078
lunch,0.000,0.046,1.000,0.093,0.065,0.078
since,0.000,0.191,1.000,0.381,0.016,0.078
returning,0.000,0.142,1.000,0.283,0.021,0.078
underneath,0.000,0.128,1.000,0.256,0.024,0.078
highlight,0.000,0.120,1.000,0.240,0.025,0.078
knot,0.000,0.054,1.000,0.109,0.055,0.078
bed,0.000,0.128,1.000,0.256,0.024,0.078
tea,0.000,0.071,1.000,0.142,0.043,0.078
appearance,0.000,0.049,1.000,0.098,0.061,0.078
ahead,0.000,0.139,1.000,0.278,0.022,0.078
base,0.000,0.117,1.000,0.234,0.026,0.078
belong,0.000,0.087,1.000,0.174,0.034,0.078
received,0.000,0.104,1.000,0.207,0.029,0.078
contracted,0.000,0.087,1.000,0.174,0.034,0.078
kindly,0.000,0.101,1.000,0.202,0.030,0.078
considered,0.000,0.153,1.000,0.305,0.020,0.078
gotten,0.000,0.125,1.000,0.251,0.024,0.078
guide,0.000,0.142,1.000,0.283,0.021,0.078
prison,0.000,0.044,1.000,0.087,0.069,0.077
reverence,0.000,0.030,1.000,0.060,0.100,0.077
whole,0.002,0.730,0.998,0.540,0.011,0.077
gladness,0.000,0.052,1.000,0.104,0.058,0.077
statement,0.000,0.093,1.000,0.185,0.032,0.077
sad,0.000,0.082,1.000,0.163,0.037,0.077
sleep,0.000,0.093,1.000,0.185,0.032,0.077
discussion,0.000,0.169,1.000,0.338,0.018,0.077
tried,0.000,0.131,1.000,0.262,0.023,0.077
tuning,0.000,0.087,1.000,0.174,0.034,0.077
praise,0.000,0.076,1.000,0.153,0.039,0.077
sight,0.000,0.109,1.000,0.218,0.027,0.077
unfold,0.000,0.114,1.000,0.229,0.026,0.077
nobody,0.000,0.063,1.000,0.125,0.047,0.077
simplest,0.000,0.071,1.000,0.142,0.042,0.077
dropping,0.000,0.109,1.000,0.218,0.027,0.077
anywhere,0.000,0.125,1.000,0.251,0.024,0.077
song,0.000,0.071,1.000,0.142,0.042,0.077
gesture,0.000,0.065,1.000,0.131,0.045,0.077
enjoying,0.000,0.098,1.000,0.196,0.030,0.077
remarkable,0.000,0.087,1.000,0.174,0.034,0.077
classic,0.000,0.125,1.000,0.251,0.024,0.077
deal,0.000,0.134,1.000,0.267,0.022,0.077
fundamental,0.000,0.101,1.000,0.202,0.029,0.077
slightly,0.000,0.136,1.000,0.272,0.022,0.077
floating,0.000,0.093,1.000,0.185,0.032,0.077
news,0.000,0.134,1.000,0.267,0.022,0.077
essence,0.000,0.063,1.000,0.125,0.047,0.077
wonder,0.000,0.147,1.000,0.294,0.020,0.077
longing,0.000,0.068,1.000,0.136,0.043,0.077
sorrow,0.000,0.090,1.000,0.180,0.033,0.077
catch,0.000,0.093,1.000,0.185,0.032,0.077
depth,0.000,0.106,1.000,0.213,0.028,0.077
people's,0.000,0.139,1.000,0.278,0.021,0.077
analogy,0.000,0.117,1.000,0.234,0.025,0.077
occur,0.000,0.136,1.000,0.272,0.022,0.077
trouble,0.000,0.117,1.000,0.234,0.025,0.077
envy,0.000,0.038,1.000,0.076,0.077,0.077
integrity,0.000,0.087,1.000,0.174,0.034,0.077
put,0.001,0.654,0.999,0.692,0.008,0.077
planning,0.000,0.087,1.000,0.174,0.034,0.077
message,0.000,0.117,1.000,0.234,0.025,0.077
delightful,0.000,0.125,1.000,0.251,0.023,0.076
karmic,0.000,0.046,1.000,0.093,0.063,0.076
significant,0.000,0.134,1.000,0.267,0.022,0.076
thread,0.000,0.054,1.000,0.109,0.054,0.076
immersed,0.000,0.041,1.000,0.082,0.071,0.076
unfolding,0.000,0.114,1.000,0.229,0.025,0.076
hell,0.000,0.044,1.000,0.087,0.067,0.076
eddy,0.000,0.019,1.000,0.038,0.152,0.076
helplessness,0.000,0.030,1.000,0.060,0.097,0.076
sadness,0.000,0.084,1.000,0.169,0.034,0.076
greeting,0.000,0.074,1.000,0.147,0.039,0.076
apply,0.000,0.131,1.000,0.262,0.022,0.076
laughter,0.000,0.139,1.000,0.278,0.021,0.076
certainty,0.000,0.022,1.000,0.044,0.133,0.076
basically,0.000,0.123,1.000,0.245,0.024,0.076
introduction,0.001,0.559,0.999,0.883,0.007,0.076
distance,0.000,0.109,1.000,0.218,0.026,0.076
except,0.000,0.134,1.000,0.267,0.022,0.076
inherent,0.000,0.101,1.000,0.202,0.029,0.076
heartbreak,0.000,0.025,1.000,0.049,0.117,0.076
tool,0.000,0.079,1.000,0.158,0.036,0.076
meditator,0.000,0.082,1.000,0.163,0.035,0.076
sphere,0.000,0.027,1.000,0.054,0.105,0.076
wing,0.000,0.065,1.000,0.131,0.044,0.076
pool,0.000,0.049,1.000,0.098,0.058,0.076
surrendering,0.000,0.016,1.000,0.033,0.175,0.076
cessation,0.000,0.044,1.000,0.087,0.066,0.076
elliott,0.000,0.027,1.000,0.054,0.105,0.076
reminder,0.000,0.093,1.000,0.185,0.031,0.076
thousand,0.000,0.114,1.000,0.229,0.025,0.076
heat,0.000,0.074,1.000,0.147,0.039,0.076
normally,0.000,0.104,1.000,0.207,0.028,0.076
looked,0.000,0.136,1.000,0.272,0.021,0.076
it'll,0.000,0.169,1.000,0.338,0.017,0.076
you'd,0.000,0.155,1.000,0.311,0.018,0.075
nun,0.000,0.052,1.000,0.104,0.055,0.075
necessary,0.000,0.144,1.000,0.289,0.020,0.075
despair,0.000,0.057,1.000,0.114,0.050,0.075
disappear,0.000,0.084,1.000,0.169,0.034,0.075
enlightenment,0.000,0.098,1.000,0.196,0.029,0.075
losing,0.000,0.093,1.000,0.185,0.031,0.075
cold,0.000,0.090,1.000,0.180,0.031,0.075
exploration,0.000,0.084,1.000,0.169,0.033,0.075
cat,0.000,0.046,1.000,0.093,0.061,0.075
organized,0.000,0.065,1.000,0.131,0.043,0.075
wandering,0.000,0.084,1.000,0.169,0.033,0.075
personality,0.000,0.079,1.000,0.158,0.036,0.075
expanding,0.000,0.084,1.000,0.169,0.033,0.075
appear,0.000,0.114,1.000,0.229,0.025,0.075
closely,0.000,0.123,1.000,0.245,0.023,0.075
another,0.001,0.681,0.999,0.638,0.009,0.075
paying,0.000,0.112,1.000,0.223,0.025,0.075
partner,0.000,0.090,1.000,0.180,0.031,0.075
actual,0.000,0.128,1.000,0.256,0.022,0.075
mouth,0.000,0.090,1.000,0.180,0.031,0.075
always,0.001,0.681,0.999,0.638,0.009,0.075
operate,0.000,0.101,1.000,0.202,0.028,0.075
nonverbal,0.000,0.038,1.000,0.076,0.073,0.075
dark,0.000,0.098,1.000,0.196,0.029,0.075
cloth,0.000,0.033,1.000,0.065,0.086,0.075
intentional,0.000,0.104,1.000,0.207,0.027,0.075
slight,0.000,0.104,1.000,0.207,0.027,0.075
lower,0.000,0.109,1.000,0.218,0.026,0.075
involve,0.000,0.106,1.000,0.213,0.026,0.075
bottom,0.000,0.101,1.000,0.202,0.028,0.075
peacefully,0.000,0.082,1.000,0.163,0.034,0.075
arc,0.000,0.027,1.000,0.054,0.103,0.075
negative,0.000,0.123,1.000,0.245,0.023,0.075
adjust,0.000,0.117,1.000,0.234,0.024,0.075
disillusioned,0.000,0.005,1.000,0.011,0.513,0.075
deliberately,0.000,0.049,1.000,0.098,0.057,0.075
interpretation,0.000,0.098,1.000,0.196,0.028,0.075
rule,0.000,0.063,1.000,0.125,0.045,0.075
immediately,0.000,0.153,1.000,0.305,0.018,0.075
expansion,0.000,0.084,1.000,0.169,0.033,0.075
weren't,0.000,0.128,1.000,0.256,0.022,0.075
white,0.000,0.084,1.000,0.169,0.033,0.075
decision,0.000,0.098,1.000,0.196,0.028,0.075
lifetime,0.000,0.112,1.000,0.223,0.025,0.074
honor,0.000,0.093,1.000,0.185,0.030,0.074
specie,0.000,0.041,1.000,0.082,0.068,0.074
leaning,0.000,0.082,1.000,0.163,0.034,0.074
aligned,0.000,0.090,1.000,0.180,0.031,0.074
war,0.000,0.112,1.000,0.223,0.025,0.074
locked,0.000,0.046,1.000,0.093,0.060,0.074
next,0.001,0.668,0.999,0.665,0.008,0.074
attentive,0.000,0.109,1.000,0.218,0.025,0.074
stressful,0.000,0.082,1.000,0.163,0.034,0.074
expands,0.000,0.063,1.000,0.125,0.044,0.074
halting,0.000,0.008,1.000,0.016,0.337,0.074
freed,0.000,0.065,1.000,0.131,0.042,0.074
truly,0.000,0.093,1.000,0.185,0.030,0.074
track,0.000,0.109,1.000,0.218,0.025,0.074
universal,0.000,0.090,1.000,0.180,0.031,0.074
shame,0.000,0.087,1.000,0.174,0.032,0.074
gathered,0.000,0.074,1.000,0.147,0.037,0.074
positive,0.000,0.112,1.000,0.223,0.025,0.074
unknown,0.000,0.134,1.000,0.267,0.021,0.074
vitality,0.000,0.068,1.000,0.136,0.040,0.074
melt,0.000,0.057,1.000,0.114,0.048,0.074
attuning,0.000,0.052,1.000,0.104,0.053,0.074
shape,0.000,0.106,1.000,0.213,0.026,0.074
disappears,0.000,0.068,1.000,0.136,0.040,0.074
swamp,0.000,0.008,1.000,0.016,0.335,0.074
religious,0.000,0.087,1.000,0.174,0.031,0.074
jaw,0.000,0.101,1.000,0.202,0.027,0.074
causing,0.000,0.109,1.000,0.218,0.025,0.074
screen,0.000,0.079,1.000,0.158,0.035,0.074
dream,0.000,0.068,1.000,0.136,0.040,0.074
square,0.000,0.041,1.000,0.082,0.067,0.074
kim,0.000,0.046,1.000,0.093,0.059,0.074
kneading,0.000,0.025,1.000,0.049,0.111,0.074
actively,0.000,0.093,1.000,0.185,0.029,0.074
brahmin,0.000,0.027,1.000,0.054,0.100,0.074
impermanent,0.000,0.084,1.000,0.169,0.032,0.074
jigsaw,0.000,0.003,1.000,0.005,1.000,0.074
freeing,0.000,0.074,1.000,0.147,0.037,0.074
delighted,0.000,0.131,1.000,0.262,0.021,0.074
trusting,0.000,0.087,1.000,0.174,0.031,0.074
history,0.000,0.131,1.000,0.262,0.021,0.074
inconstant,0.000,0.044,1.000,0.087,0.062,0.074
money,0.000,0.114,1.000,0.229,0.024,0.074
larger,0.000,0.101,1.000,0.202,0.027,0.074
treasure,0.000,0.035,1.000,0.071,0.077,0.074
soul,0.000,0.046,1.000,0.093,0.058,0.074
trampoline,0.000,0.014,1.000,0.027,0.199,0.074
enough,0.001,0.698,0.999,0.605,0.009,0.074
illusion,0.000,0.044,1.000,0.087,0.062,0.074
sat,0.000,0.155,1.000,0.311,0.017,0.074
sit,0.001,0.676,0.999,0.649,0.008,0.073
comprehension,0.000,0.035,1.000,0.071,0.076,0.073
free,0.001,0.684,0.999,0.632,0.009,0.073
law,0.000,0.033,1.000,0.065,0.082,0.073
narrow,0.000,0.101,1.000,0.202,0.027,0.073
somewhat,0.000,0.142,1.000,0.283,0.019,0.073
led,0.000,0.104,1.000,0.207,0.026,0.073
bowl,0.000,0.060,1.000,0.120,0.045,0.073
absorption,0.000,0.087,1.000,0.174,0.031,0.073
fruit,0.000,0.082,1.000,0.163,0.033,0.073
exercise,0.000,0.098,1.000,0.196,0.027,0.073
spent,0.000,0.155,1.000,0.311,0.017,0.073
fade,0.000,0.087,1.000,0.174,0.031,0.073
includes,0.000,0.139,1.000,0.278,0.019,0.073
wild,0.000,0.071,1.000,0.142,0.038,0.073
unhelpful,0.000,0.063,1.000,0.125,0.043,0.073
week,0.001,0.698,0.999,0.605,0.009,0.073
train,0.000,0.109,1.000,0.218,0.025,0.073
grass,0.000,0.046,1.000,0.093,0.058,0.073
perfectly,0.000,0.112,1.000,0.223,0.024,0.073
locus,0.000,0.030,1.000,0.060,0.089,0.073
died,0.000,0.082,1.000,0.163,0.033,0.073
disconnected,0.000,0.090,1.000,0.180,0.030,0.073
hall,0.000,0.074,1.000,0.147,0.036,0.073
suggest,0.000,0.095,1.000,0.191,0.028,0.073
lesson,0.000,0.063,1.000,0.125,0.043,0.073
inward,0.000,0.084,1.000,0.169,0.032,0.073
sensory,0.000,0.044,1.000,0.087,0.061,0.073
cozy,0.000,0.057,1.000,0.114,0.047,0.073
increase,0.000,0.098,1.000,0.196,0.027,0.073
girl,0.000,0.038,1.000,0.076,0.070,0.073
ministry,0.000,0.016,1.000,0.033,0.163,0.073
ring,0.000,0.065,1.000,0.131,0.041,0.073
deliberate,0.000,0.049,1.000,0.098,0.054,0.073
branch,0.000,0.044,1.000,0.087,0.061,0.073
gradually,0.000,0.071,1.000,0.142,0.037,0.073
spine,0.000,0.074,1.000,0.147,0.036,0.073
livelihood,0.000,0.041,1.000,0.082,0.065,0.073
healing,0.000,0.106,1.000,0.213,0.025,0.073
funny,0.000,0.082,1.000,0.163,0.032,0.073
forget,0.000,0.104,1.000,0.207,0.026,0.073
benefactor,0.000,0.035,1.000,0.071,0.075,0.073
translate,0.000,0.136,1.000,0.272,0.019,0.073
mistake,0.000,0.095,1.000,0.191,0.028,0.073
open,0.002,0.719,0.998,0.561,0.009,0.073
definitely,0.000,0.144,1.000,0.289,0.018,0.073
broken,0.000,0.076,1.000,0.153,0.035,0.073
motion,0.000,0.052,1.000,0.104,0.051,0.073
banyan,0.000,0.005,1.000,0.011,0.483,0.073
critic,0.000,0.044,1.000,0.087,0.060,0.073
similar,0.000,0.174,1.000,0.349,0.015,0.073
overlay,0.000,0.033,1.000,0.065,0.080,0.073
join,0.000,0.120,1.000,0.240,0.022,0.072
entangled,0.000,0.065,1.000,0.131,0.040,0.072
nourishing,0.000,0.087,1.000,0.174,0.030,0.072
asks,0.000,0.104,1.000,0.207,0.025,0.072
instinct,0.000,0.049,1.000,0.098,0.054,0.072
absolutely,0.000,0.114,1.000,0.229,0.023,0.072
created,0.000,0.150,1.000,0.300,0.018,0.072
emerge,0.000,0.041,1.000,0.082,0.064,0.072
transparent,0.000,0.025,1.000,0.049,0.107,0.072
phenomenal,0.000,0.076,1.000,0.153,0.034,0.072
present,0.002,0.755,0.998,0.490,0.011,0.072
cry,0.000,0.074,1.000,0.147,0.036,0.072
judge,0.000,0.095,1.000,0.191,0.027,0.072
carefully,0.000,0.128,1.000,0.256,0.020,0.072
arose,0.000,0.090,1.000,0.180,0.029,0.072
wall,0.000,0.095,1.000,0.191,0.027,0.072
success,0.000,0.079,1.000,0.158,0.033,0.072
encourage,0.000,0.117,1.000,0.234,0.022,0.072
domain,0.000,0.041,1.000,0.082,0.064,0.072
color,0.000,0.060,1.000,0.120,0.043,0.072
fault,0.000,0.065,1.000,0.131,0.040,0.072
sudden,0.000,0.090,1.000,0.180,0.029,0.072
trap,0.000,0.071,1.000,0.142,0.037,0.072
depends,0.000,0.084,1.000,0.169,0.031,0.072
buddha-to-be,0.000,0.005,1.000,0.011,0.477,0.072
men,0.000,0.063,1.000,0.125,0.041,0.072
block,0.000,0.074,1.000,0.147,0.035,0.072
curtain,0.000,0.025,1.000,0.049,0.106,0.072
dimension,0.000,0.090,1.000,0.180,0.029,0.072
snow,0.000,0.011,1.000,0.022,0.238,0.072
cease,0.000,0.071,1.000,0.142,0.037,0.072
dying,0.000,0.057,1.000,0.114,0.045,0.072
conclusion,0.000,0.117,1.000,0.234,0.022,0.072
pervasive,0.000,0.065,1.000,0.131,0.040,0.072
bow,0.000,0.079,1.000,0.158,0.033,0.072
coming,0.001,0.689,0.999,0.621,0.008,0.072
deliberateness,0.000,0.014,1.000,0.027,0.189,0.072
urge,0.000,0.068,1.000,0.136,0.038,0.072
material,0.000,0.076,1.000,0.153,0.034,0.072
grab,0.000,0.068,1.000,0.136,0.038,0.072
network,0.000,0.038,1.000,0.076,0.068,0.072
limited,0.000,0.063,1.000,0.125,0.041,0.072
describing,0.000,0.098,1.000,0.196,0.026,0.072
skill,0.000,0.095,1.000,0.191,0.027,0.072
stopped,0.000,0.114,1.000,0.229,0.022,0.072
cross,0.000,0.033,1.000,0.065,0.079,0.072
tiny,0.000,0.093,1.000,0.185,0.028,0.072
fast,0.000,0.120,1.000,0.240,0.021,0.072
outward,0.000,0.074,1.000,0.147,0.035,0.072
protect,0.000,0.095,1.000,0.191,0.027,0.072
access,0.000,0.084,1.000,0.169,0.030,0.072
calmness,0.000,0.054,1.000,0.109,0.047,0.072
environment,0.000,0.104,1.000,0.207,0.025,0.072
unnecessary,0.000,0.071,1.000,0.142,0.036,0.072
abstraction,0.000,0.016,1.000,0.033,0.156,0.072
rumination,0.000,0.052,1.000,0.104,0.049,0.072
setting,0.000,0.134,1.000,0.267,0.019,0.071
online,0.000,0.117,1.000,0.234,0.022,0.071
opposed,0.000,0.125,1.000,0.251,0.020,0.071
reacting,0.000,0.112,1.000,0.223,0.023,0.071
unsatisfactory,0.000,0.019,1.000,0.038,0.134,0.071
resisting,0.000,0.090,1.000,0.180,0.028,0.071
harder,0.000,0.098,1.000,0.196,0.026,0.071
conduct,0.000,0.054,1.000,0.109,0.047,0.071
boat,0.000,0.044,1.000,0.087,0.058,0.071
rich,0.000,0.098,1.000,0.196,0.026,0.071
humility,0.000,0.060,1.000,0.120,0.042,0.071
bias,0.000,0.084,1.000,0.169,0.030,0.071
ball,0.000,0.060,1.000,0.120,0.042,0.071
complex,0.000,0.079,1.000,0.158,0.032,0.071
unless,0.000,0.112,1.000,0.223,0.023,0.071
heart's,0.000,0.068,1.000,0.136,0.037,0.071
underlying,0.000,0.071,1.000,0.142,0.036,0.071
exists,0.000,0.109,1.000,0.218,0.023,0.071
hit,0.000,0.074,1.000,0.147,0.034,0.071
poet,0.000,0.074,1.000,0.147,0.034,0.071
foreground,0.000,0.035,1.000,0.071,0.071,0.071
transform,0.000,0.049,1.000,0.098,0.051,0.071
father,0.000,0.074,1.000,0.147,0.034,0.071
organizing,0.000,0.052,1.000,0.104,0.049,0.071
discovering,0.000,0.095,1.000,0.191,0.026,0.071
spoke,0.000,0.068,1.000,0.136,0.037,0.071
naga,0.000,0.005,1.000,0.011,0.461,0.071
met,0.000,0.120,1.000,0.240,0.021,0.071
titan,0.000,0.008,1.000,0.016,0.307,0.071
technique,0.000,0.074,1.000,0.147,0.034,0.071
worldly,0.000,0.046,1.000,0.093,0.054,0.071
responsibility,0.000,0.090,1.000,0.180,0.028,0.071
lightly,0.000,0.090,1.000,0.180,0.028,0.071
beginner,0.000,0.049,1.000,0.098,0.051,0.071
embracing,0.000,0.038,1.000,0.076,0.066,0.071
hole,0.000,0.046,1.000,0.093,0.054,0.071
harbor,0.000,0.003,1.000,0.005,0.915,0.071
finger,0.000,0.101,1.000,0.202,0.025,0.071
represents,0.000,0.076,1.000,0.153,0.033,0.071
long,0.001,0.665,0.999,0.670,0.007,0.071
uplift,0.000,0.065,1.000,0.131,0.038,0.071
radically,0.000,0.084,1.000,0.169,0.029,0.071
directed,0.000,0.074,1.000,0.147,0.034,0.071
quite,0.001,0.684,0.999,0.632,0.008,0.071
calling,0.000,0.120,1.000,0.240,0.021,0.071
participate,0.000,0.082,1.000,0.163,0.030,0.071
checking,0.000,0.098,1.000,0.196,0.025,0.071
contemplative,0.000,0.041,1.000,0.082,0.061,0.071
favorite,0.000,0.109,1.000,0.218,0.023,0.070
foundational,0.000,0.090,1.000,0.180,0.028,0.070
win,0.000,0.041,1.000,0.082,0.061,0.070
intensity,0.000,0.054,1.000,0.109,0.046,0.070
q,0.000,0.248,1.000,0.496,0.010,0.070
outrage,0.000,0.022,1.000,0.044,0.114,0.070
abides,0.000,0.027,1.000,0.054,0.091,0.070
fighting,0.000,0.076,1.000,0.153,0.032,0.070
age,0.000,0.101,1.000,0.202,0.025,0.070
evil,0.000,0.057,1.000,0.114,0.043,0.070
tarrying,0.000,0.008,1.000,0.016,0.302,0.070
weird,0.000,0.071,1.000,0.142,0.035,0.070
immediate,0.000,0.082,1.000,0.163,0.030,0.070
kept,0.000,0.120,1.000,0.240,0.021,0.070
enjoyable,0.000,0.071,1.000,0.142,0.035,0.070
acknowledge,0.000,0.101,1.000,0.202,0.024,0.070
island,0.000,0.030,1.000,0.060,0.082,0.070
discernment,0.000,0.060,1.000,0.120,0.041,0.070
welcoming,0.000,0.090,1.000,0.180,0.027,0.070
intimacy,0.000,0.093,1.000,0.185,0.027,0.070
trait,0.000,0.014,1.000,0.027,0.181,0.070
canon,0.000,0.060,1.000,0.120,0.041,0.070
karuna,0.000,0.035,1.000,0.071,0.069,0.070
blessed,0.000,0.049,1.000,0.098,0.050,0.070
discovered,0.000,0.101,1.000,0.202,0.024,0.070
wood,0.000,0.074,1.000,0.147,0.033,0.070
write,0.000,0.104,1.000,0.207,0.024,0.070
soil,0.000,0.054,1.000,0.109,0.045,0.070
eating,0.000,0.090,1.000,0.180,0.027,0.070
dynamic,0.000,0.079,1.000,0.158,0.031,0.070
basis,0.000,0.093,1.000,0.185,0.026,0.070
separation,0.000,0.057,1.000,0.114,0.043,0.070
breeze,0.000,0.033,1.000,0.065,0.075,0.070
tanya,0.000,0.019,1.000,0.038,0.129,0.070
character,0.000,0.090,1.000,0.180,0.027,0.070
excitement,0.000,0.054,1.000,0.109,0.045,0.070
sacrifice,0.000,0.060,1.000,0.120,0.041,0.070
star,0.000,0.063,1.000,0.125,0.039,0.070
essential,0.000,0.060,1.000,0.120,0.041,0.070
dramatic,0.000,0.084,1.000,0.169,0.029,0.070
grateful,0.000,0.079,1.000,0.158,0.031,0.070
feedback,0.000,0.071,1.000,0.142,0.034,0.070
shallow,0.000,0.030,1.000,0.060,0.081,0.070
sincere,0.000,0.033,1.000,0.065,0.074,0.070
important,0.002,0.717,0.998,0.567,0.009,0.070
farmer,0.000,0.033,1.000,0.065,0.074,0.070
angulimala,0.000,0.005,1.000,0.011,0.447,0.070
added,0.000,0.079,1.000,0.158,0.031,0.070
help,0.001,0.698,0.999,0.605,0.008,0.070
purification,0.000,0.033,1.000,0.065,0.074,0.070
game,0.000,0.068,1.000,0.136,0.036,0.070
sariputta,0.000,0.016,1.000,0.033,0.149,0.070
liked,0.000,0.087,1.000,0.174,0.028,0.070
none,0.000,0.101,1.000,0.202,0.024,0.070
san,0.000,0.076,1.000,0.153,0.032,0.070
carried,0.000,0.079,1.000,0.158,0.031,0.070
confused,0.000,0.090,1.000,0.180,0.027,0.070
trying,0.001,0.698,0.999,0.605,0.008,0.070
outer,0.000,0.060,1.000,0.120,0.040,0.070
biological,0.000,0.035,1.000,0.071,0.068,0.070
entail,0.000,0.035,1.000,0.071,0.068,0.070
midst,0.000,0.090,1.000,0.180,0.027,0.070
writes,0.000,0.063,1.000,0.125,0.039,0.070
consequence,0.000,0.109,1.000,0.218,0.022,0.070
progress,0.000,0.076,1.000,0.153,0.032,0.070
town,0.000,0.082,1.000,0.163,0.030,0.069
others,0.002,0.738,0.998,0.523,0.009,0.069
define,0.000,0.101,1.000,0.202,0.024,0.069
resist,0.000,0.071,1.000,0.142,0.034,0.069
projection,0.000,0.068,1.000,0.136,0.035,0.069
existence,0.000,0.071,1.000,0.142,0.034,0.069
option,0.000,0.087,1.000,0.174,0.028,0.069
bhikkhu,0.000,0.065,1.000,0.131,0.037,0.069
identification,0.000,0.057,1.000,0.114,0.042,0.069
relating,0.000,0.093,1.000,0.185,0.026,0.069
exhales,0.000,0.060,1.000,0.120,0.040,0.069
abandon,0.000,0.060,1.000,0.120,0.040,0.069
army,0.000,0.035,1.000,0.071,0.068,0.069
developed,0.000,0.095,1.000,0.191,0.025,0.069
loop,0.000,0.076,1.000,0.153,0.031,0.069
relevant,0.000,0.106,1.000,0.213,0.022,0.069
appears,0.000,0.112,1.000,0.223,0.021,0.069
explain,0.000,0.104,1.000,0.207,0.023,0.069
protected,0.000,0.054,1.000,0.109,0.044,0.069
uncertainty,0.000,0.065,1.000,0.131,0.036,0.069
mean,0.002,0.733,0.998,0.534,0.009,0.069
describes,0.000,0.087,1.000,0.174,0.027,0.069
philosophy,0.000,0.087,1.000,0.174,0.027,0.069
realization,0.000,0.052,1.000,0.104,0.046,0.069
resentment,0.000,0.079,1.000,0.158,0.030,0.069
repeat,0.000,0.098,1.000,0.196,0.024,0.069
radiate,0.000,0.071,1.000,0.142,0.034,0.069
i'll,0.002,0.714,0.998,0.572,0.008,0.069
witness,0.000,0.054,1.000,0.109,0.044,0.069
frequently,0.000,0.060,1.000,0.120,0.040,0.069
differently,0.000,0.125,1.000,0.251,0.019,0.069
internally,0.000,0.060,1.000,0.120,0.040,0.069
refreshing,0.000,0.063,1.000,0.125,0.038,0.069
hungry,0.000,0.052,1.000,0.104,0.046,0.069
philosophical,0.000,0.054,1.000,0.109,0.043,0.069
engagement,0.000,0.117,1.000,0.234,0.020,0.069
transition,0.000,0.071,1.000,0.142,0.033,0.069
personally,0.000,0.125,1.000,0.251,0.019,0.069
manifest,0.000,0.068,1.000,0.136,0.035,0.069
today's,0.000,0.074,1.000,0.147,0.032,0.069
capable,0.000,0.082,1.000,0.163,0.029,0.069
sake,0.000,0.063,1.000,0.125,0.038,0.069
framework,0.000,0.065,1.000,0.131,0.036,0.069
abstract,0.000,0.079,1.000,0.158,0.030,0.069
violence,0.000,0.074,1.000,0.147,0.032,0.069
theravada,0.000,0.065,1.000,0.131,0.036,0.069
bear,0.000,0.090,1.000,0.180,0.026,0.069
among,0.000,0.101,1.000,0.202,0.023,0.069
truthfulness,0.000,0.022,1.000,0.044,0.108,0.069
still,0.001,0.711,0.999,0.578,0.008,0.069
contented,0.000,0.030,1.000,0.060,0.078,0.069
built,0.000,0.101,1.000,0.202,0.023,0.069
automatic,0.000,0.063,1.000,0.125,0.037,0.068
willfulness,0.000,0.027,1.000,0.054,0.086,0.068
sympathetic,0.000,0.035,1.000,0.071,0.066,0.068
excited,0.000,0.071,1.000,0.142,0.033,0.068
intentionality,0.000,0.049,1.000,0.098,0.048,0.068
guided,0.001,0.744,0.999,0.512,0.009,0.068
sustain,0.000,0.044,1.000,0.087,0.054,0.068
neutral,0.000,0.063,1.000,0.125,0.037,0.068
participating,0.000,0.065,1.000,0.131,0.036,0.068
burden,0.000,0.087,1.000,0.174,0.027,0.068
title,0.000,0.093,1.000,0.185,0.025,0.068
fair,0.000,0.095,1.000,0.191,0.024,0.068
ongoing,0.000,0.084,1.000,0.169,0.028,0.068
carrying,0.000,0.079,1.000,0.158,0.030,0.068
nibbana,0.000,0.041,1.000,0.082,0.057,0.068
dancer,0.000,0.016,1.000,0.033,0.143,0.068
criterion,0.000,0.016,1.000,0.033,0.143,0.068
assumption,0.000,0.076,1.000,0.153,0.031,0.068
hip,0.000,0.074,1.000,0.147,0.032,0.068
oxygen,0.000,0.052,1.000,0.104,0.045,0.068
resolve,0.000,0.063,1.000,0.125,0.037,0.068
main,0.000,0.104,1.000,0.207,0.022,0.068
greet,0.000,0.025,1.000,0.049,0.095,0.068
demon,0.000,0.011,1.000,0.022,0.213,0.068
loud,0.000,0.106,1.000,0.213,0.022,0.068
status,0.000,0.054,1.000,0.109,0.043,0.068
moved,0.000,0.093,1.000,0.185,0.025,0.068
decade,0.000,0.106,1.000,0.213,0.022,0.068
complexity,0.000,0.046,1.000,0.093,0.050,0.068
doctor,0.000,0.052,1.000,0.104,0.045,0.068
rib,0.000,0.074,1.000,0.147,0.031,0.068
evolutionary,0.000,0.025,1.000,0.049,0.094,0.068
accessible,0.000,0.063,1.000,0.125,0.037,0.068
filter,0.000,0.054,1.000,0.109,0.042,0.068
experiment,0.000,0.074,1.000,0.147,0.031,0.068
merely,0.000,0.041,1.000,0.082,0.056,0.068
grip,0.000,0.052,1.000,0.104,0.044,0.068
luck,0.000,0.025,1.000,0.049,0.094,0.068
everything's,0.000,0.079,1.000,0.158,0.029,0.068
subtleness,0.000,0.068,1.000,0.136,0.034,0.068
prescription,0.000,0.008,1.000,0.016,0.281,0.068
placing,0.000,0.049,1.000,0.098,0.047,0.068
fascinating,0.000,0.112,1.000,0.223,0.021,0.068
recently,0.000,0.120,1.000,0.240,0.019,0.068
deity,0.000,0.030,1.000,0.060,0.077,0.068
escape,0.000,0.074,1.000,0.147,0.031,0.068
chapter,0.000,0.027,1.000,0.054,0.084,0.068
inhalation,0.000,0.019,1.000,0.038,0.120,0.068
master,0.000,0.074,1.000,0.147,0.031,0.068
review,0.000,0.054,1.000,0.109,0.042,0.068
poison,0.000,0.038,1.000,0.076,0.060,0.068
dhammapada,0.000,0.068,1.000,0.136,0.034,0.068
fifth,0.000,0.104,1.000,0.207,0.022,0.068
mirror,0.000,0.068,1.000,0.136,0.034,0.068
protection,0.000,0.060,1.000,0.120,0.038,0.068
psychology,0.000,0.082,1.000,0.163,0.028,0.068
applied,0.000,0.060,1.000,0.120,0.038,0.068
outdoors,0.000,0.030,1.000,0.060,0.076,0.068
permanent,0.000,0.068,1.000,0.136,0.034,0.068
bicycle,0.000,0.022,1.000,0.044,0.105,0.068
anything,0.002,0.725,0.998,0.550,0.008,0.068
effective,0.000,0.076,1.000,0.153,0.030,0.068
red,0.000,0.074,1.000,0.147,0.031,0.068
occurs,0.000,0.090,1.000,0.180,0.025,0.068
lucid,0.000,0.016,1.000,0.033,0.140,0.068
sentence,0.000,0.090,1.000,0.180,0.025,0.068
hill,0.000,0.065,1.000,0.131,0.035,0.068
gazing,0.000,0.060,1.000,0.120,0.038,0.067
divine,0.000,0.041,1.000,0.082,0.056,0.067
alignment,0.000,0.030,1.000,0.060,0.076,0.067
continuously,0.000,0.046,1.000,0.093,0.049,0.067
spending,0.000,0.101,1.000,0.202,0.023,0.067
expressed,0.000,0.082,1.000,0.163,0.028,0.067
worthy,0.000,0.054,1.000,0.109,0.042,0.067
fantastic,0.000,0.101,1.000,0.202,0.023,0.067
diaphragm,0.000,0.060,1.000,0.120,0.038,0.067
boy,0.000,0.068,1.000,0.136,0.033,0.067
dangerous,0.000,0.060,1.000,0.120,0.038,0.067
science,0.000,0.041,1.000,0.082,0.055,0.067
briefly,0.000,0.098,1.000,0.196,0.023,0.067
resource,0.000,0.082,1.000,0.163,0.028,0.067
kill,0.000,0.054,1.000,0.109,0.042,0.067
anxious,0.000,0.071,1.000,0.142,0.032,0.067
plenty,0.000,0.071,1.000,0.142,0.032,0.067
lineage,0.000,0.049,1.000,0.098,0.046,0.067
incidental,0.000,0.019,1.000,0.038,0.119,0.067
preparation,0.000,0.044,1.000,0.087,0.052,0.067
robe,0.000,0.038,1.000,0.076,0.059,0.067
decide,0.000,0.068,1.000,0.136,0.033,0.067
introduce,0.000,0.084,1.000,0.169,0.027,0.067
several,0.000,0.093,1.000,0.185,0.024,0.067
momentary,0.000,0.052,1.000,0.104,0.044,0.067
accompany,0.000,0.057,1.000,0.114,0.039,0.067
heal,0.000,0.049,1.000,0.098,0.046,0.067
rightness,0.000,0.063,1.000,0.125,0.036,0.067
fight,0.000,0.084,1.000,0.169,0.027,0.067
instance,0.000,0.060,1.000,0.120,0.038,0.067
laying,0.000,0.074,1.000,0.147,0.031,0.067
whenever,0.000,0.104,1.000,0.207,0.022,0.067
they'll,0.000,0.112,1.000,0.223,0.020,0.067
defined,0.000,0.084,1.000,0.169,0.027,0.067
exhalation,0.000,0.022,1.000,0.044,0.103,0.067
continues,0.000,0.101,1.000,0.202,0.022,0.067
heart,0.003,0.796,0.997,0.409,0.011,0.067
tibetan,0.000,0.068,1.000,0.136,0.033,0.067
invited,0.000,0.084,1.000,0.169,0.027,0.067
defilement,0.000,0.044,1.000,0.087,0.051,0.067
prefer,0.000,0.101,1.000,0.202,0.022,0.067
nourish,0.000,0.068,1.000,0.136,0.033,0.067
soothe,0.000,0.019,1.000,0.038,0.117,0.067
fresh,0.000,0.082,1.000,0.163,0.027,0.067
amidst,0.000,0.035,1.000,0.071,0.063,0.067
merit,0.000,0.065,1.000,0.131,0.034,0.067
wife,0.000,0.054,1.000,0.109,0.041,0.067
operates,0.000,0.046,1.000,0.093,0.048,0.067
suspect,0.000,0.065,1.000,0.131,0.034,0.067
released,0.000,0.065,1.000,0.131,0.034,0.067
ownership,0.000,0.038,1.000,0.076,0.058,0.067
imagery,0.000,0.030,1.000,0.060,0.074,0.067
sink,0.000,0.054,1.000,0.109,0.041,0.067
inclination,0.000,0.076,1.000,0.153,0.029,0.067
satisfaction,0.000,0.076,1.000,0.153,0.029,0.067
pushed,0.000,0.068,1.000,0.136,0.033,0.067
dana,0.000,0.030,1.000,0.060,0.074,0.067
francisco,0.000,0.063,1.000,0.125,0.035,0.067
noise,0.000,0.044,1.000,0.087,0.051,0.067
jealousy,0.000,0.030,1.000,0.060,0.074,0.067
maintain,0.000,0.084,1.000,0.169,0.026,0.067
prince,0.000,0.022,1.000,0.044,0.102,0.067
gate,0.000,0.035,1.000,0.071,0.063,0.067
nowhere,0.000,0.049,1.000,0.098,0.045,0.067
unique,0.000,0.076,1.000,0.153,0.029,0.067
softness,0.000,0.079,1.000,0.158,0.028,0.067
stephen,0.000,0.019,1.000,0.038,0.116,0.067
well-wishing,0.000,0.060,1.000,0.120,0.037,0.067
self-view,0.000,0.033,1.000,0.065,0.068,0.067
mature,0.000,0.063,1.000,0.125,0.035,0.066
responsible,0.000,0.082,1.000,0.163,0.027,0.066
possession,0.000,0.049,1.000,0.098,0.045,0.066
store,0.000,0.082,1.000,0.163,0.027,0.066
couch,0.000,0.060,1.000,0.120,0.037,0.066
prepare,0.000,0.063,1.000,0.125,0.035,0.066
clothes,0.000,0.065,1.000,0.131,0.034,0.066
zone,0.000,0.065,1.000,0.131,0.034,0.066
original,0.000,0.046,1.000,0.093,0.048,0.066
definition,0.000,0.087,1.000,0.174,0.025,0.066
unskillful,0.000,0.065,1.000,0.131,0.034,0.066
political,0.000,0.049,1.000,0.098,0.045,0.066
often,0.002,0.744,0.998,0.512,0.009,0.066
late,0.000,0.068,1.000,0.136,0.032,0.066
remain,0.000,0.079,1.000,0.158,0.028,0.066
tied,0.000,0.084,1.000,0.169,0.026,0.066
dignity,0.000,0.046,1.000,0.093,0.047,0.066
miracle,0.000,0.041,1.000,0.082,0.054,0.066
scene,0.000,0.046,1.000,0.093,0.047,0.066
start,0.002,0.747,0.998,0.507,0.009,0.066
verbal,0.000,0.068,1.000,0.136,0.032,0.066
pair,0.000,0.033,1.000,0.065,0.067,0.066
tightening,0.000,0.065,1.000,0.131,0.033,0.066
papanca,0.000,0.019,1.000,0.038,0.115,0.066
medical,0.000,0.041,1.000,0.082,0.054,0.066
they're,0.002,0.736,0.998,0.529,0.008,0.066
trace,0.000,0.054,1.000,0.109,0.040,0.066
gateway,0.000,0.035,1.000,0.071,0.062,0.066
whereas,0.000,0.098,1.000,0.196,0.022,0.066
corner,0.000,0.082,1.000,0.163,0.027,0.066
fellow,0.000,0.068,1.000,0.136,0.032,0.066
movie,0.000,0.041,1.000,0.082,0.053,0.066
vastness,0.000,0.030,1.000,0.060,0.073,0.066
enemy,0.000,0.057,1.000,0.114,0.038,0.066
park,0.000,0.090,1.000,0.180,0.024,0.066
click,0.000,0.044,1.000,0.087,0.050,0.066
serious,0.000,0.071,1.000,0.142,0.031,0.066
everyday,0.000,0.076,1.000,0.153,0.028,0.066
established,0.000,0.079,1.000,0.158,0.027,0.066
intro,0.000,0.030,1.000,0.060,0.072,0.066
solidity,0.000,0.044,1.000,0.087,0.050,0.066
choosing,0.000,0.068,1.000,0.136,0.032,0.066
travel,0.000,0.112,1.000,0.223,0.019,0.066
dog,0.000,0.057,1.000,0.114,0.038,0.066
storm,0.000,0.044,1.000,0.087,0.050,0.066
grieving,0.000,0.030,1.000,0.060,0.072,0.066
womb,0.000,0.041,1.000,0.082,0.053,0.066
seeking,0.000,0.074,1.000,0.147,0.029,0.066
pointed,0.000,0.098,1.000,0.196,0.022,0.066
sail,0.000,0.011,1.000,0.022,0.198,0.066
landing,0.000,0.063,1.000,0.125,0.034,0.066
brahman,0.000,0.025,1.000,0.049,0.088,0.066
stilling,0.000,0.041,1.000,0.082,0.053,0.066
relaxes,0.000,0.065,1.000,0.131,0.033,0.066
meal,0.000,0.076,1.000,0.153,0.028,0.066
rigid,0.000,0.035,1.000,0.071,0.061,0.066
narrative,0.000,0.074,1.000,0.147,0.029,0.066
could,0.003,0.768,0.997,0.463,0.009,0.066
colleague,0.000,0.057,1.000,0.114,0.038,0.066
encouragement,0.000,0.068,1.000,0.136,0.032,0.066
look,0.002,0.719,0.998,0.561,0.008,0.066
humanity,0.000,0.074,1.000,0.147,0.029,0.066
gap,0.000,0.049,1.000,0.098,0.044,0.066
seemed,0.000,0.068,1.000,0.136,0.032,0.066
remind,0.000,0.087,1.000,0.174,0.025,0.066
composed,0.000,0.033,1.000,0.065,0.066,0.065
west,0.000,0.095,1.000,0.191,0.022,0.065
pond,0.000,0.044,1.000,0.087,0.049,0.065
fairly,0.000,0.090,1.000,0.180,0.024,0.065
fragmented,0.000,0.057,1.000,0.114,0.037,0.065
lotus,0.000,0.030,1.000,0.060,0.071,0.065
forehead,0.000,0.035,1.000,0.071,0.060,0.065
strongly,0.000,0.087,1.000,0.174,0.024,0.065
respectful,0.000,0.071,1.000,0.142,0.030,0.065
dereification,0.000,0.003,1.000,0.005,0.783,0.065
bodhisatta,0.000,0.011,1.000,0.022,0.196,0.065
regard,0.000,0.074,1.000,0.147,0.029,0.065
ice,0.000,0.030,1.000,0.060,0.071,0.065
unsettled,0.000,0.038,1.000,0.076,0.056,0.065
remains,0.000,0.063,1.000,0.125,0.034,0.065
entirely,0.000,0.076,1.000,0.153,0.028,0.065
showed,0.000,0.076,1.000,0.153,0.028,0.065
buy,0.000,0.082,1.000,0.163,0.026,0.065
joining,0.000,0.093,1.000,0.185,0.023,0.065
unsatisfactoriness,0.000,0.046,1.000,0.093,0.046,0.065
doer,0.000,0.038,1.000,0.076,0.056,0.065
channel,0.000,0.068,1.000,0.136,0.031,0.065
abbess,0.000,0.014,1.000,0.027,0.156,0.065
unfolds,0.000,0.076,1.000,0.153,0.028,0.065
participant,0.000,0.035,1.000,0.071,0.060,0.065
intelligent,0.000,0.027,1.000,0.054,0.078,0.065
fluid,0.000,0.054,1.000,0.109,0.039,0.065
refraining,0.000,0.019,1.000,0.038,0.111,0.065
imagined,0.000,0.060,1.000,0.120,0.035,0.065
speaks,0.000,0.076,1.000,0.153,0.028,0.065
regret,0.000,0.052,1.000,0.104,0.041,0.065
searching,0.000,0.065,1.000,0.131,0.032,0.065
philosopher,0.000,0.052,1.000,0.104,0.041,0.065
typically,0.000,0.060,1.000,0.120,0.035,0.065
dry,0.000,0.052,1.000,0.104,0.041,0.065
identified,0.000,0.093,1.000,0.185,0.023,0.065
drink,0.000,0.063,1.000,0.125,0.034,0.065
body's,0.000,0.076,1.000,0.153,0.028,0.065
require,0.000,0.079,1.000,0.158,0.027,0.065
sensed,0.000,0.046,1.000,0.093,0.045,0.065
raft,0.000,0.033,1.000,0.065,0.064,0.065
accompanying,0.000,0.046,1.000,0.093,0.045,0.065
pleasurable,0.000,0.041,1.000,0.082,0.051,0.065
cultivated,0.000,0.082,1.000,0.163,0.026,0.065
renounce,0.000,0.030,1.000,0.060,0.070,0.065
distortion,0.000,0.005,1.000,0.011,0.385,0.065
actually,0.002,0.749,0.998,0.501,0.008,0.065
specifically,0.000,0.106,1.000,0.213,0.020,0.065
contrast,0.000,0.076,1.000,0.153,0.027,0.065
fueling,0.000,0.052,1.000,0.104,0.040,0.065
carpenter,0.000,0.008,1.000,0.016,0.256,0.065
cut,0.000,0.093,1.000,0.185,0.023,0.065
brahmaviharas,0.000,0.027,1.000,0.054,0.077,0.065
we'd,0.000,0.068,1.000,0.136,0.031,0.065
energetic,0.000,0.052,1.000,0.104,0.040,0.065
burning,0.000,0.030,1.000,0.060,0.070,0.065
accepting,0.000,0.065,1.000,0.131,0.032,0.065
groundedness,0.000,0.038,1.000,0.076,0.055,0.065
conceptual,0.000,0.068,1.000,0.136,0.031,0.065
phase,0.000,0.046,1.000,0.093,0.045,0.065
kitchen,0.000,0.054,1.000,0.109,0.038,0.065
give,0.002,0.722,0.998,0.556,0.007,0.065
highest,0.000,0.057,1.000,0.114,0.036,0.065
tired,0.000,0.068,1.000,0.136,0.031,0.065
narrowing,0.000,0.041,1.000,0.082,0.051,0.065
suddenly,0.000,0.109,1.000,0.218,0.019,0.065
hospital,0.000,0.041,1.000,0.082,0.051,0.064
acting,0.000,0.065,1.000,0.131,0.032,0.064
chooses,0.000,0.014,1.000,0.027,0.152,0.064
upset,0.000,0.101,1.000,0.202,0.021,0.064
immersion,0.000,0.035,1.000,0.071,0.059,0.064
leigh,0.000,0.019,1.000,0.038,0.109,0.064
majjhima,0.000,0.063,1.000,0.125,0.033,0.064
physically,0.000,0.087,1.000,0.174,0.024,0.064
necessity,0.000,0.030,1.000,0.060,0.069,0.064
ripple,0.000,0.052,1.000,0.104,0.040,0.064
cage,0.000,0.068,1.000,0.136,0.030,0.064
named,0.000,0.109,1.000,0.218,0.019,0.064
guidance,0.000,0.079,1.000,0.158,0.026,0.064
killing,0.000,0.057,1.000,0.114,0.036,0.064
brother,0.000,0.049,1.000,0.098,0.042,0.064
stabilizing,0.000,0.044,1.000,0.087,0.047,0.064
highly,0.000,0.068,1.000,0.136,0.030,0.064
according,0.000,0.076,1.000,0.153,0.027,0.064
inclusion,0.000,0.038,1.000,0.076,0.054,0.064
recognized,0.000,0.106,1.000,0.213,0.019,0.064
abandoning,0.000,0.041,1.000,0.082,0.050,0.064
evoke,0.000,0.065,1.000,0.131,0.031,0.064
grew,0.000,0.084,1.000,0.169,0.024,0.064
chah,0.000,0.035,1.000,0.071,0.058,0.064
coffee,0.000,0.060,1.000,0.120,0.034,0.064
japanese,0.000,0.019,1.000,0.038,0.108,0.064
major,0.000,0.074,1.000,0.147,0.028,0.064
inhales,0.000,0.054,1.000,0.109,0.038,0.064
hadn't,0.000,0.098,1.000,0.196,0.021,0.064
interpret,0.000,0.087,1.000,0.174,0.023,0.064
treat,0.000,0.071,1.000,0.142,0.029,0.064
neighbor,0.000,0.087,1.000,0.174,0.023,0.064
tingling,0.000,0.060,1.000,0.120,0.034,0.064
interaction,0.000,0.079,1.000,0.158,0.026,0.064
draw,0.000,0.063,1.000,0.125,0.033,0.064
spectrum,0.000,0.068,1.000,0.136,0.030,0.064
wet,0.000,0.041,1.000,0.082,0.050,0.064
enlightened,0.000,0.084,1.000,0.169,0.024,0.064
feeding,0.000,0.063,1.000,0.125,0.033,0.064
hike,0.000,0.041,1.000,0.082,0.050,0.064
together,0.002,0.757,0.998,0.485,0.008,0.064
receptivity,0.000,0.054,1.000,0.109,0.037,0.064
collected,0.000,0.065,1.000,0.131,0.031,0.064
scan,0.000,0.046,1.000,0.093,0.044,0.064
soothing,0.000,0.065,1.000,0.131,0.031,0.064
tracking,0.000,0.041,1.000,0.082,0.050,0.064
feed,0.000,0.065,1.000,0.131,0.031,0.064
relatively,0.000,0.082,1.000,0.163,0.025,0.064
dance,0.000,0.035,1.000,0.071,0.057,0.064
rebirth,0.000,0.030,1.000,0.060,0.068,0.064
emphasized,0.000,0.074,1.000,0.147,0.028,0.064
relational,0.000,0.046,1.000,0.093,0.044,0.064
separated,0.000,0.071,1.000,0.142,0.029,0.064
precious,0.000,0.049,1.000,0.098,0.041,0.064
inspire,0.000,0.054,1.000,0.109,0.037,0.064
spring,0.000,0.068,1.000,0.136,0.030,0.064
link,0.001,0.698,0.999,0.605,0.007,0.064
piti,0.000,0.027,1.000,0.054,0.074,0.064
granted,0.000,0.041,1.000,0.082,0.049,0.063
grabbing,0.000,0.038,1.000,0.076,0.053,0.063
conditionality,0.000,0.033,1.000,0.065,0.061,0.063
nurture,0.000,0.046,1.000,0.093,0.043,0.063
grasp,0.000,0.065,1.000,0.131,0.031,0.063
depending,0.000,0.082,1.000,0.163,0.025,0.063
thinking,0.003,0.807,0.997,0.387,0.010,0.063
advice,0.000,0.071,1.000,0.142,0.028,0.063
unpleasantness,0.000,0.052,1.000,0.104,0.039,0.063
responding,0.000,0.068,1.000,0.136,0.029,0.063
jump,0.000,0.076,1.000,0.153,0.026,0.063
formal,0.000,0.068,1.000,0.136,0.029,0.063
strategy,0.000,0.052,1.000,0.104,0.039,0.063
characterized,0.000,0.057,1.000,0.114,0.035,0.063
heaviness,0.000,0.052,1.000,0.104,0.039,0.063
sustained,0.000,0.041,1.000,0.082,0.049,0.063
security,0.000,0.041,1.000,0.082,0.049,0.063
laser,0.000,0.049,1.000,0.098,0.041,0.063
shoe,0.000,0.033,1.000,0.065,0.061,0.063
regularly,0.000,0.068,1.000,0.136,0.029,0.063
perfection,0.000,0.044,1.000,0.087,0.046,0.063
throw,0.000,0.074,1.000,0.147,0.027,0.063
globe,0.000,0.019,1.000,0.038,0.104,0.063
priority,0.000,0.046,1.000,0.093,0.043,0.063
permanence,0.000,0.030,1.000,0.060,0.066,0.063
everyone's,0.000,0.057,1.000,0.114,0.035,0.063
idea,0.003,0.793,0.997,0.414,0.010,0.063
continued,0.000,0.074,1.000,0.147,0.027,0.063
infinite,0.000,0.044,1.000,0.087,0.046,0.063
scent,0.000,0.022,1.000,0.044,0.091,0.063
friday,0.000,0.060,1.000,0.120,0.033,0.063
proliferation,0.000,0.035,1.000,0.071,0.056,0.063
addressing,0.000,0.068,1.000,0.136,0.029,0.063
wealth,0.000,0.054,1.000,0.109,0.036,0.063
perceiving,0.000,0.044,1.000,0.087,0.045,0.063
surprised,0.000,0.082,1.000,0.163,0.024,0.063
sucitto,0.000,0.030,1.000,0.060,0.066,0.063
honesty,0.000,0.054,1.000,0.109,0.036,0.063
ultimate,0.000,0.063,1.000,0.125,0.031,0.063
point,0.002,0.749,0.998,0.501,0.008,0.063
unmoving,0.000,0.011,1.000,0.022,0.181,0.063
challenged,0.000,0.044,1.000,0.087,0.045,0.063
helped,0.000,0.098,1.000,0.196,0.020,0.063
wear,0.000,0.054,1.000,0.109,0.036,0.063
rosemary,0.000,0.038,1.000,0.076,0.052,0.063
lip,0.000,0.060,1.000,0.120,0.033,0.063
scale,0.000,0.041,1.000,0.082,0.048,0.063
shall,0.000,0.044,1.000,0.087,0.045,0.063
forgive,0.000,0.030,1.000,0.060,0.066,0.063
intentionally,0.000,0.095,1.000,0.191,0.021,0.063
react,0.000,0.090,1.000,0.180,0.022,0.063
entered,0.000,0.057,1.000,0.114,0.034,0.063
register,0.000,0.044,1.000,0.087,0.045,0.063
compulsion,0.000,0.033,1.000,0.065,0.060,0.063
stimulus,0.000,0.019,1.000,0.038,0.103,0.063
wholesomeness,0.000,0.052,1.000,0.104,0.038,0.063
unpack,0.000,0.071,1.000,0.142,0.028,0.063
famous,0.000,0.065,1.000,0.131,0.030,0.063
finish,0.000,0.071,1.000,0.142,0.028,0.063
sending,0.000,0.052,1.000,0.104,0.038,0.063
although,0.000,0.084,1.000,0.169,0.023,0.063
visual,0.000,0.046,1.000,0.093,0.042,0.063
scattered,0.000,0.025,1.000,0.049,0.080,0.063
abode,0.000,0.022,1.000,0.044,0.090,0.063
bright,0.000,0.082,1.000,0.163,0.024,0.062
need,0.002,0.779,0.998,0.441,0.009,0.062
incredibly,0.000,0.065,1.000,0.131,0.030,0.062
occurring,0.000,0.052,1.000,0.104,0.038,0.062
irritation,0.000,0.065,1.000,0.131,0.030,0.062
heart-mind,0.000,0.030,1.000,0.060,0.065,0.062
improvement,0.000,0.014,1.000,0.027,0.143,0.062
fell,0.000,0.076,1.000,0.153,0.026,0.062
hundred,0.000,0.082,1.000,0.163,0.024,0.062
fly,0.000,0.071,1.000,0.142,0.027,0.062
addition,0.000,0.079,1.000,0.158,0.025,0.062
reflective,0.000,0.025,1.000,0.049,0.079,0.062
santa,0.000,0.060,1.000,0.120,0.032,0.062
elevator,0.000,0.005,1.000,0.011,0.356,0.062
husband,0.000,0.060,1.000,0.120,0.032,0.062
arisen,0.000,0.060,1.000,0.120,0.032,0.062
happily,0.000,0.071,1.000,0.142,0.027,0.062
complication,0.000,0.044,1.000,0.087,0.044,0.062
naive,0.000,0.038,1.000,0.076,0.051,0.062
sea,0.000,0.052,1.000,0.104,0.037,0.062
motivated,0.000,0.068,1.000,0.136,0.028,0.062
sloth,0.000,0.033,1.000,0.065,0.059,0.062
practical,0.000,0.084,1.000,0.169,0.023,0.062
bike,0.000,0.016,1.000,0.033,0.118,0.062
dead,0.000,0.049,1.000,0.098,0.039,0.062
venerable,0.000,0.038,1.000,0.076,0.051,0.062
lesser,0.000,0.035,1.000,0.071,0.055,0.062
stranger,0.000,0.065,1.000,0.131,0.030,0.062
authority,0.000,0.071,1.000,0.142,0.027,0.062
enters,0.000,0.060,1.000,0.120,0.032,0.062
aversive,0.000,0.063,1.000,0.125,0.031,0.062
drift,0.000,0.052,1.000,0.104,0.037,0.062
whose,0.000,0.104,1.000,0.207,0.019,0.062
progressive,0.000,0.027,1.000,0.054,0.071,0.062
send,0.000,0.098,1.000,0.196,0.020,0.062
stood,0.000,0.049,1.000,0.098,0.039,0.062
host,0.000,0.022,1.000,0.044,0.088,0.062
wilderness,0.000,0.038,1.000,0.076,0.050,0.062
volunteer,0.000,0.054,1.000,0.109,0.035,0.062
demand,0.000,0.054,1.000,0.109,0.035,0.062
comparing,0.000,0.054,1.000,0.109,0.035,0.062
lean,0.000,0.063,1.000,0.125,0.031,0.062
toe,0.000,0.044,1.000,0.087,0.044,0.062
rush,0.000,0.076,1.000,0.153,0.025,0.062
diffuse,0.000,0.049,1.000,0.098,0.039,0.062
burn,0.000,0.041,1.000,0.082,0.047,0.062
chasing,0.000,0.074,1.000,0.147,0.026,0.062
creative,0.000,0.054,1.000,0.109,0.035,0.062
foolish,0.000,0.016,1.000,0.033,0.117,0.062
running,0.000,0.087,1.000,0.174,0.022,0.062
dissolving,0.000,0.035,1.000,0.071,0.054,0.062
agenda,0.000,0.054,1.000,0.109,0.035,0.062
sir,0.000,0.044,1.000,0.087,0.044,0.062
importance,0.000,0.074,1.000,0.147,0.026,0.062
chant,0.000,0.046,1.000,0.093,0.041,0.062
attune,0.000,0.041,1.000,0.082,0.047,0.062
attained,0.000,0.035,1.000,0.071,0.054,0.062
tie,0.000,0.054,1.000,0.109,0.035,0.062
present-moment,0.000,0.035,1.000,0.071,0.054,0.062
sidewalk,0.000,0.014,1.000,0.027,0.140,0.062
belongs,0.000,0.046,1.000,0.093,0.041,0.062
realizing,0.000,0.087,1.000,0.174,0.022,0.062
socrates,0.000,0.008,1.000,0.016,0.233,0.062
follows,0.000,0.057,1.000,0.114,0.033,0.062
restless,0.000,0.046,1.000,0.093,0.041,0.062
mortality,0.000,0.022,1.000,0.044,0.087,0.062
allen,0.000,0.041,1.000,0.082,0.046,0.062
vitakka,0.000,0.022,1.000,0.044,0.087,0.062
walked,0.000,0.065,1.000,0.131,0.029,0.062
lung,0.000,0.044,1.000,0.087,0.043,0.062
failure,0.000,0.038,1.000,0.076,0.050,0.062
western,0.000,0.063,1.000,0.125,0.030,0.062
believing,0.000,0.057,1.000,0.114,0.033,0.062
inherently,0.000,0.060,1.000,0.120,0.032,0.062
bored,0.000,0.035,1.000,0.071,0.053,0.062
self-preoccupation,0.000,0.041,1.000,0.082,0.046,0.062
blaming,0.000,0.044,1.000,0.087,0.043,0.062
considering,0.000,0.082,1.000,0.163,0.023,0.062
weak,0.000,0.054,1.000,0.109,0.035,0.062
hurting,0.000,0.049,1.000,0.098,0.039,0.062
glow,0.000,0.038,1.000,0.076,0.050,0.062
literal,0.000,0.074,1.000,0.147,0.026,0.061
poignancy,0.000,0.033,1.000,0.065,0.058,0.061
spirituality,0.000,0.052,1.000,0.104,0.036,0.061
person's,0.000,0.093,1.000,0.185,0.020,0.061
belonging,0.000,0.057,1.000,0.114,0.033,0.061
critical,0.000,0.082,1.000,0.163,0.023,0.061
opened,0.000,0.082,1.000,0.163,0.023,0.061
thursday,0.000,0.035,1.000,0.071,0.053,0.061
wound,0.000,0.038,1.000,0.076,0.049,0.061
ended,0.000,0.079,1.000,0.158,0.024,0.061
claim,0.000,0.049,1.000,0.098,0.038,0.061
studying,0.000,0.063,1.000,0.125,0.030,0.061
advantage,0.000,0.054,1.000,0.109,0.034,0.061
applying,0.000,0.063,1.000,0.125,0.030,0.061
loose,0.000,0.057,1.000,0.114,0.033,0.061
axle,0.000,0.011,1.000,0.022,0.172,0.061
passed,0.000,0.065,1.000,0.131,0.029,0.061
announcement,0.000,0.063,1.000,0.125,0.030,0.061
inclusive,0.000,0.041,1.000,0.082,0.046,0.061
scooter,0.000,0.011,1.000,0.022,0.172,0.061
celebrate,0.000,0.057,1.000,0.114,0.033,0.061
rising,0.000,0.063,1.000,0.125,0.030,0.061
apparently,0.000,0.065,1.000,0.131,0.029,0.061
smooth,0.000,0.063,1.000,0.125,0.030,0.061
dedication,0.000,0.071,1.000,0.142,0.026,0.061
expect,0.000,0.079,1.000,0.158,0.024,0.061
required,0.000,0.065,1.000,0.131,0.028,0.061
village,0.000,0.044,1.000,0.087,0.043,0.061
embodiment,0.000,0.052,1.000,0.104,0.036,0.061
where's,0.000,0.038,1.000,0.076,0.049,0.061
disgust,0.000,0.016,1.000,0.033,0.114,0.061
bundle,0.000,0.019,1.000,0.038,0.097,0.061
scholar,0.000,0.065,1.000,0.131,0.028,0.061
suzuki,0.000,0.038,1.000,0.076,0.049,0.061
consciously,0.000,0.068,1.000,0.136,0.027,0.061
sublime,0.000,0.049,1.000,0.098,0.038,0.061
storytelling,0.000,0.019,1.000,0.038,0.097,0.061
roshi,0.000,0.049,1.000,0.098,0.038,0.061
letter,0.000,0.057,1.000,0.114,0.032,0.061
adjusting,0.000,0.065,1.000,0.131,0.028,0.061
veracity,0.000,0.011,1.000,0.022,0.170,0.061
debate,0.000,0.038,1.000,0.076,0.049,0.061
frequency,0.000,0.025,1.000,0.049,0.076,0.061
silently,0.000,0.049,1.000,0.098,0.038,0.061
disidentify,0.000,0.005,1.000,0.011,0.340,0.061
solution,0.000,0.060,1.000,0.120,0.031,0.061
nourished,0.000,0.076,1.000,0.153,0.024,0.061
yoga,0.000,0.044,1.000,0.087,0.042,0.061
noting,0.000,0.038,1.000,0.076,0.048,0.061
grown,0.000,0.065,1.000,0.131,0.028,0.061
upali,0.000,0.005,1.000,0.011,0.339,0.061
silly,0.000,0.060,1.000,0.120,0.031,0.061
existential,0.000,0.038,1.000,0.076,0.048,0.061
saddha,0.000,0.025,1.000,0.049,0.075,0.061
accurate,0.000,0.063,1.000,0.125,0.029,0.061
atmosphere,0.000,0.049,1.000,0.098,0.038,0.061
ghost,0.000,0.011,1.000,0.022,0.169,0.061
inadequate,0.000,0.063,1.000,0.125,0.029,0.061
strange,0.000,0.087,1.000,0.174,0.021,0.061
vulnerable,0.000,0.052,1.000,0.104,0.036,0.061
bhutan,0.000,0.003,1.000,0.005,0.676,0.061
stabilize,0.000,0.041,1.000,0.082,0.045,0.061
avoiding,0.000,0.076,1.000,0.153,0.024,0.061
someone's,0.000,0.074,1.000,0.147,0.025,0.061
symbolic,0.000,0.025,1.000,0.049,0.075,0.061
overcome,0.000,0.049,1.000,0.098,0.037,0.061
landscape,0.000,0.057,1.000,0.114,0.032,0.061
grieve,0.000,0.038,1.000,0.076,0.048,0.061
passion,0.000,0.038,1.000,0.076,0.048,0.061
seemingly,0.000,0.057,1.000,0.114,0.032,0.061
swimming,0.000,0.038,1.000,0.076,0.048,0.061
lift,0.000,0.044,1.000,0.087,0.042,0.061
successful,0.000,0.054,1.000,0.109,0.034,0.060
contract,0.000,0.071,1.000,0.142,0.026,0.060
trained,0.000,0.076,1.000,0.153,0.024,0.060
virtuous,0.000,0.035,1.000,0.071,0.052,0.060
distract,0.000,0.046,1.000,0.093,0.039,0.060
objectifying,0.000,0.011,1.000,0.022,0.168,0.060
lasting,0.000,0.044,1.000,0.087,0.042,0.060
frustration,0.000,0.057,1.000,0.114,0.032,0.060
player,0.000,0.025,1.000,0.049,0.074,0.060
mention,0.000,0.104,1.000,0.207,0.018,0.060
discontent,0.000,0.041,1.000,0.082,0.045,0.060
map,0.000,0.049,1.000,0.098,0.037,0.060
orienting,0.000,0.057,1.000,0.114,0.032,0.060
extreme,0.000,0.063,1.000,0.125,0.029,0.060
standard,0.000,0.068,1.000,0.136,0.027,0.060
manifestation,0.000,0.044,1.000,0.087,0.042,0.060
egoic,0.000,0.033,1.000,0.065,0.056,0.060
switch,0.000,0.068,1.000,0.136,0.027,0.060
awkward,0.000,0.046,1.000,0.093,0.039,0.060
causality,0.000,0.016,1.000,0.033,0.111,0.060
paper,0.000,0.054,1.000,0.109,0.033,0.060
extended,0.000,0.063,1.000,0.125,0.029,0.060
directing,0.000,0.038,1.000,0.076,0.048,0.060
dawn,0.000,0.044,1.000,0.087,0.042,0.060
trommer,0.000,0.049,1.000,0.098,0.037,0.060
holy,0.000,0.035,1.000,0.071,0.051,0.060
sits,0.000,0.068,1.000,0.136,0.027,0.060
alertness,0.000,0.063,1.000,0.125,0.029,0.060
ruminating,0.000,0.046,1.000,0.093,0.039,0.060
hide,0.000,0.035,1.000,0.071,0.051,0.060
manage,0.000,0.063,1.000,0.125,0.029,0.060
someplace,0.000,0.057,1.000,0.114,0.032,0.060
territory,0.000,0.079,1.000,0.158,0.023,0.060
statue,0.000,0.025,1.000,0.049,0.074,0.060
grand,0.000,0.060,1.000,0.120,0.030,0.060
embedded,0.000,0.044,1.000,0.087,0.042,0.060
waking,0.000,0.063,1.000,0.125,0.029,0.060
goose,0.000,0.005,1.000,0.011,0.332,0.060
visible,0.000,0.019,1.000,0.038,0.095,0.060
expecting,0.000,0.063,1.000,0.125,0.029,0.060
campus,0.000,0.016,1.000,0.033,0.110,0.060
dense,0.000,0.030,1.000,0.060,0.060,0.060
irritated,0.000,0.063,1.000,0.125,0.029,0.060
automatically,0.000,0.068,1.000,0.136,0.026,0.060
tongue,0.000,0.054,1.000,0.109,0.033,0.060
selfish,0.000,0.060,1.000,0.120,0.030,0.060
evolution,0.000,0.035,1.000,0.071,0.051,0.060
twice,0.000,0.071,1.000,0.142,0.025,0.060
indifference,0.000,0.027,1.000,0.054,0.066,0.060
laughing,0.000,0.019,1.000,0.038,0.094,0.060
navigate,0.000,0.065,1.000,0.131,0.027,0.060
weekend,0.000,0.054,1.000,0.109,0.033,0.060
century,0.000,0.057,1.000,0.114,0.031,0.060
sukha,0.000,0.035,1.000,0.071,0.051,0.060
biggest,0.000,0.060,1.000,0.120,0.030,0.060
sequence,0.000,0.030,1.000,0.060,0.060,0.060
wanders,0.000,0.057,1.000,0.114,0.031,0.060
tiring,0.000,0.038,1.000,0.076,0.047,0.060
exact,0.000,0.082,1.000,0.163,0.022,0.060
represent,0.000,0.065,1.000,0.131,0.027,0.060
logic,0.000,0.046,1.000,0.093,0.039,0.060
essentially,0.000,0.057,1.000,0.114,0.031,0.060
conducive,0.000,0.038,1.000,0.076,0.047,0.060
combination,0.000,0.038,1.000,0.076,0.047,0.060
regular,0.000,0.074,1.000,0.147,0.024,0.060
report,0.000,0.049,1.000,0.098,0.036,0.060
written,0.000,0.074,1.000,0.147,0.024,0.060
expected,0.000,0.071,1.000,0.142,0.025,0.060
fuel,0.000,0.054,1.000,0.109,0.033,0.060
wash,0.000,0.046,1.000,0.093,0.038,0.060
victoria,0.000,0.005,1.000,0.011,0.327,0.060
clearer,0.000,0.054,1.000,0.109,0.033,0.060
afterwards,0.000,0.071,1.000,0.142,0.025,0.060
strike,0.000,0.041,1.000,0.082,0.044,0.060
spinning,0.000,0.046,1.000,0.093,0.038,0.060
forgiveness,0.000,0.025,1.000,0.049,0.072,0.060
committed,0.000,0.060,1.000,0.120,0.030,0.060
convention,0.000,0.016,1.000,0.033,0.109,0.060
meditators,0.000,0.060,1.000,0.120,0.030,0.060
recommend,0.000,0.068,1.000,0.136,0.026,0.060
nose,0.000,0.068,1.000,0.136,0.026,0.060
crossed,0.000,0.041,1.000,0.082,0.043,0.060
dwell,0.000,0.038,1.000,0.076,0.046,0.060
variety,0.000,0.074,1.000,0.147,0.024,0.060
valued,0.000,0.019,1.000,0.038,0.093,0.060
finitude,0.000,0.005,1.000,0.011,0.325,0.060
blowing,0.000,0.033,1.000,0.065,0.054,0.059
promise,0.000,0.049,1.000,0.098,0.036,0.059
vantage,0.000,0.046,1.000,0.093,0.038,0.059
sick,0.000,0.057,1.000,0.114,0.031,0.059
low,0.000,0.054,1.000,0.109,0.032,0.059
due,0.000,0.065,1.000,0.131,0.027,0.059
obstacle,0.000,0.049,1.000,0.098,0.036,0.059
writing,0.000,0.076,1.000,0.153,0.023,0.059
brighter,0.000,0.038,1.000,0.076,0.046,0.059
bucket,0.000,0.025,1.000,0.049,0.072,0.059
pass,0.000,0.041,1.000,0.082,0.043,0.059
remove,0.000,0.038,1.000,0.076,0.046,0.059
who've,0.000,0.065,1.000,0.131,0.027,0.059
attain,0.000,0.060,1.000,0.120,0.029,0.059
page,0.000,0.068,1.000,0.136,0.026,0.059
rage,0.000,0.041,1.000,0.082,0.043,0.059
lock,0.000,0.044,1.000,0.087,0.040,0.059
sakka,0.000,0.014,1.000,0.027,0.129,0.059
sexuality,0.000,0.016,1.000,0.033,0.108,0.059
sport,0.000,0.035,1.000,0.071,0.050,0.059
vow,0.000,0.041,1.000,0.082,0.043,0.059
smaller,0.000,0.071,1.000,0.142,0.025,0.059
overview,0.000,0.041,1.000,0.082,0.043,0.059
trip,0.000,0.049,1.000,0.098,0.036,0.059
awaken,0.000,0.044,1.000,0.087,0.040,0.059
million,0.000,0.049,1.000,0.098,0.036,0.059
sujato,0.000,0.016,1.000,0.033,0.107,0.059
prove,0.000,0.046,1.000,0.093,0.038,0.059
calendar,0.000,0.041,1.000,0.082,0.043,0.059
outcome,0.000,0.046,1.000,0.093,0.038,0.059
asleep,0.000,0.060,1.000,0.120,0.029,0.059
worried,0.000,0.068,1.000,0.136,0.026,0.059
distinct,0.000,0.054,1.000,0.109,0.032,0.059
emphasizing,0.000,0.065,1.000,0.131,0.027,0.059
answered,0.000,0.038,1.000,0.076,0.046,0.059
else's,0.000,0.052,1.000,0.104,0.034,0.059
stance,0.000,0.044,1.000,0.087,0.040,0.059
affliction,0.000,0.025,1.000,0.049,0.071,0.059
unusual,0.000,0.054,1.000,0.109,0.032,0.059
overall,0.000,0.060,1.000,0.120,0.029,0.059
endless,0.000,0.025,1.000,0.049,0.071,0.059
trail,0.000,0.049,1.000,0.098,0.036,0.059
moisture,0.000,0.025,1.000,0.049,0.071,0.059
north,0.000,0.071,1.000,0.142,0.025,0.059
united,0.000,0.063,1.000,0.125,0.028,0.059
swept,0.000,0.033,1.000,0.065,0.053,0.059
liberating,0.000,0.035,1.000,0.071,0.049,0.059
skilled,0.000,0.065,1.000,0.131,0.027,0.059
revealed,0.000,0.046,1.000,0.093,0.037,0.059
fixing,0.000,0.065,1.000,0.131,0.027,0.059
prioritize,0.000,0.025,1.000,0.049,0.071,0.059
harmonious,0.000,0.052,1.000,0.104,0.034,0.059
glad,0.000,0.054,1.000,0.109,0.032,0.059
drawn,0.000,0.060,1.000,0.120,0.029,0.059
hunger,0.000,0.049,1.000,0.098,0.035,0.059
pretending,0.000,0.044,1.000,0.087,0.040,0.059
barrier,0.000,0.038,1.000,0.076,0.045,0.059
integral,0.000,0.068,1.000,0.136,0.025,0.059
limiting,0.000,0.052,1.000,0.104,0.033,0.059
volitional,0.000,0.019,1.000,0.038,0.091,0.059
moon,0.000,0.046,1.000,0.093,0.037,0.059
afflicted,0.000,0.016,1.000,0.033,0.106,0.059
distinguish,0.000,0.071,1.000,0.142,0.024,0.059
flat,0.000,0.052,1.000,0.104,0.033,0.059
depression,0.000,0.052,1.000,0.104,0.033,0.059
softer,0.000,0.060,1.000,0.120,0.029,0.059
etc,0.000,0.057,1.000,0.114,0.030,0.059
divided,0.000,0.041,1.000,0.082,0.042,0.059
egg,0.000,0.022,1.000,0.044,0.079,0.059
followed,0.000,0.065,1.000,0.131,0.026,0.059
discern,0.000,0.049,1.000,0.098,0.035,0.059
wednesday,0.000,0.035,1.000,0.071,0.048,0.059
tear,0.000,0.057,1.000,0.114,0.030,0.059
peacefulness,0.000,0.054,1.000,0.109,0.031,0.059
self-concern,0.000,0.033,1.000,0.065,0.052,0.059
modest,0.000,0.035,1.000,0.071,0.048,0.059
driven,0.000,0.044,1.000,0.087,0.039,0.059
foible,0.000,0.014,1.000,0.027,0.126,0.059
device,0.000,0.041,1.000,0.082,0.042,0.058
stretch,0.000,0.057,1.000,0.114,0.030,0.058
victory,0.000,0.016,1.000,0.033,0.104,0.058
decided,0.000,0.082,1.000,0.163,0.021,0.058
cheek,0.000,0.038,1.000,0.076,0.045,0.058
b,0.000,0.038,1.000,0.076,0.045,0.058
v,0.000,0.022,1.000,0.044,0.078,0.058
organize,0.000,0.044,1.000,0.087,0.039,0.058
shed,0.000,0.035,1.000,0.071,0.048,0.058
simplifying,0.000,0.033,1.000,0.065,0.052,0.058
refer,0.000,0.065,1.000,0.131,0.026,0.058
juice,0.000,0.025,1.000,0.049,0.070,0.058
encouraged,0.000,0.065,1.000,0.131,0.026,0.058
table,0.000,0.054,1.000,0.109,0.031,0.058
dryness,0.000,0.019,1.000,0.038,0.089,0.058
wisely,0.000,0.074,1.000,0.147,0.023,0.058
itch,0.000,0.008,1.000,0.016,0.207,0.058
boredom,0.000,0.027,1.000,0.054,0.062,0.058
samatha,0.000,0.019,1.000,0.038,0.089,0.058
ann,0.000,0.003,1.000,0.005,0.621,0.058
frame,0.000,0.065,1.000,0.131,0.026,0.058
undistracted,0.000,0.016,1.000,0.033,0.104,0.058
representation,0.000,0.038,1.000,0.076,0.044,0.058
cultural,0.000,0.049,1.000,0.098,0.034,0.058
covered,0.000,0.044,1.000,0.087,0.039,0.058
scientist,0.000,0.054,1.000,0.109,0.031,0.058
citta,0.000,0.019,1.000,0.038,0.089,0.058
rapture,0.000,0.035,1.000,0.071,0.048,0.058
gosh,0.000,0.076,1.000,0.153,0.022,0.058
previous,0.000,0.071,1.000,0.142,0.024,0.058
drinking,0.000,0.046,1.000,0.093,0.036,0.058
dullness,0.000,0.030,1.000,0.060,0.056,0.058
radiation,0.000,0.011,1.000,0.022,0.155,0.058
fortune,0.000,0.044,1.000,0.087,0.039,0.058
heightened,0.000,0.030,1.000,0.060,0.056,0.058
brightening,0.000,0.005,1.000,0.011,0.309,0.058
lovingly,0.000,0.033,1.000,0.065,0.052,0.058
explanation,0.000,0.046,1.000,0.093,0.036,0.058
happy,0.001,0.749,0.999,0.501,0.007,0.058
search,0.000,0.052,1.000,0.104,0.033,0.058
loosen,0.000,0.054,1.000,0.109,0.031,0.058
drawing,0.000,0.044,1.000,0.087,0.039,0.058
blade,0.000,0.041,1.000,0.082,0.041,0.058
coolness,0.000,0.025,1.000,0.049,0.069,0.058
strive,0.000,0.030,1.000,0.060,0.056,0.058
planned,0.000,0.038,1.000,0.076,0.044,0.058
appreciated,0.000,0.065,1.000,0.131,0.026,0.058
ambition,0.000,0.049,1.000,0.098,0.034,0.058
tightly,0.000,0.044,1.000,0.087,0.038,0.058
pervading,0.000,0.019,1.000,0.038,0.088,0.058
east,0.000,0.063,1.000,0.125,0.027,0.058
exhaling,0.000,0.046,1.000,0.093,0.036,0.058
there'll,0.000,0.068,1.000,0.136,0.025,0.058
blizzard,0.000,0.011,1.000,0.022,0.154,0.058
driver,0.000,0.044,1.000,0.087,0.038,0.058
roam,0.000,0.025,1.000,0.049,0.068,0.058
threat,0.000,0.035,1.000,0.071,0.047,0.058
public,0.000,0.038,1.000,0.076,0.044,0.058
tip,0.000,0.054,1.000,0.109,0.031,0.058
useless,0.000,0.019,1.000,0.038,0.088,0.058
devas,0.000,0.025,1.000,0.049,0.068,0.058
thin,0.000,0.035,1.000,0.071,0.047,0.058
hanging,0.000,0.076,1.000,0.153,0.022,0.058
disappearing,0.000,0.030,1.000,0.060,0.056,0.058
seek,0.000,0.060,1.000,0.120,0.028,0.058
drag,0.000,0.030,1.000,0.060,0.056,0.058
collapse,0.000,0.063,1.000,0.125,0.027,0.058
freezing,0.000,0.027,1.000,0.054,0.061,0.058
unhealthy,0.000,0.054,1.000,0.109,0.030,0.058
holiday,0.000,0.035,1.000,0.071,0.047,0.058
hi,0.000,0.074,1.000,0.147,0.023,0.058
transformed,0.000,0.044,1.000,0.087,0.038,0.058
non-doing,0.000,0.005,1.000,0.011,0.304,0.058
trapped,0.000,0.052,1.000,0.104,0.032,0.058
something's,0.000,0.068,1.000,0.136,0.024,0.058
breaking,0.000,0.052,1.000,0.104,0.032,0.058
trajectory,0.000,0.022,1.000,0.044,0.076,0.058
initial,0.000,0.060,1.000,0.120,0.028,0.058
beach,0.000,0.038,1.000,0.076,0.043,0.058
emotionally,0.000,0.046,1.000,0.093,0.036,0.058
fearful,0.000,0.041,1.000,0.082,0.041,0.058
swim,0.000,0.033,1.000,0.065,0.051,0.058
thrill,0.000,0.038,1.000,0.076,0.043,0.058
attempt,0.000,0.063,1.000,0.125,0.026,0.058
older,0.000,0.065,1.000,0.131,0.025,0.058
origin,0.000,0.060,1.000,0.120,0.028,0.058
agree,0.000,0.076,1.000,0.153,0.022,0.057
kingdom,0.000,0.030,1.000,0.060,0.055,0.057
casually,0.000,0.033,1.000,0.065,0.051,0.057
ethically,0.000,0.052,1.000,0.104,0.032,0.057
stressed,0.000,0.038,1.000,0.076,0.043,0.057
ideal,0.000,0.049,1.000,0.098,0.034,0.057
struggling,0.000,0.065,1.000,0.131,0.025,0.057
pretend,0.000,0.049,1.000,0.098,0.034,0.057
adult,0.000,0.060,1.000,0.120,0.028,0.057
richer,0.000,0.038,1.000,0.076,0.043,0.057
miss,0.000,0.063,1.000,0.125,0.026,0.057
minor,0.000,0.052,1.000,0.104,0.032,0.057
liberated,0.000,0.057,1.000,0.114,0.029,0.057
laugh,0.000,0.025,1.000,0.049,0.067,0.057
abdomen,0.000,0.025,1.000,0.049,0.067,0.057
unease,0.000,0.022,1.000,0.044,0.076,0.057
dish,0.000,0.049,1.000,0.098,0.034,0.057
ignore,0.000,0.079,1.000,0.158,0.021,0.057
he'd,0.000,0.044,1.000,0.087,0.038,0.057
affected,0.000,0.049,1.000,0.098,0.033,0.057
fluidity,0.000,0.027,1.000,0.054,0.060,0.057
resonance,0.000,0.041,1.000,0.082,0.040,0.057
zero,0.000,0.038,1.000,0.076,0.043,0.057
circling,0.000,0.014,1.000,0.027,0.120,0.057
quick,0.000,0.084,1.000,0.169,0.019,0.057
initially,0.000,0.063,1.000,0.125,0.026,0.057
beautifully,0.000,0.038,1.000,0.076,0.043,0.057
fork,0.000,0.022,1.000,0.044,0.075,0.057
freer,0.000,0.035,1.000,0.071,0.046,0.057
ship,0.000,0.014,1.000,0.027,0.120,0.057
dime,0.000,0.014,1.000,0.027,0.120,0.057
widespread,0.000,0.005,1.000,0.011,0.300,0.057
expressing,0.000,0.049,1.000,0.098,0.033,0.057
wellspring,0.000,0.035,1.000,0.071,0.046,0.057
understands,0.000,0.035,1.000,0.071,0.046,0.057
wahtola,0.000,0.049,1.000,0.098,0.033,0.057
vulnerability,0.000,0.035,1.000,0.071,0.046,0.057
rose,0.000,0.030,1.000,0.060,0.054,0.057
rerun,0.000,0.033,1.000,0.065,0.050,0.057
thus,0.000,0.060,1.000,0.120,0.027,0.057
slower,0.000,0.057,1.000,0.114,0.028,0.057
nurturing,0.000,0.038,1.000,0.076,0.043,0.057
throat,0.000,0.054,1.000,0.109,0.030,0.057
unhappiness,0.000,0.035,1.000,0.071,0.046,0.057
therapist,0.000,0.046,1.000,0.093,0.035,0.057
dedicated,0.000,0.071,1.000,0.142,0.023,0.057
straight,0.000,0.071,1.000,0.142,0.023,0.057
interact,0.000,0.057,1.000,0.114,0.028,0.057
broader,0.000,0.052,1.000,0.104,0.031,0.057
denying,0.000,0.044,1.000,0.087,0.037,0.057
richness,0.000,0.038,1.000,0.076,0.043,0.057
contracting,0.000,0.030,1.000,0.060,0.054,0.057
revelation,0.000,0.025,1.000,0.049,0.066,0.057
elsewhere,0.000,0.068,1.000,0.136,0.024,0.057
extend,0.000,0.063,1.000,0.125,0.026,0.057
absolute,0.000,0.063,1.000,0.125,0.026,0.057
comforting,0.000,0.041,1.000,0.082,0.040,0.057
that'll,0.000,0.068,1.000,0.136,0.024,0.057
blood,0.000,0.049,1.000,0.098,0.033,0.057
sword,0.000,0.022,1.000,0.044,0.074,0.057
purity,0.000,0.033,1.000,0.065,0.049,0.057
nearly,0.000,0.035,1.000,0.071,0.046,0.057
precise,0.000,0.035,1.000,0.071,0.046,0.057
ceremony,0.000,0.035,1.000,0.071,0.046,0.057
cooky,0.000,0.016,1.000,0.033,0.099,0.057
plowing,0.000,0.014,1.000,0.027,0.118,0.057
cared,0.000,0.046,1.000,0.093,0.035,0.057
stayed,0.000,0.054,1.000,0.109,0.030,0.057
council,0.000,0.008,1.000,0.016,0.197,0.057
easiest,0.000,0.057,1.000,0.114,0.028,0.057
tangle,0.000,0.019,1.000,0.038,0.084,0.057
pausing,0.000,0.027,1.000,0.054,0.059,0.057
vicara,0.000,0.019,1.000,0.038,0.084,0.057
jarring,0.000,0.016,1.000,0.033,0.098,0.057
email,0.000,0.057,1.000,0.114,0.028,0.057
wearing,0.000,0.049,1.000,0.098,0.033,0.057
stake,0.000,0.016,1.000,0.033,0.098,0.057
hawk,0.000,0.014,1.000,0.027,0.118,0.057
softened,0.000,0.030,1.000,0.060,0.053,0.057
hum,0.000,0.035,1.000,0.071,0.045,0.057
joyful,0.000,0.049,1.000,0.098,0.033,0.057
cure,0.000,0.027,1.000,0.054,0.059,0.057
hair,0.000,0.046,1.000,0.093,0.035,0.057
armor,0.000,0.011,1.000,0.022,0.147,0.057
cookie,0.000,0.016,1.000,0.033,0.098,0.057
overwhelming,0.000,0.044,1.000,0.087,0.037,0.057
caused,0.000,0.063,1.000,0.125,0.026,0.057
bond,0.000,0.033,1.000,0.065,0.049,0.057
hook,0.000,0.027,1.000,0.054,0.059,0.057
ordinarily,0.000,0.038,1.000,0.076,0.042,0.056
defining,0.000,0.057,1.000,0.114,0.028,0.056
vibration,0.000,0.049,1.000,0.098,0.032,0.056
straatmann,0.000,0.030,1.000,0.060,0.053,0.056
kalyanamittata,0.000,0.008,1.000,0.016,0.195,0.056
figuring,0.000,0.046,1.000,0.093,0.034,0.056
salt,0.000,0.033,1.000,0.065,0.049,0.056
today,0.002,0.757,0.998,0.485,0.007,0.056
currently,0.000,0.038,1.000,0.076,0.042,0.056
raised,0.000,0.071,1.000,0.142,0.022,0.056
produce,0.000,0.052,1.000,0.104,0.031,0.056
collecting,0.000,0.025,1.000,0.049,0.065,0.056
jack,0.000,0.035,1.000,0.071,0.045,0.056
snake,0.000,0.014,1.000,0.027,0.116,0.056
fame,0.000,0.025,1.000,0.049,0.065,0.056
harsh,0.000,0.060,1.000,0.120,0.026,0.056
spoken,0.000,0.054,1.000,0.109,0.029,0.056
company,0.000,0.046,1.000,0.093,0.034,0.056
arrived,0.000,0.068,1.000,0.136,0.023,0.056
occasionally,0.000,0.054,1.000,0.109,0.029,0.056
reminded,0.000,0.060,1.000,0.120,0.026,0.056
obviously,0.000,0.071,1.000,0.142,0.022,0.056
discussing,0.000,0.041,1.000,0.082,0.039,0.056
temperature,0.000,0.057,1.000,0.114,0.028,0.056
shining,0.000,0.033,1.000,0.065,0.048,0.056
shifted,0.000,0.063,1.000,0.125,0.025,0.056
radio,0.000,0.027,1.000,0.054,0.058,0.056
cpe,0.000,0.014,1.000,0.027,0.116,0.056
fortunate,0.000,0.046,1.000,0.093,0.034,0.056
ayya,0.000,0.011,1.000,0.022,0.144,0.056
flame,0.000,0.019,1.000,0.038,0.082,0.056
attracted,0.000,0.035,1.000,0.071,0.044,0.056
struck,0.000,0.063,1.000,0.125,0.025,0.056
bait,0.000,0.011,1.000,0.022,0.144,0.056
preparing,0.000,0.046,1.000,0.093,0.034,0.056
reasonable,0.000,0.060,1.000,0.120,0.026,0.056
card,0.000,0.025,1.000,0.049,0.064,0.056
unfortunate,0.000,0.052,1.000,0.104,0.030,0.056
purifying,0.000,0.027,1.000,0.054,0.058,0.056
relative,0.000,0.057,1.000,0.114,0.027,0.056
balloon,0.000,0.019,1.000,0.038,0.082,0.056
cultivates,0.000,0.030,1.000,0.060,0.052,0.056
minister,0.000,0.022,1.000,0.044,0.072,0.056
austerity,0.000,0.016,1.000,0.033,0.096,0.056
troubled,0.000,0.049,1.000,0.098,0.032,0.056
poor,0.000,0.060,1.000,0.120,0.026,0.056
refreshed,0.000,0.027,1.000,0.054,0.057,0.056
slope,0.000,0.014,1.000,0.027,0.115,0.056
become,0.002,0.768,0.998,0.463,0.007,0.056
wrapped,0.000,0.046,1.000,0.093,0.034,0.056
resolution,0.000,0.044,1.000,0.087,0.036,0.056
broke,0.000,0.041,1.000,0.082,0.038,0.056
upekkha,0.000,0.030,1.000,0.060,0.052,0.056
repeatedly,0.000,0.052,1.000,0.104,0.030,0.056
experiential,0.000,0.054,1.000,0.109,0.029,0.056
surprise,0.000,0.057,1.000,0.114,0.027,0.056
faster,0.000,0.041,1.000,0.082,0.038,0.056
contribution,0.000,0.041,1.000,0.082,0.038,0.056
crisis,0.000,0.035,1.000,0.071,0.044,0.056
fixated,0.000,0.027,1.000,0.054,0.057,0.056
primarily,0.000,0.068,1.000,0.136,0.023,0.056
greek,0.000,0.025,1.000,0.049,0.063,0.056
fulfillment,0.000,0.033,1.000,0.065,0.048,0.056
hoping,0.000,0.063,1.000,0.125,0.025,0.056
bread,0.000,0.016,1.000,0.033,0.095,0.056
follower,0.000,0.025,1.000,0.049,0.063,0.056
web,0.000,0.038,1.000,0.076,0.041,0.056
compared,0.000,0.052,1.000,0.104,0.030,0.056
recognizes,0.000,0.049,1.000,0.098,0.032,0.056
suggestion,0.000,0.052,1.000,0.104,0.030,0.056
torpor,0.000,0.030,1.000,0.060,0.052,0.056
risk,0.000,0.054,1.000,0.109,0.028,0.056
agent,0.000,0.030,1.000,0.060,0.052,0.056
bunny,0.000,0.003,1.000,0.005,0.567,0.056
awful,0.000,0.052,1.000,0.104,0.030,0.056
wandered,0.000,0.030,1.000,0.060,0.052,0.056
jim,0.000,0.030,1.000,0.060,0.052,0.056
honoring,0.000,0.041,1.000,0.082,0.038,0.056
washing,0.000,0.038,1.000,0.076,0.040,0.056
generation,0.000,0.049,1.000,0.098,0.031,0.056
therefore,0.000,0.068,1.000,0.136,0.023,0.056
sent,0.000,0.060,1.000,0.120,0.026,0.056
implicit,0.000,0.052,1.000,0.104,0.030,0.055
incredible,0.000,0.054,1.000,0.109,0.028,0.055
jhanic,0.000,0.027,1.000,0.054,0.056,0.055
spatial,0.000,0.025,1.000,0.049,0.063,0.055
designed,0.000,0.054,1.000,0.109,0.028,0.055
embrace,0.000,0.038,1.000,0.076,0.040,0.055
stickiness,0.000,0.022,1.000,0.044,0.070,0.055
lightest,0.000,0.027,1.000,0.054,0.056,0.055
recall,0.000,0.038,1.000,0.076,0.040,0.055
lovable,0.000,0.019,1.000,0.038,0.080,0.055
author,0.000,0.027,1.000,0.054,0.056,0.055
particularity,0.000,0.019,1.000,0.038,0.080,0.055
adjustment,0.000,0.046,1.000,0.093,0.033,0.055
bag,0.000,0.033,1.000,0.065,0.047,0.055
simultaneously,0.000,0.022,1.000,0.044,0.070,0.055
collapsing,0.000,0.035,1.000,0.071,0.043,0.055
preceded,0.000,0.019,1.000,0.038,0.080,0.055
frozen,0.000,0.025,1.000,0.049,0.062,0.055
ourself,0.000,0.044,1.000,0.087,0.035,0.055
malunkyaputta,0.000,0.003,1.000,0.005,0.561,0.055
holistic,0.000,0.033,1.000,0.065,0.047,0.055
urgency,0.000,0.033,1.000,0.065,0.047,0.055
battle,0.000,0.030,1.000,0.060,0.051,0.055
sliding,0.000,0.035,1.000,0.071,0.043,0.055
bodhi,0.000,0.054,1.000,0.109,0.028,0.055
controlling,0.000,0.025,1.000,0.049,0.062,0.055
implication,0.000,0.038,1.000,0.076,0.040,0.055
reveals,0.000,0.033,1.000,0.065,0.047,0.055
restful,0.000,0.033,1.000,0.065,0.047,0.055
skull,0.000,0.025,1.000,0.049,0.062,0.055
section,0.000,0.049,1.000,0.098,0.031,0.055
hasn't,0.000,0.052,1.000,0.104,0.029,0.055
relation,0.000,0.046,1.000,0.093,0.033,0.055
phenomenally,0.000,0.049,1.000,0.098,0.031,0.055
trapper,0.000,0.003,1.000,0.005,0.556,0.055
mirghafori,0.000,0.033,1.000,0.065,0.046,0.055
private,0.000,0.027,1.000,0.054,0.056,0.055
reborn,0.000,0.044,1.000,0.087,0.035,0.055
property,0.000,0.025,1.000,0.049,0.062,0.055
flying,0.000,0.052,1.000,0.104,0.029,0.055
handle,0.000,0.041,1.000,0.082,0.037,0.055
rolling,0.000,0.035,1.000,0.071,0.043,0.055
feature,0.000,0.027,1.000,0.054,0.055,0.055
radiance,0.000,0.046,1.000,0.093,0.033,0.055
duty,0.000,0.049,1.000,0.098,0.031,0.055
investigating,0.000,0.022,1.000,0.044,0.069,0.055
trial,0.000,0.011,1.000,0.022,0.138,0.055
roll,0.000,0.044,1.000,0.087,0.035,0.055
total,0.000,0.049,1.000,0.098,0.031,0.055
softens,0.000,0.038,1.000,0.076,0.039,0.055
impression,0.000,0.054,1.000,0.109,0.028,0.055
extremely,0.000,0.049,1.000,0.098,0.031,0.055
palm,0.000,0.033,1.000,0.065,0.046,0.055
match,0.000,0.052,1.000,0.104,0.029,0.055
socket,0.000,0.044,1.000,0.087,0.034,0.055
reply,0.000,0.044,1.000,0.087,0.034,0.055
complaining,0.000,0.038,1.000,0.076,0.039,0.055
sour,0.000,0.014,1.000,0.027,0.110,0.055
confident,0.000,0.044,1.000,0.087,0.034,0.055
without,0.002,0.787,0.998,0.425,0.007,0.055
caregiving,0.000,0.016,1.000,0.033,0.092,0.055
interfere,0.000,0.038,1.000,0.076,0.039,0.055
irc,0.000,0.038,1.000,0.076,0.039,0.055
tranquil,0.000,0.033,1.000,0.065,0.046,0.055
shower,0.000,0.033,1.000,0.065,0.046,0.055
apple,0.000,0.022,1.000,0.044,0.069,0.055
rational,0.000,0.035,1.000,0.071,0.042,0.055
mutual,0.000,0.027,1.000,0.054,0.055,0.055
self-story,0.000,0.016,1.000,0.033,0.091,0.055
younger,0.000,0.052,1.000,0.104,0.029,0.055
reaching,0.000,0.044,1.000,0.087,0.034,0.055
blink,0.000,0.014,1.000,0.027,0.109,0.055
maturation,0.000,0.025,1.000,0.049,0.061,0.055
nostril,0.000,0.038,1.000,0.076,0.039,0.055
occasion,0.000,0.063,1.000,0.125,0.024,0.055
coordinated,0.000,0.025,1.000,0.049,0.061,0.055
ultimately,0.000,0.044,1.000,0.087,0.034,0.055
intimately,0.000,0.049,1.000,0.098,0.030,0.055
payasi,0.000,0.005,1.000,0.011,0.272,0.054
conventional,0.000,0.030,1.000,0.060,0.050,0.054
box,0.000,0.044,1.000,0.087,0.034,0.054
periphery,0.000,0.038,1.000,0.076,0.039,0.054
comparison,0.000,0.035,1.000,0.071,0.042,0.054
illness,0.000,0.063,1.000,0.125,0.024,0.054
determination,0.000,0.038,1.000,0.076,0.039,0.054
jacket,0.000,0.016,1.000,0.033,0.091,0.054
lighter,0.000,0.038,1.000,0.076,0.039,0.054
drifting,0.000,0.030,1.000,0.060,0.049,0.054
waft,0.000,0.011,1.000,0.022,0.136,0.054
suppose,0.000,0.049,1.000,0.098,0.030,0.054
planet,0.000,0.052,1.000,0.104,0.029,0.054
discus,0.000,0.060,1.000,0.120,0.025,0.054
boundless,0.000,0.025,1.000,0.049,0.060,0.054
daughter,0.000,0.041,1.000,0.082,0.036,0.054
astonished,0.000,0.008,1.000,0.016,0.180,0.054
sorry,0.000,0.063,1.000,0.125,0.024,0.054
leap,0.000,0.027,1.000,0.054,0.054,0.054
liking,0.000,0.038,1.000,0.076,0.039,0.054
aggregate,0.000,0.019,1.000,0.038,0.077,0.054
sweetheart,0.000,0.025,1.000,0.049,0.060,0.054
circuit,0.000,0.016,1.000,0.033,0.090,0.054
overwhelmed,0.000,0.054,1.000,0.109,0.027,0.054
bound,0.000,0.052,1.000,0.104,0.028,0.054
attraction,0.000,0.005,1.000,0.011,0.270,0.054
gold,0.000,0.027,1.000,0.054,0.054,0.054
depend,0.000,0.044,1.000,0.087,0.034,0.054
del,0.000,0.005,1.000,0.011,0.269,0.054
rio,0.000,0.005,1.000,0.011,0.269,0.054
overcoat,0.000,0.005,1.000,0.011,0.269,0.054
what-ifs,0.000,0.005,1.000,0.011,0.269,0.054
compelling,0.000,0.044,1.000,0.087,0.034,0.054
ananda,0.000,0.025,1.000,0.049,0.060,0.054
graduated,0.000,0.016,1.000,0.033,0.090,0.054
kayaker,0.000,0.003,1.000,0.005,0.538,0.054
architecture,0.000,0.025,1.000,0.049,0.060,0.054
peak,0.000,0.030,1.000,0.060,0.049,0.054
ox,0.000,0.022,1.000,0.044,0.067,0.054
insubstantial,0.000,0.030,1.000,0.060,0.049,0.054
evocative,0.000,0.044,1.000,0.087,0.034,0.054
elegant,0.000,0.011,1.000,0.022,0.134,0.054
antidote,0.000,0.033,1.000,0.065,0.045,0.054
rendered,0.000,0.022,1.000,0.044,0.067,0.054
john,0.000,0.027,1.000,0.054,0.054,0.054
baggage,0.000,0.025,1.000,0.049,0.060,0.054
she'd,0.000,0.027,1.000,0.054,0.054,0.054
whatsoever,0.000,0.044,1.000,0.087,0.033,0.054
hiking,0.000,0.038,1.000,0.076,0.038,0.054
billy,0.000,0.005,1.000,0.011,0.268,0.054
unmet,0.000,0.014,1.000,0.027,0.107,0.054
weave,0.000,0.035,1.000,0.071,0.041,0.054
extent,0.000,0.054,1.000,0.109,0.027,0.054
problematic,0.000,0.052,1.000,0.104,0.028,0.054
indeed,0.000,0.041,1.000,0.082,0.036,0.054
magnet,0.000,0.022,1.000,0.044,0.067,0.054
psychologist,0.000,0.044,1.000,0.087,0.033,0.054
thich,0.000,0.033,1.000,0.065,0.045,0.054
nhat,0.000,0.033,1.000,0.065,0.045,0.054
hanh,0.000,0.033,1.000,0.065,0.045,0.054
tale,0.000,0.035,1.000,0.071,0.041,0.054
stanford,0.000,0.005,1.000,0.011,0.267,0.054
explicitly,0.000,0.046,1.000,0.093,0.031,0.054
potluck,0.000,0.025,1.000,0.049,0.059,0.054
sooner,0.000,0.057,1.000,0.114,0.025,0.054
stone,0.000,0.041,1.000,0.082,0.036,0.054
favor,0.000,0.060,1.000,0.120,0.024,0.054
equivalent,0.000,0.041,1.000,0.082,0.035,0.054
sunday,0.000,0.057,1.000,0.114,0.025,0.054
ache,0.000,0.038,1.000,0.076,0.038,0.054
computer,0.000,0.046,1.000,0.093,0.031,0.054
church,0.000,0.030,1.000,0.060,0.048,0.054
surprising,0.000,0.057,1.000,0.114,0.025,0.054
christmas,0.000,0.025,1.000,0.049,0.059,0.054
struggle,0.000,0.060,1.000,0.120,0.024,0.054
unethical,0.000,0.035,1.000,0.071,0.041,0.054
contemplate,0.000,0.033,1.000,0.065,0.044,0.054
season,0.000,0.060,1.000,0.120,0.024,0.054
lamp,0.000,0.016,1.000,0.033,0.088,0.054
singing,0.000,0.044,1.000,0.087,0.033,0.054
dominant,0.000,0.030,1.000,0.060,0.048,0.054
pen,0.000,0.027,1.000,0.054,0.053,0.054
backrest,0.000,0.019,1.000,0.038,0.076,0.054
refined,0.000,0.033,1.000,0.065,0.044,0.054
permission,0.000,0.038,1.000,0.076,0.038,0.054
hospice,0.000,0.027,1.000,0.054,0.053,0.054
contemporary,0.000,0.035,1.000,0.071,0.041,0.054
paramis,0.000,0.041,1.000,0.082,0.035,0.054
press,0.000,0.019,1.000,0.038,0.076,0.054
medhanandi,0.000,0.003,1.000,0.005,0.528,0.054
beating,0.000,0.022,1.000,0.044,0.066,0.054
frenzy,0.000,0.005,1.000,0.011,0.264,0.054
familiarity,0.000,0.044,1.000,0.087,0.033,0.054
massaging,0.000,0.035,1.000,0.071,0.041,0.054
therapy,0.000,0.033,1.000,0.065,0.044,0.054
suggested,0.000,0.049,1.000,0.098,0.029,0.054
integrate,0.000,0.041,1.000,0.082,0.035,0.054
string,0.000,0.041,1.000,0.082,0.035,0.054
partially,0.000,0.033,1.000,0.065,0.044,0.054
divide,0.000,0.044,1.000,0.087,0.033,0.054
away,0.002,0.785,0.998,0.431,0.007,0.054
victim,0.000,0.035,1.000,0.071,0.040,0.054
banner,0.000,0.033,1.000,0.065,0.044,0.054
genuine,0.000,0.035,1.000,0.071,0.040,0.053
nisargadatta,0.000,0.011,1.000,0.022,0.131,0.053
easing,0.000,0.027,1.000,0.054,0.052,0.053
demanding,0.000,0.044,1.000,0.087,0.033,0.053
blow,0.000,0.041,1.000,0.082,0.035,0.053
one-pointedness,0.000,0.022,1.000,0.044,0.066,0.053
childhood,0.000,0.038,1.000,0.076,0.037,0.053
forefront,0.000,0.044,1.000,0.087,0.033,0.053
develops,0.000,0.049,1.000,0.098,0.029,0.053
self-criticism,0.000,0.030,1.000,0.060,0.048,0.053
disconnect,0.000,0.038,1.000,0.076,0.037,0.053
mark,0.000,0.046,1.000,0.093,0.031,0.053
thailand,0.000,0.041,1.000,0.082,0.035,0.053
blank,0.000,0.033,1.000,0.065,0.043,0.053
classically,0.000,0.052,1.000,0.104,0.027,0.053
likewise,0.000,0.046,1.000,0.093,0.031,0.053
dramatically,0.000,0.041,1.000,0.082,0.035,0.053
crazy,0.000,0.063,1.000,0.125,0.023,0.053
cleaning,0.000,0.049,1.000,0.098,0.029,0.053
planting,0.000,0.035,1.000,0.071,0.040,0.053
pacific,0.000,0.025,1.000,0.049,0.058,0.053
day,0.002,0.790,0.998,0.420,0.007,0.053
rebecca,0.000,0.008,1.000,0.016,0.172,0.053
pray,0.000,0.025,1.000,0.049,0.057,0.053
compulsivity,0.000,0.019,1.000,0.038,0.074,0.053
prefix,0.000,0.014,1.000,0.027,0.103,0.053
local,0.000,0.038,1.000,0.076,0.037,0.053
christian,0.000,0.044,1.000,0.087,0.032,0.053
opaque,0.000,0.011,1.000,0.022,0.129,0.053
explicit,0.000,0.035,1.000,0.071,0.040,0.053
cost,0.000,0.033,1.000,0.065,0.043,0.053
shadow,0.000,0.041,1.000,0.082,0.034,0.053
clinical,0.000,0.022,1.000,0.044,0.064,0.053
rushing,0.000,0.038,1.000,0.076,0.037,0.053
continually,0.000,0.030,1.000,0.060,0.047,0.053
distant,0.000,0.030,1.000,0.060,0.047,0.053
reached,0.000,0.049,1.000,0.098,0.029,0.053
rahula,0.000,0.022,1.000,0.044,0.064,0.053
filling,0.000,0.041,1.000,0.082,0.034,0.053
introducing,0.000,0.035,1.000,0.071,0.040,0.053
sabbe,0.000,0.003,1.000,0.005,0.514,0.053
satta,0.000,0.003,1.000,0.005,0.514,0.053
guiding,0.000,0.046,1.000,0.093,0.030,0.053
collins,0.000,0.008,1.000,0.016,0.171,0.053
concord,0.000,0.014,1.000,0.027,0.103,0.053
lifting,0.000,0.046,1.000,0.093,0.030,0.053
inform,0.000,0.038,1.000,0.076,0.037,0.053
oak,0.000,0.014,1.000,0.027,0.102,0.053
yoni,0.000,0.011,1.000,0.022,0.128,0.053
rope,0.000,0.025,1.000,0.049,0.057,0.053
immeasurable,0.000,0.014,1.000,0.027,0.102,0.053
impossible,0.000,0.046,1.000,0.093,0.030,0.053
sensibility,0.000,0.033,1.000,0.065,0.043,0.053
literature,0.000,0.041,1.000,0.082,0.034,0.053
spit,0.000,0.011,1.000,0.022,0.128,0.053
stale,0.000,0.011,1.000,0.022,0.128,0.053
enduring,0.000,0.016,1.000,0.033,0.085,0.053
shy,0.000,0.046,1.000,0.093,0.030,0.053
repetitive,0.000,0.014,1.000,0.027,0.102,0.053
dissatisfaction,0.000,0.038,1.000,0.076,0.036,0.053
accomplish,0.000,0.044,1.000,0.087,0.032,0.053
jewel,0.000,0.027,1.000,0.054,0.051,0.053
contributing,0.000,0.033,1.000,0.065,0.042,0.053
dismissive,0.000,0.041,1.000,0.082,0.034,0.053
ups,0.000,0.046,1.000,0.093,0.030,0.053
flag,0.000,0.016,1.000,0.033,0.085,0.053
daylong,0.000,0.025,1.000,0.049,0.056,0.053
fulfilling,0.000,0.016,1.000,0.033,0.085,0.053
sunlight,0.000,0.041,1.000,0.082,0.034,0.053
wondering,0.000,0.082,1.000,0.163,0.017,0.053
nihilism,0.000,0.014,1.000,0.027,0.101,0.053
cruelty,0.000,0.035,1.000,0.071,0.039,0.053
finished,0.000,0.057,1.000,0.114,0.024,0.053
disappointed,0.000,0.035,1.000,0.071,0.039,0.053
receives,0.000,0.033,1.000,0.065,0.042,0.052
woven,0.000,0.011,1.000,0.022,0.126,0.052
translator,0.000,0.054,1.000,0.109,0.025,0.052
speed,0.000,0.052,1.000,0.104,0.027,0.052
passage,0.000,0.033,1.000,0.065,0.042,0.052
referring,0.000,0.054,1.000,0.109,0.025,0.052
tough,0.000,0.041,1.000,0.082,0.034,0.052
addressed,0.000,0.052,1.000,0.104,0.027,0.052
hemp,0.000,0.003,1.000,0.005,0.504,0.052
satisfied,0.000,0.044,1.000,0.087,0.031,0.052
disease,0.000,0.033,1.000,0.065,0.042,0.052
dinner,0.000,0.057,1.000,0.114,0.024,0.052
shaped,0.000,0.044,1.000,0.087,0.031,0.052
remaining,0.000,0.030,1.000,0.060,0.046,0.052
pole,0.000,0.019,1.000,0.038,0.072,0.052
treating,0.000,0.041,1.000,0.082,0.034,0.052
dread,0.000,0.025,1.000,0.049,0.056,0.052
palace,0.000,0.025,1.000,0.049,0.056,0.052
covering,0.000,0.041,1.000,0.082,0.034,0.052
externally,0.000,0.038,1.000,0.076,0.036,0.052
inhabit,0.000,0.030,1.000,0.060,0.046,0.052
dispute,0.000,0.016,1.000,0.033,0.084,0.052
odor,0.000,0.008,1.000,0.016,0.168,0.052
dirt,0.000,0.022,1.000,0.044,0.063,0.052
grocery,0.000,0.041,1.000,0.082,0.034,0.052
potent,0.000,0.016,1.000,0.033,0.084,0.052
fading,0.000,0.035,1.000,0.071,0.039,0.052
horrible,0.000,0.049,1.000,0.098,0.028,0.052
alarm,0.000,0.027,1.000,0.054,0.050,0.052
engineer,0.000,0.030,1.000,0.060,0.046,0.052
researcher,0.000,0.016,1.000,0.033,0.084,0.052
cover,0.000,0.063,1.000,0.125,0.022,0.052
brasington,0.000,0.019,1.000,0.038,0.072,0.052
gil's,0.000,0.038,1.000,0.076,0.036,0.052
grove,0.000,0.027,1.000,0.054,0.050,0.052
laypeople,0.000,0.027,1.000,0.054,0.050,0.052
overly,0.000,0.035,1.000,0.071,0.039,0.052
openly,0.000,0.041,1.000,0.082,0.033,0.052
priest,0.000,0.019,1.000,0.038,0.071,0.052
hose,0.000,0.008,1.000,0.016,0.167,0.052
secret,0.000,0.038,1.000,0.076,0.036,0.052
somatic,0.000,0.022,1.000,0.044,0.062,0.052
round,0.000,0.052,1.000,0.104,0.026,0.052
deva,0.000,0.025,1.000,0.049,0.056,0.052
implies,0.000,0.044,1.000,0.087,0.031,0.052
density,0.000,0.019,1.000,0.038,0.071,0.052
habitual,0.000,0.049,1.000,0.098,0.028,0.052
fragrance,0.000,0.008,1.000,0.016,0.166,0.052
neighborhood,0.000,0.052,1.000,0.104,0.026,0.052
sister,0.000,0.033,1.000,0.065,0.042,0.052
soccer,0.000,0.005,1.000,0.011,0.249,0.052
courageous,0.000,0.019,1.000,0.038,0.071,0.052
mentally,0.000,0.041,1.000,0.082,0.033,0.052
pyramid,0.000,0.008,1.000,0.016,0.166,0.052
kalyana,0.000,0.019,1.000,0.038,0.071,0.052
imperfection,0.000,0.025,1.000,0.049,0.055,0.052
tricky,0.000,0.038,1.000,0.076,0.036,0.052
hiding,0.000,0.030,1.000,0.060,0.045,0.052
thomas,0.000,0.025,1.000,0.049,0.055,0.052
addiction,0.000,0.041,1.000,0.082,0.033,0.052
i-am-ness,0.000,0.022,1.000,0.044,0.062,0.052
predict,0.000,0.025,1.000,0.049,0.055,0.052
donation,0.000,0.041,1.000,0.082,0.033,0.052
sank,0.000,0.019,1.000,0.038,0.071,0.052
batchelor,0.000,0.011,1.000,0.022,0.124,0.052
accompanied,0.000,0.041,1.000,0.082,0.033,0.052
harmed,0.000,0.035,1.000,0.071,0.038,0.052
shinzen,0.000,0.019,1.000,0.038,0.071,0.052
relinquishment,0.000,0.019,1.000,0.038,0.071,0.052
well,0.002,0.804,0.998,0.392,0.007,0.052
distorted,0.000,0.022,1.000,0.044,0.062,0.052
likened,0.000,0.022,1.000,0.044,0.062,0.052
creativity,0.000,0.038,1.000,0.076,0.035,0.052
inspires,0.000,0.049,1.000,0.098,0.027,0.052
nicely,0.000,0.041,1.000,0.082,0.033,0.052
unnecessarily,0.000,0.038,1.000,0.076,0.035,0.052
bark,0.000,0.014,1.000,0.027,0.099,0.052
imaginary,0.000,0.035,1.000,0.071,0.038,0.052
attunement,0.000,0.033,1.000,0.065,0.041,0.052
miserable,0.000,0.022,1.000,0.044,0.062,0.052
canoe,0.000,0.016,1.000,0.033,0.082,0.052
dubious,0.000,0.005,1.000,0.011,0.246,0.052
whoever,0.000,0.049,1.000,0.098,0.027,0.052
disagreeable,0.000,0.014,1.000,0.027,0.098,0.052
pop,0.000,0.038,1.000,0.076,0.035,0.052
deepen,0.000,0.035,1.000,0.071,0.038,0.052
sticky,0.000,0.033,1.000,0.065,0.041,0.052
billion,0.000,0.027,1.000,0.054,0.049,0.052
golf,0.000,0.008,1.000,0.016,0.164,0.052
distort,0.000,0.011,1.000,0.022,0.123,0.052
2of5,0.000,0.014,1.000,0.027,0.098,0.052
enjoyed,0.000,0.041,1.000,0.082,0.033,0.052
deserve,0.000,0.041,1.000,0.082,0.033,0.052
sitting,0.001,0.779,0.999,0.441,0.006,0.052
rob,0.000,0.041,1.000,0.082,0.033,0.052
scared,0.000,0.030,1.000,0.060,0.045,0.052
saturates,0.000,0.027,1.000,0.054,0.049,0.052
intuition,0.000,0.049,1.000,0.098,0.027,0.052
identifying,0.000,0.033,1.000,0.065,0.041,0.052
misconduct,0.000,0.022,1.000,0.044,0.061,0.052
kassapa,0.000,0.005,1.000,0.011,0.245,0.052
studied,0.000,0.049,1.000,0.098,0.027,0.052
compulsive,0.000,0.027,1.000,0.054,0.049,0.052
substitute,0.000,0.041,1.000,0.082,0.033,0.052
disorientation,0.000,0.014,1.000,0.027,0.098,0.052
mythic,0.000,0.030,1.000,0.060,0.044,0.052
expanse,0.000,0.011,1.000,0.022,0.122,0.052
whirlpool,0.000,0.019,1.000,0.038,0.070,0.052
brittle,0.000,0.008,1.000,0.016,0.163,0.052
plus,0.000,0.030,1.000,0.060,0.044,0.052
happier,0.000,0.046,1.000,0.093,0.029,0.052
jumping,0.000,0.046,1.000,0.093,0.029,0.052
disappointment,0.000,0.038,1.000,0.076,0.035,0.052
represented,0.000,0.044,1.000,0.087,0.030,0.052
viveka,0.000,0.003,1.000,0.005,0.487,0.052
structure,0.000,0.054,1.000,0.109,0.024,0.051
consolation,0.000,0.019,1.000,0.038,0.069,0.051
la,0.000,0.022,1.000,0.044,0.061,0.051
remembered,0.000,0.030,1.000,0.060,0.044,0.051
crow,0.000,0.014,1.000,0.027,0.097,0.051
homecoming,0.000,0.025,1.000,0.049,0.054,0.051
beat,0.000,0.035,1.000,0.071,0.037,0.051
spotlight,0.000,0.011,1.000,0.022,0.121,0.051
concentrating,0.000,0.035,1.000,0.071,0.037,0.051
chose,0.000,0.052,1.000,0.104,0.026,0.051
fisted,0.000,0.014,1.000,0.027,0.097,0.051
greedy,0.000,0.041,1.000,0.082,0.032,0.051
business,0.000,0.049,1.000,0.098,0.027,0.051
shopping,0.000,0.038,1.000,0.076,0.035,0.051
obligation,0.000,0.030,1.000,0.060,0.044,0.051
dandapani,0.000,0.003,1.000,0.005,0.484,0.051
trauma,0.000,0.035,1.000,0.071,0.037,0.051
china,0.000,0.025,1.000,0.049,0.054,0.051
radiates,0.000,0.033,1.000,0.065,0.040,0.051
returned,0.000,0.046,1.000,0.093,0.028,0.051
signal,0.000,0.041,1.000,0.082,0.032,0.051
tap,0.000,0.057,1.000,0.114,0.023,0.051
reliable,0.000,0.054,1.000,0.109,0.024,0.051
forgetting,0.000,0.041,1.000,0.082,0.032,0.051
place,0.003,0.831,0.997,0.338,0.008,0.051
slip,0.000,0.041,1.000,0.082,0.032,0.051
division,0.000,0.030,1.000,0.060,0.044,0.051
giant,0.000,0.041,1.000,0.082,0.032,0.051
continuation,0.000,0.041,1.000,0.082,0.032,0.051
yogi,0.000,0.019,1.000,0.038,0.069,0.051
reminds,0.000,0.054,1.000,0.109,0.024,0.051
dip,0.000,0.038,1.000,0.076,0.034,0.051
medt'n,0.000,0.014,1.000,0.027,0.096,0.051
mindfully,0.000,0.041,1.000,0.082,0.032,0.051
garden,0.000,0.035,1.000,0.071,0.037,0.051
waste,0.000,0.033,1.000,0.065,0.040,0.051
alongside,0.000,0.027,1.000,0.054,0.048,0.051
andrea,0.000,0.019,1.000,0.038,0.069,0.051
integration,0.000,0.027,1.000,0.054,0.048,0.051
perform,0.000,0.035,1.000,0.071,0.037,0.051
earring,0.000,0.005,1.000,0.011,0.240,0.051
component,0.000,0.038,1.000,0.076,0.034,0.051
x,0.000,0.033,1.000,0.065,0.040,0.051
shoot,0.000,0.022,1.000,0.044,0.060,0.051
shake,0.000,0.035,1.000,0.071,0.037,0.051
uplifted,0.000,0.016,1.000,0.033,0.080,0.051
shade,0.000,0.044,1.000,0.087,0.030,0.051
energized,0.000,0.027,1.000,0.054,0.048,0.051
lama,0.000,0.038,1.000,0.076,0.034,0.051
ascetic,0.000,0.041,1.000,0.082,0.032,0.051
stir,0.000,0.025,1.000,0.049,0.053,0.051
bodhisattva,0.000,0.030,1.000,0.060,0.044,0.051
organization,0.000,0.046,1.000,0.093,0.028,0.051
professional,0.000,0.038,1.000,0.076,0.034,0.051
maintaining,0.000,0.041,1.000,0.082,0.032,0.051
mystery,0.000,0.030,1.000,0.060,0.043,0.051
manner,0.000,0.038,1.000,0.076,0.034,0.051
immersive,0.000,0.022,1.000,0.044,0.060,0.051
breakout,0.000,0.030,1.000,0.060,0.043,0.051
nurse,0.000,0.025,1.000,0.049,0.053,0.051
microphone,0.000,0.019,1.000,0.038,0.068,0.051
hologram,0.000,0.014,1.000,0.027,0.095,0.051
scope,0.000,0.035,1.000,0.071,0.037,0.051
career,0.000,0.054,1.000,0.109,0.024,0.051
false,0.000,0.035,1.000,0.071,0.037,0.051
emerges,0.000,0.027,1.000,0.054,0.048,0.051
forgot,0.000,0.027,1.000,0.054,0.048,0.051
providing,0.000,0.035,1.000,0.071,0.037,0.051
excuse,0.000,0.041,1.000,0.082,0.032,0.051
diminishes,0.000,0.027,1.000,0.054,0.047,0.051
inquiry,0.000,0.044,1.000,0.087,0.030,0.051
barbara,0.000,0.016,1.000,0.033,0.079,0.051
interacting,0.000,0.063,1.000,0.125,0.021,0.051
beneath,0.000,0.025,1.000,0.049,0.053,0.051
mara's,0.000,0.019,1.000,0.038,0.068,0.051
nerve,0.000,0.025,1.000,0.049,0.053,0.051
burma,0.000,0.046,1.000,0.093,0.028,0.051
newspaper,0.000,0.027,1.000,0.054,0.047,0.051
prestige,0.000,0.005,1.000,0.011,0.237,0.051
clarify,0.000,0.027,1.000,0.054,0.047,0.051
presented,0.000,0.046,1.000,0.093,0.028,0.051
station,0.000,0.014,1.000,0.027,0.095,0.051
reorientation,0.000,0.011,1.000,0.022,0.118,0.051
indirectly,0.000,0.038,1.000,0.076,0.034,0.051
deepens,0.000,0.030,1.000,0.060,0.043,0.051
exhausting,0.000,0.044,1.000,0.087,0.030,0.051
oddly,0.000,0.030,1.000,0.060,0.043,0.051
settleness,0.000,0.016,1.000,0.033,0.079,0.051
precisely,0.000,0.049,1.000,0.098,0.026,0.051
year's,0.000,0.025,1.000,0.049,0.052,0.051
input,0.000,0.027,1.000,0.054,0.047,0.051
tightened,0.000,0.019,1.000,0.038,0.067,0.051
quantum,0.000,0.030,1.000,0.060,0.043,0.051
cruz,0.000,0.038,1.000,0.076,0.034,0.051
black,0.000,0.038,1.000,0.076,0.034,0.051
lowest,0.000,0.030,1.000,0.060,0.043,0.051
uprightness,0.000,0.046,1.000,0.093,0.028,0.051
confusing,0.000,0.049,1.000,0.098,0.026,0.051
connects,0.000,0.054,1.000,0.109,0.024,0.051
ordained,0.000,0.033,1.000,0.065,0.039,0.051
visiting,0.000,0.035,1.000,0.071,0.036,0.051
assert,0.000,0.025,1.000,0.049,0.052,0.051
maturity,0.000,0.030,1.000,0.060,0.043,0.051
stem,0.000,0.025,1.000,0.049,0.052,0.051
cosmology,0.000,0.022,1.000,0.044,0.059,0.051
straightforward,0.000,0.044,1.000,0.087,0.029,0.051
stretching,0.000,0.035,1.000,0.071,0.036,0.051
worrying,0.000,0.044,1.000,0.087,0.029,0.051
unhurried,0.000,0.011,1.000,0.022,0.117,0.051
sometime,0.000,0.063,1.000,0.125,0.020,0.051
resonate,0.000,0.035,1.000,0.071,0.036,0.051
remark,0.000,0.033,1.000,0.065,0.039,0.051
freud,0.000,0.008,1.000,0.016,0.156,0.051
board,0.000,0.038,1.000,0.076,0.033,0.051
failing,0.000,0.035,1.000,0.071,0.036,0.051
persistence,0.000,0.025,1.000,0.049,0.052,0.050
worthwhile,0.000,0.044,1.000,0.087,0.029,0.050
measuring,0.000,0.033,1.000,0.065,0.039,0.050
pregnant,0.000,0.014,1.000,0.027,0.094,0.050
nectar,0.000,0.022,1.000,0.044,0.058,0.050
alms,0.000,0.041,1.000,0.082,0.031,0.050
south,0.000,0.049,1.000,0.098,0.026,0.050
post,0.000,0.041,1.000,0.082,0.031,0.050
sukhi,0.000,0.003,1.000,0.005,0.467,0.050
hontu,0.000,0.003,1.000,0.005,0.467,0.050
darkness,0.000,0.030,1.000,0.060,0.042,0.050
effortlessness,0.000,0.005,1.000,0.011,0.234,0.050
engineering,0.000,0.030,1.000,0.060,0.042,0.050
diminish,0.000,0.046,1.000,0.093,0.027,0.050
cart,0.000,0.019,1.000,0.038,0.067,0.050
achieve,0.000,0.038,1.000,0.076,0.033,0.050
owe,0.000,0.016,1.000,0.033,0.078,0.050
disconnection,0.000,0.033,1.000,0.065,0.039,0.050
unsustainable,0.000,0.008,1.000,0.016,0.155,0.050
soundscape,0.000,0.030,1.000,0.060,0.042,0.050
generalization,0.000,0.027,1.000,0.054,0.047,0.050
bench,0.000,0.022,1.000,0.044,0.058,0.050
intellectual,0.000,0.041,1.000,0.082,0.031,0.050
container,0.000,0.035,1.000,0.071,0.036,0.050
creature,0.000,0.041,1.000,0.082,0.031,0.050
communicate,0.000,0.033,1.000,0.065,0.039,0.050
court,0.000,0.022,1.000,0.044,0.058,0.050
alleviate,0.000,0.022,1.000,0.044,0.058,0.050
deny,0.000,0.049,1.000,0.098,0.026,0.050
uncommon,0.000,0.054,1.000,0.109,0.023,0.050
dismiss,0.000,0.035,1.000,0.071,0.036,0.050
politician,0.000,0.025,1.000,0.049,0.052,0.050
symbol,0.000,0.030,1.000,0.060,0.042,0.050
office,0.000,0.035,1.000,0.071,0.036,0.050
applies,0.000,0.044,1.000,0.087,0.029,0.050
coast,0.000,0.027,1.000,0.054,0.046,0.050
application,0.000,0.041,1.000,0.082,0.031,0.050
thanissaro,0.000,0.019,1.000,0.038,0.066,0.050
overlap,0.000,0.033,1.000,0.065,0.039,0.050
texture,0.000,0.041,1.000,0.082,0.031,0.050
dependence,0.000,0.016,1.000,0.033,0.077,0.050
sierra,0.000,0.019,1.000,0.038,0.066,0.050
anukampa,0.000,0.027,1.000,0.054,0.046,0.050
survive,0.000,0.030,1.000,0.060,0.042,0.050
evoked,0.000,0.025,1.000,0.049,0.051,0.050
bracing,0.000,0.025,1.000,0.049,0.051,0.050
chaotic,0.000,0.022,1.000,0.044,0.058,0.050
sophisticated,0.000,0.035,1.000,0.071,0.035,0.050
passivity,0.000,0.025,1.000,0.049,0.051,0.050
net,0.000,0.014,1.000,0.027,0.092,0.050
determined,0.000,0.038,1.000,0.076,0.033,0.050
extending,0.000,0.025,1.000,0.049,0.051,0.050
unifying,0.000,0.027,1.000,0.054,0.046,0.050
injured,0.000,0.038,1.000,0.076,0.033,0.050
technology,0.000,0.025,1.000,0.049,0.051,0.050
hostile,0.000,0.030,1.000,0.060,0.042,0.050
bothering,0.000,0.008,1.000,0.016,0.153,0.050
headquarters,0.000,0.008,1.000,0.016,0.153,0.050
tab,0.000,0.016,1.000,0.033,0.076,0.050
promote,0.000,0.019,1.000,0.038,0.065,0.050
reverend,0.000,0.011,1.000,0.022,0.115,0.050
watering,0.000,0.008,1.000,0.016,0.153,0.050
multiple,0.000,0.041,1.000,0.082,0.031,0.050
paradox,0.000,0.035,1.000,0.071,0.035,0.050
chaos,0.000,0.022,1.000,0.044,0.057,0.050
despite,0.000,0.025,1.000,0.049,0.051,0.050
destroy,0.000,0.027,1.000,0.054,0.046,0.050
discipline,0.000,0.035,1.000,0.071,0.035,0.050
prominent,0.000,0.030,1.000,0.060,0.042,0.050
bind,0.000,0.025,1.000,0.049,0.051,0.050
flap,0.000,0.019,1.000,0.038,0.065,0.050
unchanging,0.000,0.019,1.000,0.038,0.065,0.050
assignment,0.000,0.027,1.000,0.054,0.046,0.050
terrain,0.000,0.030,1.000,0.060,0.041,0.050
instrument,0.000,0.035,1.000,0.071,0.035,0.050
kin,0.000,0.008,1.000,0.016,0.152,0.050
per,0.000,0.046,1.000,0.093,0.027,0.050
lowering,0.000,0.025,1.000,0.049,0.051,0.050
tactile,0.000,0.019,1.000,0.038,0.065,0.050
activate,0.000,0.030,1.000,0.060,0.041,0.050
equal,0.000,0.044,1.000,0.087,0.028,0.050
fish,0.000,0.025,1.000,0.049,0.051,0.050
traditional,0.000,0.049,1.000,0.098,0.025,0.050
fundraising,0.000,0.025,1.000,0.049,0.051,0.050
rough,0.000,0.035,1.000,0.071,0.035,0.050
interferes,0.000,0.022,1.000,0.044,0.057,0.050
request,0.000,0.035,1.000,0.071,0.035,0.050
waving,0.000,0.014,1.000,0.027,0.091,0.050
january,0.000,0.027,1.000,0.054,0.045,0.050
needle,0.000,0.014,1.000,0.027,0.091,0.050
distressed,0.000,0.030,1.000,0.060,0.041,0.050
align,0.000,0.038,1.000,0.076,0.032,0.050
sage,0.000,0.022,1.000,0.044,0.057,0.050
attack,0.000,0.035,1.000,0.071,0.035,0.050
sailboat,0.000,0.014,1.000,0.027,0.091,0.050
adjective,0.000,0.011,1.000,0.022,0.113,0.050
vehicle,0.000,0.035,1.000,0.071,0.035,0.050
spontaneously,0.000,0.033,1.000,0.065,0.038,0.050
so-called,0.000,0.035,1.000,0.071,0.035,0.050
samyutta,0.000,0.035,1.000,0.071,0.035,0.050
upper,0.000,0.046,1.000,0.093,0.027,0.050
debt,0.000,0.022,1.000,0.044,0.057,0.050
tighten,0.000,0.033,1.000,0.065,0.038,0.050
surrounded,0.000,0.033,1.000,0.065,0.038,0.050
bullshit,0.000,0.003,1.000,0.005,0.453,0.050
argue,0.000,0.044,1.000,0.087,0.028,0.050
concentrate,0.000,0.030,1.000,0.060,0.041,0.050
etiquette,0.000,0.003,1.000,0.005,0.452,0.050
attainment,0.000,0.033,1.000,0.065,0.038,0.050
assumed,0.000,0.022,1.000,0.044,0.056,0.050
sustainable,0.000,0.022,1.000,0.044,0.056,0.050
thai,0.000,0.038,1.000,0.076,0.032,0.050
picking,0.000,0.041,1.000,0.082,0.030,0.050
objectification,0.000,0.014,1.000,0.027,0.090,0.050
experimenting,0.000,0.019,1.000,0.038,0.064,0.050
alluding,0.000,0.019,1.000,0.038,0.064,0.050
playful,0.000,0.038,1.000,0.076,0.032,0.050
mild,0.000,0.038,1.000,0.076,0.032,0.050
listener,0.000,0.019,1.000,0.038,0.064,0.050
month-long,0.000,0.025,1.000,0.049,0.050,0.049
ping,0.000,0.008,1.000,0.016,0.150,0.049
credit,0.000,0.030,1.000,0.060,0.041,0.049
metacognitive,0.000,0.005,1.000,0.011,0.224,0.049
dial,0.000,0.027,1.000,0.054,0.045,0.049
serving,0.000,0.035,1.000,0.071,0.035,0.049
partial,0.000,0.019,1.000,0.038,0.064,0.049
summary,0.000,0.041,1.000,0.082,0.030,0.049
doorway,0.000,0.038,1.000,0.076,0.032,0.049
grace,0.000,0.041,1.000,0.082,0.030,0.049
aggression,0.000,0.019,1.000,0.038,0.064,0.049
bingo,0.000,0.003,1.000,0.005,0.447,0.049
penetrating,0.000,0.027,1.000,0.054,0.045,0.049
aging,0.000,0.041,1.000,0.082,0.030,0.049
reward,0.000,0.033,1.000,0.065,0.037,0.049
survival,0.000,0.035,1.000,0.071,0.034,0.049
wrap,0.000,0.033,1.000,0.065,0.037,0.049
comprehend,0.000,0.019,1.000,0.038,0.064,0.049
magic,0.000,0.041,1.000,0.082,0.030,0.049
struggled,0.000,0.016,1.000,0.033,0.074,0.049
tire,0.000,0.014,1.000,0.027,0.089,0.049
crave,0.000,0.025,1.000,0.049,0.049,0.049
fantasizing,0.000,0.035,1.000,0.071,0.034,0.049
fixating,0.000,0.022,1.000,0.044,0.056,0.049
fixate,0.000,0.025,1.000,0.049,0.049,0.049
bubble,0.000,0.035,1.000,0.071,0.034,0.049
steal,0.000,0.022,1.000,0.044,0.055,0.049
nail,0.000,0.027,1.000,0.054,0.044,0.049
desert,0.000,0.030,1.000,0.060,0.040,0.049
traveling,0.000,0.038,1.000,0.076,0.032,0.049
connotation,0.000,0.041,1.000,0.082,0.030,0.049
hijacked,0.000,0.025,1.000,0.049,0.049,0.049
acknowledging,0.000,0.052,1.000,0.104,0.023,0.049
grape,0.000,0.008,1.000,0.016,0.147,0.049
stroking,0.000,0.019,1.000,0.038,0.063,0.049
inhabiting,0.000,0.038,1.000,0.076,0.031,0.049
compare,0.000,0.030,1.000,0.060,0.040,0.049
logical,0.000,0.033,1.000,0.065,0.037,0.049
tasting,0.000,0.044,1.000,0.087,0.027,0.049
recede,0.000,0.027,1.000,0.054,0.044,0.049
suitable,0.000,0.019,1.000,0.038,0.063,0.049
rice,0.000,0.025,1.000,0.049,0.049,0.049
to-do,0.000,0.044,1.000,0.087,0.027,0.049
method,0.000,0.041,1.000,0.082,0.029,0.049
mess,0.000,0.033,1.000,0.065,0.037,0.049
protest,0.000,0.041,1.000,0.082,0.029,0.049
tournament,0.000,0.003,1.000,0.005,0.439,0.049
galaxy,0.000,0.008,1.000,0.016,0.146,0.049
spiritually,0.000,0.035,1.000,0.071,0.034,0.049
expansiveness,0.000,0.019,1.000,0.038,0.063,0.049
ignored,0.000,0.035,1.000,0.071,0.034,0.049
green,0.000,0.041,1.000,0.082,0.029,0.049
reinforcing,0.000,0.035,1.000,0.071,0.034,0.049
coasting,0.000,0.008,1.000,0.016,0.146,0.049
highlighted,0.000,0.041,1.000,0.082,0.029,0.049
visualize,0.000,0.030,1.000,0.060,0.040,0.049
imc's,0.000,0.038,1.000,0.076,0.031,0.049
removed,0.000,0.030,1.000,0.060,0.040,0.049
pile,0.000,0.025,1.000,0.049,0.049,0.049
bernat,0.000,0.005,1.000,0.011,0.218,0.049
brilliance,0.000,0.005,1.000,0.011,0.218,0.049
rosemerry,0.000,0.019,1.000,0.038,0.062,0.049
bronze,0.000,0.025,1.000,0.049,0.048,0.049
nuance,0.000,0.038,1.000,0.076,0.031,0.049
tremendously,0.000,0.041,1.000,0.082,0.029,0.049
verb,0.000,0.027,1.000,0.054,0.044,0.049
judgmental,0.000,0.030,1.000,0.060,0.040,0.049
contemplating,0.000,0.025,1.000,0.049,0.048,0.049
independence,0.000,0.019,1.000,0.038,0.062,0.049
foster,0.000,0.030,1.000,0.060,0.040,0.049
super,0.000,0.049,1.000,0.098,0.024,0.049
praised,0.000,0.027,1.000,0.054,0.043,0.049
wordless,0.000,0.027,1.000,0.054,0.043,0.049
reject,0.000,0.044,1.000,0.087,0.027,0.049
involvement,0.000,0.027,1.000,0.054,0.043,0.049
unquenchability,0.000,0.008,1.000,0.016,0.145,0.049
shorter,0.000,0.033,1.000,0.065,0.036,0.049
encouraging,0.000,0.046,1.000,0.093,0.026,0.049
massaged,0.000,0.030,1.000,0.060,0.039,0.049
novel,0.000,0.033,1.000,0.065,0.036,0.049
betrayal,0.000,0.022,1.000,0.044,0.054,0.049
facet,0.000,0.022,1.000,0.044,0.054,0.049
enjoyment,0.000,0.035,1.000,0.071,0.033,0.049
establish,0.000,0.046,1.000,0.093,0.025,0.049
indian,0.000,0.041,1.000,0.082,0.029,0.049
whispering,0.000,0.022,1.000,0.044,0.054,0.049
interconnected,0.000,0.016,1.000,0.033,0.072,0.049
agency,0.000,0.038,1.000,0.076,0.031,0.049
whisper,0.000,0.022,1.000,0.044,0.054,0.049
lure,0.000,0.011,1.000,0.022,0.108,0.049
temporarily,0.000,0.033,1.000,0.065,0.036,0.049
analyze,0.000,0.035,1.000,0.071,0.033,0.049
cohesion,0.000,0.005,1.000,0.011,0.216,0.049
basketball,0.000,0.014,1.000,0.027,0.086,0.049
smart,0.000,0.030,1.000,0.060,0.039,0.049
bunch,0.000,0.065,1.000,0.131,0.018,0.049
greatest,0.000,0.052,1.000,0.104,0.023,0.049
tangled,0.000,0.027,1.000,0.054,0.043,0.048
contain,0.000,0.030,1.000,0.060,0.039,0.048
steep,0.000,0.019,1.000,0.038,0.062,0.048
ding,0.000,0.008,1.000,0.016,0.144,0.048
timely,0.000,0.016,1.000,0.033,0.072,0.048
hesitation,0.000,0.025,1.000,0.049,0.048,0.048
climate,0.000,0.035,1.000,0.071,0.033,0.048
impersonal,0.000,0.022,1.000,0.044,0.054,0.048
trigger,0.000,0.041,1.000,0.082,0.029,0.048
cordiality,0.000,0.005,1.000,0.011,0.215,0.048
stare,0.000,0.035,1.000,0.071,0.033,0.048
intimidated,0.000,0.014,1.000,0.027,0.086,0.048
popular,0.000,0.041,1.000,0.082,0.029,0.048
freeze,0.000,0.033,1.000,0.065,0.036,0.048
charge,0.000,0.035,1.000,0.071,0.033,0.048
tragedy,0.000,0.025,1.000,0.049,0.048,0.048
mitta,0.000,0.016,1.000,0.033,0.071,0.048
joined,0.000,0.046,1.000,0.093,0.025,0.048
apologize,0.000,0.038,1.000,0.076,0.031,0.048
underwater,0.000,0.030,1.000,0.060,0.039,0.048
nothingness,0.000,0.008,1.000,0.016,0.143,0.048
teeth,0.000,0.025,1.000,0.049,0.048,0.048
biology,0.000,0.014,1.000,0.027,0.086,0.048
blah,0.000,0.016,1.000,0.033,0.071,0.048
capture,0.000,0.030,1.000,0.060,0.039,0.048
dedicate,0.000,0.044,1.000,0.087,0.027,0.048
insistence,0.000,0.014,1.000,0.027,0.085,0.048
sitter,0.000,0.003,1.000,0.005,0.427,0.048
majesty,0.000,0.030,1.000,0.060,0.039,0.048
psychophysical,0.000,0.033,1.000,0.065,0.036,0.048
bay,0.000,0.035,1.000,0.071,0.033,0.048
preciousness,0.000,0.025,1.000,0.049,0.047,0.048
safely,0.000,0.016,1.000,0.033,0.071,0.048
constancy,0.000,0.025,1.000,0.049,0.047,0.048
appearing,0.000,0.041,1.000,0.082,0.028,0.048
exciting,0.000,0.044,1.000,0.087,0.027,0.048
aroma,0.000,0.008,1.000,0.016,0.142,0.048
dalai,0.000,0.027,1.000,0.054,0.043,0.048
yielding,0.000,0.008,1.000,0.016,0.142,0.048
aperture,0.000,0.019,1.000,0.038,0.061,0.048
y,0.000,0.027,1.000,0.054,0.043,0.048
may,0.004,0.866,0.996,0.267,0.009,0.048
invisible,0.000,0.035,1.000,0.071,0.033,0.048
inwards,0.000,0.014,1.000,0.027,0.085,0.048
ines,0.000,0.022,1.000,0.044,0.053,0.048
anguttara,0.000,0.033,1.000,0.065,0.035,0.048
correct,0.000,0.041,1.000,0.082,0.028,0.048
drifted,0.000,0.030,1.000,0.060,0.039,0.048
pervades,0.000,0.027,1.000,0.054,0.042,0.048
footprint,0.000,0.011,1.000,0.022,0.106,0.048
asceticism,0.000,0.019,1.000,0.038,0.061,0.048
life's,0.000,0.025,1.000,0.049,0.047,0.048
blanket,0.000,0.030,1.000,0.060,0.039,0.048
examine,0.000,0.025,1.000,0.049,0.047,0.048
cell,0.000,0.035,1.000,0.071,0.033,0.048
costly,0.000,0.008,1.000,0.016,0.141,0.048
chosen,0.000,0.041,1.000,0.082,0.028,0.048
sufficient,0.000,0.025,1.000,0.049,0.047,0.048
bat,0.000,0.008,1.000,0.016,0.141,0.048
flaw,0.000,0.019,1.000,0.038,0.061,0.048
renouncing,0.000,0.019,1.000,0.038,0.060,0.048
intuitive,0.000,0.030,1.000,0.060,0.038,0.048
dipping,0.000,0.035,1.000,0.071,0.032,0.048
convey,0.000,0.025,1.000,0.049,0.047,0.048
possibly,0.000,0.060,1.000,0.120,0.019,0.048
meditated,0.000,0.041,1.000,0.082,0.028,0.048
unnoticed,0.000,0.022,1.000,0.044,0.053,0.048
hey,0.000,0.052,1.000,0.104,0.022,0.048
vibrating,0.000,0.030,1.000,0.060,0.038,0.048
impatient,0.000,0.025,1.000,0.049,0.047,0.048
thrown,0.000,0.035,1.000,0.071,0.032,0.048
posted,0.000,0.011,1.000,0.022,0.105,0.048
biography,0.000,0.025,1.000,0.049,0.047,0.048
loneliness,0.000,0.030,1.000,0.060,0.038,0.048
luxury,0.000,0.022,1.000,0.044,0.052,0.048
reminding,0.000,0.038,1.000,0.076,0.030,0.048
mirage,0.000,0.003,1.000,0.005,0.420,0.048
evaporates,0.000,0.003,1.000,0.005,0.420,0.048
congestion,0.000,0.003,1.000,0.005,0.420,0.048
simplifies,0.000,0.019,1.000,0.038,0.060,0.048
fool,0.000,0.019,1.000,0.038,0.060,0.048
criticize,0.000,0.035,1.000,0.071,0.032,0.048
poverty,0.000,0.014,1.000,0.027,0.084,0.048
graceful,0.000,0.025,1.000,0.049,0.047,0.048
non-reactive,0.000,0.030,1.000,0.060,0.038,0.048
non-transactional,0.000,0.008,1.000,0.016,0.139,0.048
mere,0.000,0.019,1.000,0.038,0.060,0.048
defeat,0.000,0.011,1.000,0.022,0.104,0.048
mechanism,0.000,0.035,1.000,0.071,0.032,0.048
weapon,0.000,0.025,1.000,0.049,0.046,0.048
self-esteem,0.000,0.005,1.000,0.011,0.209,0.048
con,0.000,0.022,1.000,0.044,0.052,0.048
dwelling,0.000,0.044,1.000,0.087,0.026,0.048
replied,0.000,0.035,1.000,0.071,0.032,0.048
defend,0.000,0.033,1.000,0.065,0.035,0.048
non-suffering,0.000,0.019,1.000,0.038,0.060,0.048
york,0.000,0.019,1.000,0.038,0.060,0.048
raining,0.000,0.027,1.000,0.054,0.042,0.048
lien,0.000,0.003,1.000,0.005,0.417,0.048
intending,0.000,0.016,1.000,0.033,0.069,0.048
magical,0.000,0.049,1.000,0.098,0.023,0.048
moralistic,0.000,0.016,1.000,0.033,0.069,0.048
moment-to-moment,0.000,0.019,1.000,0.038,0.059,0.048
thrive,0.000,0.027,1.000,0.054,0.042,0.048
bar,0.000,0.030,1.000,0.060,0.038,0.048
observation,0.000,0.041,1.000,0.082,0.028,0.048
entanglement,0.000,0.033,1.000,0.065,0.035,0.048
northern,0.000,0.030,1.000,0.060,0.038,0.048
organ,0.000,0.035,1.000,0.071,0.032,0.048
reduction,0.000,0.027,1.000,0.054,0.041,0.048
comparable,0.000,0.035,1.000,0.071,0.032,0.048
martine,0.000,0.005,1.000,0.011,0.207,0.048
kick,0.000,0.030,1.000,0.060,0.038,0.047
gas,0.000,0.016,1.000,0.033,0.069,0.047
prevent,0.000,0.033,1.000,0.065,0.034,0.047
chronic,0.000,0.030,1.000,0.060,0.038,0.047
lucky,0.000,0.041,1.000,0.082,0.028,0.047
smelling,0.000,0.041,1.000,0.082,0.028,0.047
bloom,0.000,0.030,1.000,0.060,0.038,0.047
explained,0.000,0.035,1.000,0.071,0.032,0.047
rare,0.000,0.027,1.000,0.054,0.041,0.047
disturbed,0.000,0.022,1.000,0.044,0.052,0.047
they'd,0.000,0.052,1.000,0.104,0.022,0.047
james,0.000,0.025,1.000,0.049,0.046,0.047
chain,0.000,0.014,1.000,0.027,0.082,0.047
ouch,0.000,0.025,1.000,0.049,0.046,0.047
valuing,0.000,0.027,1.000,0.054,0.041,0.047
reveal,0.000,0.019,1.000,0.038,0.059,0.047
humble,0.000,0.041,1.000,0.082,0.027,0.047
referred,0.000,0.052,1.000,0.104,0.022,0.047
uprooting,0.000,0.014,1.000,0.027,0.082,0.047
empathic,0.000,0.019,1.000,0.038,0.059,0.047
pot,0.000,0.022,1.000,0.044,0.051,0.047
thirst,0.000,0.025,1.000,0.049,0.046,0.047
thoroughly,0.000,0.033,1.000,0.065,0.034,0.047
shut,0.000,0.046,1.000,0.093,0.024,0.047
exception,0.000,0.041,1.000,0.082,0.027,0.047
graduate,0.000,0.033,1.000,0.065,0.034,0.047
distinctive,0.000,0.014,1.000,0.027,0.082,0.047
experientially,0.000,0.030,1.000,0.060,0.037,0.047
barren,0.000,0.011,1.000,0.022,0.103,0.047
sacrament,0.000,0.003,1.000,0.005,0.411,0.047
beloved,0.000,0.019,1.000,0.038,0.059,0.047
chin,0.000,0.025,1.000,0.049,0.046,0.047
manasikara,0.000,0.005,1.000,0.011,0.205,0.047
occurred,0.000,0.041,1.000,0.082,0.027,0.047
nowadays,0.000,0.025,1.000,0.049,0.046,0.047
diamond,0.000,0.016,1.000,0.033,0.068,0.047
volunteering,0.000,0.016,1.000,0.033,0.068,0.047
physician,0.000,0.014,1.000,0.027,0.082,0.047
kitten,0.000,0.027,1.000,0.054,0.041,0.047
spark,0.000,0.027,1.000,0.054,0.041,0.047
suspicious,0.000,0.016,1.000,0.033,0.068,0.047
shop,0.000,0.041,1.000,0.082,0.027,0.047
collect,0.000,0.035,1.000,0.071,0.031,0.047
flooding,0.000,0.011,1.000,0.022,0.102,0.047
submit,0.000,0.011,1.000,0.022,0.102,0.047
eight-fold,0.000,0.022,1.000,0.044,0.051,0.047
simplistic,0.000,0.030,1.000,0.060,0.037,0.047
importantly,0.000,0.041,1.000,0.082,0.027,0.047
strongest,0.000,0.027,1.000,0.054,0.041,0.047
hut,0.000,0.025,1.000,0.049,0.045,0.047
size,0.000,0.038,1.000,0.076,0.029,0.047
knock,0.000,0.022,1.000,0.044,0.051,0.047
infused,0.000,0.019,1.000,0.038,0.058,0.047
pedal,0.000,0.005,1.000,0.011,0.204,0.047
kovilo,0.000,0.008,1.000,0.016,0.136,0.047
restraint,0.000,0.025,1.000,0.049,0.045,0.047
casual,0.000,0.019,1.000,0.038,0.058,0.047
respectfully,0.000,0.016,1.000,0.033,0.068,0.047
plate,0.000,0.025,1.000,0.049,0.045,0.047
fog,0.000,0.022,1.000,0.044,0.051,0.047
neal,0.000,0.014,1.000,0.027,0.081,0.047
pursue,0.000,0.027,1.000,0.054,0.041,0.047
writer,0.000,0.030,1.000,0.060,0.037,0.047
agitating,0.000,0.027,1.000,0.054,0.041,0.047
sway,0.000,0.033,1.000,0.065,0.034,0.047
majority,0.000,0.038,1.000,0.076,0.029,0.047
worst,0.000,0.035,1.000,0.071,0.031,0.047
worker,0.000,0.022,1.000,0.044,0.051,0.047
variation,0.000,0.033,1.000,0.065,0.034,0.047
burmese,0.000,0.016,1.000,0.033,0.068,0.047
acquire,0.000,0.030,1.000,0.060,0.037,0.047
forcing,0.000,0.035,1.000,0.071,0.031,0.047
convinced,0.000,0.052,1.000,0.104,0.021,0.047
pansy,0.000,0.003,1.000,0.005,0.405,0.047
groove,0.000,0.022,1.000,0.044,0.051,0.047
static,0.000,0.025,1.000,0.049,0.045,0.047
complain,0.000,0.022,1.000,0.044,0.051,0.047
non-separation,0.000,0.008,1.000,0.016,0.135,0.047
chocolate,0.000,0.025,1.000,0.049,0.045,0.047
somebody's,0.000,0.052,1.000,0.104,0.021,0.047
accomplishing,0.000,0.022,1.000,0.044,0.051,0.047
vi,0.000,0.019,1.000,0.038,0.058,0.047
sixth,0.000,0.038,1.000,0.076,0.029,0.047
defense,0.000,0.025,1.000,0.049,0.045,0.047
villager,0.000,0.014,1.000,0.027,0.081,0.047
subtly,0.000,0.033,1.000,0.065,0.034,0.047
pride,0.000,0.033,1.000,0.065,0.034,0.047
profoundly,0.000,0.030,1.000,0.060,0.037,0.047
pervade,0.000,0.025,1.000,0.049,0.045,0.047
insufficiency,0.000,0.014,1.000,0.027,0.081,0.047
rainstorm,0.000,0.003,1.000,0.005,0.404,0.047
guest,0.000,0.027,1.000,0.054,0.040,0.047
resilience,0.000,0.030,1.000,0.060,0.037,0.047
reflected,0.000,0.035,1.000,0.071,0.031,0.047
fatigue,0.000,0.014,1.000,0.027,0.081,0.047
violent,0.000,0.025,1.000,0.049,0.045,0.047
levine,0.000,0.008,1.000,0.016,0.134,0.047
account,0.000,0.046,1.000,0.093,0.024,0.047
would,0.004,0.850,0.996,0.300,0.007,0.047
sand,0.000,0.030,1.000,0.060,0.037,0.047
constructing,0.000,0.025,1.000,0.049,0.045,0.047
smiling,0.000,0.038,1.000,0.076,0.029,0.047
disorienting,0.000,0.025,1.000,0.049,0.045,0.047
privilege,0.000,0.025,1.000,0.049,0.045,0.047
tolerate,0.000,0.030,1.000,0.060,0.036,0.047
burned,0.000,0.025,1.000,0.049,0.045,0.047
cave,0.000,0.022,1.000,0.044,0.050,0.047
avoidance,0.000,0.025,1.000,0.049,0.045,0.047
odd,0.000,0.033,1.000,0.065,0.033,0.047
immeasurables,0.000,0.008,1.000,0.016,0.134,0.047
flapping,0.000,0.027,1.000,0.054,0.040,0.047
throwing,0.000,0.035,1.000,0.071,0.031,0.047
imperturbable,0.000,0.003,1.000,0.005,0.400,0.047
dislike,0.000,0.033,1.000,0.065,0.033,0.047
equally,0.000,0.025,1.000,0.049,0.044,0.047
disciple,0.000,0.044,1.000,0.087,0.025,0.047
sinking,0.000,0.030,1.000,0.060,0.036,0.047
unbounded,0.000,0.016,1.000,0.033,0.067,0.047
repeated,0.000,0.041,1.000,0.082,0.027,0.047
chanting,0.000,0.022,1.000,0.044,0.050,0.047
crowded,0.000,0.027,1.000,0.054,0.040,0.047
meantime,0.000,0.035,1.000,0.071,0.031,0.047
contingent,0.000,0.025,1.000,0.049,0.044,0.047
stretched,0.000,0.025,1.000,0.049,0.044,0.047
construction,0.000,0.030,1.000,0.060,0.036,0.047
p,0.000,0.035,1.000,0.071,0.031,0.047
satipatthana,0.000,0.035,1.000,0.071,0.031,0.047
susan,0.000,0.011,1.000,0.022,0.100,0.047
autobiography,0.000,0.014,1.000,0.027,0.080,0.047
elated,0.000,0.019,1.000,0.038,0.057,0.047
cowherd,0.000,0.005,1.000,0.011,0.199,0.047
dealing,0.000,0.052,1.000,0.104,0.021,0.047
password,0.000,0.019,1.000,0.038,0.057,0.047
pursued,0.000,0.016,1.000,0.033,0.066,0.047
plane,0.000,0.025,1.000,0.049,0.044,0.047
unconditional,0.000,0.025,1.000,0.049,0.044,0.047
transformative,0.000,0.038,1.000,0.076,0.028,0.047
style,0.000,0.041,1.000,0.082,0.027,0.047
obsessive,0.000,0.022,1.000,0.044,0.050,0.047
residential,0.000,0.019,1.000,0.038,0.057,0.047
perilous,0.000,0.008,1.000,0.016,0.132,0.047
dialogue,0.000,0.027,1.000,0.054,0.040,0.047
institution,0.000,0.027,1.000,0.054,0.040,0.047
acquisition,0.000,0.005,1.000,0.011,0.198,0.046
constricted,0.000,0.027,1.000,0.054,0.040,0.046
provided,0.000,0.035,1.000,0.071,0.030,0.046
internet,0.000,0.027,1.000,0.054,0.040,0.046
poetic,0.000,0.027,1.000,0.054,0.040,0.046
subconscious,0.000,0.033,1.000,0.065,0.033,0.046
rejoice,0.000,0.019,1.000,0.038,0.057,0.046
paid,0.000,0.046,1.000,0.093,0.023,0.046
non-reactivity,0.000,0.038,1.000,0.076,0.028,0.046
instant,0.000,0.027,1.000,0.054,0.039,0.046
ran,0.000,0.041,1.000,0.082,0.026,0.046
awakens,0.000,0.025,1.000,0.049,0.044,0.046
intuitively,0.000,0.035,1.000,0.071,0.030,0.046
creation,0.000,0.035,1.000,0.071,0.030,0.046
sweatpants,0.000,0.003,1.000,0.005,0.394,0.046
continual,0.000,0.027,1.000,0.054,0.039,0.046
doctrine,0.000,0.025,1.000,0.049,0.044,0.046
counsel,0.000,0.011,1.000,0.022,0.098,0.046
experiencer,0.000,0.025,1.000,0.049,0.044,0.046
teacher's,0.000,0.022,1.000,0.044,0.049,0.046
lonely,0.000,0.025,1.000,0.049,0.044,0.046
mindset,0.000,0.025,1.000,0.049,0.044,0.046
provider,0.000,0.011,1.000,0.022,0.098,0.046
predominant,0.000,0.019,1.000,0.038,0.056,0.046
mundane,0.000,0.038,1.000,0.076,0.028,0.046
winning,0.000,0.016,1.000,0.033,0.065,0.046
navigating,0.000,0.030,1.000,0.060,0.036,0.046
forceful,0.000,0.025,1.000,0.049,0.044,0.046
design,0.000,0.016,1.000,0.033,0.065,0.046
neuron,0.000,0.019,1.000,0.038,0.056,0.046
raw,0.000,0.033,1.000,0.065,0.033,0.046
thief,0.000,0.011,1.000,0.022,0.098,0.046
collapsed,0.000,0.019,1.000,0.038,0.056,0.046
formation,0.000,0.027,1.000,0.054,0.039,0.046
unfamiliar,0.000,0.014,1.000,0.027,0.078,0.046
fidelity,0.000,0.011,1.000,0.022,0.098,0.046
absent,0.000,0.022,1.000,0.044,0.049,0.046
passive,0.000,0.046,1.000,0.093,0.023,0.046
absorbing,0.000,0.011,1.000,0.022,0.098,0.046
emphasizes,0.000,0.033,1.000,0.065,0.032,0.046
rejecting,0.000,0.038,1.000,0.076,0.028,0.046
dive,0.000,0.044,1.000,0.087,0.024,0.046
amazed,0.000,0.027,1.000,0.054,0.039,0.046
quoting,0.000,0.033,1.000,0.065,0.032,0.046
hillside,0.000,0.014,1.000,0.027,0.078,0.046
stiller,0.000,0.030,1.000,0.060,0.035,0.046
breathes,0.000,0.027,1.000,0.054,0.039,0.046
unhurrying,0.000,0.008,1.000,0.016,0.130,0.046
aha,0.000,0.022,1.000,0.044,0.049,0.046
manipulate,0.000,0.033,1.000,0.065,0.032,0.046
relinquish,0.000,0.019,1.000,0.038,0.056,0.046
disappeared,0.000,0.038,1.000,0.076,0.028,0.046
permeates,0.000,0.022,1.000,0.044,0.049,0.046
brahmavihara,0.000,0.016,1.000,0.033,0.065,0.046
lit,0.000,0.016,1.000,0.033,0.065,0.046
honestly,0.000,0.038,1.000,0.076,0.028,0.046
self-compassion,0.000,0.016,1.000,0.033,0.065,0.046
smoothness,0.000,0.019,1.000,0.038,0.055,0.046
neil,0.000,0.008,1.000,0.016,0.129,0.046
kornfield,0.000,0.025,1.000,0.049,0.043,0.046
depressed,0.000,0.044,1.000,0.087,0.024,0.046
quoted,0.000,0.027,1.000,0.054,0.039,0.046
cosmos,0.000,0.019,1.000,0.038,0.055,0.046
abbot,0.000,0.025,1.000,0.049,0.043,0.046
guard,0.000,0.016,1.000,0.033,0.064,0.046
stimulated,0.000,0.022,1.000,0.044,0.048,0.046
half-smile,0.000,0.027,1.000,0.054,0.039,0.046
deadening,0.000,0.016,1.000,0.033,0.064,0.046
extraordinary,0.000,0.033,1.000,0.065,0.032,0.046
weaving,0.000,0.011,1.000,0.022,0.097,0.046
bartering,0.000,0.016,1.000,0.033,0.064,0.046
senior,0.000,0.033,1.000,0.065,0.032,0.046
creek,0.000,0.019,1.000,0.038,0.055,0.046
directional,0.000,0.005,1.000,0.011,0.193,0.046
tech,0.000,0.019,1.000,0.038,0.055,0.046
glimpse,0.000,0.025,1.000,0.049,0.043,0.046
story-making,0.000,0.027,1.000,0.054,0.038,0.046
county,0.000,0.025,1.000,0.049,0.043,0.046
sleeping,0.000,0.027,1.000,0.054,0.038,0.046
picked,0.000,0.041,1.000,0.082,0.026,0.046
actor,0.000,0.016,1.000,0.033,0.064,0.046
naming,0.000,0.030,1.000,0.060,0.035,0.046
analysis,0.000,0.038,1.000,0.076,0.027,0.046
library,0.000,0.008,1.000,0.016,0.128,0.046
mile,0.000,0.035,1.000,0.071,0.030,0.046
seriously,0.000,0.044,1.000,0.087,0.024,0.046
cue,0.000,0.027,1.000,0.054,0.038,0.046
idle,0.000,0.022,1.000,0.044,0.048,0.046
impacted,0.000,0.033,1.000,0.065,0.032,0.046
matures,0.000,0.019,1.000,0.038,0.055,0.046
self-understanding,0.000,0.027,1.000,0.054,0.038,0.046
rootedness,0.000,0.025,1.000,0.049,0.043,0.046
organic,0.000,0.022,1.000,0.044,0.048,0.046
dust,0.000,0.027,1.000,0.054,0.038,0.046
july,0.000,0.022,1.000,0.044,0.048,0.046
accustomed,0.000,0.025,1.000,0.049,0.043,0.046
substance,0.000,0.035,1.000,0.071,0.029,0.046
conceive,0.000,0.019,1.000,0.038,0.055,0.046
mistaken,0.000,0.011,1.000,0.022,0.096,0.046
overwhelm,0.000,0.019,1.000,0.038,0.055,0.046
communication,0.000,0.035,1.000,0.071,0.029,0.046
coach,0.000,0.025,1.000,0.049,0.042,0.046
origination,0.000,0.030,1.000,0.060,0.035,0.046
tease,0.000,0.027,1.000,0.054,0.038,0.046
celebration,0.000,0.027,1.000,0.054,0.038,0.046
devaputta,0.000,0.005,1.000,0.011,0.191,0.046
sharp,0.000,0.030,1.000,0.060,0.035,0.046
afflictive,0.000,0.022,1.000,0.044,0.048,0.046
diminished,0.000,0.025,1.000,0.049,0.042,0.046
item,0.000,0.025,1.000,0.049,0.042,0.046
headache,0.000,0.035,1.000,0.071,0.029,0.046
annoying,0.000,0.025,1.000,0.049,0.042,0.046
nap,0.000,0.022,1.000,0.044,0.048,0.046
freshness,0.000,0.019,1.000,0.038,0.054,0.046
rejection,0.000,0.038,1.000,0.076,0.027,0.046
missed,0.000,0.033,1.000,0.065,0.032,0.046
explored,0.000,0.030,1.000,0.060,0.035,0.045
drama,0.000,0.030,1.000,0.060,0.035,0.045
entity,0.000,0.025,1.000,0.049,0.042,0.045
watched,0.000,0.030,1.000,0.060,0.034,0.045
preventing,0.000,0.022,1.000,0.044,0.047,0.045
disturbance,0.000,0.022,1.000,0.044,0.047,0.045
strengthen,0.000,0.041,1.000,0.082,0.025,0.045
stinginess,0.000,0.022,1.000,0.044,0.047,0.045
freedman,0.000,0.019,1.000,0.038,0.054,0.045
mix,0.000,0.038,1.000,0.076,0.027,0.045
immediacy,0.000,0.030,1.000,0.060,0.034,0.045
commonly,0.000,0.038,1.000,0.076,0.027,0.045
ancestor,0.000,0.033,1.000,0.065,0.032,0.045
mount,0.000,0.016,1.000,0.033,0.063,0.045
admit,0.000,0.030,1.000,0.060,0.034,0.045
arbitrary,0.000,0.030,1.000,0.060,0.034,0.045
noella,0.000,0.005,1.000,0.011,0.189,0.045
orbit,0.000,0.014,1.000,0.027,0.076,0.045
experience,0.005,0.883,0.995,0.234,0.009,0.045
quest,0.000,0.027,1.000,0.054,0.038,0.045
coexist,0.000,0.027,1.000,0.054,0.038,0.045
subtler,0.000,0.019,1.000,0.038,0.054,0.045
melodrama,0.000,0.011,1.000,0.022,0.094,0.045
assess,0.000,0.025,1.000,0.049,0.042,0.045
stealing,0.000,0.035,1.000,0.071,0.029,0.045
sweep,0.000,0.022,1.000,0.044,0.047,0.045
concrete,0.000,0.035,1.000,0.071,0.029,0.045
rainbow,0.000,0.019,1.000,0.038,0.054,0.045
injury,0.000,0.033,1.000,0.065,0.031,0.045
skillfully,0.000,0.038,1.000,0.076,0.027,0.045
vessel,0.000,0.011,1.000,0.022,0.094,0.045
suspended,0.000,0.008,1.000,0.016,0.125,0.045
contagion,0.000,0.011,1.000,0.022,0.094,0.045
firm,0.000,0.035,1.000,0.071,0.029,0.045
heavenly,0.000,0.019,1.000,0.038,0.054,0.045
recollection,0.000,0.019,1.000,0.038,0.054,0.045
uncomplicated,0.000,0.022,1.000,0.044,0.047,0.045
homework,0.000,0.022,1.000,0.044,0.047,0.045
distracting,0.000,0.041,1.000,0.082,0.025,0.045
recluse,0.000,0.019,1.000,0.038,0.054,0.045
sanna,0.000,0.016,1.000,0.033,0.063,0.045
progression,0.000,0.025,1.000,0.049,0.042,0.045
shutt,0.000,0.003,1.000,0.005,0.375,0.045
welcomed,0.000,0.022,1.000,0.044,0.047,0.045
claustrophobia,0.000,0.011,1.000,0.022,0.094,0.045
figured,0.000,0.052,1.000,0.104,0.020,0.045
progressively,0.000,0.014,1.000,0.027,0.075,0.045
guideline,0.000,0.019,1.000,0.038,0.054,0.045
uniquely,0.000,0.011,1.000,0.022,0.094,0.045
unable,0.000,0.027,1.000,0.054,0.037,0.045
know-how,0.000,0.005,1.000,0.011,0.187,0.045
ugly,0.000,0.030,1.000,0.060,0.034,0.045
puppy,0.000,0.027,1.000,0.054,0.037,0.045
aid,0.000,0.025,1.000,0.049,0.042,0.045
dancing,0.000,0.033,1.000,0.065,0.031,0.045
personhood,0.000,0.003,1.000,0.005,0.374,0.045
evaluating,0.000,0.019,1.000,0.038,0.053,0.045
variable,0.000,0.008,1.000,0.016,0.125,0.045
metaphysical,0.000,0.035,1.000,0.071,0.029,0.045
bathroom,0.000,0.025,1.000,0.049,0.042,0.045
justice,0.000,0.038,1.000,0.076,0.027,0.045
seclusion,0.000,0.022,1.000,0.044,0.047,0.045
boring,0.000,0.025,1.000,0.049,0.041,0.045
prediction,0.000,0.022,1.000,0.044,0.047,0.045
conception,0.000,0.027,1.000,0.054,0.037,0.045
lifestyle,0.000,0.019,1.000,0.038,0.053,0.045
insofar,0.000,0.011,1.000,0.022,0.093,0.045
coarse,0.000,0.022,1.000,0.044,0.047,0.045
confirmation,0.000,0.011,1.000,0.022,0.093,0.045
introductory,0.000,0.019,1.000,0.038,0.053,0.045
interpreting,0.000,0.038,1.000,0.076,0.027,0.045
american,0.000,0.044,1.000,0.087,0.023,0.045
laid,0.000,0.038,1.000,0.076,0.027,0.045
ignoring,0.000,0.038,1.000,0.076,0.027,0.045
entirety,0.000,0.022,1.000,0.044,0.047,0.045
mud,0.000,0.027,1.000,0.054,0.037,0.045
hint,0.000,0.033,1.000,0.065,0.031,0.045
pedaling,0.000,0.005,1.000,0.011,0.186,0.045
cruel,0.000,0.025,1.000,0.049,0.041,0.045
dice,0.000,0.008,1.000,0.016,0.124,0.045
ai,0.000,0.014,1.000,0.027,0.074,0.045
intoxicant,0.000,0.016,1.000,0.033,0.062,0.045
prepared,0.000,0.035,1.000,0.071,0.029,0.045
party,0.000,0.035,1.000,0.071,0.029,0.045
broadening,0.000,0.016,1.000,0.033,0.062,0.045
thinker,0.000,0.022,1.000,0.044,0.046,0.045
aboutness,0.000,0.005,1.000,0.011,0.185,0.045
tour,0.000,0.014,1.000,0.027,0.074,0.045
echo,0.000,0.027,1.000,0.054,0.037,0.045
merchant,0.000,0.011,1.000,0.022,0.093,0.045
killed,0.000,0.027,1.000,0.054,0.037,0.045
flip,0.000,0.038,1.000,0.076,0.026,0.045
compose,0.000,0.008,1.000,0.016,0.123,0.045
contributes,0.000,0.030,1.000,0.060,0.034,0.045
makeup,0.000,0.011,1.000,0.022,0.092,0.045
elliot,0.000,0.008,1.000,0.016,0.123,0.045
recent,0.000,0.033,1.000,0.065,0.031,0.045
fabric,0.000,0.022,1.000,0.044,0.046,0.045
ridiculous,0.000,0.025,1.000,0.049,0.041,0.045
increased,0.000,0.027,1.000,0.054,0.037,0.045
rely,0.000,0.019,1.000,0.038,0.053,0.045
uncomfortableness,0.000,0.027,1.000,0.054,0.037,0.045
sparkle,0.000,0.016,1.000,0.033,0.061,0.045
curve,0.000,0.027,1.000,0.054,0.037,0.045
projecting,0.000,0.030,1.000,0.060,0.033,0.045
depicted,0.000,0.025,1.000,0.049,0.041,0.045
flexible,0.000,0.027,1.000,0.054,0.037,0.045
artificial,0.000,0.027,1.000,0.054,0.037,0.045
devoted,0.000,0.027,1.000,0.054,0.037,0.045
adaptive,0.000,0.011,1.000,0.022,0.092,0.045
insufficient,0.000,0.019,1.000,0.038,0.052,0.045
rapid,0.000,0.022,1.000,0.044,0.046,0.045
airport,0.000,0.011,1.000,0.022,0.092,0.045
destructive,0.000,0.019,1.000,0.038,0.052,0.045
busyness,0.000,0.025,1.000,0.049,0.041,0.045
devadatta,0.000,0.014,1.000,0.027,0.073,0.045
serf,0.000,0.027,1.000,0.054,0.037,0.045
non-attachment,0.000,0.011,1.000,0.022,0.092,0.045
affecting,0.000,0.022,1.000,0.044,0.046,0.045
beingness,0.000,0.016,1.000,0.033,0.061,0.045
september,0.000,0.019,1.000,0.038,0.052,0.045
everybody's,0.000,0.041,1.000,0.082,0.024,0.045
confirms,0.000,0.005,1.000,0.011,0.183,0.045
dull,0.000,0.016,1.000,0.033,0.061,0.045
hears,0.000,0.027,1.000,0.054,0.037,0.045
knower,0.000,0.016,1.000,0.033,0.061,0.045
breathed,0.000,0.016,1.000,0.033,0.061,0.045
protecting,0.000,0.033,1.000,0.065,0.030,0.045
subtlety,0.000,0.027,1.000,0.054,0.036,0.045
gatekeeper,0.000,0.005,1.000,0.011,0.182,0.045
downhill,0.000,0.019,1.000,0.038,0.052,0.045
reiterating,0.000,0.011,1.000,0.022,0.091,0.045
anytime,0.000,0.044,1.000,0.087,0.023,0.045
stock,0.000,0.025,1.000,0.049,0.040,0.044
interpreted,0.000,0.044,1.000,0.087,0.023,0.044
ceiling,0.000,0.016,1.000,0.033,0.061,0.044
managed,0.000,0.033,1.000,0.065,0.030,0.044
dad,0.000,0.014,1.000,0.027,0.073,0.044
supreme,0.000,0.019,1.000,0.038,0.052,0.044
unresolved,0.000,0.025,1.000,0.049,0.040,0.044
disrepute,0.000,0.008,1.000,0.016,0.121,0.044
linger,0.000,0.030,1.000,0.060,0.033,0.044
nonetheless,0.000,0.027,1.000,0.054,0.036,0.044
optional,0.000,0.022,1.000,0.044,0.045,0.044
drain,0.000,0.030,1.000,0.060,0.033,0.044
arrives,0.000,0.027,1.000,0.054,0.036,0.044
tai,0.000,0.008,1.000,0.016,0.121,0.044
chi,0.000,0.008,1.000,0.016,0.121,0.044
triangle,0.000,0.011,1.000,0.022,0.091,0.044
attended,0.000,0.030,1.000,0.060,0.033,0.044
david,0.000,0.022,1.000,0.044,0.045,0.044
sangaha,0.000,0.005,1.000,0.011,0.181,0.044
pandemic,0.000,0.033,1.000,0.065,0.030,0.044
interdisciplinary,0.000,0.008,1.000,0.016,0.121,0.044
raise,0.000,0.038,1.000,0.076,0.026,0.044
cherished,0.000,0.008,1.000,0.016,0.121,0.044
brown,0.000,0.014,1.000,0.027,0.072,0.044
satisfactory,0.000,0.022,1.000,0.044,0.045,0.044
fertile,0.000,0.016,1.000,0.033,0.060,0.044
separating,0.000,0.016,1.000,0.033,0.060,0.044
vague,0.000,0.027,1.000,0.054,0.036,0.044
acquired,0.000,0.019,1.000,0.038,0.052,0.044
exchange,0.000,0.035,1.000,0.071,0.028,0.044
error,0.000,0.011,1.000,0.022,0.090,0.044
deprivation,0.000,0.014,1.000,0.027,0.072,0.044
tuesday,0.000,0.022,1.000,0.044,0.045,0.044
increasing,0.000,0.035,1.000,0.071,0.028,0.044
untie,0.000,0.011,1.000,0.022,0.090,0.044
performance,0.000,0.016,1.000,0.033,0.060,0.044
economic,0.000,0.022,1.000,0.044,0.045,0.044
layperson,0.000,0.022,1.000,0.044,0.045,0.044
ram,0.000,0.014,1.000,0.027,0.072,0.044
injustice,0.000,0.035,1.000,0.071,0.028,0.044
maze,0.000,0.008,1.000,0.016,0.120,0.044
pursuit,0.000,0.025,1.000,0.049,0.040,0.044
attribute,0.000,0.022,1.000,0.044,0.045,0.044
desiring,0.000,0.025,1.000,0.049,0.040,0.044
annoyed,0.000,0.016,1.000,0.033,0.060,0.044
massive,0.000,0.011,1.000,0.022,0.090,0.044
purify,0.000,0.011,1.000,0.022,0.090,0.044
accomplishment,0.000,0.019,1.000,0.038,0.051,0.044
vicissitude,0.000,0.011,1.000,0.022,0.090,0.044
famously,0.000,0.016,1.000,0.033,0.060,0.044
plain,0.000,0.033,1.000,0.065,0.030,0.044
steadily,0.000,0.011,1.000,0.022,0.090,0.044
manufacture,0.000,0.027,1.000,0.054,0.036,0.044
self-consciousness,0.000,0.011,1.000,0.022,0.090,0.044
dropped,0.000,0.038,1.000,0.076,0.026,0.044
melting,0.000,0.022,1.000,0.044,0.045,0.044
answering,0.000,0.022,1.000,0.044,0.045,0.044
flourishing,0.000,0.014,1.000,0.027,0.072,0.044
flexibility,0.000,0.025,1.000,0.049,0.040,0.044
downward,0.000,0.027,1.000,0.054,0.036,0.044
reduce,0.000,0.030,1.000,0.060,0.033,0.044
appeared,0.000,0.035,1.000,0.071,0.028,0.044
thigh,0.000,0.025,1.000,0.049,0.040,0.044
nuanced,0.000,0.016,1.000,0.033,0.060,0.044
pour,0.000,0.019,1.000,0.038,0.051,0.044
hug,0.000,0.022,1.000,0.044,0.045,0.044
expert,0.000,0.030,1.000,0.060,0.032,0.044
unwholesomeness,0.000,0.016,1.000,0.033,0.060,0.044
intoxication,0.000,0.008,1.000,0.016,0.119,0.044
terror,0.000,0.016,1.000,0.033,0.060,0.044
disoriented,0.000,0.016,1.000,0.033,0.060,0.044
predicament,0.000,0.016,1.000,0.033,0.059,0.044
cognition,0.000,0.019,1.000,0.038,0.051,0.044
discouraged,0.000,0.027,1.000,0.054,0.036,0.044
cook,0.000,0.035,1.000,0.071,0.027,0.044
ancestral,0.000,0.016,1.000,0.033,0.059,0.044
incline,0.000,0.027,1.000,0.054,0.036,0.044
auditory,0.000,0.014,1.000,0.027,0.071,0.044
readiness,0.000,0.016,1.000,0.033,0.059,0.044
outraged,0.000,0.014,1.000,0.027,0.071,0.044
untangle,0.000,0.014,1.000,0.027,0.071,0.044
ying,0.000,0.016,1.000,0.033,0.059,0.044
chen,0.000,0.016,1.000,0.033,0.059,0.044
math,0.000,0.003,1.000,0.005,0.356,0.044
undefended,0.000,0.016,1.000,0.033,0.059,0.044
encountered,0.000,0.038,1.000,0.076,0.025,0.044
eternity,0.000,0.008,1.000,0.016,0.119,0.044
amazingly,0.000,0.025,1.000,0.049,0.040,0.044
failed,0.000,0.030,1.000,0.060,0.032,0.044
unbinding,0.000,0.014,1.000,0.027,0.071,0.044
translating,0.000,0.038,1.000,0.076,0.025,0.044
week's,0.000,0.025,1.000,0.049,0.039,0.044
organism,0.000,0.008,1.000,0.016,0.118,0.044
khanti,0.000,0.005,1.000,0.011,0.178,0.044
buck,0.000,0.003,1.000,0.005,0.355,0.044
america,0.000,0.035,1.000,0.071,0.027,0.044
camera,0.000,0.022,1.000,0.044,0.044,0.044
profligate,0.000,0.003,1.000,0.005,0.355,0.044
vandalism,0.000,0.003,1.000,0.005,0.355,0.044
self-states,0.000,0.003,1.000,0.005,0.355,0.044
ideally,0.000,0.035,1.000,0.071,0.027,0.044
meaningless,0.000,0.019,1.000,0.038,0.051,0.044
untarrying,0.000,0.005,1.000,0.011,0.177,0.044
tall,0.000,0.033,1.000,0.065,0.029,0.044
pillow,0.000,0.011,1.000,0.022,0.088,0.044
dang,0.000,0.027,1.000,0.054,0.035,0.044
artist,0.000,0.025,1.000,0.049,0.039,0.044
forced,0.000,0.022,1.000,0.044,0.044,0.044
founder,0.000,0.030,1.000,0.060,0.032,0.044
broadcast,0.000,0.025,1.000,0.049,0.039,0.044
slightest,0.000,0.025,1.000,0.049,0.039,0.044
fruitful,0.000,0.027,1.000,0.054,0.035,0.044
representing,0.000,0.016,1.000,0.033,0.059,0.044
entry,0.000,0.030,1.000,0.060,0.032,0.044
playfulness,0.000,0.014,1.000,0.027,0.071,0.044
compound,0.000,0.019,1.000,0.038,0.050,0.044
steadying,0.000,0.027,1.000,0.054,0.035,0.044
affective,0.000,0.025,1.000,0.049,0.039,0.044
motif,0.000,0.027,1.000,0.054,0.035,0.044
loosening,0.000,0.030,1.000,0.060,0.032,0.044
elaborate,0.000,0.033,1.000,0.065,0.029,0.044
substantial,0.000,0.022,1.000,0.044,0.044,0.044
irresponsible,0.000,0.016,1.000,0.033,0.059,0.044
overlook,0.000,0.033,1.000,0.065,0.029,0.044
immerse,0.000,0.011,1.000,0.022,0.088,0.044
metzinger,0.000,0.014,1.000,0.027,0.070,0.044
fueled,0.000,0.033,1.000,0.065,0.029,0.044
morality,0.000,0.019,1.000,0.038,0.050,0.044
gm,0.000,0.014,1.000,0.027,0.070,0.044
vein,0.000,0.008,1.000,0.016,0.117,0.044
surely,0.000,0.016,1.000,0.033,0.058,0.044
translates,0.000,0.033,1.000,0.065,0.029,0.044
householder,0.000,0.030,1.000,0.060,0.032,0.044
fundamentally,0.000,0.033,1.000,0.065,0.029,0.044
chase,0.000,0.033,1.000,0.065,0.029,0.044
entranced,0.000,0.014,1.000,0.027,0.070,0.044
forgotten,0.000,0.035,1.000,0.071,0.027,0.044
pointer,0.000,0.025,1.000,0.049,0.039,0.044
summer,0.000,0.030,1.000,0.060,0.032,0.044
similarly,0.000,0.038,1.000,0.076,0.025,0.044
sanity,0.000,0.008,1.000,0.016,0.116,0.044
undivided,0.000,0.011,1.000,0.022,0.087,0.044
mortal,0.000,0.014,1.000,0.027,0.070,0.044
resonates,0.000,0.027,1.000,0.054,0.035,0.044
paired,0.000,0.014,1.000,0.027,0.070,0.044
unimpeded,0.000,0.016,1.000,0.033,0.058,0.044
rampage,0.000,0.003,1.000,0.005,0.348,0.044
responsive,0.000,0.016,1.000,0.033,0.058,0.044
mary,0.000,0.014,1.000,0.027,0.070,0.044
mentality,0.000,0.019,1.000,0.038,0.050,0.044
placed,0.000,0.033,1.000,0.065,0.029,0.044
bother,0.000,0.030,1.000,0.060,0.032,0.044
freeway,0.000,0.025,1.000,0.049,0.039,0.044
byproduct,0.000,0.025,1.000,0.049,0.039,0.044
refrigerator,0.000,0.014,1.000,0.027,0.070,0.044
crack,0.000,0.022,1.000,0.044,0.043,0.044
partaking,0.000,0.008,1.000,0.016,0.116,0.044
titled,0.000,0.027,1.000,0.054,0.035,0.044
sarva,0.000,0.003,1.000,0.005,0.347,0.043
attentiveness,0.000,0.022,1.000,0.044,0.043,0.043
thick,0.000,0.027,1.000,0.054,0.035,0.043
angle,0.000,0.038,1.000,0.076,0.025,0.043
non-judgmental,0.000,0.011,1.000,0.022,0.087,0.043
viewed,0.000,0.014,1.000,0.027,0.069,0.043
gravitational,0.000,0.014,1.000,0.027,0.069,0.043
whichever,0.000,0.027,1.000,0.054,0.035,0.043
twist,0.000,0.035,1.000,0.071,0.027,0.043
approval,0.000,0.019,1.000,0.038,0.049,0.043
crime,0.000,0.022,1.000,0.044,0.043,0.043
increasingly,0.000,0.022,1.000,0.044,0.043,0.043
mist,0.000,0.008,1.000,0.016,0.115,0.043
generated,0.000,0.027,1.000,0.054,0.035,0.043
grain,0.000,0.027,1.000,0.054,0.035,0.043
arrogance,0.000,0.019,1.000,0.038,0.049,0.043
pouring,0.000,0.022,1.000,0.044,0.043,0.043
encountering,0.000,0.035,1.000,0.071,0.027,0.043
triggered,0.000,0.041,1.000,0.082,0.023,0.043
yoked,0.000,0.011,1.000,0.022,0.086,0.043
volley,0.000,0.003,1.000,0.005,0.345,0.043
hopeless,0.000,0.016,1.000,0.033,0.057,0.043
desperation,0.000,0.019,1.000,0.038,0.049,0.043
fake,0.000,0.014,1.000,0.027,0.069,0.043
constriction,0.000,0.033,1.000,0.065,0.029,0.043
effectively,0.000,0.025,1.000,0.049,0.038,0.043
unseen,0.000,0.038,1.000,0.076,0.025,0.043
sigh,0.000,0.011,1.000,0.022,0.086,0.043
presentation,0.000,0.035,1.000,0.071,0.026,0.043
surfing,0.000,0.019,1.000,0.038,0.049,0.043
introduced,0.000,0.033,1.000,0.065,0.029,0.043
dissolved,0.000,0.019,1.000,0.038,0.049,0.043
milk,0.000,0.008,1.000,0.016,0.114,0.043
extract,0.000,0.014,1.000,0.027,0.069,0.043
constellation,0.000,0.019,1.000,0.038,0.049,0.043
reconnect,0.000,0.025,1.000,0.049,0.038,0.043
non-conflict,0.000,0.011,1.000,0.022,0.086,0.043
buddhacarita,0.000,0.005,1.000,0.011,0.172,0.043
amorphous,0.000,0.022,1.000,0.044,0.043,0.043
yep,0.000,0.030,1.000,0.060,0.031,0.043
amy,0.000,0.008,1.000,0.016,0.114,0.043
ceasing,0.000,0.019,1.000,0.038,0.049,0.043
royal,0.000,0.027,1.000,0.054,0.034,0.043
influenced,0.000,0.027,1.000,0.054,0.034,0.043
homelessness,0.000,0.022,1.000,0.044,0.043,0.043
blocked,0.000,0.019,1.000,0.038,0.049,0.043
reassuring,0.000,0.027,1.000,0.054,0.034,0.043
tao,0.000,0.008,1.000,0.016,0.114,0.043
steadied,0.000,0.019,1.000,0.038,0.049,0.043
annoyance,0.000,0.019,1.000,0.038,0.049,0.043
decides,0.000,0.041,1.000,0.082,0.023,0.043
flight,0.000,0.019,1.000,0.038,0.049,0.043
butterfly,0.000,0.014,1.000,0.027,0.068,0.043
diagnosis,0.000,0.027,1.000,0.054,0.034,0.043
intrinsically,0.000,0.014,1.000,0.027,0.068,0.043
undermine,0.000,0.027,1.000,0.054,0.034,0.043
aligning,0.000,0.030,1.000,0.060,0.031,0.043
repeating,0.000,0.035,1.000,0.071,0.026,0.043
intended,0.000,0.033,1.000,0.065,0.028,0.043
nearby,0.000,0.033,1.000,0.065,0.028,0.043
respected,0.000,0.025,1.000,0.049,0.038,0.043
sibling,0.000,0.019,1.000,0.038,0.049,0.043
dig,0.000,0.022,1.000,0.044,0.042,0.043
widen,0.000,0.011,1.000,0.022,0.085,0.043
frustrated,0.000,0.038,1.000,0.076,0.024,0.043
assign,0.000,0.025,1.000,0.049,0.038,0.043
diminishment,0.000,0.008,1.000,0.016,0.113,0.043
lust,0.000,0.033,1.000,0.065,0.028,0.043
aim,0.000,0.044,1.000,0.087,0.021,0.043
comforted,0.000,0.022,1.000,0.044,0.042,0.043
quieted,0.000,0.025,1.000,0.049,0.038,0.043
okay-ness,0.000,0.016,1.000,0.033,0.057,0.043
fable,0.000,0.014,1.000,0.027,0.068,0.043
absorb,0.000,0.014,1.000,0.027,0.068,0.043
backwards,0.000,0.027,1.000,0.054,0.034,0.043
roaming,0.000,0.016,1.000,0.033,0.056,0.043
clip,0.000,0.008,1.000,0.016,0.113,0.043
proper,0.000,0.019,1.000,0.038,0.048,0.043
ordination,0.000,0.016,1.000,0.033,0.056,0.043
stirring,0.000,0.022,1.000,0.044,0.042,0.043
non-aversion,0.000,0.008,1.000,0.016,0.113,0.043
unfortunately,0.000,0.033,1.000,0.065,0.028,0.043
oneness,0.000,0.016,1.000,0.033,0.056,0.043
simplification,0.000,0.014,1.000,0.027,0.067,0.043
malleable,0.000,0.022,1.000,0.044,0.042,0.043
proud,0.000,0.025,1.000,0.049,0.037,0.043
pilot,0.000,0.022,1.000,0.044,0.042,0.043
december,0.000,0.016,1.000,0.033,0.056,0.043
depiction,0.000,0.019,1.000,0.038,0.048,0.043
listened,0.000,0.035,1.000,0.071,0.026,0.043
frightening,0.000,0.027,1.000,0.054,0.034,0.043
temporary,0.000,0.027,1.000,0.054,0.034,0.043
recedes,0.000,0.016,1.000,0.033,0.056,0.043
blameless,0.000,0.011,1.000,0.022,0.084,0.043
interpersonal,0.000,0.019,1.000,0.038,0.048,0.043
covetousness,0.000,0.016,1.000,0.033,0.056,0.043
rarely,0.000,0.038,1.000,0.076,0.024,0.043
joseph,0.000,0.033,1.000,0.065,0.028,0.043
behold,0.000,0.033,1.000,0.065,0.028,0.043
resides,0.000,0.022,1.000,0.044,0.042,0.043
lovingkindness,0.000,0.005,1.000,0.011,0.168,0.043
impactful,0.000,0.030,1.000,0.060,0.031,0.043
rut,0.000,0.008,1.000,0.016,0.112,0.043
underestimate,0.000,0.033,1.000,0.065,0.028,0.043
generalized,0.000,0.025,1.000,0.049,0.037,0.043
thy,0.000,0.005,1.000,0.011,0.168,0.043
convince,0.000,0.035,1.000,0.071,0.026,0.043
tuscany,0.000,0.014,1.000,0.027,0.067,0.043
ash,0.000,0.011,1.000,0.022,0.084,0.043
right,0.004,0.864,0.996,0.272,0.007,0.043
affectionate,0.000,0.016,1.000,0.033,0.056,0.043
mixed,0.000,0.022,1.000,0.044,0.042,0.043
route,0.000,0.027,1.000,0.054,0.033,0.043
bothered,0.000,0.008,1.000,0.016,0.111,0.043
weakness,0.000,0.022,1.000,0.044,0.042,0.043
fella,0.000,0.016,1.000,0.033,0.056,0.043
healthcare,0.000,0.011,1.000,0.022,0.084,0.043
abundance,0.000,0.025,1.000,0.049,0.037,0.043
teeny,0.000,0.022,1.000,0.044,0.042,0.043
yellow,0.000,0.019,1.000,0.038,0.048,0.043
heartfelt,0.000,0.019,1.000,0.038,0.048,0.043
craft,0.000,0.030,1.000,0.060,0.030,0.043
sentient,0.000,0.019,1.000,0.038,0.048,0.043
frightened,0.000,0.022,1.000,0.044,0.042,0.043
economy,0.000,0.025,1.000,0.049,0.037,0.043
attaining,0.000,0.027,1.000,0.054,0.033,0.043
flooded,0.000,0.008,1.000,0.016,0.111,0.043
explaining,0.000,0.030,1.000,0.060,0.030,0.043
cousin,0.000,0.025,1.000,0.049,0.037,0.043
self-acceptance,0.000,0.005,1.000,0.011,0.166,0.043
nidanakatha,0.000,0.005,1.000,0.011,0.166,0.043
baldwin,0.000,0.005,1.000,0.011,0.166,0.043
insisting,0.000,0.019,1.000,0.038,0.048,0.043
spontaneous,0.000,0.016,1.000,0.033,0.055,0.043
responds,0.000,0.022,1.000,0.044,0.042,0.043
step-by-step,0.000,0.016,1.000,0.033,0.055,0.043
jellyfish,0.000,0.014,1.000,0.027,0.066,0.043
smoothly,0.000,0.022,1.000,0.044,0.042,0.043
analyzing,0.000,0.030,1.000,0.060,0.030,0.043
intent,0.000,0.030,1.000,0.060,0.030,0.043
disenchantment,0.000,0.014,1.000,0.027,0.066,0.043
infuse,0.000,0.016,1.000,0.033,0.055,0.043
sayadaw,0.000,0.014,1.000,0.027,0.066,0.043
inch,0.000,0.025,1.000,0.049,0.037,0.043
random,0.000,0.030,1.000,0.060,0.030,0.043
accent,0.000,0.005,1.000,0.011,0.166,0.043
summarize,0.000,0.025,1.000,0.049,0.037,0.042
straighter,0.000,0.022,1.000,0.044,0.041,0.042
calf,0.000,0.011,1.000,0.022,0.083,0.042
savoring,0.000,0.025,1.000,0.049,0.037,0.042
specialty,0.000,0.014,1.000,0.027,0.066,0.042
regardless,0.000,0.041,1.000,0.082,0.022,0.042
regarding,0.000,0.027,1.000,0.054,0.033,0.042
attempting,0.000,0.016,1.000,0.033,0.055,0.042
panna,0.000,0.019,1.000,0.038,0.047,0.042
honey,0.000,0.016,1.000,0.033,0.055,0.042
formed,0.000,0.027,1.000,0.054,0.033,0.042
animated,0.000,0.014,1.000,0.027,0.066,0.042
neurosis,0.000,0.014,1.000,0.027,0.066,0.042
terrifying,0.000,0.008,1.000,0.016,0.110,0.042
highlighting,0.000,0.027,1.000,0.054,0.033,0.042
indulging,0.000,0.014,1.000,0.027,0.066,0.042
stockade,0.000,0.003,1.000,0.005,0.330,0.042
monarch,0.000,0.011,1.000,0.022,0.082,0.042
enormously,0.000,0.030,1.000,0.060,0.030,0.042
moha,0.000,0.005,1.000,0.011,0.165,0.042
morning's,0.000,0.022,1.000,0.044,0.041,0.042
piercing,0.000,0.016,1.000,0.033,0.055,0.042
soak,0.000,0.011,1.000,0.022,0.082,0.042
motivates,0.000,0.022,1.000,0.044,0.041,0.042
apathy,0.000,0.019,1.000,0.038,0.047,0.042
vital,0.000,0.027,1.000,0.054,0.033,0.042
test,0.000,0.033,1.000,0.065,0.027,0.042
authentic,0.000,0.033,1.000,0.065,0.027,0.042
engine,0.000,0.022,1.000,0.044,0.041,0.042
psychotherapy,0.000,0.016,1.000,0.033,0.055,0.042
machine,0.000,0.030,1.000,0.060,0.030,0.042
apannaka,0.000,0.005,1.000,0.011,0.164,0.042
composure,0.000,0.011,1.000,0.022,0.082,0.042
cathedral,0.000,0.019,1.000,0.038,0.047,0.042
foolishness,0.000,0.008,1.000,0.016,0.109,0.042
mahayana,0.000,0.033,1.000,0.065,0.027,0.042
ray,0.000,0.016,1.000,0.033,0.055,0.042
gratification,0.000,0.014,1.000,0.027,0.066,0.042
intolerance,0.000,0.005,1.000,0.011,0.164,0.042
drug,0.000,0.025,1.000,0.049,0.036,0.042
supply,0.000,0.027,1.000,0.054,0.033,0.042
responded,0.000,0.025,1.000,0.049,0.036,0.042
wonky,0.000,0.008,1.000,0.016,0.109,0.042
yearning,0.000,0.014,1.000,0.027,0.065,0.042
joke,0.000,0.027,1.000,0.054,0.033,0.042
evolve,0.000,0.025,1.000,0.049,0.036,0.042
around,0.002,0.837,0.998,0.327,0.005,0.042
disturbing,0.000,0.022,1.000,0.044,0.041,0.042
martin,0.000,0.022,1.000,0.044,0.041,0.042
callard,0.000,0.014,1.000,0.027,0.065,0.042
detached,0.000,0.016,1.000,0.033,0.054,0.042
climb,0.000,0.016,1.000,0.033,0.054,0.042
liz,0.000,0.016,1.000,0.033,0.054,0.042
trading,0.000,0.008,1.000,0.016,0.109,0.042
product,0.000,0.025,1.000,0.049,0.036,0.042
race,0.000,0.027,1.000,0.054,0.033,0.042
pace,0.000,0.027,1.000,0.054,0.033,0.042
refining,0.000,0.016,1.000,0.033,0.054,0.042
welling,0.000,0.016,1.000,0.033,0.054,0.042
racking,0.000,0.005,1.000,0.011,0.162,0.042
self-improvement,0.000,0.005,1.000,0.011,0.162,0.042
encourages,0.000,0.030,1.000,0.060,0.029,0.042
portion,0.000,0.022,1.000,0.044,0.041,0.042
sailing,0.000,0.016,1.000,0.033,0.054,0.042
wave-like,0.000,0.005,1.000,0.011,0.162,0.042
cutting,0.000,0.033,1.000,0.065,0.027,0.042
pristine,0.000,0.019,1.000,0.038,0.046,0.042
urgent,0.000,0.011,1.000,0.022,0.081,0.042
lousy,0.000,0.030,1.000,0.060,0.029,0.042
evokes,0.000,0.019,1.000,0.038,0.046,0.042
culmination,0.000,0.014,1.000,0.027,0.065,0.042
trick,0.000,0.027,1.000,0.054,0.032,0.042
hitting,0.000,0.019,1.000,0.038,0.046,0.042
argument,0.000,0.030,1.000,0.060,0.029,0.042
noun,0.000,0.014,1.000,0.027,0.065,0.042
relates,0.000,0.035,1.000,0.071,0.025,0.042
behave,0.000,0.033,1.000,0.065,0.027,0.042
fulfilled,0.000,0.033,1.000,0.065,0.027,0.042
typical,0.000,0.022,1.000,0.044,0.040,0.042
bit,0.003,0.850,0.997,0.300,0.006,0.042
waist,0.000,0.005,1.000,0.011,0.161,0.042
triple,0.000,0.014,1.000,0.027,0.064,0.042
surround,0.000,0.027,1.000,0.054,0.032,0.042
blinder,0.000,0.016,1.000,0.033,0.054,0.042
nothing's,0.000,0.027,1.000,0.054,0.032,0.042
michelle,0.000,0.008,1.000,0.016,0.107,0.042
reverse,0.000,0.022,1.000,0.044,0.040,0.042
permeate,0.000,0.025,1.000,0.049,0.036,0.042
site,0.000,0.019,1.000,0.038,0.046,0.042
historical,0.000,0.030,1.000,0.060,0.029,0.042
paint,0.000,0.025,1.000,0.049,0.036,0.042
embellish,0.000,0.003,1.000,0.005,0.321,0.042
scary,0.000,0.033,1.000,0.065,0.027,0.042
canada,0.000,0.014,1.000,0.027,0.064,0.042
evaluate,0.000,0.022,1.000,0.044,0.040,0.042
maturing,0.000,0.019,1.000,0.038,0.046,0.042
decrease,0.000,0.022,1.000,0.044,0.040,0.042
barely,0.000,0.022,1.000,0.044,0.040,0.042
evolved,0.000,0.027,1.000,0.054,0.032,0.042
alienated,0.000,0.022,1.000,0.044,0.040,0.042
rocking,0.000,0.019,1.000,0.038,0.046,0.042
perceives,0.000,0.014,1.000,0.027,0.064,0.042
warmer,0.000,0.025,1.000,0.049,0.036,0.042
marin,0.000,0.014,1.000,0.027,0.064,0.042
suitcase,0.000,0.011,1.000,0.022,0.080,0.042
southern,0.000,0.019,1.000,0.038,0.046,0.042
limb,0.000,0.016,1.000,0.033,0.053,0.042
gripping,0.000,0.022,1.000,0.044,0.040,0.042
satiate,0.000,0.005,1.000,0.011,0.160,0.042
visitor,0.000,0.019,1.000,0.038,0.046,0.042
fragment,0.000,0.019,1.000,0.038,0.046,0.042
shown,0.000,0.033,1.000,0.065,0.027,0.042
yard,0.000,0.016,1.000,0.033,0.053,0.042
ordinariness,0.000,0.014,1.000,0.027,0.064,0.042
planted,0.000,0.025,1.000,0.049,0.035,0.042
abstain,0.000,0.014,1.000,0.027,0.064,0.042
observable,0.000,0.011,1.000,0.022,0.080,0.042
presume,0.000,0.022,1.000,0.044,0.040,0.042
predictive,0.000,0.008,1.000,0.016,0.106,0.042
e,0.000,0.022,1.000,0.044,0.040,0.042
tassajara,0.000,0.016,1.000,0.033,0.053,0.042
scenario,0.000,0.035,1.000,0.071,0.024,0.042
no-self,0.000,0.022,1.000,0.044,0.040,0.042
nietzsche,0.000,0.014,1.000,0.027,0.064,0.042
secondary,0.000,0.027,1.000,0.054,0.032,0.042
envision,0.000,0.011,1.000,0.022,0.079,0.042
veil,0.000,0.022,1.000,0.044,0.040,0.042
squirrel,0.000,0.014,1.000,0.027,0.064,0.042
matrix,0.000,0.011,1.000,0.022,0.079,0.042
powerlessness,0.000,0.016,1.000,0.033,0.053,0.042
strengthening,0.000,0.033,1.000,0.065,0.026,0.042
consumed,0.000,0.022,1.000,0.044,0.040,0.042
word,0.002,0.847,0.998,0.305,0.006,0.042
elevation,0.000,0.019,1.000,0.038,0.045,0.042
whatever,0.002,0.845,0.998,0.311,0.006,0.042
perpetuate,0.000,0.016,1.000,0.033,0.053,0.042
remainder,0.000,0.011,1.000,0.022,0.079,0.042
dy,0.000,0.033,1.000,0.065,0.026,0.042
homeostasis,0.000,0.011,1.000,0.022,0.079,0.042
shocking,0.000,0.016,1.000,0.033,0.053,0.042
tragic,0.000,0.030,1.000,0.060,0.029,0.042
foreign,0.000,0.022,1.000,0.044,0.040,0.042
restaurant,0.000,0.019,1.000,0.038,0.045,0.042
confession,0.000,0.011,1.000,0.022,0.079,0.042
deathless,0.000,0.016,1.000,0.033,0.053,0.041
vocabulary,0.000,0.030,1.000,0.060,0.029,0.041
commentarial,0.000,0.025,1.000,0.049,0.035,0.041
spin,0.000,0.025,1.000,0.049,0.035,0.041
hallmark,0.000,0.014,1.000,0.027,0.063,0.041
hydrogen,0.000,0.008,1.000,0.016,0.105,0.041
recommendation,0.000,0.022,1.000,0.044,0.039,0.041
attacked,0.000,0.027,1.000,0.054,0.032,0.041
winter,0.000,0.030,1.000,0.060,0.029,0.041
investment,0.000,0.011,1.000,0.022,0.079,0.041
modeling,0.000,0.011,1.000,0.022,0.079,0.041
broadly,0.000,0.016,1.000,0.033,0.053,0.041
lao,0.000,0.008,1.000,0.016,0.105,0.041
kinder,0.000,0.022,1.000,0.044,0.039,0.041
one-on-one,0.000,0.019,1.000,0.038,0.045,0.041
silver,0.000,0.016,1.000,0.033,0.053,0.041
elevated,0.000,0.014,1.000,0.027,0.063,0.041
inseparable,0.000,0.019,1.000,0.038,0.045,0.041
consensual,0.000,0.005,1.000,0.011,0.157,0.041
divisiveness,0.000,0.019,1.000,0.038,0.045,0.041
plow,0.000,0.011,1.000,0.022,0.079,0.041
politics,0.000,0.033,1.000,0.065,0.026,0.041
elder,0.000,0.030,1.000,0.060,0.029,0.041
solved,0.000,0.025,1.000,0.049,0.035,0.041
buying,0.000,0.030,1.000,0.060,0.029,0.041
tipping,0.000,0.014,1.000,0.027,0.063,0.041
observer,0.000,0.008,1.000,0.016,0.105,0.041
comfortably,0.000,0.022,1.000,0.044,0.039,0.041
savor,0.000,0.019,1.000,0.038,0.045,0.041
assigning,0.000,0.014,1.000,0.027,0.063,0.041
hinder,0.000,0.014,1.000,0.027,0.063,0.041
exposed,0.000,0.016,1.000,0.033,0.052,0.041
cognitively,0.000,0.008,1.000,0.016,0.104,0.041
excellent,0.000,0.035,1.000,0.071,0.024,0.041
tuned,0.000,0.027,1.000,0.054,0.031,0.041
claustrophobic,0.000,0.011,1.000,0.022,0.078,0.041
molecule,0.000,0.016,1.000,0.033,0.052,0.041
jungle,0.000,0.016,1.000,0.033,0.052,0.041
collectedness,0.000,0.019,1.000,0.038,0.045,0.041
rudder,0.000,0.008,1.000,0.016,0.104,0.041
trance,0.000,0.011,1.000,0.022,0.078,0.041
criticized,0.000,0.019,1.000,0.038,0.045,0.041
bhaddiya,0.000,0.005,1.000,0.011,0.156,0.041
pocket,0.000,0.025,1.000,0.049,0.035,0.041
suffers,0.000,0.011,1.000,0.022,0.078,0.041
suffused,0.000,0.016,1.000,0.033,0.052,0.041
fred,0.000,0.008,1.000,0.016,0.104,0.041
stabilized,0.000,0.022,1.000,0.044,0.039,0.041
bull,0.000,0.008,1.000,0.016,0.104,0.041
guarded,0.000,0.016,1.000,0.033,0.052,0.041
shot,0.000,0.016,1.000,0.033,0.052,0.041
parallel,0.000,0.030,1.000,0.060,0.028,0.041
detailed,0.000,0.022,1.000,0.044,0.039,0.041
lifted,0.000,0.019,1.000,0.038,0.045,0.041
tzu,0.000,0.005,1.000,0.011,0.156,0.041
denial,0.000,0.022,1.000,0.044,0.039,0.041
chicken,0.000,0.025,1.000,0.049,0.035,0.041
photo,0.000,0.011,1.000,0.022,0.078,0.041
sweeping,0.000,0.014,1.000,0.027,0.062,0.041
dock,0.000,0.003,1.000,0.005,0.311,0.041
subtlest,0.000,0.011,1.000,0.022,0.078,0.041
plastic,0.000,0.014,1.000,0.027,0.062,0.041
confidently,0.000,0.005,1.000,0.011,0.155,0.041
stuckness,0.000,0.011,1.000,0.022,0.078,0.041
forward-leading,0.000,0.011,1.000,0.022,0.078,0.041
excellence,0.000,0.019,1.000,0.038,0.044,0.041
rama,0.000,0.005,1.000,0.011,0.155,0.041
storehouse,0.000,0.005,1.000,0.011,0.155,0.041
appropriately,0.000,0.035,1.000,0.071,0.024,0.041
respecting,0.000,0.019,1.000,0.038,0.044,0.041
dimly,0.000,0.008,1.000,0.016,0.103,0.041
many,0.002,0.831,0.998,0.338,0.005,0.041
clenched,0.000,0.019,1.000,0.038,0.044,0.041
compass,0.000,0.008,1.000,0.016,0.103,0.041
divisive,0.000,0.022,1.000,0.044,0.039,0.041
humbling,0.000,0.019,1.000,0.038,0.044,0.041
unhappy,0.000,0.022,1.000,0.044,0.039,0.041
toss,0.000,0.014,1.000,0.027,0.062,0.041
ruin,0.000,0.016,1.000,0.033,0.052,0.041
remorse,0.000,0.019,1.000,0.038,0.044,0.041
agreeable,0.000,0.016,1.000,0.033,0.052,0.041
cooking,0.000,0.025,1.000,0.049,0.034,0.041
university,0.000,0.030,1.000,0.060,0.028,0.041
faint,0.000,0.022,1.000,0.044,0.039,0.041
solidify,0.000,0.019,1.000,0.038,0.044,0.041
trustworthy,0.000,0.008,1.000,0.016,0.103,0.041
justify,0.000,0.027,1.000,0.054,0.031,0.041
surroundings,0.000,0.027,1.000,0.054,0.031,0.041
cheekbone,0.000,0.003,1.000,0.005,0.309,0.041
unguarded,0.000,0.003,1.000,0.005,0.309,0.041
cleared,0.000,0.025,1.000,0.049,0.034,0.041
inadequacy,0.000,0.027,1.000,0.054,0.031,0.041
slave,0.000,0.011,1.000,0.022,0.077,0.041
precursor,0.000,0.022,1.000,0.044,0.039,0.041
missing,0.000,0.022,1.000,0.044,0.039,0.041
elephant's,0.000,0.005,1.000,0.011,0.154,0.041
vista,0.000,0.022,1.000,0.044,0.039,0.041
uncertain,0.000,0.027,1.000,0.054,0.031,0.041
meander,0.000,0.008,1.000,0.016,0.103,0.041
nope,0.000,0.025,1.000,0.049,0.034,0.041
unpreoccupied,0.000,0.008,1.000,0.016,0.103,0.041
eyesight,0.000,0.025,1.000,0.049,0.034,0.041
acting-out,0.000,0.003,1.000,0.005,0.308,0.041
disruptiveness,0.000,0.003,1.000,0.005,0.308,0.041
mouse,0.000,0.005,1.000,0.011,0.154,0.041
article,0.000,0.030,1.000,0.060,0.028,0.041
wondered,0.000,0.027,1.000,0.054,0.031,0.041
serenity,0.000,0.008,1.000,0.016,0.102,0.041
radiant,0.000,0.014,1.000,0.027,0.061,0.041
quarreling,0.000,0.003,1.000,0.005,0.307,0.041
rate,0.000,0.027,1.000,0.054,0.031,0.041
trusted,0.000,0.027,1.000,0.054,0.031,0.041
deciding,0.000,0.025,1.000,0.049,0.034,0.041
derealization,0.000,0.003,1.000,0.005,0.307,0.041
sprout,0.000,0.022,1.000,0.044,0.038,0.041
surprisingly,0.000,0.022,1.000,0.044,0.038,0.041
tooth-brusher,0.000,0.003,1.000,0.005,0.307,0.041
ought,0.000,0.016,1.000,0.033,0.051,0.041
yield,0.000,0.011,1.000,0.022,0.077,0.041
dignified,0.000,0.019,1.000,0.038,0.044,0.041
shutting,0.000,0.025,1.000,0.049,0.034,0.041
slap,0.000,0.027,1.000,0.054,0.031,0.041
besides,0.000,0.033,1.000,0.065,0.026,0.041
reverberation,0.000,0.011,1.000,0.022,0.077,0.041
beside,0.000,0.019,1.000,0.038,0.044,0.041
kernel,0.000,0.014,1.000,0.027,0.061,0.041
advanced,0.000,0.030,1.000,0.060,0.028,0.041
transactional,0.000,0.011,1.000,0.022,0.077,0.041
enveloping,0.000,0.003,1.000,0.005,0.306,0.041
unconsciousness,0.000,0.008,1.000,0.016,0.102,0.041
okayness,0.000,0.016,1.000,0.033,0.051,0.041
learns,0.000,0.011,1.000,0.022,0.076,0.041
youth,0.000,0.019,1.000,0.038,0.044,0.041
boom,0.000,0.038,1.000,0.076,0.022,0.041
noon,0.000,0.022,1.000,0.044,0.038,0.041
outline,0.000,0.025,1.000,0.049,0.034,0.041
catholic,0.000,0.022,1.000,0.044,0.038,0.041
latch,0.000,0.016,1.000,0.033,0.051,0.041
unpacking,0.000,0.019,1.000,0.038,0.044,0.041
unacceptable,0.000,0.008,1.000,0.016,0.102,0.041
badge,0.000,0.016,1.000,0.033,0.051,0.041
penetrate,0.000,0.027,1.000,0.054,0.030,0.041
conceptualizing,0.000,0.016,1.000,0.033,0.051,0.041
unimaginable,0.000,0.014,1.000,0.027,0.061,0.041
luminosity,0.000,0.014,1.000,0.027,0.061,0.041
powell,0.000,0.016,1.000,0.033,0.051,0.041
cassette,0.000,0.003,1.000,0.005,0.304,0.041
evolves,0.000,0.014,1.000,0.027,0.061,0.041
avenue,0.000,0.025,1.000,0.049,0.034,0.041
functioning,0.000,0.030,1.000,0.060,0.028,0.041
worm,0.000,0.011,1.000,0.022,0.076,0.041
thorn,0.000,0.005,1.000,0.011,0.152,0.041
bumpy,0.000,0.005,1.000,0.011,0.152,0.041
synonym,0.000,0.019,1.000,0.038,0.043,0.041
tiger,0.000,0.014,1.000,0.027,0.061,0.041
simplified,0.000,0.014,1.000,0.027,0.061,0.041
sleepy,0.000,0.016,1.000,0.033,0.051,0.041
thirsty,0.000,0.016,1.000,0.033,0.051,0.041
hat,0.000,0.025,1.000,0.049,0.034,0.041
kodo,0.000,0.003,1.000,0.005,0.303,0.041
conlin,0.000,0.003,1.000,0.005,0.303,0.041
suggests,0.000,0.027,1.000,0.054,0.030,0.041
cast,0.000,0.016,1.000,0.033,0.050,0.041
self-care,0.000,0.022,1.000,0.044,0.038,0.041
kinship,0.000,0.025,1.000,0.049,0.034,0.041
utterly,0.000,0.016,1.000,0.033,0.050,0.041
yakkha,0.000,0.014,1.000,0.027,0.061,0.041
insist,0.000,0.016,1.000,0.033,0.050,0.041
how's,0.000,0.022,1.000,0.044,0.038,0.041
idiosyncratic,0.000,0.014,1.000,0.027,0.060,0.041
mom,0.000,0.025,1.000,0.049,0.034,0.041
purposefulness,0.000,0.003,1.000,0.005,0.302,0.041
requirement,0.000,0.025,1.000,0.049,0.034,0.041
lump,0.000,0.019,1.000,0.038,0.043,0.041
beast,0.000,0.008,1.000,0.016,0.101,0.041
perceptual,0.000,0.014,1.000,0.027,0.060,0.041
he'll,0.000,0.033,1.000,0.065,0.025,0.041
quarrel,0.000,0.011,1.000,0.022,0.075,0.041
restfulness,0.000,0.005,1.000,0.011,0.151,0.041
aching,0.000,0.019,1.000,0.038,0.043,0.041
flesh,0.000,0.030,1.000,0.060,0.027,0.041
lifespan,0.000,0.014,1.000,0.027,0.060,0.041
mercy,0.000,0.014,1.000,0.027,0.060,0.041
dialectic,0.000,0.011,1.000,0.022,0.075,0.041
transaction,0.000,0.011,1.000,0.022,0.075,0.041
oldest,0.000,0.025,1.000,0.049,0.033,0.041
se,0.000,0.027,1.000,0.054,0.030,0.041
confuse,0.000,0.019,1.000,0.038,0.043,0.041
fever,0.000,0.016,1.000,0.033,0.050,0.041
akin,0.000,0.016,1.000,0.033,0.050,0.040
clearing,0.000,0.022,1.000,0.044,0.038,0.040
tautness,0.000,0.011,1.000,0.022,0.075,0.040
sakkaya-ditthi,0.000,0.011,1.000,0.022,0.075,0.040
offline,0.000,0.019,1.000,0.038,0.043,0.040
captain,0.000,0.008,1.000,0.016,0.100,0.040
theoretical,0.000,0.019,1.000,0.038,0.043,0.040
earliest,0.000,0.027,1.000,0.054,0.030,0.040
genuinely,0.000,0.022,1.000,0.044,0.038,0.040
recipient,0.000,0.022,1.000,0.044,0.037,0.040
padhana,0.000,0.003,1.000,0.005,0.300,0.040
ringing,0.000,0.016,1.000,0.033,0.050,0.040
hero,0.000,0.019,1.000,0.038,0.043,0.040
cried,0.000,0.022,1.000,0.044,0.037,0.040
aspire,0.000,0.019,1.000,0.038,0.043,0.040
bhante,0.000,0.014,1.000,0.027,0.060,0.040
duration,0.000,0.022,1.000,0.044,0.037,0.040
striking,0.000,0.019,1.000,0.038,0.043,0.040
persist,0.000,0.030,1.000,0.060,0.027,0.040
effortlessly,0.000,0.011,1.000,0.022,0.075,0.040
soaking,0.000,0.019,1.000,0.038,0.043,0.040
caretaker,0.000,0.022,1.000,0.044,0.037,0.040
hunting,0.000,0.008,1.000,0.016,0.099,0.040
govern,0.000,0.011,1.000,0.022,0.075,0.040
profession,0.000,0.025,1.000,0.049,0.033,0.040
defensive,0.000,0.019,1.000,0.038,0.043,0.040
roofed,0.000,0.005,1.000,0.011,0.149,0.040
masquerading,0.000,0.008,1.000,0.016,0.099,0.040
gracefully,0.000,0.022,1.000,0.044,0.037,0.040
suggesting,0.000,0.033,1.000,0.065,0.025,0.040
gracious,0.000,0.022,1.000,0.044,0.037,0.040
acknowledgment,0.000,0.019,1.000,0.038,0.043,0.040
righteous,0.000,0.030,1.000,0.060,0.027,0.040
engler,0.000,0.003,1.000,0.005,0.298,0.040
endlessly,0.000,0.016,1.000,0.033,0.050,0.040
pro,0.000,0.016,1.000,0.033,0.050,0.040
accompanies,0.000,0.016,1.000,0.033,0.050,0.040
emergency,0.000,0.022,1.000,0.044,0.037,0.040
uplifting,0.000,0.025,1.000,0.049,0.033,0.040
charged,0.000,0.011,1.000,0.022,0.074,0.040
samma,0.000,0.014,1.000,0.027,0.059,0.040
suicide,0.000,0.003,1.000,0.005,0.297,0.040
entertainment,0.000,0.025,1.000,0.049,0.033,0.040
teasing,0.000,0.019,1.000,0.038,0.042,0.040
d,0.000,0.011,1.000,0.022,0.074,0.040
corridor,0.000,0.005,1.000,0.011,0.148,0.040
founded,0.000,0.014,1.000,0.027,0.059,0.040
select,0.000,0.016,1.000,0.033,0.049,0.040
band,0.000,0.011,1.000,0.022,0.074,0.040
ecstasy,0.000,0.019,1.000,0.038,0.042,0.040
transforms,0.000,0.022,1.000,0.044,0.037,0.040
thought,0.004,0.877,0.996,0.245,0.007,0.040
eco-chaplaincy,0.000,0.019,1.000,0.038,0.042,0.040
generate,0.000,0.027,1.000,0.054,0.030,0.040
sol,0.000,0.014,1.000,0.027,0.059,0.040
pet,0.000,0.022,1.000,0.044,0.037,0.040
cross-legged,0.000,0.027,1.000,0.054,0.030,0.040
emerging,0.000,0.016,1.000,0.033,0.049,0.040
pm,0.000,0.003,1.000,0.005,0.295,0.040
purposeful,0.000,0.014,1.000,0.027,0.059,0.040
bill,0.000,0.016,1.000,0.033,0.049,0.040
adapt,0.000,0.025,1.000,0.049,0.033,0.040
stepped,0.000,0.022,1.000,0.044,0.037,0.040
heady,0.000,0.019,1.000,0.038,0.042,0.040
heading,0.000,0.016,1.000,0.033,0.049,0.040
constitutes,0.000,0.016,1.000,0.033,0.049,0.040
feared,0.000,0.011,1.000,0.022,0.074,0.040
body,0.006,0.907,0.994,0.185,0.009,0.040
skip,0.000,0.016,1.000,0.033,0.049,0.040
impute,0.000,0.011,1.000,0.022,0.074,0.040
safer,0.000,0.016,1.000,0.033,0.049,0.040
cognizing,0.000,0.008,1.000,0.016,0.098,0.040
load,0.000,0.008,1.000,0.016,0.098,0.040
hardness,0.000,0.016,1.000,0.033,0.049,0.040
parable,0.000,0.011,1.000,0.022,0.073,0.040
warmed,0.000,0.019,1.000,0.038,0.042,0.040
scientific,0.000,0.016,1.000,0.033,0.049,0.040
loses,0.000,0.016,1.000,0.033,0.049,0.040
viewing,0.000,0.022,1.000,0.044,0.037,0.040
cleaned,0.000,0.025,1.000,0.049,0.033,0.040
complacency,0.000,0.014,1.000,0.027,0.059,0.040
idealistic,0.000,0.016,1.000,0.033,0.049,0.040
college,0.000,0.027,1.000,0.054,0.029,0.040
egret,0.000,0.008,1.000,0.016,0.098,0.040
overlooked,0.000,0.030,1.000,0.060,0.027,0.040
valley,0.000,0.030,1.000,0.060,0.027,0.040
life-giving,0.000,0.016,1.000,0.033,0.049,0.040
functional,0.000,0.016,1.000,0.033,0.049,0.040
welcome,0.001,0.809,0.999,0.381,0.004,0.040
groundlessness,0.000,0.011,1.000,0.022,0.073,0.040
ate,0.000,0.019,1.000,0.038,0.042,0.040
unpacked,0.000,0.019,1.000,0.038,0.042,0.040
overcoming,0.000,0.025,1.000,0.049,0.032,0.040
sickness,0.000,0.019,1.000,0.038,0.042,0.040
played,0.000,0.025,1.000,0.049,0.032,0.040
supernatural,0.000,0.019,1.000,0.038,0.042,0.040
receding,0.000,0.022,1.000,0.044,0.036,0.040
generative,0.000,0.016,1.000,0.033,0.048,0.040
deceive,0.000,0.014,1.000,0.027,0.058,0.040
clock,0.000,0.019,1.000,0.038,0.041,0.040
technological,0.000,0.014,1.000,0.027,0.058,0.040
aisle,0.000,0.016,1.000,0.033,0.048,0.040
capital,0.000,0.016,1.000,0.033,0.048,0.040
cleansing,0.000,0.011,1.000,0.022,0.073,0.040
enthusiasm,0.000,0.019,1.000,0.038,0.041,0.040
deed,0.000,0.025,1.000,0.049,0.032,0.040
selectivity,0.000,0.016,1.000,0.033,0.048,0.040
replay,0.000,0.022,1.000,0.044,0.036,0.040
nesting,0.000,0.011,1.000,0.022,0.072,0.040
uniqueness,0.000,0.008,1.000,0.016,0.097,0.040
attractive,0.000,0.022,1.000,0.044,0.036,0.040
earthworm,0.000,0.011,1.000,0.022,0.072,0.040
oppression,0.000,0.022,1.000,0.044,0.036,0.040
modicum,0.000,0.022,1.000,0.044,0.036,0.040
induce,0.000,0.008,1.000,0.016,0.096,0.040
pebble,0.000,0.022,1.000,0.044,0.036,0.040
horror,0.000,0.016,1.000,0.033,0.048,0.040
corral,0.000,0.011,1.000,0.022,0.072,0.040
published,0.000,0.022,1.000,0.044,0.036,0.040
grim,0.000,0.016,1.000,0.033,0.048,0.040
accordingly,0.000,0.019,1.000,0.038,0.041,0.040
participation,0.000,0.022,1.000,0.044,0.036,0.040
sub,0.000,0.011,1.000,0.022,0.072,0.040
foggy,0.000,0.027,1.000,0.054,0.029,0.040
criticizing,0.000,0.022,1.000,0.044,0.036,0.040
other's,0.000,0.022,1.000,0.044,0.036,0.040
differentiate,0.000,0.022,1.000,0.044,0.036,0.040
slowing,0.000,0.022,1.000,0.044,0.036,0.040
peg,0.000,0.011,1.000,0.022,0.072,0.040
troubling,0.000,0.016,1.000,0.033,0.048,0.040
prone,0.000,0.016,1.000,0.033,0.048,0.040
linked,0.000,0.019,1.000,0.038,0.041,0.040
oliver,0.000,0.011,1.000,0.022,0.072,0.040
bumping,0.000,0.014,1.000,0.027,0.057,0.040
blown,0.000,0.022,1.000,0.044,0.036,0.040
tending,0.000,0.016,1.000,0.033,0.048,0.040
emergence,0.000,0.014,1.000,0.027,0.057,0.040
vigilance,0.000,0.019,1.000,0.038,0.041,0.040
self-righteous,0.000,0.019,1.000,0.038,0.041,0.040
cleaner,0.000,0.022,1.000,0.044,0.036,0.040
honeyball,0.000,0.008,1.000,0.016,0.096,0.040
brilliant,0.000,0.030,1.000,0.060,0.026,0.040
archetype,0.000,0.011,1.000,0.022,0.072,0.040
lastly,0.000,0.019,1.000,0.038,0.041,0.039
cliche,0.000,0.005,1.000,0.011,0.143,0.039
partnered,0.000,0.016,1.000,0.033,0.048,0.039
originally,0.000,0.022,1.000,0.044,0.036,0.039
stupa,0.000,0.008,1.000,0.016,0.095,0.039
shasta,0.000,0.003,1.000,0.005,0.286,0.039
former,0.000,0.033,1.000,0.065,0.024,0.039
controlled,0.000,0.014,1.000,0.027,0.057,0.039
indulge,0.000,0.014,1.000,0.027,0.057,0.039
harness,0.000,0.008,1.000,0.016,0.095,0.039
imposing,0.000,0.011,1.000,0.022,0.071,0.039
fail,0.000,0.022,1.000,0.044,0.036,0.039
appendage,0.000,0.011,1.000,0.022,0.071,0.039
midpoint,0.000,0.008,1.000,0.016,0.095,0.039
defensiveness,0.000,0.016,1.000,0.033,0.047,0.039
facing,0.000,0.033,1.000,0.065,0.024,0.039
dharmology,0.000,0.003,1.000,0.005,0.285,0.039
parcel,0.000,0.022,1.000,0.044,0.036,0.039
mythology,0.000,0.011,1.000,0.022,0.071,0.039
sona,0.000,0.003,1.000,0.005,0.284,0.039
spontaneity,0.000,0.003,1.000,0.005,0.284,0.039
performative,0.000,0.003,1.000,0.005,0.284,0.039
redemption,0.000,0.011,1.000,0.022,0.071,0.039
correlated,0.000,0.014,1.000,0.027,0.057,0.039
closest,0.000,0.030,1.000,0.060,0.026,0.039
emily,0.000,0.003,1.000,0.005,0.284,0.039
specialist,0.000,0.003,1.000,0.005,0.284,0.039
button,0.000,0.027,1.000,0.054,0.028,0.039
reincarnation,0.000,0.008,1.000,0.016,0.095,0.039
lord,0.000,0.025,1.000,0.049,0.032,0.039
pressing,0.000,0.022,1.000,0.044,0.035,0.039
jail,0.000,0.014,1.000,0.027,0.057,0.039
discussed,0.000,0.025,1.000,0.049,0.032,0.039
shattered,0.000,0.011,1.000,0.022,0.071,0.039
ecstatic,0.000,0.016,1.000,0.033,0.047,0.039
transforming,0.000,0.027,1.000,0.054,0.028,0.039
till,0.000,0.022,1.000,0.044,0.035,0.039
locking,0.000,0.005,1.000,0.011,0.142,0.039
teenager,0.000,0.022,1.000,0.044,0.035,0.039
hierarchy,0.000,0.019,1.000,0.038,0.040,0.039
nation,0.000,0.022,1.000,0.044,0.035,0.039
wholehearted,0.000,0.016,1.000,0.033,0.047,0.039
foremost,0.000,0.022,1.000,0.044,0.035,0.039
crowd,0.000,0.025,1.000,0.049,0.031,0.039
marvelous,0.000,0.025,1.000,0.049,0.031,0.039
chinese,0.000,0.035,1.000,0.071,0.022,0.039
reported,0.000,0.027,1.000,0.054,0.028,0.039
interference,0.000,0.019,1.000,0.038,0.040,0.039
think,0.004,0.877,0.996,0.245,0.006,0.039
vegetable,0.000,0.016,1.000,0.033,0.047,0.039
koan,0.000,0.016,1.000,0.033,0.047,0.039
potentially,0.000,0.019,1.000,0.038,0.040,0.039
sharon,0.000,0.022,1.000,0.044,0.035,0.039
indecisiveness,0.000,0.016,1.000,0.033,0.047,0.039
advised,0.000,0.019,1.000,0.038,0.040,0.039
evaluation,0.000,0.022,1.000,0.044,0.035,0.039
electronic,0.000,0.011,1.000,0.022,0.070,0.039
masquerade,0.000,0.011,1.000,0.022,0.070,0.039
seated,0.000,0.025,1.000,0.049,0.031,0.039
indulgence,0.000,0.008,1.000,0.016,0.094,0.039
wholeheartedly,0.000,0.022,1.000,0.044,0.035,0.039
bank,0.000,0.027,1.000,0.054,0.028,0.039
generating,0.000,0.016,1.000,0.033,0.047,0.039
goldstein,0.000,0.025,1.000,0.049,0.031,0.039
warmhearted,0.000,0.014,1.000,0.027,0.056,0.039
long-term,0.000,0.014,1.000,0.027,0.056,0.039
trivial,0.000,0.011,1.000,0.022,0.070,0.039
chill,0.000,0.019,1.000,0.038,0.040,0.039
rhyme,0.000,0.011,1.000,0.022,0.070,0.039
badly,0.000,0.016,1.000,0.033,0.047,0.039
heritage,0.000,0.008,1.000,0.016,0.094,0.039
punish,0.000,0.014,1.000,0.027,0.056,0.039
nicer,0.000,0.030,1.000,0.060,0.025,0.039
taut,0.000,0.011,1.000,0.022,0.070,0.039
rebalancing,0.000,0.005,1.000,0.011,0.140,0.039
inclined,0.000,0.027,1.000,0.054,0.028,0.039
am-ness,0.000,0.014,1.000,0.027,0.056,0.039
protects,0.000,0.022,1.000,0.044,0.035,0.039
beset,0.000,0.014,1.000,0.027,0.056,0.039
tormented,0.000,0.005,1.000,0.011,0.140,0.039
destruction,0.000,0.014,1.000,0.027,0.056,0.039
clothing,0.000,0.022,1.000,0.044,0.035,0.039
warms,0.000,0.014,1.000,0.027,0.056,0.039
let,0.003,0.872,0.997,0.256,0.006,0.039
feeling,0.004,0.886,0.996,0.229,0.007,0.039
golden,0.000,0.019,1.000,0.038,0.040,0.039
coarser,0.000,0.011,1.000,0.022,0.070,0.039
price,0.000,0.014,1.000,0.027,0.056,0.039
stagnation,0.000,0.008,1.000,0.016,0.093,0.039
produced,0.000,0.016,1.000,0.033,0.047,0.039
treated,0.000,0.022,1.000,0.044,0.035,0.039
self-image,0.000,0.016,1.000,0.033,0.046,0.039
labyrinth,0.000,0.005,1.000,0.011,0.139,0.039
noted,0.000,0.030,1.000,0.060,0.025,0.039
ada,0.000,0.008,1.000,0.016,0.093,0.039
limon,0.000,0.008,1.000,0.016,0.093,0.039
believed,0.000,0.025,1.000,0.049,0.031,0.039
suffered,0.000,0.022,1.000,0.044,0.035,0.039
counted,0.000,0.008,1.000,0.016,0.093,0.039
benefiting,0.000,0.014,1.000,0.027,0.056,0.039
moment,0.003,0.883,0.997,0.234,0.006,0.039
commit,0.000,0.030,1.000,0.060,0.025,0.039
telescope,0.000,0.011,1.000,0.022,0.069,0.039
served,0.000,0.014,1.000,0.027,0.056,0.039
carbon,0.000,0.019,1.000,0.038,0.040,0.039
passively,0.000,0.014,1.000,0.027,0.056,0.039
brahma-viharas,0.000,0.016,1.000,0.033,0.046,0.039
sanctity,0.000,0.003,1.000,0.005,0.277,0.039
candle,0.000,0.014,1.000,0.027,0.055,0.039
dhamma-vicaya,0.000,0.005,1.000,0.011,0.138,0.039
swirl,0.000,0.019,1.000,0.038,0.040,0.039
intoxicated,0.000,0.014,1.000,0.027,0.055,0.039
lingering,0.000,0.014,1.000,0.027,0.055,0.039
conveys,0.000,0.016,1.000,0.033,0.046,0.039
overriding,0.000,0.014,1.000,0.027,0.055,0.039
lately,0.000,0.033,1.000,0.065,0.023,0.039
flux,0.000,0.016,1.000,0.033,0.046,0.039
counselor,0.000,0.011,1.000,0.022,0.069,0.039
forcefully,0.000,0.016,1.000,0.033,0.046,0.039
vacillation,0.000,0.014,1.000,0.027,0.055,0.039
mingling,0.000,0.005,1.000,0.011,0.138,0.039
unstable,0.000,0.011,1.000,0.022,0.069,0.039
cooling,0.000,0.011,1.000,0.022,0.069,0.039
cute,0.000,0.019,1.000,0.038,0.039,0.039
oftentimes,0.000,0.025,1.000,0.049,0.031,0.039
wobbly,0.000,0.011,1.000,0.022,0.069,0.039
staring,0.000,0.016,1.000,0.033,0.046,0.039
thumb,0.000,0.022,1.000,0.044,0.034,0.039
restriction,0.000,0.014,1.000,0.027,0.055,0.039
regarded,0.000,0.016,1.000,0.033,0.046,0.039
unafraid,0.000,0.008,1.000,0.016,0.092,0.039
protective,0.000,0.008,1.000,0.016,0.092,0.039
bump,0.000,0.016,1.000,0.033,0.046,0.039
orchestrate,0.000,0.008,1.000,0.016,0.092,0.039
dressed,0.000,0.025,1.000,0.049,0.031,0.039
doll,0.000,0.005,1.000,0.011,0.137,0.039
emerged,0.000,0.016,1.000,0.033,0.046,0.039
destroyed,0.000,0.025,1.000,0.049,0.030,0.039
acceptable,0.000,0.008,1.000,0.016,0.091,0.039
tensing,0.000,0.016,1.000,0.033,0.046,0.039
positioning,0.000,0.016,1.000,0.033,0.046,0.039
kalyanamitta,0.000,0.011,1.000,0.022,0.068,0.039
harmoniously,0.000,0.014,1.000,0.027,0.055,0.039
market,0.000,0.025,1.000,0.049,0.030,0.039
accepted,0.000,0.030,1.000,0.060,0.025,0.039
woodland,0.000,0.003,1.000,0.005,0.274,0.039
cusp,0.000,0.008,1.000,0.016,0.091,0.039
scripture,0.000,0.014,1.000,0.027,0.055,0.039
affection,0.000,0.019,1.000,0.038,0.039,0.039
fascinated,0.000,0.019,1.000,0.038,0.039,0.039
showering,0.000,0.014,1.000,0.027,0.055,0.039
broadcasting,0.000,0.014,1.000,0.027,0.055,0.039
panoramic,0.000,0.005,1.000,0.011,0.136,0.039
self-awareness,0.000,0.016,1.000,0.033,0.045,0.039
mango,0.000,0.008,1.000,0.016,0.091,0.039
accordance,0.000,0.011,1.000,0.022,0.068,0.039
arena,0.000,0.011,1.000,0.022,0.068,0.039
propose,0.000,0.022,1.000,0.044,0.034,0.039
24th,0.000,0.014,1.000,0.027,0.055,0.039
buttock,0.000,0.011,1.000,0.022,0.068,0.039
kite,0.000,0.005,1.000,0.011,0.136,0.039
marshalling,0.000,0.011,1.000,0.022,0.068,0.039
man's,0.000,0.011,1.000,0.022,0.068,0.039
imposed,0.000,0.003,1.000,0.005,0.272,0.039
dot,0.000,0.008,1.000,0.016,0.091,0.039
persuasive,0.000,0.008,1.000,0.016,0.091,0.039
fold,0.000,0.019,1.000,0.038,0.039,0.039
poised,0.000,0.016,1.000,0.033,0.045,0.039
solidified,0.000,0.014,1.000,0.027,0.054,0.039
guarantee,0.000,0.022,1.000,0.044,0.034,0.039
jar,0.000,0.016,1.000,0.033,0.045,0.039
refuse,0.000,0.014,1.000,0.027,0.054,0.038
forming,0.000,0.025,1.000,0.049,0.030,0.038
accurately,0.000,0.016,1.000,0.033,0.045,0.038
siddhattha,0.000,0.003,1.000,0.005,0.272,0.038
gross,0.000,0.019,1.000,0.038,0.039,0.038
initiative,0.000,0.016,1.000,0.033,0.045,0.038
incentive,0.000,0.003,1.000,0.005,0.272,0.038
prior,0.000,0.025,1.000,0.049,0.030,0.038
prioritization,0.000,0.011,1.000,0.022,0.068,0.038
three-dimensional,0.000,0.014,1.000,0.027,0.054,0.038
accomplished,0.000,0.022,1.000,0.044,0.034,0.038
kalama,0.000,0.019,1.000,0.038,0.039,0.038
self-hatred,0.000,0.008,1.000,0.016,0.090,0.038
landmark,0.000,0.008,1.000,0.016,0.090,0.038
paragraph,0.000,0.019,1.000,0.038,0.039,0.038
willful,0.000,0.014,1.000,0.027,0.054,0.038
government,0.000,0.027,1.000,0.054,0.027,0.038
diminishing,0.000,0.022,1.000,0.044,0.034,0.038
quarter,0.000,0.022,1.000,0.044,0.034,0.038
fond,0.000,0.025,1.000,0.049,0.030,0.038
swinging,0.000,0.008,1.000,0.016,0.090,0.038
delighting,0.000,0.019,1.000,0.038,0.039,0.038
cosmic,0.000,0.016,1.000,0.033,0.045,0.038
animosity,0.000,0.019,1.000,0.038,0.039,0.038
yoke,0.000,0.016,1.000,0.033,0.045,0.038
meanwhile,0.000,0.025,1.000,0.049,0.030,0.038
sugarcane,0.000,0.003,1.000,0.005,0.270,0.038
starving,0.000,0.025,1.000,0.049,0.030,0.038
light-year,0.000,0.003,1.000,0.005,0.270,0.038
aligns,0.000,0.019,1.000,0.038,0.039,0.038
accumulated,0.000,0.016,1.000,0.033,0.045,0.038
slows,0.000,0.014,1.000,0.027,0.054,0.038
prose,0.000,0.011,1.000,0.022,0.067,0.038
minimum,0.000,0.025,1.000,0.049,0.030,0.038
vanity,0.000,0.003,1.000,0.005,0.270,0.038
sale,0.000,0.011,1.000,0.022,0.067,0.038
workshop,0.000,0.011,1.000,0.022,0.067,0.038
conference,0.000,0.014,1.000,0.027,0.054,0.038
bridge,0.000,0.027,1.000,0.054,0.027,0.038
dichotomy,0.000,0.019,1.000,0.038,0.038,0.038
z,0.000,0.025,1.000,0.049,0.030,0.038
insidious,0.000,0.003,1.000,0.005,0.269,0.038
vine,0.000,0.005,1.000,0.011,0.135,0.038
crowdsourced,0.000,0.005,1.000,0.011,0.135,0.038
slipping,0.000,0.019,1.000,0.038,0.038,0.038
interface,0.000,0.016,1.000,0.033,0.045,0.038
spell,0.000,0.022,1.000,0.044,0.034,0.038
swaying,0.000,0.019,1.000,0.038,0.038,0.038
brand,0.000,0.016,1.000,0.033,0.045,0.038
collective,0.000,0.027,1.000,0.054,0.027,0.038
meditaiton,0.000,0.014,1.000,0.027,0.054,0.038
glance,0.000,0.022,1.000,0.044,0.034,0.038
agnes,0.000,0.014,1.000,0.027,0.054,0.038
reduced,0.000,0.019,1.000,0.038,0.038,0.038
promoting,0.000,0.027,1.000,0.054,0.027,0.038
tripod,0.000,0.014,1.000,0.027,0.054,0.038
exaggerating,0.000,0.011,1.000,0.022,0.067,0.038
purified,0.000,0.025,1.000,0.049,0.030,0.038
linear,0.000,0.016,1.000,0.033,0.045,0.038
millennium,0.000,0.019,1.000,0.038,0.038,0.038
widening,0.000,0.016,1.000,0.033,0.045,0.038
folding,0.000,0.008,1.000,0.016,0.089,0.038
gem,0.000,0.011,1.000,0.022,0.067,0.038
recorded,0.000,0.027,1.000,0.054,0.027,0.038
exquisitely,0.000,0.011,1.000,0.022,0.067,0.038
acknowledged,0.000,0.019,1.000,0.038,0.038,0.038
jane,0.000,0.014,1.000,0.027,0.053,0.038
continuum,0.000,0.014,1.000,0.027,0.053,0.038
open-handed,0.000,0.019,1.000,0.038,0.038,0.038
annoy,0.000,0.005,1.000,0.011,0.133,0.038
accountable,0.000,0.014,1.000,0.027,0.053,0.038
amongst,0.000,0.022,1.000,0.044,0.033,0.038
ruined,0.000,0.008,1.000,0.016,0.089,0.038
skeptical,0.000,0.016,1.000,0.033,0.044,0.038
acclimatize,0.000,0.011,1.000,0.022,0.067,0.038
era,0.000,0.022,1.000,0.044,0.033,0.038
waitress,0.000,0.003,1.000,0.005,0.266,0.038
gautama,0.000,0.011,1.000,0.022,0.066,0.038
developmental,0.000,0.016,1.000,0.033,0.044,0.038
stream-entry,0.000,0.014,1.000,0.027,0.053,0.038
marvel,0.000,0.014,1.000,0.027,0.053,0.038
rearrange,0.000,0.008,1.000,0.016,0.088,0.038
reserved,0.000,0.008,1.000,0.016,0.088,0.038
undermining,0.000,0.016,1.000,0.033,0.044,0.038
balancing,0.000,0.016,1.000,0.033,0.044,0.038
refugee,0.000,0.016,1.000,0.033,0.044,0.038
dreaming,0.000,0.016,1.000,0.033,0.044,0.038
bye,0.000,0.008,1.000,0.016,0.088,0.038
fearless,0.000,0.016,1.000,0.033,0.044,0.038
tolerant,0.000,0.011,1.000,0.022,0.066,0.038
memorize,0.000,0.016,1.000,0.033,0.044,0.038
awesome,0.000,0.022,1.000,0.044,0.033,0.038
bore,0.000,0.016,1.000,0.033,0.044,0.038
disappearance,0.000,0.011,1.000,0.022,0.066,0.038
self-evaluation,0.000,0.011,1.000,0.022,0.066,0.038
brighten,0.000,0.014,1.000,0.027,0.053,0.038
understandable,0.000,0.016,1.000,0.033,0.044,0.038
healed,0.000,0.019,1.000,0.038,0.038,0.038
habitually,0.000,0.025,1.000,0.049,0.029,0.038
envious,0.000,0.011,1.000,0.022,0.066,0.038
disagree,0.000,0.027,1.000,0.054,0.026,0.038
catalog,0.000,0.005,1.000,0.011,0.132,0.038
flattened,0.000,0.011,1.000,0.022,0.066,0.038
espn,0.000,0.003,1.000,0.005,0.263,0.038
scotty,0.000,0.003,1.000,0.005,0.263,0.038
pulse,0.000,0.014,1.000,0.027,0.053,0.038
gaining,0.000,0.030,1.000,0.060,0.024,0.038
frenzied,0.000,0.008,1.000,0.016,0.088,0.038
attendant,0.000,0.016,1.000,0.033,0.044,0.038
companionship,0.000,0.016,1.000,0.033,0.044,0.038
approached,0.000,0.030,1.000,0.060,0.024,0.038
phd,0.000,0.022,1.000,0.044,0.033,0.038
escaped,0.000,0.011,1.000,0.022,0.066,0.038
indirect,0.000,0.014,1.000,0.027,0.052,0.038
president,0.000,0.019,1.000,0.038,0.037,0.038
transference,0.000,0.011,1.000,0.022,0.066,0.038
dukkha-dukkha,0.000,0.005,1.000,0.011,0.131,0.038
intersection,0.000,0.016,1.000,0.033,0.044,0.038
21st,0.000,0.014,1.000,0.027,0.052,0.038
smallness,0.000,0.014,1.000,0.027,0.052,0.038
porous,0.000,0.014,1.000,0.027,0.052,0.038
addicted,0.000,0.025,1.000,0.049,0.029,0.038
fed,0.000,0.022,1.000,0.044,0.033,0.038
hidden,0.000,0.025,1.000,0.049,0.029,0.038
infinitely,0.000,0.014,1.000,0.027,0.052,0.038
arguing,0.000,0.022,1.000,0.044,0.033,0.038
behaving,0.000,0.035,1.000,0.071,0.020,0.038
depressing,0.000,0.016,1.000,0.033,0.044,0.038
find,0.002,0.856,0.998,0.289,0.005,0.038
sequentially,0.000,0.005,1.000,0.011,0.131,0.038
competence,0.000,0.011,1.000,0.022,0.065,0.038
privately,0.000,0.016,1.000,0.033,0.044,0.038
non-referentiality,0.000,0.003,1.000,0.005,0.261,0.038
physicality,0.000,0.016,1.000,0.033,0.044,0.038
bowing,0.000,0.014,1.000,0.027,0.052,0.038
lunchbox,0.000,0.003,1.000,0.005,0.261,0.038
ola,0.000,0.003,1.000,0.005,0.261,0.038
command,0.000,0.016,1.000,0.033,0.043,0.038
bypass,0.000,0.014,1.000,0.027,0.052,0.038
blackout,0.000,0.003,1.000,0.005,0.261,0.038
openhearted,0.000,0.008,1.000,0.016,0.087,0.038
homepage,0.000,0.014,1.000,0.027,0.052,0.038
butter,0.000,0.019,1.000,0.038,0.037,0.038
roof,0.000,0.016,1.000,0.033,0.043,0.038
conversational,0.000,0.011,1.000,0.022,0.065,0.038
mole,0.000,0.003,1.000,0.005,0.260,0.038
inefficient,0.000,0.008,1.000,0.016,0.087,0.038
anchoring,0.000,0.011,1.000,0.022,0.065,0.038
yelling,0.000,0.025,1.000,0.049,0.029,0.038
saturday,0.000,0.025,1.000,0.049,0.029,0.038
nisabho,0.000,0.011,1.000,0.022,0.065,0.038
metaphorical,0.000,0.016,1.000,0.033,0.043,0.038
seduced,0.000,0.014,1.000,0.027,0.052,0.038
sheet,0.000,0.016,1.000,0.033,0.043,0.038
visited,0.000,0.025,1.000,0.049,0.029,0.038
adolescent,0.000,0.014,1.000,0.027,0.052,0.038
gaza,0.000,0.025,1.000,0.049,0.029,0.038
pleasing,0.000,0.019,1.000,0.038,0.037,0.038
agape,0.000,0.005,1.000,0.011,0.130,0.038
self-referential,0.000,0.011,1.000,0.022,0.065,0.038
gliding,0.000,0.016,1.000,0.033,0.043,0.038
triggering,0.000,0.019,1.000,0.038,0.037,0.038
resorting,0.000,0.011,1.000,0.022,0.065,0.038
messiness,0.000,0.005,1.000,0.011,0.129,0.038
uneasiness,0.000,0.011,1.000,0.022,0.065,0.038
jennifer,0.000,0.008,1.000,0.016,0.086,0.038
dagger,0.000,0.008,1.000,0.016,0.086,0.038
goldsmith,0.000,0.005,1.000,0.011,0.129,0.038
professor,0.000,0.025,1.000,0.049,0.029,0.038
upcoming,0.000,0.022,1.000,0.044,0.032,0.038
prepares,0.000,0.019,1.000,0.038,0.037,0.038
canyon,0.000,0.014,1.000,0.027,0.052,0.038
crucial,0.000,0.025,1.000,0.049,0.029,0.038
file,0.000,0.014,1.000,0.027,0.052,0.038
blind,0.000,0.027,1.000,0.054,0.026,0.037
5of5,0.000,0.008,1.000,0.016,0.086,0.037
grieved,0.000,0.008,1.000,0.016,0.086,0.037
sum,0.000,0.022,1.000,0.044,0.032,0.037
blending,0.000,0.011,1.000,0.022,0.064,0.037
debilitating,0.000,0.014,1.000,0.027,0.052,0.037
preferred,0.000,0.025,1.000,0.049,0.029,0.037
widely,0.000,0.016,1.000,0.033,0.043,0.037
fortified,0.000,0.005,1.000,0.011,0.129,0.037
reconnecting,0.000,0.022,1.000,0.044,0.032,0.037
metaphorically,0.000,0.014,1.000,0.027,0.051,0.037
disidentification,0.000,0.005,1.000,0.011,0.128,0.037
woke,0.000,0.022,1.000,0.044,0.032,0.037
in-person,0.000,0.016,1.000,0.033,0.043,0.037
sacrificing,0.000,0.014,1.000,0.027,0.051,0.037
divorced,0.000,0.011,1.000,0.022,0.064,0.037
backward,0.000,0.022,1.000,0.044,0.032,0.037
transcendent,0.000,0.016,1.000,0.033,0.043,0.037
obsessed,0.000,0.025,1.000,0.049,0.028,0.037
undisturbed,0.000,0.011,1.000,0.022,0.064,0.037
women's,0.000,0.014,1.000,0.027,0.051,0.037
ecosystem,0.000,0.019,1.000,0.038,0.037,0.037
stout,0.000,0.008,1.000,0.016,0.085,0.037
centeredness,0.000,0.016,1.000,0.033,0.043,0.037
transmitted,0.000,0.022,1.000,0.044,0.032,0.037
simplify,0.000,0.019,1.000,0.038,0.037,0.037
engages,0.000,0.019,1.000,0.038,0.037,0.037
jay,0.000,0.011,1.000,0.022,0.064,0.037
accident,0.000,0.033,1.000,0.065,0.021,0.037
monsoon,0.000,0.003,1.000,0.005,0.255,0.037
grabbed,0.000,0.022,1.000,0.044,0.032,0.037
whereby,0.000,0.014,1.000,0.027,0.051,0.037
volume,0.000,0.016,1.000,0.033,0.043,0.037
firewood,0.000,0.011,1.000,0.022,0.064,0.037
devoid,0.000,0.011,1.000,0.022,0.064,0.037
realistic,0.000,0.025,1.000,0.049,0.028,0.037
aged,0.000,0.011,1.000,0.022,0.064,0.037
totality,0.000,0.019,1.000,0.038,0.036,0.037
relishing,0.000,0.011,1.000,0.022,0.064,0.037
absorptive,0.000,0.014,1.000,0.027,0.051,0.037
revealing,0.000,0.014,1.000,0.027,0.051,0.037
ware,0.000,0.003,1.000,0.005,0.254,0.037
upward,0.000,0.016,1.000,0.033,0.042,0.037
joan,0.000,0.011,1.000,0.022,0.064,0.037
halifax,0.000,0.011,1.000,0.022,0.064,0.037
hmm,0.000,0.019,1.000,0.038,0.036,0.037
taxing,0.000,0.011,1.000,0.022,0.064,0.037
pursuing,0.000,0.019,1.000,0.038,0.036,0.037
memorization,0.000,0.011,1.000,0.022,0.064,0.037
high-quality,0.000,0.005,1.000,0.011,0.127,0.037
rebalance,0.000,0.005,1.000,0.011,0.127,0.037
wonderfully,0.000,0.019,1.000,0.038,0.036,0.037
policy,0.000,0.014,1.000,0.027,0.051,0.037
strengthens,0.000,0.008,1.000,0.016,0.085,0.037
headline,0.000,0.014,1.000,0.027,0.051,0.037
seventh,0.000,0.025,1.000,0.049,0.028,0.037
march,0.000,0.016,1.000,0.033,0.042,0.037
exempt,0.000,0.005,1.000,0.011,0.127,0.037
exhausted,0.000,0.025,1.000,0.049,0.028,0.037
immaterial,0.000,0.011,1.000,0.022,0.063,0.037
ripens,0.000,0.014,1.000,0.027,0.051,0.037
warning,0.000,0.019,1.000,0.038,0.036,0.037
determines,0.000,0.016,1.000,0.033,0.042,0.037
entrust,0.000,0.008,1.000,0.016,0.084,0.037
tiredness,0.000,0.019,1.000,0.038,0.036,0.037
vengeful,0.000,0.008,1.000,0.016,0.084,0.037
excessive,0.000,0.019,1.000,0.038,0.036,0.037
row,0.000,0.016,1.000,0.033,0.042,0.037
utopia,0.000,0.005,1.000,0.011,0.126,0.037
attach,0.000,0.022,1.000,0.044,0.032,0.037
resolved,0.000,0.025,1.000,0.049,0.028,0.037
dominate,0.000,0.014,1.000,0.027,0.051,0.037
huh,0.000,0.030,1.000,0.060,0.023,0.037
sutra,0.000,0.016,1.000,0.033,0.042,0.037
prejudice,0.000,0.014,1.000,0.027,0.051,0.037
abandoned,0.000,0.016,1.000,0.033,0.042,0.037
body-mind,0.000,0.008,1.000,0.016,0.084,0.037
gut,0.000,0.019,1.000,0.038,0.036,0.037
endure,0.000,0.016,1.000,0.033,0.042,0.037
reiteration,0.000,0.005,1.000,0.011,0.126,0.037
intrinsic,0.000,0.011,1.000,0.022,0.063,0.037
tug,0.000,0.019,1.000,0.038,0.036,0.037
enable,0.000,0.019,1.000,0.038,0.036,0.037
fallen,0.000,0.027,1.000,0.054,0.025,0.037
sideways,0.000,0.016,1.000,0.033,0.042,0.037
reservation,0.000,0.011,1.000,0.022,0.063,0.037
conceited,0.000,0.022,1.000,0.044,0.031,0.037
nonviolence,0.000,0.011,1.000,0.022,0.063,0.037
siddhartha,0.000,0.016,1.000,0.033,0.042,0.037
miller,0.000,0.005,1.000,0.011,0.126,0.037
influencing,0.000,0.016,1.000,0.033,0.042,0.037
predicting,0.000,0.014,1.000,0.027,0.050,0.037
turbulent,0.000,0.014,1.000,0.027,0.050,0.037
rehearsing,0.000,0.016,1.000,0.033,0.042,0.037
pavement,0.000,0.005,1.000,0.011,0.126,0.037
gong,0.000,0.003,1.000,0.005,0.251,0.037
gotama,0.000,0.011,1.000,0.022,0.063,0.037
stubborn,0.000,0.008,1.000,0.016,0.084,0.037
there'd,0.000,0.019,1.000,0.038,0.036,0.037
wane,0.000,0.008,1.000,0.016,0.084,0.037
two-week,0.000,0.008,1.000,0.016,0.084,0.037
bus,0.000,0.016,1.000,0.033,0.042,0.037
coalescing,0.000,0.011,1.000,0.022,0.063,0.037
arrival,0.000,0.019,1.000,0.038,0.036,0.037
undertake,0.000,0.019,1.000,0.038,0.036,0.037
absurd,0.000,0.008,1.000,0.016,0.083,0.037
grandparent,0.000,0.008,1.000,0.016,0.083,0.037
stray,0.000,0.011,1.000,0.022,0.063,0.037
creatively,0.000,0.014,1.000,0.027,0.050,0.037
figuratively,0.000,0.019,1.000,0.038,0.036,0.037
dough,0.000,0.011,1.000,0.022,0.063,0.037
somethingness,0.000,0.008,1.000,0.016,0.083,0.037
adopt,0.000,0.033,1.000,0.065,0.021,0.037
motivational,0.000,0.011,1.000,0.022,0.062,0.037
neglecting,0.000,0.014,1.000,0.027,0.050,0.037
messenger,0.000,0.016,1.000,0.033,0.042,0.037
mediocre,0.000,0.005,1.000,0.011,0.125,0.037
re-arises,0.000,0.008,1.000,0.016,0.083,0.037
receptacle,0.000,0.008,1.000,0.016,0.083,0.037
unsafe,0.000,0.016,1.000,0.033,0.042,0.037
autonomy,0.000,0.011,1.000,0.022,0.062,0.037
snagging,0.000,0.005,1.000,0.011,0.125,0.037
damaged,0.000,0.014,1.000,0.027,0.050,0.037
unexpected,0.000,0.022,1.000,0.044,0.031,0.037
overt,0.000,0.011,1.000,0.022,0.062,0.037
metaphysics,0.000,0.008,1.000,0.016,0.083,0.037
smiled,0.000,0.019,1.000,0.038,0.036,0.037
standstill,0.000,0.008,1.000,0.016,0.083,0.037
dozen,0.000,0.016,1.000,0.033,0.041,0.037
possess,0.000,0.014,1.000,0.027,0.050,0.037
persists,0.000,0.016,1.000,0.033,0.041,0.037
untroubled,0.000,0.011,1.000,0.022,0.062,0.037
adjusted,0.000,0.016,1.000,0.033,0.041,0.037
paraphrasing,0.000,0.011,1.000,0.022,0.062,0.037
purposely,0.000,0.011,1.000,0.022,0.062,0.037
faithful,0.000,0.027,1.000,0.054,0.025,0.037
fantasize,0.000,0.011,1.000,0.022,0.062,0.037
zeroing,0.000,0.019,1.000,0.038,0.035,0.037
ally,0.000,0.014,1.000,0.027,0.050,0.037
lightning,0.000,0.016,1.000,0.033,0.041,0.037
novelty,0.000,0.008,1.000,0.016,0.083,0.037
reviewing,0.000,0.014,1.000,0.027,0.050,0.037
imply,0.000,0.022,1.000,0.044,0.031,0.037
surf,0.000,0.014,1.000,0.027,0.050,0.037
luminous,0.000,0.019,1.000,0.038,0.035,0.037
bathing,0.000,0.008,1.000,0.016,0.083,0.037
pilgrimage,0.000,0.008,1.000,0.016,0.083,0.037
succumb,0.000,0.005,1.000,0.011,0.124,0.037
unify,0.000,0.016,1.000,0.033,0.041,0.037
sampajanna,0.000,0.016,1.000,0.033,0.041,0.037
semblance,0.000,0.016,1.000,0.033,0.041,0.037
handful,0.000,0.014,1.000,0.027,0.050,0.037
carl,0.000,0.016,1.000,0.033,0.041,0.037
catching,0.000,0.019,1.000,0.038,0.035,0.037
malleability,0.000,0.008,1.000,0.016,0.082,0.037
sermon,0.000,0.008,1.000,0.016,0.082,0.037
utter,0.000,0.016,1.000,0.033,0.041,0.037
conceiving,0.000,0.019,1.000,0.038,0.035,0.037
evident,0.000,0.014,1.000,0.027,0.049,0.037
tick,0.000,0.008,1.000,0.016,0.082,0.037
cherish,0.000,0.014,1.000,0.027,0.049,0.037
february,0.000,0.014,1.000,0.027,0.049,0.037
st,0.000,0.014,1.000,0.027,0.049,0.037
evoking,0.000,0.019,1.000,0.038,0.035,0.037
penguin,0.000,0.003,1.000,0.005,0.247,0.037
cream,0.000,0.011,1.000,0.022,0.062,0.037
wanna,0.000,0.003,1.000,0.005,0.247,0.037
draft,0.000,0.008,1.000,0.016,0.082,0.037
reification,0.000,0.008,1.000,0.016,0.082,0.037
blameworthy,0.000,0.003,1.000,0.005,0.247,0.037
height,0.000,0.016,1.000,0.033,0.041,0.037
stimulates,0.000,0.005,1.000,0.011,0.123,0.037
classical,0.000,0.027,1.000,0.054,0.025,0.037
probe,0.000,0.011,1.000,0.022,0.062,0.037
lends,0.000,0.022,1.000,0.044,0.031,0.037
shaking,0.000,0.019,1.000,0.038,0.035,0.037
luther,0.000,0.014,1.000,0.027,0.049,0.037
reifying,0.000,0.011,1.000,0.022,0.062,0.037
ticket,0.000,0.019,1.000,0.038,0.035,0.037
imbued,0.000,0.011,1.000,0.022,0.062,0.037
stole,0.000,0.008,1.000,0.016,0.082,0.037
threw,0.000,0.022,1.000,0.044,0.031,0.037
windshield,0.000,0.008,1.000,0.016,0.082,0.037
relentless,0.000,0.011,1.000,0.022,0.061,0.037
ruthlessness,0.000,0.008,1.000,0.016,0.082,0.037
sanskrit,0.000,0.022,1.000,0.044,0.031,0.037
strained,0.000,0.016,1.000,0.033,0.041,0.037
averse,0.000,0.014,1.000,0.027,0.049,0.037
basket,0.000,0.014,1.000,0.027,0.049,0.037
defines,0.000,0.022,1.000,0.044,0.031,0.037
reasoning,0.000,0.014,1.000,0.027,0.049,0.037
accompaniment,0.000,0.014,1.000,0.027,0.049,0.037
grandiose,0.000,0.016,1.000,0.033,0.041,0.037
environmental,0.000,0.019,1.000,0.038,0.035,0.037
beam,0.000,0.016,1.000,0.033,0.041,0.037
reinforces,0.000,0.014,1.000,0.027,0.049,0.037
possessiveness,0.000,0.014,1.000,0.027,0.049,0.037
platform,0.000,0.019,1.000,0.038,0.035,0.037
previously,0.000,0.014,1.000,0.027,0.049,0.037
unconsciously,0.000,0.014,1.000,0.027,0.049,0.037
replace,0.000,0.027,1.000,0.054,0.025,0.037
efficient,0.000,0.014,1.000,0.027,0.049,0.037
isolated,0.000,0.022,1.000,0.044,0.031,0.037
sounding,0.000,0.016,1.000,0.033,0.041,0.037
repair,0.000,0.019,1.000,0.038,0.035,0.037
valve,0.000,0.003,1.000,0.005,0.245,0.037
petting,0.000,0.011,1.000,0.022,0.061,0.037
native,0.000,0.022,1.000,0.044,0.031,0.037
sri,0.000,0.014,1.000,0.027,0.049,0.037
heedlessness,0.000,0.014,1.000,0.027,0.049,0.037
reify,0.000,0.019,1.000,0.038,0.035,0.037
availability,0.000,0.016,1.000,0.033,0.041,0.037
clever,0.000,0.014,1.000,0.027,0.049,0.036
pivotal,0.000,0.014,1.000,0.027,0.049,0.036
adventure,0.000,0.027,1.000,0.054,0.024,0.036
exaggerated,0.000,0.019,1.000,0.038,0.035,0.036
characterizing,0.000,0.008,1.000,0.016,0.081,0.036
catastrophe,0.000,0.014,1.000,0.027,0.049,0.036
indispensable,0.000,0.005,1.000,0.011,0.122,0.036
bonding,0.000,0.014,1.000,0.027,0.049,0.036
launched,0.000,0.016,1.000,0.033,0.041,0.036
spill,0.000,0.016,1.000,0.033,0.041,0.036
torment,0.000,0.008,1.000,0.016,0.081,0.036
o,0.000,0.008,1.000,0.016,0.081,0.036
resolute,0.000,0.008,1.000,0.016,0.081,0.036
vanessa,0.000,0.016,1.000,0.033,0.041,0.036
28th,0.000,0.019,1.000,0.038,0.035,0.036
europe,0.000,0.025,1.000,0.049,0.027,0.036
carpathios,0.000,0.003,1.000,0.005,0.243,0.036
wordy,0.000,0.003,1.000,0.005,0.243,0.036
embellishment,0.000,0.003,1.000,0.005,0.243,0.036
blackness,0.000,0.003,1.000,0.005,0.243,0.036
knuckle,0.000,0.003,1.000,0.005,0.243,0.036
hilary,0.000,0.003,1.000,0.005,0.243,0.036
rewarding,0.000,0.008,1.000,0.016,0.081,0.036
apology,0.000,0.014,1.000,0.027,0.049,0.036
cope,0.000,0.019,1.000,0.038,0.035,0.036
defect,0.000,0.011,1.000,0.022,0.061,0.036
pronoun,0.000,0.014,1.000,0.027,0.049,0.036
asana,0.000,0.011,1.000,0.022,0.061,0.036
articulate,0.000,0.019,1.000,0.038,0.035,0.036
unreliable,0.000,0.019,1.000,0.038,0.035,0.036
drowsiness,0.000,0.014,1.000,0.027,0.049,0.036
clicking,0.000,0.019,1.000,0.038,0.035,0.036
hovering,0.000,0.008,1.000,0.016,0.081,0.036
soaring,0.000,0.014,1.000,0.027,0.048,0.036
sought,0.000,0.008,1.000,0.016,0.081,0.036
spaciously,0.000,0.014,1.000,0.027,0.048,0.036
nonprofit,0.000,0.016,1.000,0.033,0.040,0.036
revered,0.000,0.008,1.000,0.016,0.081,0.036
warned,0.000,0.014,1.000,0.027,0.048,0.036
awoke,0.000,0.005,1.000,0.011,0.121,0.036
umbrella,0.000,0.016,1.000,0.033,0.040,0.036
fierce,0.000,0.014,1.000,0.027,0.048,0.036
obstruction,0.000,0.014,1.000,0.027,0.048,0.036
ganges,0.000,0.003,1.000,0.005,0.242,0.036
dioxide,0.000,0.016,1.000,0.033,0.040,0.036
deluded,0.000,0.030,1.000,0.060,0.022,0.036
invest,0.000,0.016,1.000,0.033,0.040,0.036
sean,0.000,0.003,1.000,0.005,0.241,0.036
bharhut,0.000,0.005,1.000,0.011,0.121,0.036
selected,0.000,0.011,1.000,0.022,0.060,0.036
objective,0.000,0.019,1.000,0.038,0.034,0.036
self-knowledge,0.000,0.008,1.000,0.016,0.080,0.036
stagnates,0.000,0.005,1.000,0.011,0.120,0.036
newborn,0.000,0.011,1.000,0.022,0.060,0.036
sponsored,0.000,0.005,1.000,0.011,0.120,0.036
photograph,0.000,0.016,1.000,0.033,0.040,0.036
servant,0.000,0.008,1.000,0.016,0.080,0.036
display,0.000,0.014,1.000,0.027,0.048,0.036
tucked,0.000,0.008,1.000,0.016,0.080,0.036
rigidity,0.000,0.014,1.000,0.027,0.048,0.036
nugget,0.000,0.011,1.000,0.022,0.060,0.036
devotional,0.000,0.011,1.000,0.022,0.060,0.036
guaranteed,0.000,0.014,1.000,0.027,0.048,0.036
checked,0.000,0.016,1.000,0.033,0.040,0.036
conversion,0.000,0.005,1.000,0.011,0.120,0.036
befriending,0.000,0.011,1.000,0.022,0.060,0.036
uh,0.000,0.016,1.000,0.033,0.040,0.036
lend,0.000,0.022,1.000,0.044,0.030,0.036
king's,0.000,0.022,1.000,0.044,0.030,0.036
interrupting,0.000,0.025,1.000,0.049,0.027,0.036
anglicanism,0.000,0.003,1.000,0.005,0.240,0.036
channeled,0.000,0.011,1.000,0.022,0.060,0.036
traditionally,0.000,0.027,1.000,0.054,0.024,0.036
questioning,0.000,0.022,1.000,0.044,0.030,0.036
recurring,0.000,0.016,1.000,0.033,0.040,0.036
relevance,0.000,0.011,1.000,0.022,0.060,0.036
inevitable,0.000,0.016,1.000,0.033,0.040,0.036
naturalist,0.000,0.011,1.000,0.022,0.060,0.036
polite,0.000,0.011,1.000,0.022,0.060,0.036
emanation,0.000,0.008,1.000,0.016,0.080,0.036
viscosity,0.000,0.005,1.000,0.011,0.120,0.036
sends,0.000,0.022,1.000,0.044,0.030,0.036
self-absorbing,0.000,0.008,1.000,0.016,0.080,0.036
satisfy,0.000,0.019,1.000,0.038,0.034,0.036
embody,0.000,0.019,1.000,0.038,0.034,0.036
relinquishing,0.000,0.008,1.000,0.016,0.080,0.036
vote,0.000,0.011,1.000,0.022,0.060,0.036
collar,0.000,0.011,1.000,0.022,0.060,0.036
turmoil,0.000,0.011,1.000,0.022,0.060,0.036
soar,0.000,0.005,1.000,0.011,0.119,0.036
pondering,0.000,0.014,1.000,0.027,0.048,0.036
indivisibility,0.000,0.005,1.000,0.011,0.119,0.036
consummate,0.000,0.008,1.000,0.016,0.079,0.036
world,0.004,0.896,0.996,0.207,0.006,0.036
unintelligible,0.000,0.005,1.000,0.011,0.119,0.036
readily,0.000,0.014,1.000,0.027,0.048,0.036
brutal,0.000,0.011,1.000,0.022,0.060,0.036
damage,0.000,0.016,1.000,0.033,0.040,0.036
establishing,0.000,0.019,1.000,0.038,0.034,0.036
alleviated,0.000,0.011,1.000,0.022,0.059,0.036
sabbath,0.000,0.008,1.000,0.016,0.079,0.036
monster,0.000,0.011,1.000,0.022,0.059,0.036
pinging,0.000,0.011,1.000,0.022,0.059,0.036
1st,0.000,0.008,1.000,0.016,0.079,0.036
say,0.005,0.899,0.995,0.202,0.006,0.036
gracefulness,0.000,0.008,1.000,0.016,0.079,0.036
stain,0.000,0.014,1.000,0.027,0.047,0.036
nunnery,0.000,0.005,1.000,0.011,0.119,0.036
salzberg,0.000,0.019,1.000,0.038,0.034,0.036
script,0.000,0.011,1.000,0.022,0.059,0.036
shoulds,0.000,0.011,1.000,0.022,0.059,0.036
debris,0.000,0.011,1.000,0.022,0.059,0.036
sufi,0.000,0.005,1.000,0.011,0.118,0.036
psyche,0.000,0.014,1.000,0.027,0.047,0.036
shapeshifts,0.000,0.003,1.000,0.005,0.237,0.036
rohitasa,0.000,0.003,1.000,0.005,0.237,0.036
declare,0.000,0.019,1.000,0.038,0.034,0.036
brightened,0.000,0.011,1.000,0.022,0.059,0.036
dress,0.000,0.016,1.000,0.033,0.039,0.036
waterfall,0.000,0.008,1.000,0.016,0.079,0.036
prize,0.000,0.019,1.000,0.038,0.034,0.036
neglect,0.000,0.014,1.000,0.027,0.047,0.036
socratic,0.000,0.008,1.000,0.016,0.079,0.036
meghiya,0.000,0.003,1.000,0.005,0.236,0.036
messy,0.000,0.022,1.000,0.044,0.030,0.036
acquiring,0.000,0.019,1.000,0.038,0.034,0.036
excluded,0.000,0.011,1.000,0.022,0.059,0.036
signature,0.000,0.011,1.000,0.022,0.059,0.036
centerpiece,0.000,0.008,1.000,0.016,0.079,0.036
vertigo,0.000,0.005,1.000,0.011,0.118,0.036
open-ended,0.000,0.014,1.000,0.027,0.047,0.036
publicly,0.000,0.011,1.000,0.022,0.059,0.036
successor,0.000,0.003,1.000,0.005,0.236,0.036
placeholder,0.000,0.008,1.000,0.016,0.079,0.036
pant,0.000,0.008,1.000,0.016,0.079,0.036
conquer,0.000,0.011,1.000,0.022,0.059,0.036
industry,0.000,0.022,1.000,0.044,0.029,0.036
waterski,0.000,0.003,1.000,0.005,0.236,0.036
menu,0.000,0.011,1.000,0.022,0.059,0.036
gestalt,0.000,0.016,1.000,0.033,0.039,0.036
insecure,0.000,0.005,1.000,0.011,0.118,0.036
non-distraction,0.000,0.005,1.000,0.011,0.118,0.036
sentimental,0.000,0.005,1.000,0.011,0.118,0.036
percentage,0.000,0.011,1.000,0.022,0.059,0.036
timer,0.000,0.016,1.000,0.033,0.039,0.036
non-ill,0.000,0.014,1.000,0.027,0.047,0.036
achieved,0.000,0.016,1.000,0.033,0.039,0.036
quicker,0.000,0.014,1.000,0.027,0.047,0.036
sequential,0.000,0.005,1.000,0.011,0.118,0.036
slack,0.000,0.016,1.000,0.033,0.039,0.036
truck,0.000,0.019,1.000,0.038,0.034,0.036
insult,0.000,0.014,1.000,0.027,0.047,0.036
upside,0.000,0.019,1.000,0.038,0.034,0.036
spiral,0.000,0.016,1.000,0.033,0.039,0.036
swirling,0.000,0.014,1.000,0.027,0.047,0.036
processing,0.000,0.022,1.000,0.044,0.029,0.036
selfishness,0.000,0.011,1.000,0.022,0.059,0.036
hated,0.000,0.014,1.000,0.027,0.047,0.036
abundant,0.000,0.016,1.000,0.033,0.039,0.036
ambivalence,0.000,0.008,1.000,0.016,0.078,0.036
traffic,0.000,0.027,1.000,0.054,0.023,0.036
repress,0.000,0.008,1.000,0.016,0.078,0.036
pleased,0.000,0.025,1.000,0.049,0.026,0.036
newness,0.000,0.005,1.000,0.011,0.117,0.036
hating,0.000,0.011,1.000,0.022,0.059,0.036
embarrassment,0.000,0.025,1.000,0.049,0.026,0.036
default,0.000,0.014,1.000,0.027,0.047,0.036
sober,0.000,0.011,1.000,0.022,0.058,0.036
resistant,0.000,0.016,1.000,0.033,0.039,0.036
gestate,0.000,0.011,1.000,0.022,0.058,0.036
orange,0.000,0.008,1.000,0.016,0.078,0.036
italy,0.000,0.014,1.000,0.027,0.047,0.036
smartphones,0.000,0.008,1.000,0.016,0.078,0.036
rally,0.000,0.005,1.000,0.011,0.117,0.036
choppy,0.000,0.011,1.000,0.022,0.058,0.036
currency,0.000,0.005,1.000,0.011,0.117,0.036
beginner's,0.000,0.011,1.000,0.022,0.058,0.036
flash,0.000,0.016,1.000,0.033,0.039,0.036
bath,0.000,0.016,1.000,0.033,0.039,0.036
hallway,0.000,0.008,1.000,0.016,0.078,0.036
famine,0.000,0.014,1.000,0.027,0.047,0.036
crowding,0.000,0.008,1.000,0.016,0.078,0.036
treatment,0.000,0.016,1.000,0.033,0.039,0.036
essay,0.000,0.019,1.000,0.038,0.033,0.036
soup,0.000,0.016,1.000,0.033,0.039,0.036
unworthiness,0.000,0.008,1.000,0.016,0.078,0.036
wide-angle,0.000,0.011,1.000,0.022,0.058,0.036
connectedness,0.000,0.014,1.000,0.027,0.047,0.036
nevertheless,0.000,0.016,1.000,0.033,0.039,0.036
finite,0.000,0.011,1.000,0.022,0.058,0.036
steering,0.000,0.014,1.000,0.027,0.046,0.036
lo,0.000,0.022,1.000,0.044,0.029,0.036
prop,0.000,0.016,1.000,0.033,0.039,0.036
metal,0.000,0.016,1.000,0.033,0.039,0.036
amazement,0.000,0.005,1.000,0.011,0.116,0.036
virtually,0.000,0.014,1.000,0.027,0.046,0.036
abyss,0.000,0.005,1.000,0.011,0.116,0.036
existed,0.000,0.014,1.000,0.027,0.046,0.036
international,0.000,0.016,1.000,0.033,0.039,0.036
subject-object,0.000,0.003,1.000,0.005,0.232,0.036
closeness,0.000,0.022,1.000,0.044,0.029,0.036
president's,0.000,0.003,1.000,0.005,0.231,0.036
expense,0.000,0.011,1.000,0.022,0.058,0.036
sincerely,0.000,0.022,1.000,0.044,0.029,0.035
stupid,0.000,0.019,1.000,0.038,0.033,0.035
mcdonald,0.000,0.008,1.000,0.016,0.077,0.035
wakefulness,0.000,0.011,1.000,0.022,0.058,0.035
surgery,0.000,0.019,1.000,0.038,0.033,0.035
self-centered,0.000,0.014,1.000,0.027,0.046,0.035
inevitably,0.000,0.022,1.000,0.044,0.029,0.035
pastoral,0.000,0.011,1.000,0.022,0.058,0.035
brehm,0.000,0.005,1.000,0.011,0.115,0.035
england,0.000,0.019,1.000,0.038,0.033,0.035
won,0.000,0.022,1.000,0.044,0.029,0.035
anapanasati,0.000,0.014,1.000,0.027,0.046,0.035
reorient,0.000,0.014,1.000,0.027,0.046,0.035
examining,0.000,0.019,1.000,0.038,0.033,0.035
wellbeing,0.000,0.005,1.000,0.011,0.115,0.035
co-created,0.000,0.014,1.000,0.027,0.046,0.035
detect,0.000,0.011,1.000,0.022,0.057,0.035
bless,0.000,0.014,1.000,0.027,0.046,0.035
goodbye,0.000,0.011,1.000,0.022,0.057,0.035
disembodied,0.000,0.016,1.000,0.033,0.038,0.035
queen,0.000,0.014,1.000,0.027,0.046,0.035
characterize,0.000,0.014,1.000,0.027,0.046,0.035
howard,0.000,0.005,1.000,0.011,0.115,0.035
polish,0.000,0.014,1.000,0.027,0.046,0.035
epic,0.000,0.008,1.000,0.016,0.077,0.035
tethered,0.000,0.005,1.000,0.011,0.115,0.035
override,0.000,0.019,1.000,0.038,0.033,0.035
animate,0.000,0.014,1.000,0.027,0.046,0.035
anonymous,0.000,0.008,1.000,0.016,0.077,0.035
gained,0.000,0.027,1.000,0.054,0.023,0.035
hero's,0.000,0.008,1.000,0.016,0.076,0.035
presenting,0.000,0.022,1.000,0.044,0.029,0.035
shook,0.000,0.022,1.000,0.044,0.029,0.035
glowing,0.000,0.011,1.000,0.022,0.057,0.035
magnifying,0.000,0.014,1.000,0.027,0.046,0.035
assertiveness,0.000,0.014,1.000,0.027,0.046,0.035
sip,0.000,0.014,1.000,0.027,0.046,0.035
broadest,0.000,0.014,1.000,0.027,0.046,0.035
properly,0.000,0.027,1.000,0.054,0.023,0.035
sidetracked,0.000,0.011,1.000,0.022,0.057,0.035
weed,0.000,0.011,1.000,0.022,0.057,0.035
propelled,0.000,0.008,1.000,0.016,0.076,0.035
startling,0.000,0.008,1.000,0.016,0.076,0.035
20-minute,0.000,0.016,1.000,0.033,0.038,0.035
sounded,0.000,0.025,1.000,0.049,0.025,0.035
leonard,0.000,0.011,1.000,0.022,0.057,0.035
swing,0.000,0.008,1.000,0.016,0.076,0.035
distinguishing,0.000,0.014,1.000,0.027,0.046,0.035
marinate,0.000,0.008,1.000,0.016,0.076,0.035
loosely,0.000,0.016,1.000,0.033,0.038,0.035
bead,0.000,0.005,1.000,0.011,0.114,0.035
kaleidoscope,0.000,0.014,1.000,0.027,0.046,0.035
faded,0.000,0.011,1.000,0.022,0.057,0.035
soaked,0.000,0.005,1.000,0.011,0.114,0.035
turkey,0.000,0.005,1.000,0.011,0.114,0.035
bolster,0.000,0.016,1.000,0.033,0.038,0.035
festival,0.000,0.019,1.000,0.038,0.033,0.035
non-delusion,0.000,0.008,1.000,0.016,0.076,0.035
non-duality,0.000,0.008,1.000,0.016,0.076,0.035
dedicating,0.000,0.014,1.000,0.027,0.045,0.035
recap,0.000,0.022,1.000,0.044,0.028,0.035
cooperative,0.000,0.011,1.000,0.022,0.057,0.035
fastest,0.000,0.016,1.000,0.033,0.038,0.035
thurman,0.000,0.003,1.000,0.005,0.227,0.035
legacy,0.000,0.011,1.000,0.022,0.057,0.035
stabbing,0.000,0.008,1.000,0.016,0.076,0.035
conversely,0.000,0.016,1.000,0.033,0.038,0.035
upakaraka,0.000,0.005,1.000,0.011,0.113,0.035
eve,0.000,0.005,1.000,0.011,0.113,0.035
horizon,0.000,0.014,1.000,0.027,0.045,0.035
bought,0.000,0.022,1.000,0.044,0.028,0.035
healthier,0.000,0.016,1.000,0.033,0.038,0.035
converge,0.000,0.008,1.000,0.016,0.076,0.035
wobble,0.000,0.008,1.000,0.016,0.076,0.035
sensitization,0.000,0.014,1.000,0.027,0.045,0.035
westerner,0.000,0.022,1.000,0.044,0.028,0.035
discerning,0.000,0.019,1.000,0.038,0.032,0.035
cake,0.000,0.011,1.000,0.022,0.057,0.035
ephemeral,0.000,0.014,1.000,0.027,0.045,0.035
multifaceted,0.000,0.014,1.000,0.027,0.045,0.035
subterranean,0.000,0.008,1.000,0.016,0.075,0.035
helper,0.000,0.014,1.000,0.027,0.045,0.035
clue,0.000,0.025,1.000,0.049,0.025,0.035
morrison,0.000,0.005,1.000,0.011,0.113,0.035
cocoon,0.000,0.008,1.000,0.016,0.075,0.035
mismatch,0.000,0.011,1.000,0.022,0.056,0.035
suffuse,0.000,0.011,1.000,0.022,0.056,0.035
inherited,0.000,0.019,1.000,0.038,0.032,0.035
producing,0.000,0.019,1.000,0.038,0.032,0.035
preserve,0.000,0.022,1.000,0.044,0.028,0.035
ankle,0.000,0.016,1.000,0.033,0.038,0.035
consuming,0.000,0.008,1.000,0.016,0.075,0.035
drew,0.000,0.016,1.000,0.033,0.038,0.035
exposure,0.000,0.011,1.000,0.022,0.056,0.035
assured,0.000,0.011,1.000,0.022,0.056,0.035
untouched,0.000,0.014,1.000,0.027,0.045,0.035
netflix,0.000,0.019,1.000,0.038,0.032,0.035
transcend,0.000,0.011,1.000,0.022,0.056,0.035
reinforce,0.000,0.016,1.000,0.033,0.038,0.035
blend,0.000,0.016,1.000,0.033,0.037,0.035
technical,0.000,0.025,1.000,0.049,0.025,0.035
alienation,0.000,0.014,1.000,0.027,0.045,0.035
demonstrate,0.000,0.022,1.000,0.044,0.028,0.035
bearing,0.000,0.022,1.000,0.044,0.028,0.035
pivot,0.000,0.014,1.000,0.027,0.045,0.035
thou,0.000,0.008,1.000,0.016,0.075,0.035
different,0.004,0.886,0.996,0.229,0.005,0.035
midnight,0.000,0.014,1.000,0.027,0.045,0.035
patch,0.000,0.008,1.000,0.016,0.075,0.035
brushing,0.000,0.008,1.000,0.016,0.075,0.035
anecdote,0.000,0.014,1.000,0.027,0.045,0.035
upwards,0.000,0.016,1.000,0.033,0.037,0.035
amoeba,0.000,0.005,1.000,0.011,0.112,0.035
heartbeat,0.000,0.014,1.000,0.027,0.045,0.035
uppeka,0.000,0.003,1.000,0.005,0.224,0.035
countless,0.000,0.019,1.000,0.038,0.032,0.035
benares,0.000,0.008,1.000,0.016,0.075,0.035
diffusive,0.000,0.003,1.000,0.005,0.224,0.035
measured,0.000,0.016,1.000,0.033,0.037,0.035
camp,0.000,0.016,1.000,0.033,0.037,0.035
unskillfully,0.000,0.008,1.000,0.016,0.075,0.035
ever-present,0.000,0.014,1.000,0.027,0.045,0.035
paraphrase,0.000,0.014,1.000,0.027,0.045,0.035
birthday,0.000,0.014,1.000,0.027,0.045,0.035
elevate,0.000,0.008,1.000,0.016,0.075,0.035
maharaj,0.000,0.011,1.000,0.022,0.056,0.035
kevatta,0.000,0.003,1.000,0.005,0.223,0.035
household,0.000,0.027,1.000,0.054,0.022,0.035
journal,0.000,0.019,1.000,0.038,0.032,0.035
anguish,0.000,0.008,1.000,0.016,0.074,0.035
potentiality,0.000,0.011,1.000,0.022,0.056,0.035
glue,0.000,0.014,1.000,0.027,0.045,0.035
formally,0.000,0.016,1.000,0.033,0.037,0.035
heartache,0.000,0.008,1.000,0.016,0.074,0.035
communal,0.000,0.011,1.000,0.022,0.056,0.035
unforced,0.000,0.003,1.000,0.005,0.223,0.035
rehearsal,0.000,0.008,1.000,0.016,0.074,0.035
apparent,0.000,0.014,1.000,0.027,0.045,0.035
wetness,0.000,0.005,1.000,0.011,0.111,0.035
august,0.000,0.016,1.000,0.033,0.037,0.035
multi-dimensional,0.000,0.014,1.000,0.027,0.045,0.035
felt-sense,0.000,0.008,1.000,0.016,0.074,0.035
retrospect,0.000,0.011,1.000,0.022,0.056,0.035
mind-heart,0.000,0.016,1.000,0.033,0.037,0.035
embodying,0.000,0.011,1.000,0.022,0.056,0.035
fleeting,0.000,0.014,1.000,0.027,0.044,0.035
bodhicitta,0.000,0.019,1.000,0.038,0.032,0.035
cohen,0.000,0.008,1.000,0.016,0.074,0.035
worthiness,0.000,0.008,1.000,0.016,0.074,0.035
saraniya-dhammas,0.000,0.003,1.000,0.005,0.222,0.035
korea,0.000,0.011,1.000,0.022,0.055,0.035
inconceivable,0.000,0.011,1.000,0.022,0.055,0.035
complacent,0.000,0.014,1.000,0.027,0.044,0.035
unwanted,0.000,0.014,1.000,0.027,0.044,0.035
dianaclarkdharma,0.000,0.005,1.000,0.011,0.111,0.035
superior,0.000,0.016,1.000,0.033,0.037,0.035
asavas,0.000,0.005,1.000,0.011,0.111,0.035
blaze,0.000,0.008,1.000,0.016,0.074,0.035
scanning,0.000,0.014,1.000,0.027,0.044,0.035
seductive,0.000,0.016,1.000,0.033,0.037,0.035
subbing,0.000,0.008,1.000,0.016,0.074,0.035
namely,0.000,0.011,1.000,0.022,0.055,0.035
compromise,0.000,0.005,1.000,0.011,0.111,0.035
alarmed,0.000,0.014,1.000,0.027,0.044,0.035
heart-minds,0.000,0.005,1.000,0.011,0.111,0.035
sensor,0.000,0.011,1.000,0.022,0.055,0.035
worldview,0.000,0.022,1.000,0.044,0.028,0.035
julie,0.000,0.005,1.000,0.011,0.111,0.035
splendor,0.000,0.005,1.000,0.011,0.110,0.035
national,0.000,0.019,1.000,0.038,0.032,0.035
caregiver,0.000,0.019,1.000,0.038,0.032,0.035
complicates,0.000,0.008,1.000,0.016,0.074,0.035
fitness,0.000,0.005,1.000,0.011,0.110,0.035
compatible,0.000,0.011,1.000,0.022,0.055,0.035
perplexity,0.000,0.008,1.000,0.016,0.074,0.035
smallest,0.000,0.016,1.000,0.033,0.037,0.035
enact,0.000,0.008,1.000,0.016,0.073,0.035
displeasure,0.000,0.008,1.000,0.016,0.073,0.035
fewer,0.000,0.019,1.000,0.038,0.031,0.035
temperamentally,0.000,0.005,1.000,0.011,0.110,0.035
self-evident,0.000,0.011,1.000,0.022,0.055,0.035
encompass,0.000,0.011,1.000,0.022,0.055,0.035
mahakaccana,0.000,0.003,1.000,0.005,0.220,0.035
washed,0.000,0.019,1.000,0.038,0.031,0.035
tectonic,0.000,0.005,1.000,0.011,0.110,0.035
facilitate,0.000,0.014,1.000,0.027,0.044,0.035
harassed,0.000,0.008,1.000,0.016,0.073,0.035
scott,0.000,0.005,1.000,0.011,0.110,0.035
wildly,0.000,0.014,1.000,0.027,0.044,0.035
rippling,0.000,0.011,1.000,0.022,0.055,0.035
gig,0.000,0.014,1.000,0.027,0.044,0.035
rattle,0.000,0.005,1.000,0.011,0.110,0.035
paul,0.000,0.014,1.000,0.027,0.044,0.035
commercial,0.000,0.011,1.000,0.022,0.055,0.035
joanna,0.000,0.003,1.000,0.005,0.219,0.035
brawling,0.000,0.003,1.000,0.005,0.219,0.035
helpfulness,0.000,0.003,1.000,0.005,0.219,0.035
non-dispute,0.000,0.003,1.000,0.005,0.219,0.035
energizing,0.000,0.014,1.000,0.027,0.044,0.035
unwise,0.000,0.016,1.000,0.033,0.037,0.035
sediment,0.000,0.011,1.000,0.022,0.055,0.035
gorgeous,0.000,0.014,1.000,0.027,0.044,0.035
grade,0.000,0.014,1.000,0.027,0.044,0.035
canonical,0.000,0.014,1.000,0.027,0.044,0.035
director,0.000,0.014,1.000,0.027,0.044,0.035
harden,0.000,0.005,1.000,0.011,0.110,0.035
cloudy,0.000,0.011,1.000,0.022,0.055,0.035
grasshopper,0.000,0.003,1.000,0.005,0.219,0.035
tougher,0.000,0.005,1.000,0.011,0.109,0.035
helicopter,0.000,0.008,1.000,0.016,0.073,0.035
self-deception,0.000,0.011,1.000,0.022,0.055,0.035
asia,0.000,0.025,1.000,0.049,0.024,0.035
intentness,0.000,0.008,1.000,0.016,0.073,0.035
taboo,0.000,0.014,1.000,0.027,0.044,0.035
fruition,0.000,0.014,1.000,0.027,0.044,0.035
celebrating,0.000,0.016,1.000,0.033,0.036,0.035
costume,0.000,0.014,1.000,0.027,0.044,0.035
buzzkill,0.000,0.005,1.000,0.011,0.109,0.034
assault,0.000,0.016,1.000,0.033,0.036,0.034
celebrates,0.000,0.008,1.000,0.016,0.073,0.034
symphony,0.000,0.003,1.000,0.005,0.218,0.034
consequential,0.000,0.014,1.000,0.027,0.044,0.034
google,0.000,0.014,1.000,0.027,0.044,0.034
glorified,0.000,0.008,1.000,0.016,0.073,0.034
decreased,0.000,0.019,1.000,0.038,0.031,0.034
poisoned,0.000,0.008,1.000,0.016,0.073,0.034
ridge,0.000,0.008,1.000,0.016,0.073,0.034
smartphone,0.000,0.011,1.000,0.022,0.055,0.034
explains,0.000,0.025,1.000,0.049,0.024,0.034
behavioral,0.000,0.011,1.000,0.022,0.054,0.034
irrelevant,0.000,0.019,1.000,0.038,0.031,0.034
contentious,0.000,0.008,1.000,0.016,0.073,0.034
drawer,0.000,0.008,1.000,0.016,0.073,0.034
exertion,0.000,0.005,1.000,0.011,0.109,0.034
frequent,0.000,0.019,1.000,0.038,0.031,0.034
tangible,0.000,0.019,1.000,0.038,0.031,0.034
classroom,0.000,0.005,1.000,0.011,0.109,0.034
obsession,0.000,0.016,1.000,0.033,0.036,0.034
launch,0.000,0.008,1.000,0.016,0.073,0.034
insistent,0.000,0.011,1.000,0.022,0.054,0.034
unshakable,0.000,0.014,1.000,0.027,0.044,0.034
launching,0.000,0.003,1.000,0.005,0.217,0.034
dominion,0.000,0.003,1.000,0.005,0.217,0.034
avail,0.000,0.014,1.000,0.027,0.043,0.034
tended,0.000,0.016,1.000,0.033,0.036,0.034
blooming,0.000,0.005,1.000,0.011,0.109,0.034
astounding,0.000,0.011,1.000,0.022,0.054,0.034
multiplicity,0.000,0.008,1.000,0.016,0.072,0.034
wondrous,0.000,0.011,1.000,0.022,0.054,0.034
invade,0.000,0.011,1.000,0.022,0.054,0.034
completed,0.000,0.014,1.000,0.027,0.043,0.034
latin,0.000,0.025,1.000,0.049,0.024,0.034
commenting,0.000,0.011,1.000,0.022,0.054,0.034
atom,0.000,0.011,1.000,0.022,0.054,0.034
recording,0.000,0.022,1.000,0.044,0.027,0.034
primal,0.000,0.008,1.000,0.016,0.072,0.034
existing,0.000,0.014,1.000,0.027,0.043,0.034
nutrient,0.000,0.011,1.000,0.022,0.054,0.034
gun,0.000,0.008,1.000,0.016,0.072,0.034
entrained,0.000,0.011,1.000,0.022,0.054,0.034
imperative,0.000,0.011,1.000,0.022,0.054,0.034
shimmer,0.000,0.008,1.000,0.016,0.072,0.034
interbeing,0.000,0.003,1.000,0.005,0.216,0.034
deathlessness,0.000,0.003,1.000,0.005,0.216,0.034
affords,0.000,0.003,1.000,0.005,0.216,0.034
ancestrally,0.000,0.003,1.000,0.005,0.216,0.034
petal,0.000,0.014,1.000,0.027,0.043,0.034
heir,0.000,0.011,1.000,0.022,0.054,0.034
recollect,0.000,0.014,1.000,0.027,0.043,0.034
memorable,0.000,0.005,1.000,0.011,0.108,0.034
lap,0.000,0.019,1.000,0.038,0.031,0.034
digha,0.000,0.014,1.000,0.027,0.043,0.034
emphatic,0.000,0.011,1.000,0.022,0.054,0.034
realizes,0.000,0.027,1.000,0.054,0.022,0.034
orientating,0.000,0.003,1.000,0.005,0.215,0.034
resort,0.000,0.008,1.000,0.016,0.072,0.034
rang,0.000,0.019,1.000,0.038,0.031,0.034
managing,0.000,0.016,1.000,0.033,0.036,0.034
complaint,0.000,0.016,1.000,0.033,0.036,0.034
shock,0.000,0.025,1.000,0.049,0.024,0.034
calculation,0.000,0.014,1.000,0.027,0.043,0.034
torn,0.000,0.022,1.000,0.044,0.027,0.034
exclude,0.000,0.014,1.000,0.027,0.043,0.034
caringly,0.000,0.014,1.000,0.027,0.043,0.034
overemphasize,0.000,0.016,1.000,0.033,0.036,0.034
michael,0.000,0.005,1.000,0.011,0.107,0.034
discouraging,0.000,0.014,1.000,0.027,0.043,0.034
secure,0.000,0.019,1.000,0.038,0.031,0.034
laughed,0.000,0.011,1.000,0.022,0.054,0.034
skipper,0.000,0.005,1.000,0.011,0.107,0.034
confess,0.000,0.011,1.000,0.022,0.054,0.034
cord,0.000,0.008,1.000,0.016,0.071,0.034
concert,0.000,0.011,1.000,0.022,0.054,0.034
morgan,0.000,0.011,1.000,0.022,0.054,0.034
assembly,0.000,0.011,1.000,0.022,0.054,0.034
condensed,0.000,0.011,1.000,0.022,0.054,0.034
faced,0.000,0.014,1.000,0.027,0.043,0.034
basin,0.000,0.008,1.000,0.016,0.071,0.034
wealthy,0.000,0.025,1.000,0.049,0.024,0.034
engender,0.000,0.008,1.000,0.016,0.071,0.034
exceptional,0.000,0.016,1.000,0.033,0.036,0.034
leadership,0.000,0.014,1.000,0.027,0.043,0.034
assistant,0.000,0.016,1.000,0.033,0.036,0.034
aspiring,0.000,0.014,1.000,0.027,0.043,0.034
hindered,0.000,0.005,1.000,0.011,0.107,0.034
self-preoccupied,0.000,0.016,1.000,0.033,0.036,0.034
poisonous,0.000,0.014,1.000,0.027,0.043,0.034
solving,0.000,0.014,1.000,0.027,0.043,0.034
fragile,0.000,0.014,1.000,0.027,0.043,0.034
justified,0.000,0.016,1.000,0.033,0.036,0.034
shocked,0.000,0.022,1.000,0.044,0.027,0.034
rubbing,0.000,0.014,1.000,0.027,0.043,0.034
beard,0.000,0.019,1.000,0.038,0.030,0.034
stirred,0.000,0.014,1.000,0.027,0.043,0.034
tranquilizing,0.000,0.008,1.000,0.016,0.071,0.034
indignation,0.000,0.014,1.000,0.027,0.043,0.034
desperately,0.000,0.016,1.000,0.033,0.036,0.034
trumpet,0.000,0.003,1.000,0.005,0.213,0.034
leaking,0.000,0.008,1.000,0.016,0.071,0.034
recite,0.000,0.014,1.000,0.027,0.043,0.034
proving,0.000,0.022,1.000,0.044,0.027,0.034
self-aggrandizement,0.000,0.011,1.000,0.022,0.053,0.034
mass,0.000,0.016,1.000,0.033,0.035,0.034
interrupt,0.000,0.016,1.000,0.033,0.035,0.034
dan,0.000,0.011,1.000,0.022,0.053,0.034
motivate,0.000,0.014,1.000,0.027,0.043,0.034
entertaining,0.000,0.019,1.000,0.038,0.030,0.034
mammalian,0.000,0.011,1.000,0.022,0.053,0.034
limitless,0.000,0.008,1.000,0.016,0.071,0.034
mentor,0.000,0.022,1.000,0.044,0.027,0.034
gym,0.000,0.011,1.000,0.022,0.053,0.034
richard,0.000,0.011,1.000,0.022,0.053,0.034
harmonize,0.000,0.014,1.000,0.027,0.042,0.034
largely,0.000,0.016,1.000,0.033,0.035,0.034
situational,0.000,0.016,1.000,0.033,0.035,0.034
tv,0.000,0.025,1.000,0.049,0.024,0.034
begun,0.000,0.016,1.000,0.033,0.035,0.034
carnival,0.000,0.005,1.000,0.011,0.106,0.034
anyone's,0.000,0.011,1.000,0.022,0.053,0.034
nourishes,0.000,0.019,1.000,0.038,0.030,0.034
sawing,0.000,0.008,1.000,0.016,0.071,0.034
asserting,0.000,0.014,1.000,0.027,0.042,0.034
appropriating,0.000,0.008,1.000,0.016,0.070,0.034
sex,0.000,0.030,1.000,0.060,0.019,0.034
forecast,0.000,0.005,1.000,0.011,0.106,0.034
lacking,0.000,0.014,1.000,0.027,0.042,0.034
coat,0.000,0.016,1.000,0.033,0.035,0.034
lottery,0.000,0.016,1.000,0.033,0.035,0.034
daydreaming,0.000,0.014,1.000,0.027,0.042,0.034
underlie,0.000,0.008,1.000,0.016,0.070,0.034
dr,0.000,0.019,1.000,0.038,0.030,0.034
fortunately,0.000,0.025,1.000,0.049,0.023,0.034
cliff,0.000,0.011,1.000,0.022,0.053,0.034
upanishad,0.000,0.011,1.000,0.022,0.053,0.034
coldness,0.000,0.011,1.000,0.022,0.053,0.034
romantic,0.000,0.019,1.000,0.038,0.030,0.034
f,0.000,0.008,1.000,0.016,0.070,0.034
self-referencing,0.000,0.014,1.000,0.027,0.042,0.034
jerry,0.000,0.005,1.000,0.011,0.105,0.034
simone,0.000,0.008,1.000,0.016,0.070,0.034
regenerative,0.000,0.003,1.000,0.005,0.210,0.034
hyperarousal,0.000,0.003,1.000,0.005,0.210,0.034
synthetic,0.000,0.008,1.000,0.016,0.070,0.034
zafu,0.000,0.011,1.000,0.022,0.052,0.034
well-developed,0.000,0.014,1.000,0.027,0.042,0.034
visualization,0.000,0.008,1.000,0.016,0.070,0.034
systematically,0.000,0.014,1.000,0.027,0.042,0.034
bite,0.000,0.016,1.000,0.033,0.035,0.034
dharmic,0.000,0.008,1.000,0.016,0.070,0.034
tribe,0.000,0.011,1.000,0.022,0.052,0.034
hurtful,0.000,0.016,1.000,0.033,0.035,0.034
world's,0.000,0.016,1.000,0.033,0.035,0.034
suspicion,0.000,0.014,1.000,0.027,0.042,0.034
smog,0.000,0.011,1.000,0.022,0.052,0.034
relaxedly,0.000,0.011,1.000,0.022,0.052,0.034
accuracy,0.000,0.011,1.000,0.022,0.052,0.034
oil,0.000,0.022,1.000,0.044,0.026,0.034
unrealistic,0.000,0.022,1.000,0.044,0.026,0.034
textual,0.000,0.005,1.000,0.011,0.105,0.034
primitive,0.000,0.008,1.000,0.016,0.070,0.034
das,0.000,0.008,1.000,0.016,0.070,0.034
superficial,0.000,0.016,1.000,0.033,0.035,0.034
diving,0.000,0.016,1.000,0.033,0.035,0.034
impoverished,0.000,0.011,1.000,0.022,0.052,0.034
interconnectedness,0.000,0.008,1.000,0.016,0.070,0.034
samatha-vipassana,0.000,0.011,1.000,0.022,0.052,0.034
schedule,0.000,0.014,1.000,0.027,0.042,0.034
swear,0.000,0.011,1.000,0.022,0.052,0.034
thorough,0.000,0.014,1.000,0.027,0.042,0.034
excerpt,0.000,0.014,1.000,0.027,0.042,0.034
upwelling,0.000,0.011,1.000,0.022,0.052,0.034
unlike,0.000,0.025,1.000,0.049,0.023,0.034
gardener,0.000,0.016,1.000,0.033,0.035,0.034
vertebra,0.000,0.011,1.000,0.022,0.052,0.034
hara,0.000,0.011,1.000,0.022,0.052,0.034
stream-enterer,0.000,0.016,1.000,0.033,0.035,0.034
testing,0.000,0.014,1.000,0.027,0.042,0.034
arrange,0.000,0.022,1.000,0.044,0.026,0.034
awfulness,0.000,0.014,1.000,0.027,0.042,0.034
offended,0.000,0.016,1.000,0.033,0.035,0.034
burdened,0.000,0.014,1.000,0.027,0.042,0.034
promotes,0.000,0.022,1.000,0.044,0.026,0.034
prompt,0.000,0.016,1.000,0.033,0.035,0.034
yay,0.000,0.011,1.000,0.022,0.052,0.034
preserved,0.000,0.022,1.000,0.044,0.026,0.034
blew,0.000,0.011,1.000,0.022,0.052,0.034
germinate,0.000,0.016,1.000,0.033,0.035,0.034
ignite,0.000,0.011,1.000,0.022,0.052,0.034
shorthand,0.000,0.019,1.000,0.038,0.030,0.034
ungovernable,0.000,0.005,1.000,0.011,0.104,0.034
ashoka,0.000,0.005,1.000,0.011,0.104,0.034
atthacariya,0.000,0.005,1.000,0.011,0.104,0.034
samanattata,0.000,0.005,1.000,0.011,0.104,0.034
torture,0.000,0.011,1.000,0.022,0.052,0.034
implied,0.000,0.014,1.000,0.027,0.041,0.034
non-discursive,0.000,0.008,1.000,0.016,0.069,0.034
liquid,0.000,0.014,1.000,0.027,0.041,0.034
mission,0.000,0.011,1.000,0.022,0.052,0.034
it'd,0.000,0.019,1.000,0.038,0.030,0.034
kalamas,0.000,0.008,1.000,0.016,0.069,0.034
bandit,0.000,0.011,1.000,0.022,0.052,0.034
therigatha,0.000,0.011,1.000,0.022,0.052,0.034
good,0.003,0.891,0.997,0.218,0.005,0.034
shaping,0.000,0.016,1.000,0.033,0.035,0.034
alternate,0.000,0.016,1.000,0.033,0.035,0.034
courtroom,0.000,0.005,1.000,0.011,0.103,0.034
louder,0.000,0.011,1.000,0.022,0.052,0.034
ripe,0.000,0.016,1.000,0.033,0.034,0.034
painting,0.000,0.014,1.000,0.027,0.041,0.034
cosmological,0.000,0.005,1.000,0.011,0.103,0.034
mad,0.000,0.025,1.000,0.049,0.023,0.034
protesting,0.000,0.019,1.000,0.038,0.030,0.034
kitty,0.000,0.008,1.000,0.016,0.069,0.034
blamelessness,0.000,0.011,1.000,0.022,0.052,0.034
border,0.000,0.016,1.000,0.033,0.034,0.034
clay,0.000,0.011,1.000,0.022,0.052,0.034
pervasiveness,0.000,0.008,1.000,0.016,0.069,0.034
criticism,0.000,0.016,1.000,0.033,0.034,0.034
negativity,0.000,0.014,1.000,0.027,0.041,0.034
draining,0.000,0.016,1.000,0.033,0.034,0.034
antenna,0.000,0.008,1.000,0.016,0.069,0.034
indigenous,0.000,0.005,1.000,0.011,0.103,0.034
poignant,0.000,0.016,1.000,0.033,0.034,0.034
diligent,0.000,0.014,1.000,0.027,0.041,0.033
unclenching,0.000,0.008,1.000,0.016,0.069,0.033
noisy,0.000,0.014,1.000,0.027,0.041,0.033
intimidation,0.000,0.005,1.000,0.011,0.103,0.033
12-step,0.000,0.008,1.000,0.016,0.069,0.033
warrant,0.000,0.008,1.000,0.016,0.069,0.033
irritating,0.000,0.014,1.000,0.027,0.041,0.033
ward,0.000,0.005,1.000,0.011,0.103,0.033
eyelid,0.000,0.008,1.000,0.016,0.069,0.033
underground,0.000,0.014,1.000,0.027,0.041,0.033
ambiance,0.000,0.003,1.000,0.005,0.206,0.033
melodramatic,0.000,0.008,1.000,0.016,0.068,0.033
generic,0.000,0.019,1.000,0.038,0.029,0.033
dwells,0.000,0.005,1.000,0.011,0.103,0.033
fabricated,0.000,0.025,1.000,0.049,0.023,0.033
exploit,0.000,0.008,1.000,0.016,0.068,0.033
courtyard,0.000,0.011,1.000,0.022,0.051,0.033
non-shame,0.000,0.003,1.000,0.005,0.205,0.033
serene,0.000,0.016,1.000,0.033,0.034,0.033
ashamed,0.000,0.014,1.000,0.027,0.041,0.033
assertive,0.000,0.014,1.000,0.027,0.041,0.033
encompasses,0.000,0.014,1.000,0.027,0.041,0.033
non-greed,0.000,0.014,1.000,0.027,0.041,0.033
dividing,0.000,0.016,1.000,0.033,0.034,0.033
depersonalization,0.000,0.003,1.000,0.005,0.205,0.033
threaten,0.000,0.003,1.000,0.005,0.205,0.033
pertains,0.000,0.003,1.000,0.005,0.205,0.033
bhavatanha,0.000,0.003,1.000,0.005,0.205,0.033
perpetuation,0.000,0.003,1.000,0.005,0.205,0.033
emperor,0.000,0.008,1.000,0.016,0.068,0.033
fragility,0.000,0.008,1.000,0.016,0.068,0.033
equivalence,0.000,0.011,1.000,0.022,0.051,0.033
adaptable,0.000,0.011,1.000,0.022,0.051,0.033
unstressful,0.000,0.005,1.000,0.011,0.102,0.033
riverbank,0.000,0.005,1.000,0.011,0.102,0.033
unsatisfying,0.000,0.014,1.000,0.027,0.041,0.033
adaptability,0.000,0.008,1.000,0.016,0.068,0.033
sanctuary,0.000,0.014,1.000,0.027,0.041,0.033
checklist,0.000,0.011,1.000,0.022,0.051,0.033
watered,0.000,0.008,1.000,0.016,0.068,0.033
vihara,0.000,0.011,1.000,0.022,0.051,0.033
naomi,0.000,0.016,1.000,0.033,0.034,0.033
sunny,0.000,0.016,1.000,0.033,0.034,0.033
non-contention,0.000,0.008,1.000,0.016,0.068,0.033
end,0.002,0.856,0.998,0.289,0.004,0.033
agreed,0.000,0.016,1.000,0.033,0.034,0.033
non-human,0.000,0.008,1.000,0.016,0.068,0.033
hollowness,0.000,0.003,1.000,0.005,0.204,0.033
overconfidence,0.000,0.008,1.000,0.016,0.068,0.033
coloring,0.000,0.014,1.000,0.027,0.041,0.033
dragged,0.000,0.005,1.000,0.011,0.102,0.033
unfailing,0.000,0.003,1.000,0.005,0.204,0.033
undergraduate,0.000,0.008,1.000,0.016,0.068,0.033
proffered,0.000,0.005,1.000,0.011,0.102,0.033
backpacking,0.000,0.005,1.000,0.011,0.102,0.033
unfolded,0.000,0.014,1.000,0.027,0.041,0.033
mana,0.000,0.005,1.000,0.011,0.102,0.033
spider,0.000,0.008,1.000,0.016,0.068,0.033
adjusts,0.000,0.011,1.000,0.022,0.051,0.033
fixation,0.000,0.008,1.000,0.016,0.068,0.033
yoniso,0.000,0.005,1.000,0.011,0.101,0.033
lessening,0.000,0.014,1.000,0.027,0.041,0.033
3of5,0.000,0.005,1.000,0.011,0.101,0.033
coping,0.000,0.005,1.000,0.011,0.101,0.033
coziness,0.000,0.016,1.000,0.033,0.034,0.033
graciously,0.000,0.014,1.000,0.027,0.041,0.033
meaning-making,0.000,0.011,1.000,0.022,0.051,0.033
heartwood,0.000,0.005,1.000,0.011,0.101,0.033
milarepa,0.000,0.003,1.000,0.005,0.203,0.033
resembles,0.000,0.011,1.000,0.022,0.051,0.033
non-judgmentalism,0.000,0.005,1.000,0.011,0.101,0.033
paved,0.000,0.005,1.000,0.011,0.101,0.033
subconsciously,0.000,0.014,1.000,0.027,0.040,0.033
academic,0.000,0.016,1.000,0.033,0.034,0.033
stomach,0.000,0.016,1.000,0.033,0.034,0.033
informs,0.000,0.019,1.000,0.038,0.029,0.033
selective,0.000,0.011,1.000,0.022,0.051,0.033
chatting,0.000,0.019,1.000,0.038,0.029,0.033
snowflake,0.000,0.003,1.000,0.005,0.202,0.033
illuminated,0.000,0.008,1.000,0.016,0.067,0.033
nephew,0.000,0.008,1.000,0.016,0.067,0.033
determine,0.000,0.019,1.000,0.038,0.029,0.033
lecture,0.000,0.016,1.000,0.033,0.034,0.033
cheese,0.000,0.011,1.000,0.022,0.050,0.033
travis,0.000,0.003,1.000,0.005,0.202,0.033
fundraiser,0.000,0.003,1.000,0.005,0.202,0.033
cruise,0.000,0.008,1.000,0.016,0.067,0.033
taoist,0.000,0.008,1.000,0.016,0.067,0.033
leak,0.000,0.014,1.000,0.027,0.040,0.033
morocco,0.000,0.003,1.000,0.005,0.202,0.033
consultation,0.000,0.005,1.000,0.011,0.101,0.033
gender,0.000,0.019,1.000,0.038,0.029,0.033
quo,0.000,0.008,1.000,0.016,0.067,0.033
buffer,0.000,0.008,1.000,0.016,0.067,0.033
idealized,0.000,0.016,1.000,0.033,0.034,0.033
hence,0.000,0.025,1.000,0.049,0.022,0.033
baseball,0.000,0.008,1.000,0.016,0.067,0.033
lethargy,0.000,0.005,1.000,0.011,0.101,0.033
likens,0.000,0.011,1.000,0.022,0.050,0.033
ukraine,0.000,0.019,1.000,0.038,0.029,0.033
eats,0.000,0.008,1.000,0.016,0.067,0.033
lawyer,0.000,0.014,1.000,0.027,0.040,0.033
comprehending,0.000,0.011,1.000,0.022,0.050,0.033
efforting,0.000,0.008,1.000,0.016,0.067,0.033
locate,0.000,0.011,1.000,0.022,0.050,0.033
extends,0.000,0.014,1.000,0.027,0.040,0.033
deconstruct,0.000,0.008,1.000,0.016,0.067,0.033
mansion,0.000,0.005,1.000,0.011,0.100,0.033
characterization,0.000,0.008,1.000,0.016,0.067,0.033
threatening,0.000,0.011,1.000,0.022,0.050,0.033
back,0.003,0.883,0.997,0.234,0.005,0.033
intend,0.000,0.016,1.000,0.033,0.033,0.033
charity,0.000,0.011,1.000,0.022,0.050,0.033
acrobat,0.000,0.005,1.000,0.011,0.100,0.033
greeted,0.000,0.011,1.000,0.022,0.050,0.033
travelled,0.000,0.005,1.000,0.011,0.100,0.033
jill,0.000,0.005,1.000,0.011,0.100,0.033
stove,0.000,0.011,1.000,0.022,0.050,0.033
capability,0.000,0.019,1.000,0.038,0.029,0.033
enormous,0.000,0.016,1.000,0.033,0.033,0.033
perceived,0.000,0.019,1.000,0.038,0.029,0.033
wooden,0.000,0.014,1.000,0.027,0.040,0.033
focal,0.000,0.008,1.000,0.016,0.067,0.033
guilt,0.000,0.011,1.000,0.022,0.050,0.033
galle,0.000,0.003,1.000,0.005,0.200,0.033
unit,0.000,0.016,1.000,0.033,0.033,0.033
gestating,0.000,0.005,1.000,0.011,0.100,0.033
drove,0.000,0.025,1.000,0.049,0.022,0.033
warrior,0.000,0.016,1.000,0.033,0.033,0.033
straighten,0.000,0.011,1.000,0.022,0.050,0.033
entitled,0.000,0.008,1.000,0.016,0.067,0.033
lewis,0.000,0.014,1.000,0.027,0.040,0.033
breast,0.000,0.011,1.000,0.022,0.050,0.033
selfless,0.000,0.008,1.000,0.016,0.067,0.033
equality,0.000,0.005,1.000,0.011,0.100,0.033
easygoing,0.000,0.011,1.000,0.022,0.050,0.033
feather,0.000,0.014,1.000,0.027,0.040,0.033
unbearable,0.000,0.011,1.000,0.022,0.050,0.033
hardened,0.000,0.008,1.000,0.016,0.067,0.033
succeed,0.000,0.022,1.000,0.044,0.025,0.033
nested,0.000,0.008,1.000,0.016,0.067,0.033
tax,0.000,0.011,1.000,0.022,0.050,0.033
labeling,0.000,0.019,1.000,0.038,0.028,0.033
syllable,0.000,0.008,1.000,0.016,0.066,0.033
mountaintop,0.000,0.005,1.000,0.011,0.100,0.033
trungpa,0.000,0.008,1.000,0.016,0.066,0.033
majestic,0.000,0.005,1.000,0.011,0.100,0.033
sing,0.000,0.016,1.000,0.033,0.033,0.033
clarification,0.000,0.011,1.000,0.022,0.050,0.033
bee,0.000,0.011,1.000,0.022,0.050,0.033
scenery,0.000,0.014,1.000,0.027,0.040,0.033
practically,0.000,0.019,1.000,0.038,0.028,0.033
caste,0.000,0.005,1.000,0.011,0.100,0.033
impressive,0.000,0.016,1.000,0.033,0.033,0.033
exalted,0.000,0.008,1.000,0.016,0.066,0.033
impartiality,0.000,0.008,1.000,0.016,0.066,0.033
saved,0.000,0.016,1.000,0.033,0.033,0.033
spouse,0.000,0.022,1.000,0.044,0.025,0.033
selecting,0.000,0.011,1.000,0.022,0.050,0.033
vibrancy,0.000,0.005,1.000,0.011,0.099,0.033
chamber,0.000,0.008,1.000,0.016,0.066,0.033
outdoor,0.000,0.011,1.000,0.022,0.050,0.033
impose,0.000,0.011,1.000,0.022,0.050,0.033
mainstream,0.000,0.016,1.000,0.033,0.033,0.033
psychosis,0.000,0.003,1.000,0.005,0.198,0.033
diffusion,0.000,0.003,1.000,0.005,0.198,0.033
grafted,0.000,0.003,1.000,0.005,0.198,0.033
sweat,0.000,0.005,1.000,0.011,0.099,0.033
horrifying,0.000,0.014,1.000,0.027,0.040,0.033
requested,0.000,0.011,1.000,0.022,0.050,0.033
multi-layered,0.000,0.008,1.000,0.016,0.066,0.033
stated,0.000,0.016,1.000,0.033,0.033,0.033
corrected,0.000,0.014,1.000,0.027,0.040,0.033
ken,0.000,0.008,1.000,0.016,0.066,0.033
pivoting,0.000,0.008,1.000,0.016,0.066,0.033
screaming,0.000,0.016,1.000,0.033,0.033,0.033
brow,0.000,0.016,1.000,0.033,0.033,0.033
swell,0.000,0.014,1.000,0.027,0.040,0.033
acronym,0.000,0.011,1.000,0.022,0.049,0.033
kicking,0.000,0.008,1.000,0.016,0.066,0.033
pitiful,0.000,0.005,1.000,0.011,0.099,0.033
holder,0.000,0.008,1.000,0.016,0.066,0.033
frontal,0.000,0.008,1.000,0.016,0.066,0.033
brush,0.000,0.011,1.000,0.022,0.049,0.033
advertisement,0.000,0.014,1.000,0.027,0.040,0.033
interfaith,0.000,0.014,1.000,0.027,0.040,0.033
pound,0.000,0.014,1.000,0.027,0.039,0.033
hormone,0.000,0.016,1.000,0.033,0.033,0.033
overnight,0.000,0.011,1.000,0.022,0.049,0.033
improv,0.000,0.005,1.000,0.011,0.099,0.033
immersing,0.000,0.005,1.000,0.011,0.099,0.033
entryway,0.000,0.014,1.000,0.027,0.039,0.033
designation,0.000,0.005,1.000,0.011,0.099,0.033
flatness,0.000,0.005,1.000,0.011,0.099,0.033
metabolize,0.000,0.008,1.000,0.016,0.066,0.033
ridiculously,0.000,0.011,1.000,0.022,0.049,0.033
glitch,0.000,0.005,1.000,0.011,0.099,0.033
improve,0.000,0.019,1.000,0.038,0.028,0.033
tighter,0.000,0.008,1.000,0.016,0.066,0.033
ripening,0.000,0.008,1.000,0.016,0.066,0.033
tempting,0.000,0.019,1.000,0.038,0.028,0.033
gossiping,0.000,0.014,1.000,0.027,0.039,0.033
20th,0.000,0.014,1.000,0.027,0.039,0.033
regularity,0.000,0.014,1.000,0.027,0.039,0.033
kusala,0.000,0.014,1.000,0.027,0.039,0.033
gravel,0.000,0.005,1.000,0.011,0.098,0.033
calmed,0.000,0.011,1.000,0.022,0.049,0.033
flourish,0.000,0.011,1.000,0.022,0.049,0.033
trend,0.000,0.014,1.000,0.027,0.039,0.033
harmless,0.000,0.016,1.000,0.033,0.033,0.033
jesus,0.000,0.011,1.000,0.022,0.049,0.033
pronounced,0.000,0.014,1.000,0.027,0.039,0.033
africa,0.000,0.016,1.000,0.033,0.033,0.033
harshly,0.000,0.011,1.000,0.022,0.049,0.033
steam,0.000,0.005,1.000,0.011,0.098,0.033
defending,0.000,0.014,1.000,0.027,0.039,0.033
enriched,0.000,0.011,1.000,0.022,0.049,0.033
upbringing,0.000,0.016,1.000,0.033,0.033,0.033
saint,0.000,0.005,1.000,0.011,0.098,0.033
converse,0.000,0.011,1.000,0.022,0.049,0.033
proceed,0.000,0.014,1.000,0.027,0.039,0.033
cyclical,0.000,0.008,1.000,0.016,0.065,0.033
disentangling,0.000,0.005,1.000,0.011,0.098,0.033
dairy,0.000,0.003,1.000,0.005,0.196,0.033
inhaling,0.000,0.011,1.000,0.022,0.049,0.033
aboriginal,0.000,0.003,1.000,0.005,0.196,0.033
signet,0.000,0.003,1.000,0.005,0.196,0.033
equation,0.000,0.008,1.000,0.016,0.065,0.033
socially,0.000,0.019,1.000,0.038,0.028,0.033
obstructs,0.000,0.014,1.000,0.027,0.039,0.033
contained,0.000,0.016,1.000,0.033,0.033,0.033
footnote,0.000,0.011,1.000,0.022,0.049,0.033
glide,0.000,0.014,1.000,0.027,0.039,0.033
nobody's,0.000,0.016,1.000,0.033,0.033,0.033
liable,0.000,0.005,1.000,0.011,0.098,0.033
unsettling,0.000,0.008,1.000,0.016,0.065,0.033
nod,0.000,0.019,1.000,0.038,0.028,0.033
discouragement,0.000,0.008,1.000,0.016,0.065,0.033
momentarily,0.000,0.011,1.000,0.022,0.049,0.033
altitude,0.000,0.008,1.000,0.016,0.065,0.033
eagle,0.000,0.008,1.000,0.016,0.065,0.033
vary,0.000,0.008,1.000,0.016,0.065,0.033
shrinking,0.000,0.011,1.000,0.022,0.049,0.033
hesitating,0.000,0.014,1.000,0.027,0.039,0.033
corrupted,0.000,0.014,1.000,0.027,0.039,0.033
thank,0.002,0.864,0.998,0.272,0.004,0.033
gulp,0.000,0.008,1.000,0.016,0.065,0.033
dictionary,0.000,0.014,1.000,0.027,0.039,0.033
trampled,0.000,0.003,1.000,0.005,0.195,0.033
introduces,0.000,0.019,1.000,0.038,0.028,0.033
coughing,0.000,0.008,1.000,0.016,0.065,0.033
burbea,0.000,0.011,1.000,0.022,0.049,0.033
distracts,0.000,0.014,1.000,0.027,0.039,0.033
revolution,0.000,0.011,1.000,0.022,0.049,0.033
retrospective,0.000,0.005,1.000,0.011,0.097,0.033
interestingly,0.000,0.025,1.000,0.049,0.022,0.033
dose,0.000,0.008,1.000,0.016,0.065,0.033
union,0.000,0.014,1.000,0.027,0.039,0.033
tasted,0.000,0.016,1.000,0.033,0.032,0.033
japan,0.000,0.022,1.000,0.044,0.024,0.033
homage,0.000,0.011,1.000,0.022,0.049,0.033
unruffled,0.000,0.014,1.000,0.027,0.039,0.033
sacredness,0.000,0.014,1.000,0.027,0.039,0.033
lawful,0.000,0.008,1.000,0.016,0.065,0.033
mold,0.000,0.005,1.000,0.011,0.097,0.033
philosophically,0.000,0.011,1.000,0.022,0.048,0.033
technically,0.000,0.016,1.000,0.033,0.032,0.033
want,0.004,0.902,0.996,0.196,0.005,0.033
non-anger,0.000,0.008,1.000,0.016,0.065,0.033
proved,0.000,0.008,1.000,0.016,0.065,0.033
in-breaths,0.000,0.014,1.000,0.027,0.039,0.032
distinguishes,0.000,0.011,1.000,0.022,0.048,0.032
clap,0.000,0.005,1.000,0.011,0.097,0.032
chewing,0.000,0.019,1.000,0.038,0.028,0.032
xyz,0.000,0.016,1.000,0.033,0.032,0.032
liar,0.000,0.005,1.000,0.011,0.097,0.032
mighty,0.000,0.011,1.000,0.022,0.048,0.032
framed,0.000,0.016,1.000,0.033,0.032,0.032
nevada,0.000,0.008,1.000,0.016,0.065,0.032
warmheartedness,0.000,0.008,1.000,0.016,0.065,0.032
gambling,0.000,0.014,1.000,0.027,0.039,0.032
demeanor,0.000,0.005,1.000,0.011,0.097,0.032
worn,0.000,0.011,1.000,0.022,0.048,0.032
intervene,0.000,0.011,1.000,0.022,0.048,0.032
investigated,0.000,0.014,1.000,0.027,0.039,0.032
ingredient,0.000,0.014,1.000,0.027,0.039,0.032
dramatizes,0.000,0.005,1.000,0.011,0.097,0.032
enmeshed,0.000,0.005,1.000,0.011,0.097,0.032
stumble,0.000,0.014,1.000,0.027,0.039,0.032
whisperer,0.000,0.005,1.000,0.011,0.097,0.032
broken-down,0.000,0.003,1.000,0.005,0.193,0.032
disagreement,0.000,0.025,1.000,0.049,0.021,0.032
sell,0.000,0.019,1.000,0.038,0.028,0.032
generates,0.000,0.014,1.000,0.027,0.039,0.032
truthful,0.000,0.014,1.000,0.027,0.039,0.032
ping-pong,0.000,0.008,1.000,0.016,0.064,0.032
administration,0.000,0.011,1.000,0.022,0.048,0.032
startled,0.000,0.011,1.000,0.022,0.048,0.032
latter,0.000,0.019,1.000,0.038,0.028,0.032
self-respect,0.000,0.008,1.000,0.016,0.064,0.032
wounded,0.000,0.011,1.000,0.022,0.048,0.032
intelligently,0.000,0.005,1.000,0.011,0.096,0.032
asura,0.000,0.008,1.000,0.016,0.064,0.032
assertion,0.000,0.016,1.000,0.033,0.032,0.032
wizard,0.000,0.005,1.000,0.011,0.096,0.032
rinpoche,0.000,0.008,1.000,0.016,0.064,0.032
contributed,0.000,0.008,1.000,0.016,0.064,0.032
gray,0.000,0.014,1.000,0.027,0.038,0.032
mutually,0.000,0.016,1.000,0.033,0.032,0.032
paradigm,0.000,0.019,1.000,0.038,0.027,0.032
bhikkhus,0.000,0.008,1.000,0.016,0.064,0.032
instructed,0.000,0.016,1.000,0.033,0.032,0.032
aiming,0.000,0.016,1.000,0.033,0.032,0.032
Chen Ying ,0.000,0.008,1.000,0.016,0.064,0.032
thawing,0.000,0.008,1.000,0.016,0.064,0.032
acutely,0.000,0.011,1.000,0.022,0.048,0.032
shihab,0.000,0.008,1.000,0.016,0.064,0.032
reacts,0.000,0.016,1.000,0.033,0.032,0.032
strawberry,0.000,0.005,1.000,0.011,0.096,0.032
condemn,0.000,0.014,1.000,0.027,0.038,0.032
contradiction,0.000,0.011,1.000,0.022,0.048,0.032
claire,0.000,0.008,1.000,0.016,0.064,0.032
imperfect,0.000,0.011,1.000,0.022,0.048,0.032
tide,0.000,0.008,1.000,0.016,0.064,0.032
testify,0.000,0.005,1.000,0.011,0.096,0.032
repetition,0.000,0.016,1.000,0.033,0.032,0.032
defeated,0.000,0.011,1.000,0.022,0.048,0.032
subjectively,0.000,0.011,1.000,0.022,0.048,0.032
mat,0.000,0.011,1.000,0.022,0.048,0.032
nutrition,0.000,0.005,1.000,0.011,0.096,0.032
unimportant,0.000,0.014,1.000,0.027,0.038,0.032
vajrayana,0.000,0.011,1.000,0.022,0.048,0.032
innate,0.000,0.016,1.000,0.033,0.032,0.032
buried,0.000,0.016,1.000,0.033,0.032,0.032
gentling,0.000,0.008,1.000,0.016,0.064,0.032
non-self,0.000,0.014,1.000,0.027,0.038,0.032
centimeter,0.000,0.005,1.000,0.011,0.095,0.032
drunk,0.000,0.011,1.000,0.022,0.048,0.032
su,0.000,0.003,1.000,0.005,0.190,0.032
dongpo,0.000,0.003,1.000,0.005,0.190,0.032
dunning-kruger,0.000,0.003,1.000,0.005,0.190,0.032
ranger,0.000,0.003,1.000,0.005,0.190,0.032
myers,0.000,0.003,1.000,0.005,0.190,0.032
men's,0.000,0.008,1.000,0.016,0.063,0.032
disrupts,0.000,0.008,1.000,0.016,0.063,0.032
jesse,0.000,0.008,1.000,0.016,0.063,0.032
h2o,0.000,0.005,1.000,0.011,0.095,0.032
systematic,0.000,0.011,1.000,0.022,0.048,0.032
snowstorm,0.000,0.005,1.000,0.011,0.095,0.032
perplexed,0.000,0.011,1.000,0.022,0.048,0.032
hardly,0.000,0.025,1.000,0.049,0.021,0.032
suffusing,0.000,0.008,1.000,0.016,0.063,0.032
exert,0.000,0.011,1.000,0.022,0.047,0.032
prioritizing,0.000,0.011,1.000,0.022,0.047,0.032
attacking,0.000,0.014,1.000,0.027,0.038,0.032
shelley,0.000,0.011,1.000,0.022,0.047,0.032
messed,0.000,0.016,1.000,0.033,0.032,0.032
toy,0.000,0.011,1.000,0.022,0.047,0.032
rejoicing,0.000,0.005,1.000,0.011,0.095,0.032
apartment,0.000,0.016,1.000,0.033,0.032,0.032
mythical,0.000,0.011,1.000,0.022,0.047,0.032
articulation,0.000,0.003,1.000,0.005,0.190,0.032
tolstoy,0.000,0.003,1.000,0.005,0.190,0.032
distinctiveness,0.000,0.003,1.000,0.005,0.190,0.032
individually,0.000,0.022,1.000,0.044,0.024,0.032
preliminary,0.000,0.008,1.000,0.016,0.063,0.032
salient,0.000,0.011,1.000,0.022,0.047,0.032
passana,0.000,0.011,1.000,0.022,0.047,0.032
disaster,0.000,0.019,1.000,0.038,0.027,0.032
stroke,0.000,0.014,1.000,0.027,0.038,0.032
pentad,0.000,0.008,1.000,0.016,0.063,0.032
overactivated,0.000,0.014,1.000,0.027,0.038,0.032
transmit,0.000,0.014,1.000,0.027,0.038,0.032
hop,0.000,0.014,1.000,0.027,0.038,0.032
lining,0.000,0.014,1.000,0.027,0.038,0.032
jeep,0.000,0.008,1.000,0.016,0.063,0.032
arrested,0.000,0.005,1.000,0.011,0.095,0.032
sneak,0.000,0.014,1.000,0.027,0.038,0.032
tom,0.000,0.005,1.000,0.011,0.094,0.032
discontentment,0.000,0.008,1.000,0.016,0.063,0.032
cartoonish,0.000,0.005,1.000,0.011,0.094,0.032
unknowingly,0.000,0.011,1.000,0.022,0.047,0.032
reciprocal,0.000,0.014,1.000,0.027,0.038,0.032
avoided,0.000,0.014,1.000,0.027,0.038,0.032
straightens,0.000,0.011,1.000,0.022,0.047,0.032
freshly,0.000,0.008,1.000,0.016,0.063,0.032
rachel,0.000,0.014,1.000,0.027,0.038,0.032
connoisseur,0.000,0.011,1.000,0.022,0.047,0.032
magnificent,0.000,0.014,1.000,0.027,0.038,0.032
knit,0.000,0.014,1.000,0.027,0.038,0.032
precipice,0.000,0.005,1.000,0.011,0.094,0.032
etymology,0.000,0.016,1.000,0.033,0.031,0.032
incessant,0.000,0.014,1.000,0.027,0.038,0.032
darsana,0.000,0.003,1.000,0.005,0.188,0.032
lilac,0.000,0.011,1.000,0.022,0.047,0.032
undermines,0.000,0.016,1.000,0.033,0.031,0.032
workable,0.000,0.008,1.000,0.016,0.063,0.032
kiss,0.000,0.008,1.000,0.016,0.063,0.032
mattered,0.000,0.011,1.000,0.022,0.047,0.032
visuddhimagga,0.000,0.014,1.000,0.027,0.038,0.032
eric,0.000,0.005,1.000,0.011,0.094,0.032
attributed,0.000,0.014,1.000,0.027,0.038,0.032
self-assertion,0.000,0.008,1.000,0.016,0.063,0.032
enamored,0.000,0.014,1.000,0.027,0.038,0.032
disliking,0.000,0.019,1.000,0.038,0.027,0.032
saturate,0.000,0.011,1.000,0.022,0.047,0.032
enrage,0.000,0.003,1.000,0.005,0.187,0.032
mushroom,0.000,0.008,1.000,0.016,0.062,0.032
disgusting,0.000,0.011,1.000,0.022,0.047,0.032
dealt,0.000,0.016,1.000,0.033,0.031,0.032
knife,0.000,0.011,1.000,0.022,0.047,0.032
inquire,0.000,0.011,1.000,0.022,0.047,0.032
hurried,0.000,0.005,1.000,0.011,0.094,0.032
myriad,0.000,0.016,1.000,0.033,0.031,0.032
constituent,0.000,0.005,1.000,0.011,0.093,0.032
scar,0.000,0.011,1.000,0.022,0.047,0.032
halfway,0.000,0.011,1.000,0.022,0.047,0.032
horrific,0.000,0.011,1.000,0.022,0.047,0.032
familial,0.000,0.011,1.000,0.022,0.047,0.032
reassured,0.000,0.014,1.000,0.027,0.037,0.032
self-reflection,0.000,0.008,1.000,0.016,0.062,0.032
illumination,0.000,0.008,1.000,0.016,0.062,0.032
oppressed,0.000,0.016,1.000,0.033,0.031,0.032
radar,0.000,0.014,1.000,0.027,0.037,0.032
swallow,0.000,0.011,1.000,0.022,0.047,0.032
bend,0.000,0.008,1.000,0.016,0.062,0.032
universally,0.000,0.011,1.000,0.022,0.047,0.032
tensed,0.000,0.008,1.000,0.016,0.062,0.032
scrutinizing,0.000,0.003,1.000,0.005,0.187,0.032
productive,0.000,0.014,1.000,0.027,0.037,0.032
male,0.000,0.008,1.000,0.016,0.062,0.032
remembrance,0.000,0.008,1.000,0.016,0.062,0.032
pandita,0.000,0.011,1.000,0.022,0.047,0.032
unlovable,0.000,0.014,1.000,0.027,0.037,0.032
henry,0.000,0.003,1.000,0.005,0.186,0.032
shukman,0.000,0.003,1.000,0.005,0.186,0.032
lanka,0.000,0.014,1.000,0.027,0.037,0.032
helpless,0.000,0.014,1.000,0.027,0.037,0.032
glorious,0.000,0.011,1.000,0.022,0.047,0.032
positioned,0.000,0.008,1.000,0.016,0.062,0.032
creep,0.000,0.008,1.000,0.016,0.062,0.032
encompassing,0.000,0.011,1.000,0.022,0.047,0.032
cognize,0.000,0.011,1.000,0.022,0.047,0.032
smelled,0.000,0.005,1.000,0.011,0.093,0.032
not-so-subtle,0.000,0.011,1.000,0.022,0.046,0.032
trash,0.000,0.011,1.000,0.022,0.046,0.032
coagulation,0.000,0.011,1.000,0.022,0.046,0.032
span,0.000,0.011,1.000,0.022,0.046,0.032
witnessed,0.000,0.011,1.000,0.022,0.046,0.032
agitates,0.000,0.011,1.000,0.022,0.046,0.032
pronounce,0.000,0.005,1.000,0.011,0.093,0.032
whatever's,0.000,0.019,1.000,0.038,0.027,0.032
subjectivity,0.000,0.005,1.000,0.011,0.093,0.032
elicit,0.000,0.014,1.000,0.027,0.037,0.032
allergic,0.000,0.008,1.000,0.016,0.062,0.032
mask,0.000,0.014,1.000,0.027,0.037,0.032
grammar,0.000,0.011,1.000,0.022,0.046,0.032
threading,0.000,0.003,1.000,0.005,0.185,0.032
dynamism,0.000,0.003,1.000,0.005,0.185,0.032
consolidate,0.000,0.005,1.000,0.011,0.093,0.032
furniture,0.000,0.014,1.000,0.027,0.037,0.032
compassionately,0.000,0.014,1.000,0.027,0.037,0.032
pessimist,0.000,0.003,1.000,0.005,0.185,0.032
11th,0.000,0.014,1.000,0.027,0.037,0.032
bean,0.000,0.005,1.000,0.011,0.092,0.032
shooting,0.000,0.008,1.000,0.016,0.062,0.032
cardinal,0.000,0.005,1.000,0.011,0.092,0.032
nonpartisan,0.000,0.003,1.000,0.005,0.185,0.032
solstice,0.000,0.011,1.000,0.022,0.046,0.032
predictor,0.000,0.005,1.000,0.011,0.092,0.032
improvisation,0.000,0.008,1.000,0.016,0.062,0.032
penetrated,0.000,0.008,1.000,0.016,0.061,0.032
repulsion,0.000,0.005,1.000,0.011,0.092,0.032
verbally,0.000,0.008,1.000,0.016,0.061,0.032
ad,0.000,0.016,1.000,0.033,0.031,0.032
repressing,0.000,0.016,1.000,0.033,0.031,0.032
locally,0.000,0.014,1.000,0.027,0.037,0.032
tempted,0.000,0.014,1.000,0.027,0.037,0.032
steel,0.000,0.005,1.000,0.011,0.092,0.032
purr,0.000,0.008,1.000,0.016,0.061,0.032
lone,0.000,0.005,1.000,0.011,0.092,0.032
self-made,0.000,0.003,1.000,0.005,0.184,0.032
bellow,0.000,0.011,1.000,0.022,0.046,0.032
incomplete,0.000,0.005,1.000,0.011,0.092,0.032
applicable,0.000,0.014,1.000,0.027,0.037,0.032
lemon,0.000,0.003,1.000,0.005,0.184,0.032
parking,0.000,0.014,1.000,0.027,0.037,0.032
audible,0.000,0.005,1.000,0.011,0.092,0.032
laptop,0.000,0.011,1.000,0.022,0.046,0.032
predominantly,0.000,0.011,1.000,0.022,0.046,0.032
performing,0.000,0.014,1.000,0.027,0.037,0.032
solar,0.000,0.005,1.000,0.011,0.092,0.032
seized,0.000,0.011,1.000,0.022,0.046,0.032
trembling,0.000,0.016,1.000,0.033,0.031,0.032
nagel,0.000,0.003,1.000,0.005,0.184,0.032
combined,0.000,0.011,1.000,0.022,0.046,0.032
shelf,0.000,0.011,1.000,0.022,0.046,0.032
reflects,0.000,0.014,1.000,0.027,0.037,0.032
glorifying,0.000,0.005,1.000,0.011,0.092,0.032
neuro-phenomenological,0.000,0.005,1.000,0.011,0.092,0.032
guarding,0.000,0.014,1.000,0.027,0.037,0.032
displaced,0.000,0.003,1.000,0.005,0.183,0.032
opted,0.000,0.003,1.000,0.005,0.183,0.032
unstimulated,0.000,0.003,1.000,0.005,0.183,0.032
farther,0.000,0.016,1.000,0.033,0.031,0.032
overdo,0.000,0.011,1.000,0.022,0.046,0.032
bible,0.000,0.011,1.000,0.022,0.046,0.032
duality,0.000,0.005,1.000,0.011,0.092,0.032
misguided,0.000,0.008,1.000,0.016,0.061,0.032
obscured,0.000,0.008,1.000,0.016,0.061,0.032
tweak,0.000,0.014,1.000,0.027,0.037,0.032
abandonment,0.000,0.008,1.000,0.016,0.061,0.032
day-to-day,0.000,0.016,1.000,0.033,0.030,0.032
meanness,0.000,0.005,1.000,0.011,0.091,0.032
airplane,0.000,0.011,1.000,0.022,0.046,0.032
solidification,0.000,0.008,1.000,0.016,0.061,0.032
loyalty,0.000,0.005,1.000,0.011,0.091,0.032
unwelcome,0.000,0.014,1.000,0.027,0.037,0.032
sleeper,0.000,0.003,1.000,0.005,0.183,0.032
suggestible,0.000,0.003,1.000,0.005,0.183,0.032
efficiently,0.000,0.008,1.000,0.016,0.061,0.032
sheepishly,0.000,0.008,1.000,0.016,0.061,0.032
solidifying,0.000,0.016,1.000,0.033,0.030,0.032
pack,0.000,0.011,1.000,0.022,0.046,0.032
contentedly,0.000,0.005,1.000,0.011,0.091,0.032
switching,0.000,0.019,1.000,0.038,0.026,0.032
registering,0.000,0.014,1.000,0.027,0.036,0.032
minding,0.000,0.014,1.000,0.027,0.036,0.032
breathtaking,0.000,0.014,1.000,0.027,0.036,0.032
perfume,0.000,0.011,1.000,0.022,0.046,0.032
headed,0.000,0.016,1.000,0.033,0.030,0.031
drawback,0.000,0.005,1.000,0.011,0.091,0.031
faucet,0.000,0.005,1.000,0.011,0.091,0.031
scrolling,0.000,0.011,1.000,0.022,0.045,0.031
melody,0.000,0.003,1.000,0.005,0.182,0.031
unkind,0.000,0.011,1.000,0.022,0.045,0.031
remarkably,0.000,0.011,1.000,0.022,0.045,0.031
kumara,0.000,0.005,1.000,0.011,0.091,0.031
troupe,0.000,0.003,1.000,0.005,0.182,0.031
tramer,0.000,0.005,1.000,0.011,0.091,0.031
police,0.000,0.022,1.000,0.044,0.023,0.031
commandment,0.000,0.011,1.000,0.022,0.045,0.031
colored,0.000,0.014,1.000,0.027,0.036,0.031
stumbling,0.000,0.011,1.000,0.022,0.045,0.031
misconception,0.000,0.008,1.000,0.016,0.060,0.031
life-denying,0.000,0.005,1.000,0.011,0.091,0.031
qualifies,0.000,0.008,1.000,0.016,0.060,0.031
ford,0.000,0.003,1.000,0.005,0.181,0.031
qualify,0.000,0.008,1.000,0.016,0.060,0.031
verify,0.000,0.003,1.000,0.005,0.181,0.031
doing-ness,0.000,0.003,1.000,0.005,0.181,0.031
revenge,0.000,0.008,1.000,0.016,0.060,0.031
stoplight,0.000,0.005,1.000,0.011,0.091,0.031
follow-up,0.000,0.011,1.000,0.022,0.045,0.031
fence,0.000,0.011,1.000,0.022,0.045,0.031
rodney,0.000,0.003,1.000,0.005,0.181,0.031
load-bearing,0.000,0.003,1.000,0.005,0.181,0.031
grassland,0.000,0.008,1.000,0.016,0.060,0.031
crux,0.000,0.005,1.000,0.011,0.090,0.031
disagreeing,0.000,0.019,1.000,0.038,0.026,0.031
redirect,0.000,0.011,1.000,0.022,0.045,0.031
ryan,0.000,0.003,1.000,0.005,0.181,0.031
esteem,0.000,0.003,1.000,0.005,0.181,0.031
spectator,0.000,0.003,1.000,0.005,0.181,0.031
choiceless,0.000,0.008,1.000,0.016,0.060,0.031
self-harm,0.000,0.014,1.000,0.027,0.036,0.031
overflowing,0.000,0.011,1.000,0.022,0.045,0.031
friend's,0.000,0.011,1.000,0.022,0.045,0.031
chopping,0.000,0.014,1.000,0.027,0.036,0.031
obstructing,0.000,0.008,1.000,0.016,0.060,0.031
deadline,0.000,0.005,1.000,0.011,0.090,0.031
twelve,0.000,0.014,1.000,0.027,0.036,0.031
1of,0.000,0.005,1.000,0.011,0.090,0.031
jewish,0.000,0.014,1.000,0.027,0.036,0.031
cascade,0.000,0.016,1.000,0.033,0.030,0.031
sorting,0.000,0.008,1.000,0.016,0.060,0.031
linking,0.000,0.014,1.000,0.027,0.036,0.031
grad,0.000,0.008,1.000,0.016,0.060,0.031
prevents,0.000,0.014,1.000,0.027,0.036,0.031
qualitatively,0.000,0.011,1.000,0.022,0.045,0.031
fan,0.000,0.016,1.000,0.033,0.030,0.031
lot,0.003,0.886,0.997,0.229,0.004,0.031
firmly,0.000,0.011,1.000,0.022,0.045,0.031
wrestle,0.000,0.011,1.000,0.022,0.045,0.031
neat,0.000,0.019,1.000,0.038,0.026,0.031
analytical,0.000,0.008,1.000,0.016,0.060,0.031
part,0.003,0.891,0.997,0.218,0.004,0.031
piyavaja,0.000,0.003,1.000,0.005,0.180,0.031
refinement,0.000,0.005,1.000,0.011,0.090,0.031
subset,0.000,0.011,1.000,0.022,0.045,0.031
enlivening,0.000,0.011,1.000,0.022,0.045,0.031
employ,0.000,0.014,1.000,0.027,0.036,0.031
exercising,0.000,0.014,1.000,0.027,0.036,0.031
kittisaro,0.000,0.003,1.000,0.005,0.179,0.031
thanissara's,0.000,0.003,1.000,0.005,0.179,0.031
plugging,0.000,0.003,1.000,0.005,0.179,0.031
measureless,0.000,0.003,1.000,0.005,0.179,0.031
potentize,0.000,0.003,1.000,0.005,0.179,0.031
higher-order,0.000,0.011,1.000,0.022,0.045,0.031
venture,0.000,0.005,1.000,0.011,0.090,0.031
hammer,0.000,0.008,1.000,0.016,0.060,0.031
adequate,0.000,0.014,1.000,0.027,0.036,0.031
routinely,0.000,0.008,1.000,0.016,0.060,0.031
covid,0.000,0.014,1.000,0.027,0.036,0.031
appeal,0.000,0.011,1.000,0.022,0.045,0.031
memorizing,0.000,0.011,1.000,0.022,0.045,0.031
conceivable,0.000,0.005,1.000,0.011,0.090,0.031
leaping,0.000,0.011,1.000,0.022,0.045,0.031
deception,0.000,0.008,1.000,0.016,0.060,0.031
simultaneous,0.000,0.005,1.000,0.011,0.090,0.031
concluding,0.000,0.011,1.000,0.022,0.045,0.031
optimism,0.000,0.011,1.000,0.022,0.045,0.031
hunted,0.000,0.008,1.000,0.016,0.060,0.031
trunk,0.000,0.008,1.000,0.016,0.060,0.031
greatly,0.000,0.019,1.000,0.038,0.026,0.031
ardent,0.000,0.011,1.000,0.022,0.045,0.031
dispraise,0.000,0.003,1.000,0.005,0.179,0.031
kilesas,0.000,0.008,1.000,0.016,0.060,0.031
edited,0.000,0.011,1.000,0.022,0.045,0.031
territoriality,0.000,0.003,1.000,0.005,0.179,0.031
considerate,0.000,0.014,1.000,0.027,0.036,0.031
knocked,0.000,0.014,1.000,0.027,0.036,0.031
landed,0.000,0.014,1.000,0.027,0.036,0.031
forcefulness,0.000,0.011,1.000,0.022,0.045,0.031
signless,0.000,0.003,1.000,0.005,0.178,0.031
repertoire,0.000,0.008,1.000,0.016,0.059,0.031
glimmer,0.000,0.011,1.000,0.022,0.045,0.031
bile,0.000,0.011,1.000,0.022,0.045,0.031
chattering,0.000,0.005,1.000,0.011,0.089,0.031
brahmanism,0.000,0.011,1.000,0.022,0.045,0.031
propping,0.000,0.005,1.000,0.011,0.089,0.031
roughness,0.000,0.008,1.000,0.016,0.059,0.031
suchness,0.000,0.005,1.000,0.011,0.089,0.031
restricted,0.000,0.014,1.000,0.027,0.036,0.031
pep,0.000,0.008,1.000,0.016,0.059,0.031
dismissed,0.000,0.016,1.000,0.033,0.030,0.031
unitarianism,0.000,0.005,1.000,0.011,0.089,0.031
directionality,0.000,0.011,1.000,0.022,0.045,0.031
hindsight,0.000,0.005,1.000,0.011,0.089,0.031
rendering,0.000,0.005,1.000,0.011,0.089,0.031
predetermined,0.000,0.008,1.000,0.016,0.059,0.031
reduces,0.000,0.014,1.000,0.027,0.036,0.031
confinement,0.000,0.005,1.000,0.011,0.089,0.031
bolt,0.000,0.008,1.000,0.016,0.059,0.031
destination,0.000,0.014,1.000,0.027,0.036,0.031
luminescence,0.000,0.003,1.000,0.005,0.178,0.031
relying,0.000,0.011,1.000,0.022,0.044,0.031
agreement,0.000,0.019,1.000,0.038,0.025,0.031
exuberance,0.000,0.011,1.000,0.022,0.044,0.031
scholarly,0.000,0.011,1.000,0.022,0.044,0.031
nobel,0.000,0.014,1.000,0.027,0.036,0.031
girl's,0.000,0.003,1.000,0.005,0.178,0.031
abidings,0.000,0.005,1.000,0.011,0.089,0.031
interpersonally,0.000,0.014,1.000,0.027,0.036,0.031
marinating,0.000,0.003,1.000,0.005,0.178,0.031
terminate,0.000,0.003,1.000,0.005,0.178,0.031
pink,0.000,0.011,1.000,0.022,0.044,0.031
seer,0.000,0.011,1.000,0.022,0.044,0.031
refreshment,0.000,0.005,1.000,0.011,0.089,0.031
transformational,0.000,0.014,1.000,0.027,0.036,0.031
kalyana-mitta,0.000,0.008,1.000,0.016,0.059,0.031
scattering,0.000,0.005,1.000,0.011,0.089,0.031
pounding,0.000,0.008,1.000,0.016,0.059,0.031
theravadan,0.000,0.014,1.000,0.027,0.036,0.031
sodium,0.000,0.008,1.000,0.016,0.059,0.031
maiden,0.000,0.005,1.000,0.011,0.089,0.031
resignation,0.000,0.011,1.000,0.022,0.044,0.031
replaced,0.000,0.011,1.000,0.022,0.044,0.031
congealed,0.000,0.008,1.000,0.016,0.059,0.031
glowingly,0.000,0.003,1.000,0.005,0.177,0.031
honeyed,0.000,0.003,1.000,0.005,0.177,0.031
argues,0.000,0.003,1.000,0.005,0.177,0.031
attenuated,0.000,0.003,1.000,0.005,0.177,0.031
thinned,0.000,0.003,1.000,0.005,0.177,0.031
overdone,0.000,0.011,1.000,0.022,0.044,0.031
significantly,0.000,0.011,1.000,0.022,0.044,0.031
hilltop,0.000,0.011,1.000,0.022,0.044,0.031
pose,0.000,0.014,1.000,0.027,0.035,0.031
selfhood,0.000,0.005,1.000,0.011,0.089,0.031
sacca,0.000,0.008,1.000,0.016,0.059,0.031
clarified,0.000,0.011,1.000,0.022,0.044,0.031
narcissism,0.000,0.008,1.000,0.016,0.059,0.031
discontented,0.000,0.011,1.000,0.022,0.044,0.031
changeable,0.000,0.014,1.000,0.027,0.035,0.031
abuse,0.000,0.014,1.000,0.027,0.035,0.031
andrew,0.000,0.014,1.000,0.027,0.035,0.031
portal,0.000,0.008,1.000,0.016,0.059,0.031
correctly,0.000,0.016,1.000,0.033,0.029,0.031
intelligible,0.000,0.005,1.000,0.011,0.088,0.031
sensuality,0.000,0.014,1.000,0.027,0.035,0.031
condoning,0.000,0.014,1.000,0.027,0.035,0.031
whatnot,0.000,0.011,1.000,0.022,0.044,0.031
hometown,0.000,0.011,1.000,0.022,0.044,0.031
disentangle,0.000,0.011,1.000,0.022,0.044,0.031
hive,0.000,0.003,1.000,0.005,0.177,0.031
waterskiing,0.000,0.003,1.000,0.005,0.177,0.031
enjoys,0.000,0.014,1.000,0.027,0.035,0.031
desperate,0.000,0.014,1.000,0.027,0.035,0.031
disgrace,0.000,0.003,1.000,0.005,0.177,0.031
involving,0.000,0.014,1.000,0.027,0.035,0.031
zooming,0.000,0.011,1.000,0.022,0.044,0.031
moist,0.000,0.011,1.000,0.022,0.044,0.031
trade,0.000,0.011,1.000,0.022,0.044,0.031
obey,0.000,0.008,1.000,0.016,0.059,0.031
twisting,0.000,0.014,1.000,0.027,0.035,0.031
interlinked,0.000,0.003,1.000,0.005,0.176,0.031
nihilistic,0.000,0.005,1.000,0.011,0.088,0.031
proclaim,0.000,0.003,1.000,0.005,0.176,0.031
wagon,0.000,0.008,1.000,0.016,0.059,0.031
musician,0.000,0.014,1.000,0.027,0.035,0.031
arahant,0.000,0.014,1.000,0.027,0.035,0.031
shield,0.000,0.011,1.000,0.022,0.044,0.031
worship,0.000,0.008,1.000,0.016,0.059,0.031
binder,0.000,0.003,1.000,0.005,0.176,0.031
peeing,0.000,0.003,1.000,0.005,0.176,0.031
post-it,0.000,0.003,1.000,0.005,0.176,0.031
promotion,0.000,0.008,1.000,0.016,0.059,0.031
dual,0.000,0.014,1.000,0.027,0.035,0.031
she'll,0.000,0.011,1.000,0.022,0.044,0.031
performer,0.000,0.008,1.000,0.016,0.059,0.031
podolske,0.000,0.003,1.000,0.005,0.176,0.031
deconstructing,0.000,0.011,1.000,0.022,0.044,0.031
30-minute,0.000,0.014,1.000,0.027,0.035,0.031
vineyard,0.000,0.003,1.000,0.005,0.176,0.031
scheffler,0.000,0.003,1.000,0.005,0.176,0.031
golfer,0.000,0.003,1.000,0.005,0.176,0.031
talent,0.000,0.003,1.000,0.005,0.176,0.031
quenchability,0.000,0.003,1.000,0.005,0.176,0.031
kosambi,0.000,0.003,1.000,0.005,0.176,0.031
bob,0.000,0.008,1.000,0.016,0.059,0.031
intimidating,0.000,0.008,1.000,0.016,0.058,0.031
blamed,0.000,0.008,1.000,0.016,0.058,0.031
threatened,0.000,0.011,1.000,0.022,0.044,0.031
exclusive,0.000,0.008,1.000,0.016,0.058,0.031
arrangement,0.000,0.005,1.000,0.011,0.088,0.031
claiming,0.000,0.008,1.000,0.016,0.058,0.031
date,0.000,0.014,1.000,0.027,0.035,0.031
rilke,0.000,0.011,1.000,0.022,0.044,0.031
stagnant,0.000,0.008,1.000,0.016,0.058,0.031
accord,0.000,0.008,1.000,0.016,0.058,0.031
thaw,0.000,0.008,1.000,0.016,0.058,0.031
fired,0.000,0.014,1.000,0.027,0.035,0.031
committing,0.000,0.014,1.000,0.027,0.035,0.031
counter,0.000,0.016,1.000,0.033,0.029,0.031
unsure,0.000,0.016,1.000,0.033,0.029,0.031
restart,0.000,0.008,1.000,0.016,0.058,0.031
unwind,0.000,0.008,1.000,0.016,0.058,0.031
bounded,0.000,0.011,1.000,0.022,0.044,0.031
gossip,0.000,0.014,1.000,0.027,0.035,0.031
vertical,0.000,0.008,1.000,0.016,0.058,0.031
virtual,0.000,0.011,1.000,0.022,0.044,0.031
casting,0.000,0.011,1.000,0.022,0.044,0.031
educational,0.000,0.016,1.000,0.033,0.029,0.031
awash,0.000,0.005,1.000,0.011,0.087,0.031
animating,0.000,0.005,1.000,0.011,0.087,0.031
self-interest,0.000,0.011,1.000,0.022,0.044,0.031
injuring,0.000,0.016,1.000,0.033,0.029,0.031
15th,0.000,0.014,1.000,0.027,0.035,0.031
leakiness,0.000,0.005,1.000,0.011,0.087,0.031
reconditioning,0.000,0.008,1.000,0.016,0.058,0.031
debased,0.000,0.003,1.000,0.005,0.174,0.031
additive,0.000,0.003,1.000,0.005,0.174,0.031
subsides,0.000,0.005,1.000,0.011,0.087,0.031
perpetuating,0.000,0.014,1.000,0.027,0.035,0.031
denise,0.000,0.003,1.000,0.005,0.174,0.031
non-grasping,0.000,0.005,1.000,0.011,0.087,0.031
diverse,0.000,0.008,1.000,0.016,0.058,0.031
target,0.000,0.011,1.000,0.022,0.043,0.031
transient,0.000,0.014,1.000,0.027,0.035,0.031
smoking,0.000,0.008,1.000,0.016,0.058,0.031
ekodi,0.000,0.003,1.000,0.005,0.174,0.031
posed,0.000,0.005,1.000,0.011,0.087,0.031
extension,0.000,0.014,1.000,0.027,0.035,0.031
fetishize,0.000,0.005,1.000,0.011,0.087,0.031
acupuncture,0.000,0.005,1.000,0.011,0.087,0.031
breakfast,0.000,0.014,1.000,0.027,0.035,0.031
quote-unquote,0.000,0.014,1.000,0.027,0.035,0.031
intertwined,0.000,0.005,1.000,0.011,0.087,0.031
wholly,0.000,0.003,1.000,0.005,0.173,0.031
highway,0.000,0.019,1.000,0.038,0.025,0.031
completing,0.000,0.011,1.000,0.022,0.043,0.031
disparate,0.000,0.011,1.000,0.022,0.043,0.031
clunky,0.000,0.014,1.000,0.027,0.035,0.031
alcohol,0.000,0.014,1.000,0.027,0.035,0.031
armoring,0.000,0.005,1.000,0.011,0.087,0.031
co-worker,0.000,0.016,1.000,0.033,0.029,0.031
persuaded,0.000,0.011,1.000,0.022,0.043,0.031
regretting,0.000,0.011,1.000,0.022,0.043,0.031
well-rooted,0.000,0.008,1.000,0.016,0.058,0.031
hypocrisy,0.000,0.008,1.000,0.016,0.058,0.031
solitude,0.000,0.008,1.000,0.016,0.058,0.031
rested,0.000,0.008,1.000,0.016,0.058,0.031
downwards,0.000,0.011,1.000,0.022,0.043,0.031
dismantle,0.000,0.005,1.000,0.011,0.086,0.031
packed,0.000,0.014,1.000,0.027,0.035,0.031
british,0.000,0.008,1.000,0.016,0.058,0.031
theoretically,0.000,0.005,1.000,0.011,0.086,0.031
palpable,0.000,0.011,1.000,0.022,0.043,0.031
patrolling,0.000,0.003,1.000,0.005,0.173,0.031
needy,0.000,0.014,1.000,0.027,0.035,0.031
receptively,0.000,0.008,1.000,0.016,0.058,0.031
aunt,0.000,0.008,1.000,0.016,0.058,0.031
pure-hearted,0.000,0.008,1.000,0.016,0.058,0.031
fiction,0.000,0.011,1.000,0.022,0.043,0.031
demonstrates,0.000,0.011,1.000,0.022,0.043,0.031
excluding,0.000,0.011,1.000,0.022,0.043,0.031
plug,0.000,0.016,1.000,0.033,0.029,0.031
navy,0.000,0.005,1.000,0.011,0.086,0.031
mastery,0.000,0.011,1.000,0.022,0.043,0.031
additional,0.000,0.019,1.000,0.038,0.025,0.031
ordain,0.000,0.011,1.000,0.022,0.043,0.031
expanded,0.000,0.022,1.000,0.044,0.022,0.031
presupposes,0.000,0.005,1.000,0.011,0.086,0.031
stunning,0.000,0.011,1.000,0.022,0.043,0.031
refused,0.000,0.014,1.000,0.027,0.034,0.031
preconceived,0.000,0.014,1.000,0.027,0.034,0.031
corollary,0.000,0.008,1.000,0.016,0.057,0.031
made-up,0.000,0.011,1.000,0.022,0.043,0.031
conniving,0.000,0.005,1.000,0.011,0.086,0.031
irreducible,0.000,0.005,1.000,0.011,0.086,0.031
over-concern,0.000,0.003,1.000,0.005,0.172,0.031
saturated,0.000,0.011,1.000,0.022,0.043,0.031
steaming,0.000,0.003,1.000,0.005,0.172,0.031
nazareth,0.000,0.003,1.000,0.005,0.172,0.031
confucius,0.000,0.003,1.000,0.005,0.172,0.031
jade,0.000,0.003,1.000,0.005,0.172,0.031
genius,0.000,0.005,1.000,0.011,0.086,0.031
lest,0.000,0.011,1.000,0.022,0.043,0.031
out-breaths,0.000,0.011,1.000,0.022,0.043,0.031
randomly,0.000,0.011,1.000,0.022,0.043,0.031
refine,0.000,0.011,1.000,0.022,0.043,0.031
diligence,0.000,0.008,1.000,0.016,0.057,0.031
mr,0.000,0.014,1.000,0.027,0.034,0.031
partnership,0.000,0.011,1.000,0.022,0.043,0.031
soothed,0.000,0.011,1.000,0.022,0.043,0.031
namuci,0.000,0.003,1.000,0.005,0.171,0.031
mahasi,0.000,0.005,1.000,0.011,0.086,0.031
unaware,0.000,0.014,1.000,0.027,0.034,0.031
stumbled,0.000,0.016,1.000,0.033,0.029,0.031
melancholy,0.000,0.005,1.000,0.011,0.085,0.031
walt,0.000,0.003,1.000,0.005,0.171,0.031
devesting,0.000,0.003,1.000,0.005,0.171,0.031
blocking,0.000,0.008,1.000,0.016,0.057,0.031
occluded,0.000,0.005,1.000,0.011,0.085,0.031
one-pointed,0.000,0.011,1.000,0.022,0.043,0.031
people,0.006,0.918,0.994,0.163,0.006,0.031
norm,0.000,0.016,1.000,0.033,0.028,0.031
intensive,0.000,0.019,1.000,0.038,0.024,0.030
cowardice,0.000,0.005,1.000,0.011,0.085,0.030
fathom,0.000,0.011,1.000,0.022,0.043,0.030
detecting,0.000,0.005,1.000,0.011,0.085,0.030
erode,0.000,0.011,1.000,0.022,0.043,0.030
pedestal,0.000,0.008,1.000,0.016,0.057,0.030
incorporating,0.000,0.008,1.000,0.016,0.057,0.030
conceptualization,0.000,0.008,1.000,0.016,0.057,0.030
ennobling,0.000,0.008,1.000,0.016,0.057,0.030
juiciness,0.000,0.005,1.000,0.011,0.085,0.030
epistemic,0.000,0.003,1.000,0.005,0.170,0.030
pumping,0.000,0.011,1.000,0.022,0.043,0.030
unitary,0.000,0.005,1.000,0.011,0.085,0.030
heedfulness,0.000,0.008,1.000,0.016,0.057,0.030
robbed,0.000,0.008,1.000,0.016,0.057,0.030
possessing,0.000,0.005,1.000,0.011,0.085,0.030
throbbing,0.000,0.008,1.000,0.016,0.057,0.030
feeler,0.000,0.005,1.000,0.011,0.085,0.030
commonality,0.000,0.011,1.000,0.022,0.042,0.030
mastered,0.000,0.011,1.000,0.022,0.042,0.030
rigorous,0.000,0.008,1.000,0.016,0.057,0.030
fooled,0.000,0.008,1.000,0.016,0.057,0.030
deceptively,0.000,0.008,1.000,0.016,0.057,0.030
maximize,0.000,0.008,1.000,0.016,0.057,0.030
tunnel,0.000,0.016,1.000,0.033,0.028,0.030
unneeded,0.000,0.003,1.000,0.005,0.170,0.030
self-ideas,0.000,0.003,1.000,0.005,0.170,0.030
misplaced,0.000,0.008,1.000,0.016,0.057,0.030
via,0.000,0.014,1.000,0.027,0.034,0.030
hangnail,0.000,0.005,1.000,0.011,0.085,0.030
manufactured,0.000,0.011,1.000,0.022,0.042,0.030
ogha,0.000,0.005,1.000,0.011,0.085,0.030
intellectually,0.000,0.011,1.000,0.022,0.042,0.030
competitive,0.000,0.005,1.000,0.011,0.085,0.030
skiing,0.000,0.011,1.000,0.022,0.042,0.030
scratch,0.000,0.014,1.000,0.027,0.034,0.030
displeasing,0.000,0.008,1.000,0.016,0.056,0.030
theft,0.000,0.005,1.000,0.011,0.085,0.030
advises,0.000,0.016,1.000,0.033,0.028,0.030
inertia,0.000,0.011,1.000,0.022,0.042,0.030
desolate,0.000,0.005,1.000,0.011,0.085,0.030
stimulation,0.000,0.008,1.000,0.016,0.056,0.030
unattached,0.000,0.008,1.000,0.016,0.056,0.030
el,0.000,0.008,1.000,0.016,0.056,0.030
termed,0.000,0.005,1.000,0.011,0.085,0.030
grapple,0.000,0.011,1.000,0.022,0.042,0.030
empowered,0.000,0.011,1.000,0.022,0.042,0.030
unobstructed,0.000,0.005,1.000,0.011,0.084,0.030
interrogate,0.000,0.005,1.000,0.011,0.084,0.030
reified,0.000,0.008,1.000,0.016,0.056,0.030
discharged,0.000,0.005,1.000,0.011,0.084,0.030
perpetuates,0.000,0.014,1.000,0.027,0.034,0.030
saving,0.000,0.008,1.000,0.016,0.056,0.030
intact,0.000,0.005,1.000,0.011,0.084,0.030
jealous,0.000,0.014,1.000,0.027,0.034,0.030
staggering,0.000,0.005,1.000,0.011,0.084,0.030
novice,0.000,0.014,1.000,0.027,0.034,0.030
rogers,0.000,0.008,1.000,0.016,0.056,0.030
unborn,0.000,0.008,1.000,0.016,0.056,0.030
narrowed,0.000,0.011,1.000,0.022,0.042,0.030
whyte,0.000,0.005,1.000,0.011,0.084,0.030
sharper,0.000,0.011,1.000,0.022,0.042,0.030
poignency,0.000,0.005,1.000,0.011,0.084,0.030
watashi,0.000,0.003,1.000,0.005,0.168,0.030
raincoat,0.000,0.008,1.000,0.016,0.056,0.030
contrary,0.000,0.016,1.000,0.033,0.028,0.030
faithless,0.000,0.003,1.000,0.005,0.168,0.030
sponsor,0.000,0.008,1.000,0.016,0.056,0.030
mother's,0.000,0.014,1.000,0.027,0.034,0.030
provisionally,0.000,0.011,1.000,0.022,0.042,0.030
maintains,0.000,0.008,1.000,0.016,0.056,0.030
ambitious,0.000,0.014,1.000,0.027,0.034,0.030
drown,0.000,0.008,1.000,0.016,0.056,0.030
spotless,0.000,0.005,1.000,0.011,0.084,0.030
immaculate,0.000,0.005,1.000,0.011,0.084,0.030
female,0.000,0.011,1.000,0.022,0.042,0.030
curation,0.000,0.005,1.000,0.011,0.084,0.030
dew,0.000,0.003,1.000,0.005,0.168,0.030
samvega,0.000,0.003,1.000,0.005,0.168,0.030
manifested,0.000,0.008,1.000,0.016,0.056,0.030
perplexing,0.000,0.011,1.000,0.022,0.042,0.030
serpent,0.000,0.003,1.000,0.005,0.168,0.030
inclining,0.000,0.016,1.000,0.033,0.028,0.030
worldwide,0.000,0.011,1.000,0.022,0.042,0.030
echoing,0.000,0.008,1.000,0.016,0.056,0.030
backed,0.000,0.005,1.000,0.011,0.084,0.030
measurement,0.000,0.005,1.000,0.011,0.084,0.030
accumulating,0.000,0.011,1.000,0.022,0.042,0.030
dismissing,0.000,0.016,1.000,0.033,0.028,0.030
enhance,0.000,0.008,1.000,0.016,0.056,0.030
updraft,0.000,0.005,1.000,0.011,0.084,0.030
affirm,0.000,0.011,1.000,0.022,0.042,0.030
dispassion,0.000,0.008,1.000,0.016,0.056,0.030
matter-of-fact,0.000,0.005,1.000,0.011,0.084,0.030
overemphasis,0.000,0.014,1.000,0.027,0.033,0.030
dissatisfied,0.000,0.008,1.000,0.016,0.056,0.030
hoof,0.000,0.008,1.000,0.016,0.056,0.030
altar,0.000,0.014,1.000,0.027,0.033,0.030
sakkayaditthi,0.000,0.005,1.000,0.011,0.083,0.030
wrapper,0.000,0.005,1.000,0.011,0.083,0.030
assessment,0.000,0.014,1.000,0.027,0.033,0.030
bio,0.000,0.008,1.000,0.016,0.056,0.030
enables,0.000,0.016,1.000,0.033,0.028,0.030
delightfully,0.000,0.011,1.000,0.022,0.042,0.030
shedding,0.000,0.005,1.000,0.011,0.083,0.030
envisioned,0.000,0.005,1.000,0.011,0.083,0.030
accoutrement,0.000,0.005,1.000,0.011,0.083,0.030
hone,0.000,0.014,1.000,0.027,0.033,0.030
co-occurring,0.000,0.005,1.000,0.011,0.083,0.030
interprets,0.000,0.008,1.000,0.016,0.056,0.030
deadly,0.000,0.005,1.000,0.011,0.083,0.030
unquote,0.000,0.016,1.000,0.033,0.028,0.030
conceived,0.000,0.005,1.000,0.011,0.083,0.030
preschool,0.000,0.008,1.000,0.016,0.055,0.030
rude,0.000,0.005,1.000,0.011,0.083,0.030
soothes,0.000,0.005,1.000,0.011,0.083,0.030
desk,0.000,0.014,1.000,0.027,0.033,0.030
june,0.000,0.008,1.000,0.016,0.055,0.030
ail,0.000,0.005,1.000,0.011,0.083,0.030
pithy,0.000,0.014,1.000,0.027,0.033,0.030
dye,0.000,0.011,1.000,0.022,0.042,0.030
firing,0.000,0.005,1.000,0.011,0.083,0.030
engenders,0.000,0.005,1.000,0.011,0.083,0.030
inferior,0.000,0.011,1.000,0.022,0.042,0.030
virtuosity,0.000,0.003,1.000,0.005,0.166,0.030
gymnast,0.000,0.003,1.000,0.005,0.166,0.030
sila-paramasa,0.000,0.003,1.000,0.005,0.166,0.030
sometimes,0.003,0.905,0.997,0.191,0.005,0.030
conventionally,0.000,0.011,1.000,0.022,0.042,0.030
jerk,0.000,0.005,1.000,0.011,0.083,0.030
lapse,0.000,0.008,1.000,0.016,0.055,0.030
penetrates,0.000,0.008,1.000,0.016,0.055,0.030
free-flowing,0.000,0.008,1.000,0.016,0.055,0.030
traveler,0.000,0.011,1.000,0.022,0.042,0.030
glued,0.000,0.008,1.000,0.016,0.055,0.030
oblivious,0.000,0.008,1.000,0.016,0.055,0.030
recondition,0.000,0.011,1.000,0.022,0.041,0.030
sprinkling,0.000,0.008,1.000,0.016,0.055,0.030
illustrate,0.000,0.016,1.000,0.033,0.028,0.030
marshall,0.000,0.003,1.000,0.005,0.166,0.030
unexamined,0.000,0.008,1.000,0.016,0.055,0.030
dyad,0.000,0.005,1.000,0.011,0.083,0.030
instruct,0.000,0.016,1.000,0.033,0.028,0.030
converted,0.000,0.011,1.000,0.022,0.041,0.030
parenting,0.000,0.014,1.000,0.027,0.033,0.030
confined,0.000,0.011,1.000,0.022,0.041,0.030
circular,0.000,0.008,1.000,0.016,0.055,0.030
unifies,0.000,0.008,1.000,0.016,0.055,0.030
bos,0.000,0.016,1.000,0.033,0.028,0.030
valence,0.000,0.008,1.000,0.016,0.055,0.030
risky,0.000,0.011,1.000,0.022,0.041,0.030
undemanding,0.000,0.008,1.000,0.016,0.055,0.030
presumably,0.000,0.014,1.000,0.027,0.033,0.030
quagmire,0.000,0.008,1.000,0.016,0.055,0.030
permanently,0.000,0.008,1.000,0.016,0.055,0.030
steeped,0.000,0.008,1.000,0.016,0.055,0.030
feat,0.000,0.014,1.000,0.027,0.033,0.030
naked,0.000,0.008,1.000,0.016,0.055,0.030
precarious,0.000,0.005,1.000,0.011,0.082,0.030
eliot,0.000,0.005,1.000,0.011,0.082,0.030
marching,0.000,0.008,1.000,0.016,0.055,0.030
carelessness,0.000,0.003,1.000,0.005,0.165,0.030
bailing,0.000,0.003,1.000,0.005,0.165,0.030
not-wanting,0.000,0.003,1.000,0.005,0.165,0.030
empathize,0.000,0.011,1.000,0.022,0.041,0.030
alto,0.000,0.011,1.000,0.022,0.041,0.030
hinge,0.000,0.005,1.000,0.011,0.082,0.030
towel,0.000,0.005,1.000,0.011,0.082,0.030
agreeing,0.000,0.014,1.000,0.027,0.033,0.030
rearranging,0.000,0.014,1.000,0.027,0.033,0.030
rubber,0.000,0.008,1.000,0.016,0.055,0.030
attributing,0.000,0.008,1.000,0.016,0.055,0.030
daunted,0.000,0.008,1.000,0.016,0.055,0.030
adoring,0.000,0.008,1.000,0.016,0.055,0.030
unjaded,0.000,0.008,1.000,0.016,0.055,0.030
endlessness,0.000,0.005,1.000,0.011,0.082,0.030
remained,0.000,0.016,1.000,0.033,0.027,0.030
lessens,0.000,0.005,1.000,0.011,0.082,0.030
transmission,0.000,0.008,1.000,0.016,0.055,0.030
heartbroken,0.000,0.005,1.000,0.011,0.082,0.030
unmixed,0.000,0.005,1.000,0.011,0.082,0.030
backyard,0.000,0.014,1.000,0.027,0.033,0.030
enmity,0.000,0.008,1.000,0.016,0.055,0.030
edition,0.000,0.014,1.000,0.027,0.033,0.030
province,0.000,0.008,1.000,0.016,0.055,0.030
musical,0.000,0.014,1.000,0.027,0.033,0.030
lash,0.000,0.011,1.000,0.022,0.041,0.030
factory,0.000,0.003,1.000,0.005,0.164,0.030
consistent,0.000,0.019,1.000,0.038,0.023,0.030
mysterious,0.000,0.014,1.000,0.027,0.033,0.030
cryptic,0.000,0.008,1.000,0.016,0.055,0.030
rumi,0.000,0.005,1.000,0.011,0.082,0.030
instructs,0.000,0.011,1.000,0.022,0.041,0.030
animates,0.000,0.008,1.000,0.016,0.055,0.030
duck,0.000,0.008,1.000,0.016,0.055,0.030
enlivened,0.000,0.005,1.000,0.011,0.082,0.030
decay,0.000,0.008,1.000,0.016,0.054,0.030
club,0.000,0.005,1.000,0.011,0.082,0.030
premise,0.000,0.014,1.000,0.027,0.033,0.030
dollar,0.000,0.011,1.000,0.022,0.041,0.030
saccharine,0.000,0.008,1.000,0.016,0.054,0.030
girlfriend,0.000,0.008,1.000,0.016,0.054,0.030
self-talk,0.000,0.008,1.000,0.016,0.054,0.030
folded,0.000,0.011,1.000,0.022,0.041,0.030
wire,0.000,0.011,1.000,0.022,0.041,0.030
rewarded,0.000,0.011,1.000,0.022,0.041,0.030
tying,0.000,0.014,1.000,0.027,0.033,0.030
padana,0.000,0.003,1.000,0.005,0.163,0.030
vessantara,0.000,0.003,1.000,0.005,0.163,0.030
dementia,0.000,0.008,1.000,0.016,0.054,0.030
coordination,0.000,0.003,1.000,0.005,0.163,0.030
treasured,0.000,0.003,1.000,0.005,0.163,0.030
tyranny,0.000,0.008,1.000,0.016,0.054,0.030
apparatus,0.000,0.011,1.000,0.022,0.041,0.030
beaming,0.000,0.005,1.000,0.011,0.081,0.030
lamentation,0.000,0.008,1.000,0.016,0.054,0.030
innocence,0.000,0.005,1.000,0.011,0.081,0.030
hedonic,0.000,0.016,1.000,0.033,0.027,0.030
magnetic,0.000,0.011,1.000,0.022,0.041,0.030
shopper,0.000,0.005,1.000,0.011,0.081,0.030
curry,0.000,0.005,1.000,0.011,0.081,0.030
surviving,0.000,0.014,1.000,0.027,0.033,0.030
decline,0.000,0.011,1.000,0.022,0.041,0.030
ungovernability,0.000,0.005,1.000,0.011,0.081,0.030
appreciates,0.000,0.005,1.000,0.011,0.081,0.030
reconstruction,0.000,0.008,1.000,0.016,0.054,0.030
promising,0.000,0.008,1.000,0.016,0.054,0.030
summarizing,0.000,0.008,1.000,0.016,0.054,0.030
singular,0.000,0.005,1.000,0.011,0.081,0.030
painfulness,0.000,0.008,1.000,0.016,0.054,0.030
delicate,0.000,0.014,1.000,0.027,0.032,0.030
hesitant,0.000,0.019,1.000,0.038,0.023,0.030
rug,0.000,0.005,1.000,0.011,0.081,0.030
reliably,0.000,0.011,1.000,0.022,0.041,0.030
10th,0.000,0.011,1.000,0.022,0.041,0.030
medication,0.000,0.011,1.000,0.022,0.041,0.030
provocative,0.000,0.008,1.000,0.016,0.054,0.030
sharply,0.000,0.008,1.000,0.016,0.054,0.030
obeyed,0.000,0.005,1.000,0.011,0.081,0.030
crew,0.000,0.008,1.000,0.016,0.054,0.030
sprinkled,0.000,0.014,1.000,0.027,0.032,0.030
morally,0.000,0.005,1.000,0.011,0.081,0.030
poking,0.000,0.014,1.000,0.027,0.032,0.030
hedonistic,0.000,0.011,1.000,0.022,0.041,0.030
specialized,0.000,0.016,1.000,0.033,0.027,0.030
constructive,0.000,0.011,1.000,0.022,0.041,0.030
protagonist,0.000,0.005,1.000,0.011,0.081,0.030
perish,0.000,0.003,1.000,0.005,0.162,0.030
isle,0.000,0.003,1.000,0.005,0.162,0.030
lodge,0.000,0.003,1.000,0.005,0.162,0.030
chod,0.000,0.003,1.000,0.005,0.162,0.030
reassurance,0.000,0.011,1.000,0.022,0.041,0.030
sipping,0.000,0.008,1.000,0.016,0.054,0.030
conceal,0.000,0.005,1.000,0.011,0.081,0.030
inspection,0.000,0.005,1.000,0.011,0.081,0.030
unburdened,0.000,0.011,1.000,0.022,0.040,0.030
self-discovery,0.000,0.008,1.000,0.016,0.054,0.030
nurtured,0.000,0.008,1.000,0.016,0.054,0.030
lurking,0.000,0.011,1.000,0.022,0.040,0.030
bogged,0.000,0.008,1.000,0.016,0.054,0.030
neurotic,0.000,0.016,1.000,0.033,0.027,0.030
assurance,0.000,0.005,1.000,0.011,0.081,0.030
suspension,0.000,0.005,1.000,0.011,0.081,0.030
scarcity,0.000,0.008,1.000,0.016,0.054,0.030
emotionality,0.000,0.008,1.000,0.016,0.054,0.030
nursing,0.000,0.011,1.000,0.022,0.040,0.030
misery,0.000,0.005,1.000,0.011,0.081,0.030
teacup,0.000,0.011,1.000,0.022,0.040,0.030
brahmadatta,0.000,0.011,1.000,0.022,0.040,0.030
untarried,0.000,0.003,1.000,0.005,0.161,0.030
registration,0.000,0.011,1.000,0.022,0.040,0.030
colloquial,0.000,0.005,1.000,0.011,0.081,0.030
honored,0.000,0.008,1.000,0.016,0.054,0.030
disruptive,0.000,0.008,1.000,0.016,0.054,0.030
hardship,0.000,0.008,1.000,0.016,0.054,0.030
william,0.000,0.011,1.000,0.022,0.040,0.030
soap,0.000,0.008,1.000,0.016,0.054,0.030
hirshfield,0.000,0.008,1.000,0.016,0.054,0.030
detachment,0.000,0.011,1.000,0.022,0.040,0.030
inquiring,0.000,0.008,1.000,0.016,0.054,0.030
upaka,0.000,0.003,1.000,0.005,0.161,0.030
benefited,0.000,0.011,1.000,0.022,0.040,0.030
cracked,0.000,0.005,1.000,0.011,0.080,0.030
aloof,0.000,0.011,1.000,0.022,0.040,0.030
baited,0.000,0.005,1.000,0.011,0.080,0.030
lizard,0.000,0.005,1.000,0.011,0.080,0.030
ruler,0.000,0.016,1.000,0.033,0.027,0.030
demonstrated,0.000,0.011,1.000,0.022,0.040,0.030
co-guiding,0.000,0.003,1.000,0.005,0.161,0.030
utmost,0.000,0.003,1.000,0.005,0.161,0.030
persisting,0.000,0.008,1.000,0.016,0.053,0.030
infuses,0.000,0.005,1.000,0.011,0.080,0.030
cattle,0.000,0.011,1.000,0.022,0.040,0.030
eyebrow,0.000,0.008,1.000,0.016,0.053,0.030
conceals,0.000,0.005,1.000,0.011,0.080,0.030
game-changer,0.000,0.008,1.000,0.016,0.053,0.030
array,0.000,0.005,1.000,0.011,0.080,0.030
upsetting,0.000,0.014,1.000,0.027,0.032,0.030
tathagatas,0.000,0.005,1.000,0.011,0.080,0.030
waver,0.000,0.003,1.000,0.005,0.160,0.030
cottonwood,0.000,0.003,1.000,0.005,0.160,0.030
de,0.000,0.005,1.000,0.011,0.080,0.030
admonition,0.000,0.008,1.000,0.016,0.053,0.030
psychoanalyst,0.000,0.005,1.000,0.011,0.080,0.030
winnicott,0.000,0.005,1.000,0.011,0.080,0.030
carrier,0.000,0.014,1.000,0.027,0.032,0.030
constellates,0.000,0.005,1.000,0.011,0.080,0.030
grizzled,0.000,0.005,1.000,0.011,0.080,0.030
clenching,0.000,0.014,1.000,0.027,0.032,0.030
depart,0.000,0.008,1.000,0.016,0.053,0.029
wispy,0.000,0.008,1.000,0.016,0.053,0.029
suitability,0.000,0.003,1.000,0.005,0.160,0.029
projected,0.000,0.011,1.000,0.022,0.040,0.029
well-known,0.000,0.014,1.000,0.027,0.032,0.029
license,0.000,0.005,1.000,0.011,0.080,0.029
independently,0.000,0.005,1.000,0.011,0.080,0.029
timothy,0.000,0.005,1.000,0.011,0.080,0.029
breadth,0.000,0.011,1.000,0.022,0.040,0.029
ochre,0.000,0.014,1.000,0.027,0.032,0.029
authentically,0.000,0.011,1.000,0.022,0.040,0.029
proliferate,0.000,0.011,1.000,0.022,0.040,0.029
disputing,0.000,0.005,1.000,0.011,0.080,0.029
easefully,0.000,0.008,1.000,0.016,0.053,0.029
improvisational,0.000,0.005,1.000,0.011,0.080,0.029
non-assertiveness,0.000,0.008,1.000,0.016,0.053,0.029
banging,0.000,0.011,1.000,0.022,0.040,0.029
rub,0.000,0.014,1.000,0.027,0.032,0.029
intoxicating,0.000,0.011,1.000,0.022,0.040,0.029
alchemically,0.000,0.005,1.000,0.011,0.079,0.029
maternity,0.000,0.003,1.000,0.005,0.159,0.029
redirecting,0.000,0.008,1.000,0.016,0.053,0.029
alter,0.000,0.008,1.000,0.016,0.053,0.029
oscillates,0.000,0.008,1.000,0.016,0.053,0.029
marriage,0.000,0.014,1.000,0.027,0.032,0.029
collector,0.000,0.008,1.000,0.016,0.053,0.029
newsletter,0.000,0.008,1.000,0.016,0.053,0.029
alienating,0.000,0.008,1.000,0.016,0.053,0.029
so-and-so,0.000,0.011,1.000,0.022,0.040,0.029
didactic,0.000,0.005,1.000,0.011,0.079,0.029
aroused,0.000,0.008,1.000,0.016,0.053,0.029
half-day,0.000,0.005,1.000,0.011,0.079,0.029
occupied,0.000,0.011,1.000,0.022,0.040,0.029
conduce,0.000,0.005,1.000,0.011,0.079,0.029
day's,0.000,0.008,1.000,0.016,0.053,0.029
disavow,0.000,0.005,1.000,0.011,0.079,0.029
pad,0.000,0.008,1.000,0.016,0.053,0.029
spite,0.000,0.011,1.000,0.022,0.040,0.029
habituate,0.000,0.005,1.000,0.011,0.079,0.029
fluxing,0.000,0.003,1.000,0.005,0.158,0.029
flexing,0.000,0.003,1.000,0.005,0.158,0.029
regulation,0.000,0.005,1.000,0.011,0.079,0.029
disengage,0.000,0.005,1.000,0.011,0.079,0.029
gonna,0.000,0.008,1.000,0.016,0.053,0.029
disclosure,0.000,0.005,1.000,0.011,0.079,0.029
sire,0.000,0.011,1.000,0.022,0.040,0.029
qualified,0.000,0.011,1.000,0.022,0.040,0.029
indicated,0.000,0.008,1.000,0.016,0.053,0.029
self-pity,0.000,0.003,1.000,0.005,0.158,0.029
lowered,0.000,0.008,1.000,0.016,0.053,0.029
rose-colored,0.000,0.008,1.000,0.016,0.053,0.029
unknowing,0.000,0.008,1.000,0.016,0.053,0.029
hooked,0.000,0.008,1.000,0.016,0.053,0.029
coworker,0.000,0.014,1.000,0.027,0.032,0.029
perfectionism,0.000,0.014,1.000,0.027,0.032,0.029
uttara,0.000,0.005,1.000,0.011,0.079,0.029
varied,0.000,0.008,1.000,0.016,0.053,0.029
mail,0.000,0.008,1.000,0.016,0.053,0.029
lab,0.000,0.016,1.000,0.033,0.026,0.029
suppleness,0.000,0.005,1.000,0.011,0.079,0.029
receptor,0.000,0.005,1.000,0.011,0.079,0.029
promised,0.000,0.016,1.000,0.033,0.026,0.029
lighthouse,0.000,0.005,1.000,0.011,0.079,0.029
familiarizing,0.000,0.008,1.000,0.016,0.053,0.029
imminent,0.000,0.014,1.000,0.027,0.032,0.029
nimitta,0.000,0.003,1.000,0.005,0.157,0.029
soldier,0.000,0.014,1.000,0.027,0.031,0.029
consistency,0.000,0.011,1.000,0.022,0.039,0.029
betrayed,0.000,0.014,1.000,0.027,0.031,0.029
nelson,0.000,0.005,1.000,0.011,0.079,0.029
gridlock,0.000,0.005,1.000,0.011,0.079,0.029
expects,0.000,0.008,1.000,0.016,0.052,0.029
monitor,0.000,0.008,1.000,0.016,0.052,0.029
observes,0.000,0.008,1.000,0.016,0.052,0.029
finance,0.000,0.016,1.000,0.033,0.026,0.029
amenable,0.000,0.005,1.000,0.011,0.079,0.029
vice,0.000,0.014,1.000,0.027,0.031,0.029
versa,0.000,0.014,1.000,0.027,0.031,0.029
refusing,0.000,0.008,1.000,0.016,0.052,0.029
bouncing,0.000,0.014,1.000,0.027,0.031,0.029
sticking,0.000,0.014,1.000,0.027,0.031,0.029
26th,0.000,0.011,1.000,0.022,0.039,0.029
los,0.000,0.005,1.000,0.011,0.078,0.029
inheritance,0.000,0.003,1.000,0.005,0.157,0.029
midair,0.000,0.003,1.000,0.005,0.157,0.029
pregnancy,0.000,0.003,1.000,0.005,0.157,0.029
registered,0.000,0.008,1.000,0.016,0.052,0.029
wrinkle,0.000,0.005,1.000,0.011,0.078,0.029
brightly,0.000,0.005,1.000,0.011,0.078,0.029
notification,0.000,0.003,1.000,0.005,0.156,0.029
infectious,0.000,0.005,1.000,0.011,0.078,0.029
portrayed,0.000,0.011,1.000,0.022,0.039,0.029
activism,0.000,0.011,1.000,0.022,0.039,0.029
pump,0.000,0.008,1.000,0.016,0.052,0.029
uncontrollable,0.000,0.003,1.000,0.005,0.156,0.029
c,0.000,0.014,1.000,0.027,0.031,0.029
permitted,0.000,0.005,1.000,0.011,0.078,0.029
storming,0.000,0.003,1.000,0.005,0.156,0.029
relieved,0.000,0.011,1.000,0.022,0.039,0.029
nalanda,0.000,0.003,1.000,0.005,0.156,0.029
suffuses,0.000,0.003,1.000,0.005,0.156,0.029
latest,0.000,0.014,1.000,0.027,0.031,0.029
knotted,0.000,0.008,1.000,0.016,0.052,0.029
um,0.000,0.016,1.000,0.033,0.026,0.029
morph,0.000,0.011,1.000,0.022,0.039,0.029
convert,0.000,0.011,1.000,0.022,0.039,0.029
signing,0.000,0.011,1.000,0.022,0.039,0.029
undesirable,0.000,0.011,1.000,0.022,0.039,0.029
extensively,0.000,0.005,1.000,0.011,0.078,0.029
pity,0.000,0.011,1.000,0.022,0.039,0.029
tapping,0.000,0.014,1.000,0.027,0.031,0.029
peter,0.000,0.005,1.000,0.011,0.078,0.029
twig,0.000,0.016,1.000,0.033,0.026,0.029
appropriation,0.000,0.008,1.000,0.016,0.052,0.029
acute,0.000,0.016,1.000,0.033,0.026,0.029
attempted,0.000,0.008,1.000,0.016,0.052,0.029
handout,0.000,0.011,1.000,0.022,0.039,0.029
misattuned,0.000,0.005,1.000,0.011,0.078,0.029
secluded,0.000,0.008,1.000,0.016,0.052,0.029
loyal,0.000,0.011,1.000,0.022,0.039,0.029
delicious,0.000,0.014,1.000,0.027,0.031,0.029
misogynistic,0.000,0.003,1.000,0.005,0.156,0.029
physiological,0.000,0.011,1.000,0.022,0.039,0.029
kindergarten,0.000,0.008,1.000,0.016,0.052,0.029
societal,0.000,0.011,1.000,0.022,0.039,0.029
inception,0.000,0.008,1.000,0.016,0.052,0.029
disrupting,0.000,0.008,1.000,0.016,0.052,0.029
bakery,0.000,0.005,1.000,0.011,0.078,0.029
humming,0.000,0.011,1.000,0.022,0.039,0.029
trespass,0.000,0.005,1.000,0.011,0.078,0.029
monitoring,0.000,0.008,1.000,0.016,0.052,0.029
agitate,0.000,0.008,1.000,0.016,0.052,0.029
r,0.000,0.008,1.000,0.016,0.052,0.029
quietest,0.000,0.008,1.000,0.016,0.052,0.029
sin,0.000,0.005,1.000,0.011,0.078,0.029
robert,0.000,0.011,1.000,0.022,0.039,0.029
shouldn'ts,0.000,0.008,1.000,0.016,0.052,0.029
mantra,0.000,0.014,1.000,0.027,0.031,0.029
robust,0.000,0.011,1.000,0.022,0.039,0.029
enraged,0.000,0.005,1.000,0.011,0.078,0.029
all-pervasive,0.000,0.005,1.000,0.011,0.078,0.029
maltreated,0.000,0.005,1.000,0.011,0.078,0.029
transgression,0.000,0.005,1.000,0.011,0.078,0.029
uproot,0.000,0.005,1.000,0.011,0.078,0.029
harry,0.000,0.005,1.000,0.011,0.078,0.029
frankfurt,0.000,0.005,1.000,0.011,0.078,0.029
bullshitter,0.000,0.005,1.000,0.011,0.078,0.029
cocooned,0.000,0.005,1.000,0.011,0.078,0.029
lombrozo,0.000,0.005,1.000,0.011,0.078,0.029
apportioned,0.000,0.005,1.000,0.011,0.078,0.029
secretly,0.000,0.014,1.000,0.027,0.031,0.029
reducing,0.000,0.014,1.000,0.027,0.031,0.029
resentful,0.000,0.011,1.000,0.022,0.039,0.029
crop,0.000,0.008,1.000,0.016,0.052,0.029
venable,0.000,0.003,1.000,0.005,0.155,0.029
department,0.000,0.014,1.000,0.027,0.031,0.029
hung,0.000,0.014,1.000,0.027,0.031,0.029
unbelievable,0.000,0.011,1.000,0.022,0.039,0.029
improved,0.000,0.008,1.000,0.016,0.052,0.029
selflessness,0.000,0.005,1.000,0.011,0.077,0.029
kosala,0.000,0.008,1.000,0.016,0.052,0.029
owner,0.000,0.008,1.000,0.016,0.052,0.029
retire,0.000,0.008,1.000,0.016,0.052,0.029
suit,0.000,0.005,1.000,0.011,0.077,0.029
elaboration,0.000,0.011,1.000,0.022,0.039,0.029
improvise,0.000,0.005,1.000,0.011,0.077,0.029
cruising,0.000,0.008,1.000,0.016,0.052,0.029
negatively,0.000,0.005,1.000,0.011,0.077,0.029
obliterated,0.000,0.005,1.000,0.011,0.077,0.029
destabilizing,0.000,0.008,1.000,0.016,0.051,0.029
rapidity,0.000,0.005,1.000,0.011,0.077,0.029
alphabetical,0.000,0.011,1.000,0.022,0.039,0.029
inclusivity,0.000,0.005,1.000,0.011,0.077,0.029
lifelong,0.000,0.005,1.000,0.011,0.077,0.029
borrowed,0.000,0.003,1.000,0.005,0.154,0.029
non-hatred,0.000,0.008,1.000,0.016,0.051,0.029
tornado,0.000,0.008,1.000,0.016,0.051,0.029
gasped,0.000,0.008,1.000,0.016,0.051,0.029
maid,0.000,0.005,1.000,0.011,0.077,0.029
flawed,0.000,0.003,1.000,0.005,0.154,0.029
dismantles,0.000,0.003,1.000,0.005,0.154,0.029
valerie,0.000,0.005,1.000,0.011,0.077,0.029
normative,0.000,0.008,1.000,0.016,0.051,0.029
prevention,0.000,0.008,1.000,0.016,0.051,0.029
self-healing,0.000,0.005,1.000,0.011,0.077,0.029
diversion,0.000,0.005,1.000,0.011,0.077,0.029
illuminate,0.000,0.008,1.000,0.016,0.051,0.029
water-related,0.000,0.005,1.000,0.011,0.077,0.029
non-cruelty,0.000,0.008,1.000,0.016,0.051,0.029
h,0.000,0.005,1.000,0.011,0.077,0.029
displacement,0.000,0.005,1.000,0.011,0.077,0.029
toilet,0.000,0.014,1.000,0.027,0.031,0.029
six-year-old,0.000,0.005,1.000,0.011,0.077,0.029
matty,0.000,0.003,1.000,0.005,0.154,0.029
carpet,0.000,0.008,1.000,0.016,0.051,0.029
wholesomely,0.000,0.008,1.000,0.016,0.051,0.029
exile,0.000,0.005,1.000,0.011,0.077,0.029
seminary,0.000,0.008,1.000,0.016,0.051,0.029
humiliated,0.000,0.003,1.000,0.005,0.154,0.029
marked,0.000,0.011,1.000,0.022,0.038,0.029
client,0.000,0.011,1.000,0.022,0.038,0.029
spheres-our,0.000,0.003,1.000,0.005,0.153,0.029
nasty,0.000,0.016,1.000,0.033,0.026,0.029
ambivalent,0.000,0.005,1.000,0.011,0.077,0.029
perseverance,0.000,0.011,1.000,0.022,0.038,0.029
intermediate,0.000,0.008,1.000,0.016,0.051,0.029
trough,0.000,0.003,1.000,0.005,0.153,0.029
7am,0.000,0.003,1.000,0.005,0.153,0.029
2025-09-10,0.000,0.003,1.000,0.005,0.153,0.029
jock,0.000,0.003,1.000,0.005,0.153,0.029
noticeable,0.000,0.011,1.000,0.022,0.038,0.029
singer,0.000,0.005,1.000,0.011,0.077,0.029
peering,0.000,0.005,1.000,0.011,0.077,0.029
unattainable,0.000,0.011,1.000,0.022,0.038,0.029
reign,0.000,0.011,1.000,0.022,0.038,0.029
bc,0.000,0.008,1.000,0.016,0.051,0.029
transmuting,0.000,0.005,1.000,0.011,0.077,0.029
ekaggata,0.000,0.005,1.000,0.011,0.077,0.029
renunciate,0.000,0.005,1.000,0.011,0.077,0.029
coursing,0.000,0.008,1.000,0.016,0.051,0.029
prime,0.000,0.011,1.000,0.022,0.038,0.029
conclude,0.000,0.008,1.000,0.016,0.051,0.029
region,0.000,0.008,1.000,0.016,0.051,0.029
package,0.000,0.011,1.000,0.022,0.038,0.029
earn,0.000,0.016,1.000,0.033,0.025,0.029
acted,0.000,0.019,1.000,0.038,0.022,0.029
outsource,0.000,0.005,1.000,0.011,0.076,0.029
weighed,0.000,0.011,1.000,0.022,0.038,0.029
blindfolded,0.000,0.005,1.000,0.011,0.076,0.029
unquestionable,0.000,0.003,1.000,0.005,0.153,0.029
campsite,0.000,0.003,1.000,0.005,0.153,0.029
devoured,0.000,0.003,1.000,0.005,0.153,0.029
exchanged,0.000,0.011,1.000,0.022,0.038,0.029
relieving,0.000,0.005,1.000,0.011,0.076,0.029
brahm,0.000,0.008,1.000,0.016,0.051,0.029
tibet,0.000,0.014,1.000,0.027,0.031,0.029
merge,0.000,0.014,1.000,0.027,0.030,0.029
wrongly,0.000,0.005,1.000,0.011,0.076,0.029
arya,0.000,0.003,1.000,0.005,0.152,0.029
scandal,0.000,0.005,1.000,0.011,0.076,0.029
intellect,0.000,0.011,1.000,0.022,0.038,0.029
nodded,0.000,0.008,1.000,0.016,0.051,0.029
unto,0.000,0.008,1.000,0.016,0.051,0.029
vega-frey,0.000,0.005,1.000,0.011,0.076,0.029
tar,0.000,0.005,1.000,0.011,0.076,0.029
bang,0.000,0.008,1.000,0.016,0.051,0.029
someday,0.000,0.008,1.000,0.016,0.051,0.029
donate,0.000,0.016,1.000,0.033,0.025,0.029
thunder,0.000,0.008,1.000,0.016,0.051,0.029
magazine,0.000,0.014,1.000,0.027,0.030,0.029
tonglen,0.000,0.008,1.000,0.016,0.051,0.029
reacted,0.000,0.011,1.000,0.022,0.038,0.029
father's,0.000,0.011,1.000,0.022,0.038,0.029
physic,0.000,0.014,1.000,0.027,0.030,0.029
mesh,0.000,0.005,1.000,0.011,0.076,0.029
anticipated,0.000,0.005,1.000,0.011,0.076,0.029
non-existence,0.000,0.011,1.000,0.022,0.038,0.029
substantiality,0.000,0.008,1.000,0.016,0.051,0.029
seduction,0.000,0.005,1.000,0.011,0.076,0.029
continent,0.000,0.008,1.000,0.016,0.051,0.029
hatch,0.000,0.005,1.000,0.011,0.076,0.029
conflicted,0.000,0.008,1.000,0.016,0.051,0.029
fabulous,0.000,0.014,1.000,0.027,0.030,0.029
compromised,0.000,0.008,1.000,0.016,0.051,0.029
laziness,0.000,0.008,1.000,0.016,0.051,0.029
indicator,0.000,0.016,1.000,0.033,0.025,0.029
completion,0.000,0.011,1.000,0.022,0.038,0.029
translucent,0.000,0.008,1.000,0.016,0.050,0.029
winding,0.000,0.016,1.000,0.033,0.025,0.029
announced,0.000,0.014,1.000,0.027,0.030,0.029
flowering,0.000,0.014,1.000,0.027,0.030,0.029
dis-ease,0.000,0.008,1.000,0.016,0.050,0.029
self-harshness,0.000,0.005,1.000,0.011,0.076,0.029
bent,0.000,0.011,1.000,0.022,0.038,0.029
largest,0.000,0.008,1.000,0.016,0.050,0.029
tumble,0.000,0.005,1.000,0.011,0.076,0.029
reconstructed,0.000,0.003,1.000,0.005,0.151,0.029
shuts,0.000,0.008,1.000,0.016,0.050,0.029
abrasiveness,0.000,0.005,1.000,0.011,0.075,0.029
information,0.001,0.823,0.999,0.354,0.002,0.029
sunshine,0.000,0.011,1.000,0.022,0.038,0.029
sensitively,0.000,0.005,1.000,0.011,0.075,0.029
willingly,0.000,0.008,1.000,0.016,0.050,0.029
suhadaya,0.000,0.003,1.000,0.005,0.151,0.029
evaporate,0.000,0.011,1.000,0.022,0.038,0.029
critically,0.000,0.008,1.000,0.016,0.050,0.029
accruing,0.000,0.005,1.000,0.011,0.075,0.029
normalized,0.000,0.005,1.000,0.011,0.075,0.029
rafting,0.000,0.003,1.000,0.005,0.151,0.029
facilitating,0.000,0.008,1.000,0.016,0.050,0.029
opposition,0.000,0.011,1.000,0.022,0.038,0.029
alright,0.000,0.008,1.000,0.016,0.050,0.029
conveyor,0.000,0.005,1.000,0.011,0.075,0.029
belt,0.000,0.005,1.000,0.011,0.075,0.029
panic,0.000,0.005,1.000,0.011,0.075,0.029
theology,0.000,0.008,1.000,0.016,0.050,0.029
tribalism,0.000,0.005,1.000,0.011,0.075,0.029
mutuality,0.000,0.005,1.000,0.011,0.075,0.029
liken,0.000,0.011,1.000,0.022,0.038,0.029
storyline,0.000,0.014,1.000,0.027,0.030,0.029
idiot,0.000,0.008,1.000,0.016,0.050,0.029
counterintuitive,0.000,0.008,1.000,0.016,0.050,0.029
unconcerned,0.000,0.008,1.000,0.016,0.050,0.029
battered,0.000,0.005,1.000,0.011,0.075,0.029
shiny,0.000,0.011,1.000,0.022,0.037,0.029
grandchild,0.000,0.014,1.000,0.027,0.030,0.029
splash,0.000,0.005,1.000,0.011,0.075,0.029
disparity,0.000,0.005,1.000,0.011,0.075,0.029
cortex,0.000,0.011,1.000,0.022,0.037,0.029
inaccessible,0.000,0.008,1.000,0.016,0.050,0.029
lifeless,0.000,0.005,1.000,0.011,0.075,0.029
short-term,0.000,0.011,1.000,0.022,0.037,0.029
categorical,0.000,0.008,1.000,0.016,0.050,0.029
unselfconscious,0.000,0.005,1.000,0.011,0.075,0.029
programming,0.000,0.008,1.000,0.016,0.050,0.029
shave,0.000,0.014,1.000,0.027,0.030,0.029
dirty,0.000,0.011,1.000,0.022,0.037,0.029
anchored,0.000,0.005,1.000,0.011,0.075,0.029
inwardly,0.000,0.008,1.000,0.016,0.050,0.029
distorting,0.000,0.008,1.000,0.016,0.050,0.029
trade-off,0.000,0.005,1.000,0.011,0.075,0.029
all-encompassing,0.000,0.008,1.000,0.016,0.050,0.029
puff,0.000,0.008,1.000,0.016,0.050,0.029
upheaval,0.000,0.011,1.000,0.022,0.037,0.029
angel,0.000,0.008,1.000,0.016,0.050,0.029
hotel,0.000,0.005,1.000,0.011,0.075,0.029
deflated,0.000,0.008,1.000,0.016,0.050,0.029
sufficiency,0.000,0.008,1.000,0.016,0.050,0.029
privacy,0.000,0.011,1.000,0.022,0.037,0.029
yesterday's,0.000,0.008,1.000,0.016,0.050,0.029
intolerant,0.000,0.005,1.000,0.011,0.075,0.029
vibrates,0.000,0.008,1.000,0.016,0.050,0.029
imaginative,0.000,0.011,1.000,0.022,0.037,0.029
impairs,0.000,0.003,1.000,0.005,0.149,0.029
paddling,0.000,0.008,1.000,0.016,0.050,0.029
intensely,0.000,0.008,1.000,0.016,0.050,0.029
non-conceptual,0.000,0.008,1.000,0.016,0.050,0.028
assure,0.000,0.008,1.000,0.016,0.050,0.028
indistinct,0.000,0.008,1.000,0.016,0.050,0.028
mingle,0.000,0.005,1.000,0.011,0.074,0.028
achieving,0.000,0.011,1.000,0.022,0.037,0.028
transpersonal,0.000,0.008,1.000,0.016,0.050,0.028
unforceful,0.000,0.008,1.000,0.016,0.050,0.028
abstaining,0.000,0.011,1.000,0.022,0.037,0.028
at-homeness,0.000,0.011,1.000,0.022,0.037,0.028
cleansed,0.000,0.014,1.000,0.027,0.030,0.028
maintained,0.000,0.014,1.000,0.027,0.030,0.028
predicts,0.000,0.008,1.000,0.016,0.050,0.028
self-judgment,0.000,0.016,1.000,0.033,0.025,0.028
ever-changing,0.000,0.011,1.000,0.022,0.037,0.028
steph,0.000,0.005,1.000,0.011,0.074,0.028
stewart,0.000,0.003,1.000,0.005,0.148,0.028
lyall,0.000,0.003,1.000,0.005,0.148,0.028
hiv,0.000,0.003,1.000,0.005,0.148,0.028
coin,0.000,0.022,1.000,0.044,0.019,0.028
discard,0.000,0.014,1.000,0.027,0.030,0.028
embark,0.000,0.011,1.000,0.022,0.037,0.028
entertain,0.000,0.016,1.000,0.033,0.025,0.028
seldom,0.000,0.014,1.000,0.027,0.030,0.028
theological,0.000,0.011,1.000,0.022,0.037,0.028
authenticity,0.000,0.011,1.000,0.022,0.037,0.028
literary,0.000,0.008,1.000,0.016,0.049,0.028
temporal,0.000,0.008,1.000,0.016,0.049,0.028
surrounding,0.000,0.008,1.000,0.016,0.049,0.028
crunched,0.000,0.008,1.000,0.016,0.049,0.028
stimulus-response,0.000,0.005,1.000,0.011,0.074,0.028
amanda,0.000,0.005,1.000,0.011,0.074,0.028
blast,0.000,0.005,1.000,0.011,0.074,0.028
insubstantiality,0.000,0.008,1.000,0.016,0.049,0.028
corporation,0.000,0.003,1.000,0.005,0.148,0.028
shortly,0.000,0.014,1.000,0.027,0.030,0.028
dove,0.000,0.005,1.000,0.011,0.074,0.028
citizen,0.000,0.008,1.000,0.016,0.049,0.028
harnessed,0.000,0.008,1.000,0.016,0.049,0.028
adhere,0.000,0.008,1.000,0.016,0.049,0.028
visualizing,0.000,0.011,1.000,0.022,0.037,0.028
entrusted,0.000,0.003,1.000,0.005,0.147,0.028
wield,0.000,0.003,1.000,0.005,0.147,0.028
wary,0.000,0.003,1.000,0.005,0.147,0.028
rationalization,0.000,0.003,1.000,0.005,0.147,0.028
confabulated,0.000,0.003,1.000,0.005,0.147,0.028
rewatched,0.000,0.003,1.000,0.005,0.147,0.028
nicholson,0.000,0.003,1.000,0.005,0.147,0.028
anxiolytic,0.000,0.003,1.000,0.005,0.147,0.028
fretful,0.000,0.003,1.000,0.005,0.147,0.028
weakens,0.000,0.003,1.000,0.005,0.147,0.028
colliding,0.000,0.003,1.000,0.005,0.147,0.028
imbues,0.000,0.003,1.000,0.005,0.147,0.028
deferring,0.000,0.003,1.000,0.005,0.147,0.028
inexhaustible,0.000,0.003,1.000,0.005,0.147,0.028
sidestep,0.000,0.003,1.000,0.005,0.147,0.028
warp-zoning,0.000,0.003,1.000,0.005,0.147,0.028
half-hearted,0.000,0.003,1.000,0.005,0.147,0.028
damocles,0.000,0.003,1.000,0.005,0.147,0.028
wished,0.000,0.008,1.000,0.016,0.049,0.028
magically,0.000,0.008,1.000,0.016,0.049,0.028
dispersed,0.000,0.008,1.000,0.016,0.049,0.028
treadmill,0.000,0.014,1.000,0.027,0.029,0.028
ambrosia,0.000,0.005,1.000,0.011,0.074,0.028
survived,0.000,0.011,1.000,0.022,0.037,0.028
endearment,0.000,0.005,1.000,0.011,0.074,0.028
deserved,0.000,0.008,1.000,0.016,0.049,0.028
bunched,0.000,0.008,1.000,0.016,0.049,0.028
internalized,0.000,0.008,1.000,0.016,0.049,0.028
sprinkle,0.000,0.008,1.000,0.016,0.049,0.028
rolled,0.000,0.008,1.000,0.016,0.049,0.028
conscience,0.000,0.008,1.000,0.016,0.049,0.028
te,0.000,0.008,1.000,0.016,0.049,0.028
ching,0.000,0.008,1.000,0.016,0.049,0.028
departed,0.000,0.011,1.000,0.022,0.037,0.028
evenly,0.000,0.008,1.000,0.016,0.049,0.028
shirt,0.000,0.008,1.000,0.016,0.049,0.028
shove,0.000,0.008,1.000,0.016,0.049,0.028
film,0.000,0.008,1.000,0.016,0.049,0.028
submitted,0.000,0.005,1.000,0.011,0.073,0.028
paused,0.000,0.008,1.000,0.016,0.049,0.028
flicker,0.000,0.011,1.000,0.022,0.037,0.028
definite,0.000,0.011,1.000,0.022,0.037,0.028
3-day,0.000,0.003,1.000,0.005,0.146,0.028
hypothesis,0.000,0.014,1.000,0.027,0.029,0.028
fulfill,0.000,0.014,1.000,0.027,0.029,0.028
avatar,0.000,0.005,1.000,0.011,0.073,0.028
eliminate,0.000,0.011,1.000,0.022,0.037,0.028
tolerance,0.000,0.008,1.000,0.016,0.049,0.028
preconception,0.000,0.011,1.000,0.022,0.037,0.028
beforehand,0.000,0.011,1.000,0.022,0.037,0.028
townspeople,0.000,0.011,1.000,0.022,0.037,0.028
kneel,0.000,0.003,1.000,0.005,0.146,0.028
cherishing,0.000,0.003,1.000,0.005,0.146,0.028
crushed,0.000,0.008,1.000,0.016,0.049,0.028
hopelessness,0.000,0.005,1.000,0.011,0.073,0.028
desirous,0.000,0.011,1.000,0.022,0.036,0.028
willfully,0.000,0.005,1.000,0.011,0.073,0.028
seal,0.000,0.005,1.000,0.011,0.073,0.028
surge,0.000,0.005,1.000,0.011,0.073,0.028
summarized,0.000,0.008,1.000,0.016,0.049,0.028
fireplace,0.000,0.011,1.000,0.022,0.036,0.028
tolerates,0.000,0.005,1.000,0.011,0.073,0.028
suspend,0.000,0.011,1.000,0.022,0.036,0.028
battery,0.000,0.016,1.000,0.033,0.024,0.028
revisit,0.000,0.008,1.000,0.016,0.049,0.028
denies,0.000,0.003,1.000,0.005,0.146,0.028
discrepancy,0.000,0.003,1.000,0.005,0.146,0.028
screeching,0.000,0.003,1.000,0.005,0.146,0.028
discrimination,0.000,0.011,1.000,0.022,0.036,0.028
situate,0.000,0.008,1.000,0.016,0.049,0.028
mind-body,0.000,0.005,1.000,0.011,0.073,0.028
mashed,0.000,0.005,1.000,0.011,0.073,0.028
residue,0.000,0.005,1.000,0.011,0.073,0.028
overlaying,0.000,0.005,1.000,0.011,0.073,0.028
magnitude,0.000,0.005,1.000,0.011,0.073,0.028
european,0.000,0.014,1.000,0.027,0.029,0.028
signed,0.000,0.011,1.000,0.022,0.036,0.028
participates,0.000,0.011,1.000,0.022,0.036,0.028
crystal,0.000,0.008,1.000,0.016,0.048,0.028
quiver,0.000,0.008,1.000,0.016,0.048,0.028
tentative,0.000,0.008,1.000,0.016,0.048,0.028
smoked,0.000,0.003,1.000,0.005,0.145,0.028
night's,0.000,0.008,1.000,0.016,0.048,0.028
reconcile,0.000,0.019,1.000,0.038,0.021,0.028
meditates,0.000,0.005,1.000,0.011,0.072,0.028
flyer,0.000,0.005,1.000,0.011,0.072,0.028
exquisite,0.000,0.011,1.000,0.022,0.036,0.028
extensive,0.000,0.011,1.000,0.022,0.036,0.028
responsiveness,0.000,0.008,1.000,0.016,0.048,0.028
eternal,0.000,0.014,1.000,0.027,0.029,0.028
flee,0.000,0.008,1.000,0.016,0.048,0.028
anathapindika,0.000,0.003,1.000,0.005,0.145,0.028
appealing,0.000,0.019,1.000,0.038,0.021,0.028
rabbit,0.000,0.008,1.000,0.016,0.048,0.028
speculation,0.000,0.014,1.000,0.027,0.029,0.028
dug,0.000,0.011,1.000,0.022,0.036,0.028
positively,0.000,0.005,1.000,0.011,0.072,0.028
transfer,0.000,0.008,1.000,0.016,0.048,0.028
readjust,0.000,0.008,1.000,0.016,0.048,0.028
porridge,0.000,0.011,1.000,0.022,0.036,0.028
boiling,0.000,0.005,1.000,0.011,0.072,0.028
insert,0.000,0.014,1.000,0.027,0.029,0.028
prolonged,0.000,0.005,1.000,0.011,0.072,0.028
surrendered,0.000,0.005,1.000,0.011,0.072,0.028
interfering,0.000,0.008,1.000,0.016,0.048,0.028
sweater,0.000,0.005,1.000,0.011,0.072,0.028
differ,0.000,0.011,1.000,0.022,0.036,0.028
non-dual,0.000,0.014,1.000,0.027,0.029,0.028
thoughtless,0.000,0.008,1.000,0.016,0.048,0.028
affirmed,0.000,0.008,1.000,0.016,0.048,0.028
observed,0.000,0.011,1.000,0.022,0.036,0.028
negotiate,0.000,0.011,1.000,0.022,0.036,0.028
accumulates,0.000,0.008,1.000,0.016,0.048,0.028
unpleasing,0.000,0.005,1.000,0.011,0.072,0.028
periodically,0.000,0.014,1.000,0.027,0.029,0.028
staff,0.000,0.014,1.000,0.027,0.029,0.028
pin,0.000,0.014,1.000,0.027,0.029,0.028
loudest,0.000,0.005,1.000,0.011,0.072,0.028
stratman,0.000,0.005,1.000,0.011,0.072,0.028
hiccup,0.000,0.008,1.000,0.016,0.048,0.028
rotating,0.000,0.008,1.000,0.016,0.048,0.028
remote,0.000,0.011,1.000,0.022,0.036,0.028
sweeter,0.000,0.005,1.000,0.011,0.072,0.028
culturally,0.000,0.011,1.000,0.022,0.036,0.028
ballast,0.000,0.008,1.000,0.016,0.048,0.028
seamless,0.000,0.005,1.000,0.011,0.072,0.028
uninspired,0.000,0.005,1.000,0.011,0.072,0.028
weakened,0.000,0.005,1.000,0.011,0.072,0.028
vanish,0.000,0.005,1.000,0.011,0.072,0.028
lisa,0.000,0.005,1.000,0.011,0.071,0.028
maximum,0.000,0.011,1.000,0.022,0.036,0.028
officer,0.000,0.014,1.000,0.027,0.029,0.028
tradition's,0.000,0.005,1.000,0.011,0.071,0.028
backstory,0.000,0.008,1.000,0.016,0.048,0.028
discriminate,0.000,0.005,1.000,0.011,0.071,0.028
unhindered,0.000,0.005,1.000,0.011,0.071,0.028
fate,0.000,0.014,1.000,0.027,0.029,0.028
mama,0.000,0.008,1.000,0.016,0.048,0.028
mechanic,0.000,0.008,1.000,0.016,0.048,0.028
foyan,0.000,0.003,1.000,0.005,0.143,0.028
eastern,0.000,0.014,1.000,0.027,0.029,0.028
labor,0.000,0.005,1.000,0.011,0.071,0.028
overcomes,0.000,0.008,1.000,0.016,0.048,0.028
conveyed,0.000,0.011,1.000,0.022,0.036,0.028
uncontrived,0.000,0.003,1.000,0.005,0.143,0.028
civilization,0.000,0.008,1.000,0.016,0.048,0.028
afflict,0.000,0.005,1.000,0.011,0.071,0.028
insect,0.000,0.011,1.000,0.022,0.036,0.028
picnic,0.000,0.005,1.000,0.011,0.071,0.028
afford,0.000,0.016,1.000,0.033,0.024,0.028
nye,0.000,0.005,1.000,0.011,0.071,0.028
metric,0.000,0.008,1.000,0.016,0.047,0.028
palestinian,0.000,0.003,1.000,0.005,0.142,0.028
ehipassiko,0.000,0.005,1.000,0.011,0.071,0.028
composite,0.000,0.011,1.000,0.022,0.036,0.028
med,0.000,0.003,1.000,0.005,0.142,0.028
nickname,0.000,0.005,1.000,0.011,0.071,0.028
persuade,0.000,0.008,1.000,0.016,0.047,0.028
destroying,0.000,0.011,1.000,0.022,0.036,0.028
incarcerated,0.000,0.005,1.000,0.011,0.071,0.028
generously,0.000,0.011,1.000,0.022,0.035,0.028
transmigrated,0.000,0.005,1.000,0.011,0.071,0.028
moffitt,0.000,0.005,1.000,0.011,0.071,0.028
mosquito,0.000,0.008,1.000,0.016,0.047,0.028
pairing,0.000,0.005,1.000,0.011,0.071,0.028
epstein,0.000,0.005,1.000,0.011,0.071,0.028
tantrum,0.000,0.008,1.000,0.016,0.047,0.028
yell,0.000,0.014,1.000,0.027,0.028,0.028
benevolence,0.000,0.011,1.000,0.022,0.035,0.028
derived,0.000,0.008,1.000,0.016,0.047,0.028
dismantling,0.000,0.005,1.000,0.011,0.071,0.028
betray,0.000,0.008,1.000,0.016,0.047,0.028
sentiment,0.000,0.008,1.000,0.016,0.047,0.028
captured,0.000,0.019,1.000,0.038,0.020,0.028
orthopraxy,0.000,0.003,1.000,0.005,0.141,0.028
conflate,0.000,0.011,1.000,0.022,0.035,0.028
bold,0.000,0.014,1.000,0.027,0.028,0.028
reprove,0.000,0.008,1.000,0.016,0.047,0.028
reservoir,0.000,0.003,1.000,0.005,0.141,0.028
joint,0.000,0.005,1.000,0.011,0.071,0.028
removing,0.000,0.011,1.000,0.022,0.035,0.028
scratching,0.000,0.011,1.000,0.022,0.035,0.028
demonstrating,0.000,0.008,1.000,0.016,0.047,0.028
nameless,0.000,0.005,1.000,0.011,0.071,0.028
amaravati,0.000,0.005,1.000,0.011,0.071,0.028
pimple,0.000,0.003,1.000,0.005,0.141,0.028
butte,0.000,0.003,1.000,0.005,0.141,0.028
mythological,0.000,0.014,1.000,0.027,0.028,0.028
binding,0.000,0.008,1.000,0.016,0.047,0.028
complicate,0.000,0.005,1.000,0.011,0.071,0.028
plato,0.000,0.008,1.000,0.016,0.047,0.028
formerly,0.000,0.011,1.000,0.022,0.035,0.028
numbness,0.000,0.005,1.000,0.011,0.070,0.028
scheming,0.000,0.008,1.000,0.016,0.047,0.028
framing,0.000,0.016,1.000,0.033,0.023,0.028
narrower,0.000,0.008,1.000,0.016,0.047,0.028
deflates,0.000,0.008,1.000,0.016,0.047,0.028
perceiver,0.000,0.005,1.000,0.011,0.070,0.028
logically,0.000,0.014,1.000,0.027,0.028,0.028
reiterate,0.000,0.005,1.000,0.011,0.070,0.028
emptying,0.000,0.005,1.000,0.011,0.070,0.028
yakkhas,0.000,0.005,1.000,0.011,0.070,0.028
referencing,0.000,0.008,1.000,0.016,0.047,0.028
realism,0.000,0.008,1.000,0.016,0.047,0.028
bargain,0.000,0.008,1.000,0.016,0.047,0.028
cognized,0.000,0.003,1.000,0.005,0.140,0.028
reinforced,0.000,0.005,1.000,0.011,0.070,0.028
insulting,0.000,0.008,1.000,0.016,0.047,0.028
exit,0.000,0.011,1.000,0.022,0.035,0.028
russian,0.000,0.008,1.000,0.016,0.047,0.028
manual,0.000,0.005,1.000,0.011,0.070,0.028
modification,0.000,0.005,1.000,0.011,0.070,0.028
humbleness,0.000,0.008,1.000,0.016,0.047,0.028
hunt,0.000,0.008,1.000,0.016,0.047,0.028
admirable,0.000,0.005,1.000,0.011,0.070,0.028
interactive,0.000,0.011,1.000,0.022,0.035,0.028
replicate,0.000,0.008,1.000,0.016,0.047,0.028
empty-handed,0.000,0.008,1.000,0.016,0.047,0.028
dire,0.000,0.005,1.000,0.011,0.070,0.028
amid,0.000,0.008,1.000,0.016,0.047,0.028
atmospheric,0.000,0.008,1.000,0.016,0.047,0.028
weightless,0.000,0.005,1.000,0.011,0.070,0.028
centrality,0.000,0.005,1.000,0.011,0.070,0.028
equilibrium,0.000,0.005,1.000,0.011,0.070,0.028
cheating,0.000,0.008,1.000,0.016,0.047,0.028
identifies,0.000,0.011,1.000,0.022,0.035,0.028
farm,0.000,0.016,1.000,0.033,0.023,0.028
pulsing,0.000,0.005,1.000,0.011,0.070,0.028
murdered,0.000,0.014,1.000,0.027,0.028,0.028
ego's,0.000,0.005,1.000,0.011,0.070,0.028
troop,0.000,0.014,1.000,0.027,0.028,0.028
exerting,0.000,0.008,1.000,0.016,0.046,0.028
civil,0.000,0.008,1.000,0.016,0.046,0.028
font,0.000,0.005,1.000,0.011,0.070,0.028
bye-bye,0.000,0.014,1.000,0.027,0.028,0.028
fettered,0.000,0.005,1.000,0.011,0.070,0.028
powerfully,0.000,0.011,1.000,0.022,0.035,0.028
marched,0.000,0.008,1.000,0.016,0.046,0.028
synonymous,0.000,0.011,1.000,0.022,0.035,0.028
distraught,0.000,0.008,1.000,0.016,0.046,0.028
formless,0.000,0.005,1.000,0.011,0.069,0.028
non-tarrying,0.000,0.005,1.000,0.011,0.069,0.028
democracy,0.000,0.005,1.000,0.011,0.069,0.028
ben,0.000,0.005,1.000,0.011,0.069,0.028
banana,0.000,0.008,1.000,0.016,0.046,0.028
disrupt,0.000,0.011,1.000,0.022,0.035,0.027
erodes,0.000,0.005,1.000,0.011,0.069,0.027
drenched,0.000,0.005,1.000,0.011,0.069,0.027
production,0.000,0.008,1.000,0.016,0.046,0.027
compelled,0.000,0.005,1.000,0.011,0.069,0.027
wieldy,0.000,0.008,1.000,0.016,0.046,0.027
puddle,0.000,0.008,1.000,0.016,0.046,0.027
numb,0.000,0.008,1.000,0.016,0.046,0.027
threatens,0.000,0.005,1.000,0.011,0.069,0.027
bondage,0.000,0.011,1.000,0.022,0.035,0.027
bummer,0.000,0.005,1.000,0.011,0.069,0.027
query,0.000,0.011,1.000,0.022,0.035,0.027
combine,0.000,0.008,1.000,0.016,0.046,0.027
snuff,0.000,0.008,1.000,0.016,0.046,0.027
throne,0.000,0.008,1.000,0.016,0.046,0.027
borrowing,0.000,0.008,1.000,0.016,0.046,0.027
deliberating,0.000,0.005,1.000,0.011,0.069,0.027
nancy,0.000,0.005,1.000,0.011,0.069,0.027
numbing,0.000,0.011,1.000,0.022,0.035,0.027
coterminous,0.000,0.005,1.000,0.011,0.069,0.027
wholeheartedness,0.000,0.008,1.000,0.016,0.046,0.027
rite,0.000,0.008,1.000,0.016,0.046,0.027
cooler,0.000,0.005,1.000,0.011,0.069,0.027
enclosed,0.000,0.005,1.000,0.011,0.069,0.027
illustrates,0.000,0.011,1.000,0.022,0.034,0.027
comprehensible,0.000,0.003,1.000,0.005,0.138,0.027
disillusionment,0.000,0.003,1.000,0.005,0.138,0.027
coding,0.000,0.003,1.000,0.005,0.138,0.027
taunt,0.000,0.003,1.000,0.005,0.138,0.027
murderer,0.000,0.005,1.000,0.011,0.069,0.027
podcasts,0.000,0.011,1.000,0.022,0.034,0.027
oakes,0.000,0.003,1.000,0.005,0.138,0.027
aggressive,0.000,0.014,1.000,0.027,0.028,0.027
barclay,0.000,0.003,1.000,0.005,0.138,0.027
hamstring,0.000,0.005,1.000,0.011,0.069,0.027
baking,0.000,0.008,1.000,0.016,0.046,0.027
sucked,0.000,0.008,1.000,0.016,0.046,0.027
bruce,0.000,0.005,1.000,0.011,0.069,0.027
counterpoint,0.000,0.003,1.000,0.005,0.138,0.027
meter,0.000,0.005,1.000,0.011,0.069,0.027
humidity,0.000,0.005,1.000,0.011,0.069,0.027
brave,0.000,0.014,1.000,0.027,0.028,0.027
vegetarian,0.000,0.003,1.000,0.005,0.138,0.027
timeless,0.000,0.014,1.000,0.027,0.027,0.027
ims,0.000,0.008,1.000,0.016,0.046,0.027
dampening,0.000,0.005,1.000,0.011,0.069,0.027
camping,0.000,0.008,1.000,0.016,0.046,0.027
whispered,0.000,0.008,1.000,0.016,0.046,0.027
flour,0.000,0.005,1.000,0.011,0.069,0.027
ionic,0.000,0.005,1.000,0.011,0.069,0.027
chloride,0.000,0.005,1.000,0.011,0.069,0.027
rearranged,0.000,0.005,1.000,0.011,0.069,0.027
minuscule,0.000,0.005,1.000,0.011,0.069,0.027
buoyancy,0.000,0.005,1.000,0.011,0.069,0.027
burst,0.000,0.011,1.000,0.022,0.034,0.027
harried,0.000,0.005,1.000,0.011,0.069,0.027
learner,0.000,0.011,1.000,0.022,0.034,0.027
fabrication,0.000,0.008,1.000,0.016,0.046,0.027
discovers,0.000,0.008,1.000,0.016,0.046,0.027
equanimously,0.000,0.008,1.000,0.016,0.046,0.027
propped,0.000,0.008,1.000,0.016,0.046,0.027
hater,0.000,0.005,1.000,0.011,0.068,0.027
evenness,0.000,0.011,1.000,0.022,0.034,0.027
dancer's,0.000,0.008,1.000,0.016,0.046,0.027
rushed,0.000,0.011,1.000,0.022,0.034,0.027
chronically,0.000,0.008,1.000,0.016,0.046,0.027
rationally,0.000,0.008,1.000,0.016,0.046,0.027
360-degree,0.000,0.005,1.000,0.011,0.068,0.027
wrist,0.000,0.011,1.000,0.022,0.034,0.027
unhoused,0.000,0.008,1.000,0.016,0.046,0.027
buffet,0.000,0.008,1.000,0.016,0.046,0.027
marketplace,0.000,0.008,1.000,0.016,0.046,0.027
deemed,0.000,0.005,1.000,0.011,0.068,0.027
sponge,0.000,0.008,1.000,0.016,0.046,0.027
self-doubt,0.000,0.005,1.000,0.011,0.068,0.027
listens,0.000,0.011,1.000,0.022,0.034,0.027
pervaded,0.000,0.008,1.000,0.016,0.045,0.027
official,0.000,0.011,1.000,0.022,0.034,0.027
efficacy,0.000,0.005,1.000,0.011,0.068,0.027
listing,0.000,0.011,1.000,0.022,0.034,0.027
quirkiness,0.000,0.005,1.000,0.011,0.068,0.027
roughly,0.000,0.011,1.000,0.022,0.034,0.027
cary,0.000,0.003,1.000,0.005,0.136,0.027
mortifies,0.000,0.003,1.000,0.005,0.136,0.027
occupation,0.000,0.003,1.000,0.005,0.136,0.027
relish,0.000,0.003,1.000,0.005,0.136,0.027
edifice,0.000,0.005,1.000,0.011,0.068,0.027
bet,0.000,0.014,1.000,0.027,0.027,0.027
cluster,0.000,0.008,1.000,0.016,0.045,0.027
conditioner,0.000,0.005,1.000,0.011,0.068,0.027
peer,0.000,0.011,1.000,0.022,0.034,0.027
make,0.003,0.905,0.997,0.191,0.004,0.027
spear,0.000,0.008,1.000,0.016,0.045,0.027
traction,0.000,0.005,1.000,0.011,0.068,0.027
cringe,0.000,0.005,1.000,0.011,0.068,0.027
tenderly,0.000,0.011,1.000,0.022,0.034,0.027
dismal,0.000,0.005,1.000,0.011,0.068,0.027
departing,0.000,0.008,1.000,0.016,0.045,0.027
non-identification,0.000,0.011,1.000,0.022,0.034,0.027
oppressive,0.000,0.008,1.000,0.016,0.045,0.027
reciprocity,0.000,0.008,1.000,0.016,0.045,0.027
coyote,0.000,0.008,1.000,0.016,0.045,0.027
ensure,0.000,0.011,1.000,0.022,0.034,0.027
quentin,0.000,0.008,1.000,0.016,0.045,0.027
objectively,0.000,0.011,1.000,0.022,0.034,0.027
indic,0.000,0.011,1.000,0.022,0.034,0.027
sock,0.000,0.008,1.000,0.016,0.045,0.027
distressing,0.000,0.008,1.000,0.016,0.045,0.027
roams,0.000,0.005,1.000,0.011,0.068,0.027
legitimate,0.000,0.014,1.000,0.027,0.027,0.027
trump,0.000,0.005,1.000,0.011,0.068,0.027
examined,0.000,0.005,1.000,0.011,0.068,0.027
fossil,0.000,0.005,1.000,0.011,0.068,0.027
vibrant,0.000,0.005,1.000,0.011,0.068,0.027
borrow,0.000,0.014,1.000,0.027,0.027,0.027
seattle,0.000,0.008,1.000,0.016,0.045,0.027
inordinate,0.000,0.008,1.000,0.016,0.045,0.027
transmute,0.000,0.005,1.000,0.011,0.067,0.027
paw,0.000,0.005,1.000,0.011,0.067,0.027
isolate,0.000,0.008,1.000,0.016,0.045,0.027
effortful,0.000,0.008,1.000,0.016,0.045,0.027
cheering,0.000,0.008,1.000,0.016,0.045,0.027
myanmar,0.000,0.003,1.000,0.005,0.135,0.027
reside,0.000,0.005,1.000,0.011,0.067,0.027
intellectualization,0.000,0.008,1.000,0.016,0.045,0.027
devastating,0.000,0.008,1.000,0.016,0.045,0.027
29th,0.000,0.005,1.000,0.011,0.067,0.027
psychotherapeutic,0.000,0.008,1.000,0.016,0.045,0.027
tinged,0.000,0.005,1.000,0.011,0.067,0.027
feeble,0.000,0.005,1.000,0.011,0.067,0.027
self-regard,0.000,0.005,1.000,0.011,0.067,0.027
torrential,0.000,0.003,1.000,0.005,0.135,0.027
intuiting,0.000,0.005,1.000,0.011,0.067,0.027
english-speaking,0.000,0.011,1.000,0.022,0.034,0.027
deliverance,0.000,0.005,1.000,0.011,0.067,0.027
yogic,0.000,0.011,1.000,0.022,0.034,0.027
identical,0.000,0.008,1.000,0.016,0.045,0.027
reconditioned,0.000,0.008,1.000,0.016,0.045,0.027
juicy,0.000,0.008,1.000,0.016,0.045,0.027
pollyannaish,0.000,0.005,1.000,0.011,0.067,0.027
acquisitive,0.000,0.008,1.000,0.016,0.045,0.027
reverberating,0.000,0.005,1.000,0.011,0.067,0.027
israeli,0.000,0.005,1.000,0.011,0.067,0.027
lofty,0.000,0.008,1.000,0.016,0.045,0.027
psychiatric,0.000,0.008,1.000,0.016,0.045,0.027
self-focused,0.000,0.005,1.000,0.011,0.067,0.027
me-ness,0.000,0.005,1.000,0.011,0.067,0.027
distinctly,0.000,0.008,1.000,0.016,0.045,0.027
strictly,0.000,0.011,1.000,0.022,0.033,0.027
overpowering,0.000,0.005,1.000,0.011,0.067,0.027
drenches,0.000,0.003,1.000,0.005,0.134,0.027
deliciousness,0.000,0.005,1.000,0.011,0.067,0.027
state-specific,0.000,0.008,1.000,0.016,0.045,0.027
parched,0.000,0.005,1.000,0.011,0.067,0.027
partake,0.000,0.005,1.000,0.011,0.067,0.027
careless,0.000,0.008,1.000,0.016,0.045,0.027
breakthrough,0.000,0.011,1.000,0.022,0.033,0.027
reconnection,0.000,0.005,1.000,0.011,0.067,0.027
re-familiarity,0.000,0.005,1.000,0.011,0.067,0.027
fickle,0.000,0.005,1.000,0.011,0.067,0.027
hedonist,0.000,0.005,1.000,0.011,0.067,0.027
ledge,0.000,0.008,1.000,0.016,0.045,0.027
predates,0.000,0.005,1.000,0.011,0.067,0.027
eon,0.000,0.008,1.000,0.016,0.045,0.027
polished,0.000,0.008,1.000,0.016,0.045,0.027
latte,0.000,0.003,1.000,0.005,0.133,0.027
april,0.000,0.008,1.000,0.016,0.044,0.027
terminology,0.000,0.014,1.000,0.027,0.027,0.027
pictorial,0.000,0.003,1.000,0.005,0.133,0.027
lover,0.000,0.003,1.000,0.005,0.133,0.027
barhut,0.000,0.003,1.000,0.005,0.133,0.027
dhatu,0.000,0.008,1.000,0.016,0.044,0.027
zeal,0.000,0.003,1.000,0.005,0.133,0.027
insecurity,0.000,0.011,1.000,0.022,0.033,0.027
tasty,0.000,0.008,1.000,0.016,0.044,0.027
zoning,0.000,0.011,1.000,0.022,0.033,0.027
abusive,0.000,0.014,1.000,0.027,0.027,0.027
overactive,0.000,0.008,1.000,0.016,0.044,0.027
bearer,0.000,0.008,1.000,0.016,0.044,0.027
off-putting,0.000,0.008,1.000,0.016,0.044,0.027
whistling,0.000,0.008,1.000,0.016,0.044,0.027
historically,0.000,0.011,1.000,0.022,0.033,0.027
fitting,0.000,0.005,1.000,0.011,0.067,0.027
proposed,0.000,0.008,1.000,0.016,0.044,0.027
self-worth,0.000,0.005,1.000,0.011,0.067,0.027
tarried,0.000,0.003,1.000,0.005,0.133,0.027
mecca,0.000,0.003,1.000,0.005,0.133,0.027
kleshas,0.000,0.008,1.000,0.016,0.044,0.027
glacier,0.000,0.005,1.000,0.011,0.066,0.027
compliment,0.000,0.011,1.000,0.022,0.033,0.027
prospect,0.000,0.005,1.000,0.011,0.066,0.027
narrowness,0.000,0.008,1.000,0.016,0.044,0.027
latching,0.000,0.008,1.000,0.016,0.044,0.027
homo,0.000,0.005,1.000,0.011,0.066,0.027
sapiens,0.000,0.005,1.000,0.011,0.066,0.027
alteration,0.000,0.005,1.000,0.011,0.066,0.027
blunt,0.000,0.008,1.000,0.016,0.044,0.027
jerking,0.000,0.008,1.000,0.016,0.044,0.027
mechanical,0.000,0.008,1.000,0.016,0.044,0.027
attract,0.000,0.005,1.000,0.011,0.066,0.027
niche,0.000,0.005,1.000,0.011,0.066,0.027
wording,0.000,0.011,1.000,0.022,0.033,0.027
enormity,0.000,0.005,1.000,0.011,0.066,0.027
vicarious,0.000,0.008,1.000,0.016,0.044,0.027
conduit,0.000,0.008,1.000,0.016,0.044,0.027
mammal,0.000,0.008,1.000,0.016,0.044,0.027
suppressing,0.000,0.014,1.000,0.027,0.026,0.027
transcends,0.000,0.008,1.000,0.016,0.044,0.027
longest,0.000,0.008,1.000,0.016,0.044,0.027
split,0.000,0.008,1.000,0.016,0.044,0.027
coal,0.000,0.005,1.000,0.011,0.066,0.027
solidarity,0.000,0.005,1.000,0.011,0.066,0.027
deformed,0.000,0.005,1.000,0.011,0.066,0.027
pours,0.000,0.005,1.000,0.011,0.066,0.027
swayed,0.000,0.003,1.000,0.005,0.132,0.027
disapproval,0.000,0.005,1.000,0.011,0.066,0.027
topping,0.000,0.003,1.000,0.005,0.132,0.027
worshipping,0.000,0.003,1.000,0.005,0.132,0.027
lighting,0.000,0.008,1.000,0.016,0.044,0.027
puzzlement,0.000,0.005,1.000,0.011,0.066,0.027
anticipation,0.000,0.011,1.000,0.022,0.033,0.027
tail,0.000,0.014,1.000,0.027,0.026,0.027
gentleman,0.000,0.014,1.000,0.027,0.026,0.027
ode,0.000,0.003,1.000,0.005,0.132,0.027
strategize,0.000,0.003,1.000,0.005,0.132,0.027
linguistic,0.000,0.008,1.000,0.016,0.044,0.027
jaya,0.000,0.003,1.000,0.005,0.132,0.027
rudgard,0.000,0.003,1.000,0.005,0.132,0.027
sakyan,0.000,0.003,1.000,0.005,0.132,0.027
recruited,0.000,0.008,1.000,0.016,0.044,0.027
ample,0.000,0.008,1.000,0.016,0.044,0.027
clanking,0.000,0.005,1.000,0.011,0.066,0.027
welwood,0.000,0.005,1.000,0.011,0.066,0.027
sunrise,0.000,0.008,1.000,0.016,0.044,0.027
themself,0.000,0.005,1.000,0.011,0.066,0.027
us-versus-them,0.000,0.005,1.000,0.011,0.066,0.027
drowsy,0.000,0.008,1.000,0.016,0.044,0.027
passionate,0.000,0.011,1.000,0.022,0.033,0.027
liberative,0.000,0.008,1.000,0.016,0.044,0.027
arranges,0.000,0.005,1.000,0.011,0.066,0.027
macy,0.000,0.003,1.000,0.005,0.132,0.027
dipper,0.000,0.003,1.000,0.005,0.132,0.027
accosted,0.000,0.003,1.000,0.005,0.132,0.027
grasped,0.000,0.008,1.000,0.016,0.044,0.027
begging,0.000,0.008,1.000,0.016,0.044,0.027
magnanimous,0.000,0.008,1.000,0.016,0.044,0.027
condone,0.000,0.008,1.000,0.016,0.044,0.027
heater,0.000,0.008,1.000,0.016,0.044,0.027
volunteered,0.000,0.008,1.000,0.016,0.044,0.027
pixel,0.000,0.005,1.000,0.011,0.066,0.027
reassures,0.000,0.008,1.000,0.016,0.044,0.027
likelihood,0.000,0.008,1.000,0.016,0.044,0.027
foul,0.000,0.008,1.000,0.016,0.044,0.027
whomever,0.000,0.008,1.000,0.016,0.044,0.027
marisa,0.000,0.005,1.000,0.011,0.066,0.027
amand,0.000,0.005,1.000,0.011,0.066,0.027
painted,0.000,0.011,1.000,0.022,0.033,0.027
disturb,0.000,0.011,1.000,0.022,0.033,0.027
ensuring,0.000,0.008,1.000,0.016,0.044,0.027
undergo,0.000,0.005,1.000,0.011,0.066,0.027
oral,0.000,0.008,1.000,0.016,0.044,0.027
nausea,0.000,0.005,1.000,0.011,0.066,0.027
provisional,0.000,0.011,1.000,0.022,0.033,0.027
format,0.000,0.011,1.000,0.022,0.033,0.027
lifer,0.000,0.005,1.000,0.011,0.066,0.027
apt,0.000,0.008,1.000,0.016,0.044,0.027
misunderstood,0.000,0.011,1.000,0.022,0.033,0.027
overlooking,0.000,0.005,1.000,0.011,0.065,0.027
autopilot,0.000,0.008,1.000,0.016,0.044,0.027
self-aggrandizing,0.000,0.005,1.000,0.011,0.065,0.027
kicked,0.000,0.008,1.000,0.016,0.044,0.027
neighbor's,0.000,0.014,1.000,0.027,0.026,0.027
bedroom,0.000,0.005,1.000,0.011,0.065,0.027
muscular,0.000,0.011,1.000,0.022,0.033,0.027
renewed,0.000,0.008,1.000,0.016,0.044,0.027
resuming,0.000,0.005,1.000,0.011,0.065,0.027
chastity,0.000,0.005,1.000,0.011,0.065,0.027
allure,0.000,0.005,1.000,0.011,0.065,0.027
subtractive,0.000,0.003,1.000,0.005,0.131,0.027
gendered,0.000,0.011,1.000,0.022,0.033,0.027
5th,0.000,0.005,1.000,0.011,0.065,0.027
wonderfulness,0.000,0.008,1.000,0.016,0.043,0.027
escaping,0.000,0.008,1.000,0.016,0.043,0.027
manager,0.000,0.008,1.000,0.016,0.043,0.027
greenhouse,0.000,0.003,1.000,0.005,0.130,0.027
buckling,0.000,0.008,1.000,0.016,0.043,0.027
acquaintance,0.000,0.016,1.000,0.033,0.022,0.027
penniless,0.000,0.003,1.000,0.005,0.130,0.027
backbiting,0.000,0.003,1.000,0.005,0.130,0.027
guilty,0.000,0.011,1.000,0.022,0.033,0.027
hourglass,0.000,0.003,1.000,0.005,0.130,0.027
snap,0.000,0.005,1.000,0.011,0.065,0.027
usage,0.000,0.008,1.000,0.016,0.043,0.027
abided,0.000,0.008,1.000,0.016,0.043,0.027
yehuda,0.000,0.003,1.000,0.005,0.130,0.027
amichai,0.000,0.003,1.000,0.005,0.130,0.027
kevin,0.000,0.005,1.000,0.011,0.065,0.027
debbie,0.000,0.008,1.000,0.016,0.043,0.027
tape,0.000,0.005,1.000,0.011,0.065,0.027
healthiest,0.000,0.008,1.000,0.016,0.043,0.027
naturalness,0.000,0.008,1.000,0.016,0.043,0.027
approve,0.000,0.008,1.000,0.016,0.043,0.027
eaten,0.000,0.008,1.000,0.016,0.043,0.027
mothership,0.000,0.005,1.000,0.011,0.065,0.027
foam,0.000,0.003,1.000,0.005,0.130,0.027
son's,0.000,0.008,1.000,0.016,0.043,0.027
water's,0.000,0.008,1.000,0.016,0.043,0.027
encapsulates,0.000,0.014,1.000,0.027,0.026,0.027
explanatory,0.000,0.005,1.000,0.011,0.065,0.027
self-involved,0.000,0.005,1.000,0.011,0.065,0.027
unconditionally,0.000,0.011,1.000,0.022,0.032,0.027
informative,0.000,0.008,1.000,0.016,0.043,0.027
nowness,0.000,0.005,1.000,0.011,0.065,0.027
shawl,0.000,0.008,1.000,0.016,0.043,0.027
fidgeting,0.000,0.005,1.000,0.011,0.065,0.027
formulaic,0.000,0.011,1.000,0.022,0.032,0.027
patacara,0.000,0.005,1.000,0.011,0.065,0.027
flowed,0.000,0.005,1.000,0.011,0.065,0.027
wick,0.000,0.005,1.000,0.011,0.065,0.027
peculiar,0.000,0.005,1.000,0.011,0.065,0.027
prefers,0.000,0.003,1.000,0.005,0.129,0.027
huff,0.000,0.008,1.000,0.016,0.043,0.027
ebbing,0.000,0.003,1.000,0.005,0.129,0.027
cacophony,0.000,0.003,1.000,0.005,0.129,0.027
odds,0.000,0.011,1.000,0.022,0.032,0.027
formulation,0.000,0.005,1.000,0.011,0.065,0.027
purple,0.000,0.008,1.000,0.016,0.043,0.027
non-involvement,0.000,0.003,1.000,0.005,0.129,0.027
frowning,0.000,0.005,1.000,0.011,0.065,0.027
permeated,0.000,0.008,1.000,0.016,0.043,0.027
handy,0.000,0.008,1.000,0.016,0.043,0.027
contrasted,0.000,0.005,1.000,0.011,0.064,0.027
modern-day,0.000,0.014,1.000,0.027,0.026,0.027
incompatible,0.000,0.008,1.000,0.016,0.043,0.026
punishing,0.000,0.003,1.000,0.005,0.129,0.026
prioritized,0.000,0.008,1.000,0.016,0.043,0.026
overgrown,0.000,0.005,1.000,0.011,0.064,0.026
shortcut,0.000,0.005,1.000,0.011,0.064,0.026
stereotype,0.000,0.011,1.000,0.022,0.032,0.026
undo,0.000,0.016,1.000,0.033,0.021,0.026
france,0.000,0.014,1.000,0.027,0.026,0.026
asian,0.000,0.008,1.000,0.016,0.043,0.026
yasa,0.000,0.003,1.000,0.005,0.129,0.026
fathom-long,0.000,0.005,1.000,0.011,0.064,0.026
subsequent,0.000,0.008,1.000,0.016,0.043,0.026
evolving,0.000,0.014,1.000,0.027,0.026,0.026
cautious,0.000,0.005,1.000,0.011,0.064,0.026
intertwine,0.000,0.005,1.000,0.011,0.064,0.026
navel,0.000,0.008,1.000,0.016,0.043,0.026
unmoved,0.000,0.005,1.000,0.011,0.064,0.026
in-the-moment,0.000,0.005,1.000,0.011,0.064,0.026
pelvis,0.000,0.005,1.000,0.011,0.064,0.026
sandwiched,0.000,0.005,1.000,0.011,0.064,0.026
officially,0.000,0.011,1.000,0.022,0.032,0.026
fridge,0.000,0.008,1.000,0.016,0.043,0.026
debrief,0.000,0.008,1.000,0.016,0.043,0.026
sensuous,0.000,0.005,1.000,0.011,0.064,0.026
action-oriented,0.000,0.005,1.000,0.011,0.064,0.026
falconer,0.000,0.005,1.000,0.011,0.064,0.026
self-concerned,0.000,0.008,1.000,0.016,0.043,0.026
inflict,0.000,0.008,1.000,0.016,0.043,0.026
awry,0.000,0.011,1.000,0.022,0.032,0.026
catastrophize,0.000,0.008,1.000,0.016,0.043,0.026
forge,0.000,0.005,1.000,0.011,0.064,0.026
impartially,0.000,0.008,1.000,0.016,0.043,0.026
whitman,0.000,0.003,1.000,0.005,0.128,0.026
undeniable,0.000,0.003,1.000,0.005,0.128,0.026
ensures,0.000,0.005,1.000,0.011,0.064,0.026
rudimentary,0.000,0.008,1.000,0.016,0.043,0.026
chah's,0.000,0.008,1.000,0.016,0.043,0.026
consort,0.000,0.005,1.000,0.011,0.064,0.026
completeness,0.000,0.008,1.000,0.016,0.043,0.026
replacing,0.000,0.005,1.000,0.011,0.064,0.026
divert,0.000,0.008,1.000,0.016,0.043,0.026
warming,0.000,0.011,1.000,0.022,0.032,0.026
sold,0.000,0.008,1.000,0.016,0.043,0.026
karaniya,0.000,0.003,1.000,0.005,0.128,0.026
paritta,0.000,0.003,1.000,0.005,0.128,0.026
moment's,0.000,0.011,1.000,0.022,0.032,0.026
terribly,0.000,0.011,1.000,0.022,0.032,0.026
prematurely,0.000,0.005,1.000,0.011,0.064,0.026
clamping,0.000,0.003,1.000,0.005,0.128,0.026
rural,0.000,0.008,1.000,0.016,0.043,0.026
muster,0.000,0.011,1.000,0.022,0.032,0.026
volition,0.000,0.014,1.000,0.027,0.026,0.026
beg,0.000,0.008,1.000,0.016,0.042,0.026
theater,0.000,0.008,1.000,0.016,0.042,0.026
analayo,0.000,0.011,1.000,0.022,0.032,0.026
chogyam,0.000,0.008,1.000,0.016,0.042,0.026
pizza,0.000,0.008,1.000,0.016,0.042,0.026
sandbank,0.000,0.005,1.000,0.011,0.064,0.026
inadvertently,0.000,0.011,1.000,0.022,0.032,0.026
instigate,0.000,0.008,1.000,0.016,0.042,0.026
celestial,0.000,0.005,1.000,0.011,0.064,0.026
sociocultural,0.000,0.005,1.000,0.011,0.064,0.026
perch,0.000,0.005,1.000,0.011,0.064,0.026
weaker,0.000,0.008,1.000,0.016,0.042,0.026
electron,0.000,0.005,1.000,0.011,0.064,0.026
town's,0.000,0.005,1.000,0.011,0.064,0.026
vivid,0.000,0.008,1.000,0.016,0.042,0.026
arisings,0.000,0.011,1.000,0.022,0.032,0.026
bonfire,0.000,0.008,1.000,0.016,0.042,0.026
located,0.000,0.005,1.000,0.011,0.064,0.026
warm-hearted,0.000,0.011,1.000,0.022,0.032,0.026
psychedelic,0.000,0.005,1.000,0.011,0.064,0.026
earth's,0.000,0.008,1.000,0.016,0.042,0.026
unglamorous,0.000,0.003,1.000,0.005,0.127,0.026
subside,0.000,0.008,1.000,0.016,0.042,0.026
contacting,0.000,0.008,1.000,0.016,0.042,0.026
freak,0.000,0.005,1.000,0.011,0.063,0.026
relationality,0.000,0.011,1.000,0.022,0.032,0.026
tumbling,0.000,0.005,1.000,0.011,0.063,0.026
farmer's,0.000,0.008,1.000,0.016,0.042,0.026
reproduce,0.000,0.008,1.000,0.016,0.042,0.026
aggressively,0.000,0.008,1.000,0.016,0.042,0.026
weighs,0.000,0.005,1.000,0.011,0.063,0.026
seriousness,0.000,0.005,1.000,0.011,0.063,0.026
off-site,0.000,0.005,1.000,0.011,0.063,0.026
protector,0.000,0.008,1.000,0.016,0.042,0.026
wiggle,0.000,0.008,1.000,0.016,0.042,0.026
headlight,0.000,0.003,1.000,0.005,0.127,0.026
aloud,0.000,0.005,1.000,0.011,0.063,0.026
charming,0.000,0.005,1.000,0.011,0.063,0.026
underside,0.000,0.005,1.000,0.011,0.063,0.026
bounce,0.000,0.005,1.000,0.011,0.063,0.026
short-circuit,0.000,0.005,1.000,0.011,0.063,0.026
funnel,0.000,0.008,1.000,0.016,0.042,0.026
anticipatory,0.000,0.008,1.000,0.016,0.042,0.026
15-minute,0.000,0.014,1.000,0.027,0.025,0.026
possesses,0.000,0.008,1.000,0.016,0.042,0.026
immense,0.000,0.011,1.000,0.022,0.032,0.026
gardening,0.000,0.008,1.000,0.016,0.042,0.026
paralysis,0.000,0.005,1.000,0.011,0.063,0.026
consisting,0.000,0.008,1.000,0.016,0.042,0.026
sang,0.000,0.005,1.000,0.011,0.063,0.026
aesop's,0.000,0.005,1.000,0.011,0.063,0.026
burner,0.000,0.005,1.000,0.011,0.063,0.026
trope,0.000,0.008,1.000,0.016,0.042,0.026
raising,0.000,0.014,1.000,0.027,0.025,0.026
lute,0.000,0.005,1.000,0.011,0.063,0.026
nagarjuna,0.000,0.005,1.000,0.011,0.063,0.026
defenseless,0.000,0.005,1.000,0.011,0.063,0.026
sariputta's,0.000,0.003,1.000,0.005,0.126,0.026
earth-touching,0.000,0.008,1.000,0.016,0.042,0.026
incorporates,0.000,0.008,1.000,0.016,0.042,0.026
two-hour,0.000,0.003,1.000,0.005,0.126,0.026
blower,0.000,0.003,1.000,0.005,0.126,0.026
executive,0.000,0.005,1.000,0.011,0.063,0.026
sustains,0.000,0.008,1.000,0.016,0.042,0.026
unsui,0.000,0.003,1.000,0.005,0.126,0.026
avijja,0.000,0.005,1.000,0.011,0.063,0.026
biased,0.000,0.005,1.000,0.011,0.063,0.026
supposedly,0.000,0.011,1.000,0.022,0.031,0.026
phrased,0.000,0.014,1.000,0.027,0.025,0.026
chatter,0.000,0.011,1.000,0.022,0.031,0.026
disliked,0.000,0.005,1.000,0.011,0.063,0.026
reliance,0.000,0.005,1.000,0.011,0.063,0.026
nutshell,0.000,0.005,1.000,0.011,0.063,0.026
troublesome,0.000,0.008,1.000,0.016,0.042,0.026
grandson,0.000,0.008,1.000,0.016,0.042,0.026
s's,0.000,0.005,1.000,0.011,0.063,0.026
comforter,0.000,0.005,1.000,0.011,0.063,0.026
penetration,0.000,0.008,1.000,0.016,0.042,0.026
parade,0.000,0.008,1.000,0.016,0.042,0.026
dassana,0.000,0.003,1.000,0.005,0.126,0.026
grudge,0.000,0.008,1.000,0.016,0.042,0.026
ton,0.000,0.011,1.000,0.022,0.031,0.026
death's,0.000,0.005,1.000,0.011,0.063,0.026
spoon,0.000,0.008,1.000,0.016,0.042,0.026
tricked,0.000,0.008,1.000,0.016,0.042,0.026
suppress,0.000,0.011,1.000,0.022,0.031,0.026
barista,0.000,0.011,1.000,0.022,0.031,0.026
taylor,0.000,0.005,1.000,0.011,0.063,0.026
interrelated,0.000,0.008,1.000,0.016,0.042,0.026
weaken,0.000,0.005,1.000,0.011,0.063,0.026
othering,0.000,0.014,1.000,0.027,0.025,0.026
memorial,0.000,0.008,1.000,0.016,0.042,0.026
unattended,0.000,0.008,1.000,0.016,0.042,0.026
reciting,0.000,0.005,1.000,0.011,0.063,0.026
seawater,0.000,0.003,1.000,0.005,0.125,0.026
ambulatory,0.000,0.003,1.000,0.005,0.125,0.026
narrowly,0.000,0.005,1.000,0.011,0.063,0.026
imprint,0.000,0.011,1.000,0.022,0.031,0.026
discerned,0.000,0.005,1.000,0.011,0.063,0.026
visceral,0.000,0.005,1.000,0.011,0.063,0.026
marshaled,0.000,0.005,1.000,0.011,0.062,0.026
tissa,0.000,0.003,1.000,0.005,0.125,0.026
yosemite,0.000,0.003,1.000,0.005,0.125,0.026
30th,0.000,0.008,1.000,0.016,0.042,0.026
conveyance,0.000,0.005,1.000,0.011,0.062,0.026
piled,0.000,0.005,1.000,0.011,0.062,0.026
springtime,0.000,0.008,1.000,0.016,0.042,0.026
heroic,0.000,0.008,1.000,0.016,0.042,0.026
pierced,0.000,0.008,1.000,0.016,0.042,0.026
instantaneously,0.000,0.008,1.000,0.016,0.042,0.026
healthiness,0.000,0.008,1.000,0.016,0.042,0.026
genetic,0.000,0.008,1.000,0.016,0.042,0.026
unpopular,0.000,0.005,1.000,0.011,0.062,0.026
joyfully,0.000,0.008,1.000,0.016,0.042,0.026
slippery,0.000,0.008,1.000,0.016,0.042,0.026
advance,0.000,0.008,1.000,0.016,0.042,0.026
percolate,0.000,0.005,1.000,0.011,0.062,0.026
overemphasizing,0.000,0.003,1.000,0.005,0.125,0.026
underemphasizing,0.000,0.003,1.000,0.005,0.125,0.026
ridden,0.000,0.003,1.000,0.005,0.125,0.026
fund,0.000,0.014,1.000,0.027,0.025,0.026
lament,0.000,0.005,1.000,0.011,0.062,0.026
interview,0.000,0.014,1.000,0.027,0.025,0.026
khema,0.000,0.005,1.000,0.011,0.062,0.026
incidentally,0.000,0.005,1.000,0.011,0.062,0.026
articulated,0.000,0.016,1.000,0.033,0.021,0.026
tube,0.000,0.008,1.000,0.016,0.041,0.026
seesaw,0.000,0.003,1.000,0.005,0.124,0.026
deceiving,0.000,0.005,1.000,0.011,0.062,0.026
hyped,0.000,0.008,1.000,0.016,0.041,0.026
corporate,0.000,0.008,1.000,0.016,0.041,0.026
prelude,0.000,0.008,1.000,0.016,0.041,0.026
pragmatic,0.000,0.014,1.000,0.027,0.025,0.026
warmly,0.000,0.011,1.000,0.022,0.031,0.026
peninsula,0.000,0.005,1.000,0.011,0.062,0.026
quantity,0.000,0.008,1.000,0.016,0.041,0.026
dhammas,0.000,0.008,1.000,0.016,0.041,0.026
pastor,0.000,0.008,1.000,0.016,0.041,0.026
earthquake,0.000,0.011,1.000,0.022,0.031,0.026
documentary,0.000,0.011,1.000,0.022,0.031,0.026
ant,0.000,0.008,1.000,0.016,0.041,0.026
taint,0.000,0.005,1.000,0.011,0.062,0.026
thoughtful,0.000,0.008,1.000,0.016,0.041,0.026
streak,0.000,0.005,1.000,0.011,0.062,0.026
effusive,0.000,0.005,1.000,0.011,0.062,0.026
arahants,0.000,0.014,1.000,0.027,0.025,0.026
arranging,0.000,0.005,1.000,0.011,0.062,0.026
daishin,0.000,0.008,1.000,0.016,0.041,0.026
distinguished,0.000,0.014,1.000,0.027,0.025,0.026
unself-conscious,0.000,0.008,1.000,0.016,0.041,0.026
multitasking,0.000,0.005,1.000,0.011,0.062,0.026
timing,0.000,0.011,1.000,0.022,0.031,0.026
trapper's,0.000,0.003,1.000,0.005,0.124,0.026
surveillance,0.000,0.003,1.000,0.005,0.124,0.026
constrained,0.000,0.005,1.000,0.011,0.062,0.026
enneagram,0.000,0.005,1.000,0.011,0.062,0.026
longitudinal,0.000,0.003,1.000,0.005,0.123,0.026
competent,0.000,0.008,1.000,0.016,0.041,0.026
emaciated,0.000,0.008,1.000,0.016,0.041,0.026
flung,0.000,0.005,1.000,0.011,0.062,0.026
self-reinforcing,0.000,0.011,1.000,0.022,0.031,0.026
earthly,0.000,0.005,1.000,0.011,0.062,0.026
year-end,0.000,0.005,1.000,0.011,0.062,0.026
milestone,0.000,0.005,1.000,0.011,0.062,0.026
alien,0.000,0.008,1.000,0.016,0.041,0.026
trepidation,0.000,0.005,1.000,0.011,0.062,0.026
oppose,0.000,0.005,1.000,0.011,0.062,0.026
scab,0.000,0.005,1.000,0.011,0.062,0.026
recourse,0.000,0.008,1.000,0.016,0.041,0.026
weingast,0.000,0.003,1.000,0.005,0.123,0.026
encapsulated,0.000,0.011,1.000,0.022,0.031,0.026
harmonizing,0.000,0.008,1.000,0.016,0.041,0.026
fuzzy,0.000,0.014,1.000,0.027,0.025,0.026
radiated,0.000,0.011,1.000,0.022,0.031,0.026
niceness,0.000,0.008,1.000,0.016,0.041,0.026
unbeknownst,0.000,0.008,1.000,0.016,0.041,0.026
eager,0.000,0.014,1.000,0.027,0.025,0.026
thusness,0.000,0.005,1.000,0.011,0.061,0.026
locked-in,0.000,0.005,1.000,0.011,0.061,0.026
whoa,0.000,0.008,1.000,0.016,0.041,0.026
jains,0.000,0.005,1.000,0.011,0.061,0.026
cross-talk,0.000,0.008,1.000,0.016,0.041,0.026
prevented,0.000,0.005,1.000,0.011,0.061,0.026
shrug,0.000,0.005,1.000,0.011,0.061,0.026
dolphin,0.000,0.003,1.000,0.005,0.122,0.026
linda,0.000,0.003,1.000,0.005,0.122,0.026
fragrant,0.000,0.003,1.000,0.005,0.122,0.026
holly,0.000,0.003,1.000,0.005,0.122,0.026
sarah,0.000,0.003,1.000,0.005,0.122,0.026
punishment,0.000,0.005,1.000,0.011,0.061,0.026
communicated,0.000,0.011,1.000,0.022,0.031,0.026
informed,0.000,0.008,1.000,0.016,0.041,0.026
exclusion,0.000,0.005,1.000,0.011,0.061,0.026
sumedho,0.000,0.005,1.000,0.011,0.061,0.026
envelop,0.000,0.003,1.000,0.005,0.122,0.026
armored,0.000,0.008,1.000,0.016,0.041,0.026
cabinet,0.000,0.003,1.000,0.005,0.122,0.026
herb,0.000,0.003,1.000,0.005,0.122,0.026
impermanance,0.000,0.003,1.000,0.005,0.122,0.026
theravadin,0.000,0.003,1.000,0.005,0.122,0.026
striker,0.000,0.003,1.000,0.005,0.122,0.026
predominate,0.000,0.008,1.000,0.016,0.041,0.026
imperturbability,0.000,0.005,1.000,0.011,0.061,0.026
contention,0.000,0.008,1.000,0.016,0.041,0.026
pasture,0.000,0.008,1.000,0.016,0.041,0.026
fox,0.000,0.008,1.000,0.016,0.041,0.026
undertaken,0.000,0.005,1.000,0.011,0.061,0.026
exclaimed,0.000,0.008,1.000,0.016,0.041,0.026
revolutionary,0.000,0.008,1.000,0.016,0.041,0.026
fundamentalist,0.000,0.008,1.000,0.016,0.041,0.026
stiff,0.000,0.008,1.000,0.016,0.041,0.026
pacing,0.000,0.008,1.000,0.016,0.041,0.026
somemone,0.000,0.003,1.000,0.005,0.122,0.026
selfie,0.000,0.003,1.000,0.005,0.122,0.026
shimmering,0.000,0.005,1.000,0.011,0.061,0.026
homeless,0.000,0.011,1.000,0.022,0.030,0.026
adapting,0.000,0.005,1.000,0.011,0.061,0.026
toothpaste,0.000,0.003,1.000,0.005,0.122,0.026
painter,0.000,0.005,1.000,0.011,0.061,0.026
deserves,0.000,0.008,1.000,0.016,0.041,0.026
linderman,0.000,0.003,1.000,0.005,0.122,0.026
generalist,0.000,0.003,1.000,0.005,0.122,0.026
vanishing,0.000,0.005,1.000,0.011,0.061,0.026
churning,0.000,0.005,1.000,0.011,0.061,0.026
degradation,0.000,0.005,1.000,0.011,0.061,0.026
accelerating,0.000,0.005,1.000,0.011,0.061,0.026
enchanting,0.000,0.005,1.000,0.011,0.061,0.026
stepmother,0.000,0.005,1.000,0.011,0.061,0.026
windstorm,0.000,0.005,1.000,0.011,0.061,0.026
tidy,0.000,0.014,1.000,0.027,0.024,0.026
illuminates,0.000,0.008,1.000,0.016,0.041,0.026
humiliation,0.000,0.005,1.000,0.011,0.061,0.026
yielded,0.000,0.005,1.000,0.011,0.061,0.026
borison,0.000,0.003,1.000,0.005,0.122,0.026
five-step,0.000,0.003,1.000,0.005,0.122,0.026
anh's,0.000,0.003,1.000,0.005,0.122,0.026
anh,0.000,0.003,1.000,0.005,0.122,0.026
deceptive,0.000,0.011,1.000,0.022,0.030,0.026
mourn,0.000,0.005,1.000,0.011,0.061,0.026
benign,0.000,0.005,1.000,0.011,0.061,0.026
crash,0.000,0.008,1.000,0.016,0.040,0.026
ebb,0.000,0.005,1.000,0.011,0.061,0.026
particle,0.000,0.005,1.000,0.011,0.061,0.026
weakest,0.000,0.005,1.000,0.011,0.061,0.026
epistemological,0.000,0.005,1.000,0.011,0.061,0.026
tahoe,0.000,0.003,1.000,0.005,0.121,0.026
pumped,0.000,0.003,1.000,0.005,0.121,0.026
dipped,0.000,0.003,1.000,0.005,0.121,0.026
structured,0.000,0.011,1.000,0.022,0.030,0.026
joe,0.000,0.005,1.000,0.011,0.061,0.026
gable,0.000,0.003,1.000,0.005,0.121,0.026
hinders,0.000,0.005,1.000,0.011,0.061,0.026
hagglund,0.000,0.005,1.000,0.011,0.061,0.026
swift,0.000,0.005,1.000,0.011,0.061,0.026
thereby,0.000,0.008,1.000,0.016,0.040,0.026
rejoices,0.000,0.008,1.000,0.016,0.040,0.026
jr,0.000,0.011,1.000,0.022,0.030,0.026
invested,0.000,0.008,1.000,0.016,0.040,0.026
forged,0.000,0.005,1.000,0.011,0.060,0.026
chirping,0.000,0.005,1.000,0.011,0.060,0.026
purposefully,0.000,0.003,1.000,0.005,0.121,0.026
lackadaisical,0.000,0.003,1.000,0.005,0.121,0.026
construed,0.000,0.005,1.000,0.011,0.060,0.026
pore,0.000,0.011,1.000,0.022,0.030,0.026
unblemished,0.000,0.005,1.000,0.011,0.060,0.026
lowing,0.000,0.003,1.000,0.005,0.121,0.026
nine-night,0.000,0.003,1.000,0.005,0.121,0.026
gestation,0.000,0.005,1.000,0.011,0.060,0.026
survey,0.000,0.008,1.000,0.016,0.040,0.026
updating,0.000,0.005,1.000,0.011,0.060,0.026
tatra,0.000,0.005,1.000,0.011,0.060,0.026
quietness,0.000,0.008,1.000,0.016,0.040,0.026
implement,0.000,0.005,1.000,0.011,0.060,0.026
wielding,0.000,0.008,1.000,0.016,0.040,0.026
traced,0.000,0.011,1.000,0.022,0.030,0.026
gasoline,0.000,0.003,1.000,0.005,0.121,0.026
globally,0.000,0.005,1.000,0.011,0.060,0.026
interconnection,0.000,0.011,1.000,0.022,0.030,0.026
triumph,0.000,0.005,1.000,0.011,0.060,0.026
saran,0.000,0.005,1.000,0.011,0.060,0.026
nirvana,0.000,0.008,1.000,0.016,0.040,0.026
legend,0.000,0.008,1.000,0.016,0.040,0.026
altered,0.000,0.008,1.000,0.016,0.040,0.026
wildlife,0.000,0.005,1.000,0.011,0.060,0.026
diana's,0.000,0.005,1.000,0.011,0.060,0.026
bouquet,0.000,0.005,1.000,0.011,0.060,0.026
suck,0.000,0.005,1.000,0.011,0.060,0.026
rotten,0.000,0.005,1.000,0.011,0.060,0.026
cigarette,0.000,0.008,1.000,0.016,0.040,0.026
nipata,0.000,0.008,1.000,0.016,0.040,0.026
norway,0.000,0.008,1.000,0.016,0.040,0.026
sticker,0.000,0.008,1.000,0.016,0.040,0.026
numerous,0.000,0.005,1.000,0.011,0.060,0.026
envelope,0.000,0.003,1.000,0.005,0.120,0.026
affair,0.000,0.011,1.000,0.022,0.030,0.026
complained,0.000,0.003,1.000,0.005,0.120,0.026
self-actualization,0.000,0.003,1.000,0.005,0.120,0.026
weary,0.000,0.005,1.000,0.011,0.060,0.026
smoke,0.000,0.005,1.000,0.011,0.060,0.026
footing,0.000,0.005,1.000,0.011,0.060,0.026
self-conscious,0.000,0.008,1.000,0.016,0.040,0.026
pema,0.000,0.005,1.000,0.011,0.060,0.026
drying,0.000,0.005,1.000,0.011,0.060,0.026
downriver,0.000,0.005,1.000,0.011,0.060,0.026
playground,0.000,0.005,1.000,0.011,0.060,0.026
overshadowed,0.000,0.003,1.000,0.005,0.120,0.026
eliot's,0.000,0.003,1.000,0.005,0.120,0.026
vanished,0.000,0.003,1.000,0.005,0.120,0.026
sinner,0.000,0.003,1.000,0.005,0.120,0.026
pathetic,0.000,0.003,1.000,0.005,0.120,0.026
smoother,0.000,0.003,1.000,0.005,0.120,0.026
ruminative,0.000,0.003,1.000,0.005,0.120,0.026
abridged,0.000,0.003,1.000,0.005,0.120,0.026
problem-lessness,0.000,0.003,1.000,0.005,0.120,0.026
errorlessness,0.000,0.003,1.000,0.005,0.120,0.026
culasunnata,0.000,0.003,1.000,0.005,0.120,0.026
transfixed,0.000,0.003,1.000,0.005,0.120,0.026
benevolent,0.000,0.003,1.000,0.005,0.120,0.026
bandwagon,0.000,0.008,1.000,0.016,0.040,0.026
riff,0.000,0.008,1.000,0.016,0.040,0.026
withdrawal,0.000,0.008,1.000,0.016,0.040,0.026
gaha,0.000,0.003,1.000,0.005,0.120,0.026
dripping,0.000,0.008,1.000,0.016,0.040,0.026
untangling,0.000,0.008,1.000,0.016,0.040,0.026
crusted,0.000,0.005,1.000,0.011,0.060,0.026
haunted,0.000,0.005,1.000,0.011,0.060,0.026
qigong,0.000,0.011,1.000,0.022,0.030,0.026
marker,0.000,0.005,1.000,0.011,0.060,0.026
life-changing,0.000,0.011,1.000,0.022,0.030,0.026
inference,0.000,0.011,1.000,0.022,0.030,0.026
pillar,0.000,0.005,1.000,0.011,0.060,0.026
self-deprecating,0.000,0.005,1.000,0.011,0.060,0.026
vesak,0.000,0.005,1.000,0.011,0.060,0.026
flighty,0.000,0.003,1.000,0.005,0.120,0.026
siren,0.000,0.005,1.000,0.011,0.060,0.026
implying,0.000,0.005,1.000,0.011,0.060,0.026
cube,0.000,0.008,1.000,0.016,0.040,0.026
kelly,0.000,0.005,1.000,0.011,0.060,0.026
disguise,0.000,0.011,1.000,0.022,0.030,0.026
bubbling,0.000,0.011,1.000,0.022,0.030,0.026
yanking,0.000,0.005,1.000,0.011,0.060,0.025
physiology,0.000,0.008,1.000,0.016,0.040,0.025
sow,0.000,0.011,1.000,0.022,0.030,0.025
puzzling,0.000,0.005,1.000,0.011,0.060,0.025
declarative,0.000,0.003,1.000,0.005,0.119,0.025
entertained,0.000,0.005,1.000,0.011,0.060,0.025
priceless,0.000,0.005,1.000,0.011,0.060,0.025
trickle,0.000,0.005,1.000,0.011,0.060,0.025
wellness,0.000,0.008,1.000,0.016,0.040,0.025
mediated,0.000,0.005,1.000,0.011,0.060,0.025
disrespectful,0.000,0.008,1.000,0.016,0.040,0.025
instrumental,0.000,0.005,1.000,0.011,0.060,0.025
manifesto,0.000,0.008,1.000,0.016,0.040,0.025
governed,0.000,0.005,1.000,0.011,0.060,0.025
bullying,0.000,0.008,1.000,0.016,0.040,0.025
cerebral,0.000,0.011,1.000,0.022,0.030,0.025
correction,0.000,0.005,1.000,0.011,0.059,0.025
investigative,0.000,0.008,1.000,0.016,0.040,0.025
commented,0.000,0.008,1.000,0.016,0.040,0.025
garbage,0.000,0.008,1.000,0.016,0.040,0.025
harshness,0.000,0.005,1.000,0.011,0.059,0.025
ideology,0.000,0.008,1.000,0.016,0.040,0.025
laboratory,0.000,0.011,1.000,0.022,0.030,0.025
brink,0.000,0.005,1.000,0.011,0.059,0.025
unwell,0.000,0.003,1.000,0.005,0.119,0.025
muddy,0.000,0.008,1.000,0.016,0.040,0.025
machinery,0.000,0.005,1.000,0.011,0.059,0.025
intriguing,0.000,0.008,1.000,0.016,0.040,0.025
relied,0.000,0.008,1.000,0.016,0.040,0.025
unreal,0.000,0.005,1.000,0.011,0.059,0.025
dictator,0.000,0.008,1.000,0.016,0.040,0.025
bride,0.000,0.005,1.000,0.011,0.059,0.025
is-ness,0.000,0.005,1.000,0.011,0.059,0.025
tanha,0.000,0.008,1.000,0.016,0.040,0.025
coexistence,0.000,0.005,1.000,0.011,0.059,0.025
hindering,0.000,0.005,1.000,0.011,0.059,0.025
nakulapita,0.000,0.003,1.000,0.005,0.118,0.025
migraine,0.000,0.003,1.000,0.005,0.118,0.025
rail,0.000,0.005,1.000,0.011,0.059,0.025
likable,0.000,0.005,1.000,0.011,0.059,0.025
knitting,0.000,0.003,1.000,0.005,0.118,0.025
shapeshifs,0.000,0.003,1.000,0.005,0.118,0.025
salve,0.000,0.003,1.000,0.005,0.118,0.025
shapeshifting,0.000,0.003,1.000,0.005,0.118,0.025
veer,0.000,0.003,1.000,0.005,0.118,0.025
empathizing,0.000,0.003,1.000,0.005,0.118,0.025
attracts,0.000,0.008,1.000,0.016,0.039,0.025
accumulation,0.000,0.005,1.000,0.011,0.059,0.025
malicious,0.000,0.008,1.000,0.016,0.039,0.025
beet,0.000,0.003,1.000,0.005,0.118,0.025
rocky,0.000,0.011,1.000,0.022,0.030,0.025
leaky,0.000,0.005,1.000,0.011,0.059,0.025
awe-inspiring,0.000,0.005,1.000,0.011,0.059,0.025
streaming,0.000,0.008,1.000,0.016,0.039,0.025
heartbreaking,0.000,0.008,1.000,0.016,0.039,0.025
rode,0.000,0.005,1.000,0.011,0.059,0.025
mangala,0.000,0.005,1.000,0.011,0.059,0.025
representative,0.000,0.008,1.000,0.016,0.039,0.025
praising,0.000,0.011,1.000,0.022,0.029,0.025
packing,0.000,0.008,1.000,0.016,0.039,0.025
laureate,0.000,0.003,1.000,0.005,0.118,0.025
oakland,0.000,0.005,1.000,0.011,0.059,0.025
repose,0.000,0.005,1.000,0.011,0.059,0.025
ineffective,0.000,0.008,1.000,0.016,0.039,0.025
tissue,0.000,0.003,1.000,0.005,0.118,0.025
ayoniso,0.000,0.003,1.000,0.005,0.118,0.025
ft,0.000,0.003,1.000,0.005,0.118,0.025
disgusted,0.000,0.008,1.000,0.016,0.039,0.025
shell,0.000,0.011,1.000,0.022,0.029,0.025
exclusively,0.000,0.011,1.000,0.022,0.029,0.025
shun,0.000,0.005,1.000,0.011,0.059,0.025
vasabhakhattiya,0.000,0.003,1.000,0.005,0.118,0.025
nagamunda,0.000,0.003,1.000,0.005,0.118,0.025
another's,0.000,0.008,1.000,0.016,0.039,0.025
straightening,0.000,0.008,1.000,0.016,0.039,0.025
blurry,0.000,0.011,1.000,0.022,0.029,0.025
validation,0.000,0.008,1.000,0.016,0.039,0.025
preceding,0.000,0.005,1.000,0.011,0.059,0.025
incoming,0.000,0.005,1.000,0.011,0.059,0.025
rumor,0.000,0.008,1.000,0.016,0.039,0.025
appointment,0.000,0.005,1.000,0.011,0.059,0.025
switched,0.000,0.008,1.000,0.016,0.039,0.025
breadcrumb,0.000,0.008,1.000,0.016,0.039,0.025
disbelief,0.000,0.008,1.000,0.016,0.039,0.025
denourished,0.000,0.005,1.000,0.011,0.059,0.025
glory,0.000,0.005,1.000,0.011,0.059,0.025
shepherding,0.000,0.005,1.000,0.011,0.059,0.025
checking-it-off,0.000,0.005,1.000,0.011,0.059,0.025
whispery,0.000,0.005,1.000,0.011,0.059,0.025
marvelousness,0.000,0.005,1.000,0.011,0.059,0.025
staccato-like,0.000,0.005,1.000,0.011,0.059,0.025
obsessing,0.000,0.008,1.000,0.016,0.039,0.025
knee-deep,0.000,0.005,1.000,0.011,0.059,0.025
willpower,0.000,0.008,1.000,0.016,0.039,0.025
shaft,0.000,0.005,1.000,0.011,0.058,0.025
district,0.000,0.011,1.000,0.022,0.029,0.025
composing,0.000,0.003,1.000,0.005,0.117,0.025
self-fulfilling,0.000,0.005,1.000,0.011,0.058,0.025
prophecy,0.000,0.005,1.000,0.011,0.058,0.025
experimentation,0.000,0.008,1.000,0.016,0.039,0.025
stimulate,0.000,0.008,1.000,0.016,0.039,0.025
heals,0.000,0.011,1.000,0.022,0.029,0.025
empiricist,0.000,0.005,1.000,0.011,0.058,0.025
wedding,0.000,0.011,1.000,0.022,0.029,0.025
midwinter,0.000,0.005,1.000,0.011,0.058,0.025
legal,0.000,0.011,1.000,0.022,0.029,0.025
parameter,0.000,0.005,1.000,0.011,0.058,0.025
three-quarters,0.000,0.008,1.000,0.016,0.039,0.025
viparinama-dukkha,0.000,0.003,1.000,0.005,0.117,0.025
sankhara-dukkha,0.000,0.003,1.000,0.005,0.117,0.025
savior,0.000,0.011,1.000,0.022,0.029,0.025
photographed,0.000,0.005,1.000,0.011,0.058,0.025
amiable,0.000,0.005,1.000,0.011,0.058,0.025
haiku,0.000,0.005,1.000,0.011,0.058,0.025
purchase,0.000,0.011,1.000,0.022,0.029,0.025
embraced,0.000,0.011,1.000,0.022,0.029,0.025
trainer,0.000,0.008,1.000,0.016,0.039,0.025
supermarket,0.000,0.011,1.000,0.022,0.029,0.025
handing,0.000,0.008,1.000,0.016,0.039,0.025
negotiation,0.000,0.005,1.000,0.011,0.058,0.025
dung,0.000,0.003,1.000,0.005,0.116,0.025
cotton,0.000,0.003,1.000,0.005,0.116,0.025
claus,0.000,0.003,1.000,0.005,0.116,0.025
sucitto's,0.000,0.005,1.000,0.011,0.058,0.025
preoccupying,0.000,0.005,1.000,0.011,0.058,0.025
mightily,0.000,0.005,1.000,0.011,0.058,0.025
therapist's,0.000,0.005,1.000,0.011,0.058,0.025
friction,0.000,0.011,1.000,0.022,0.029,0.025
mic,0.000,0.003,1.000,0.005,0.116,0.025
withdrawn,0.000,0.011,1.000,0.022,0.029,0.025
impressed,0.000,0.011,1.000,0.022,0.029,0.025
uniformly,0.000,0.005,1.000,0.011,0.058,0.025
in-law,0.000,0.005,1.000,0.011,0.058,0.025
warp,0.000,0.003,1.000,0.005,0.116,0.025
weft,0.000,0.003,1.000,0.005,0.116,0.025
motorcycle,0.000,0.003,1.000,0.005,0.116,0.025
barton,0.000,0.003,1.000,0.005,0.116,0.025
rehashing,0.000,0.005,1.000,0.011,0.058,0.025
cheerleader,0.000,0.008,1.000,0.016,0.039,0.025
turbulence,0.000,0.008,1.000,0.016,0.039,0.025
sync,0.000,0.005,1.000,0.011,0.058,0.025
refines,0.000,0.005,1.000,0.011,0.058,0.025
signify,0.000,0.005,1.000,0.011,0.058,0.025
normalize,0.000,0.011,1.000,0.022,0.029,0.025
harbinger,0.000,0.005,1.000,0.011,0.058,0.025
well-placed,0.000,0.005,1.000,0.011,0.058,0.025
pronunciation,0.000,0.005,1.000,0.011,0.058,0.025
loudness,0.000,0.005,1.000,0.011,0.058,0.025
musculature,0.000,0.005,1.000,0.011,0.058,0.025
shriveled,0.000,0.005,1.000,0.011,0.058,0.025
potency,0.000,0.005,1.000,0.011,0.058,0.025
hen,0.000,0.005,1.000,0.011,0.058,0.025
slapping,0.000,0.005,1.000,0.011,0.058,0.025
intervening,0.000,0.008,1.000,0.016,0.038,0.025
humorous,0.000,0.011,1.000,0.022,0.029,0.025
dart,0.000,0.008,1.000,0.016,0.038,0.025
aikido,0.000,0.005,1.000,0.011,0.058,0.025
16th,0.000,0.005,1.000,0.011,0.058,0.025
lingo,0.000,0.008,1.000,0.016,0.038,0.025
unmute,0.000,0.014,1.000,0.027,0.023,0.025
dissipate,0.000,0.008,1.000,0.016,0.038,0.025
scratched,0.000,0.005,1.000,0.011,0.058,0.025
hugely,0.000,0.005,1.000,0.011,0.058,0.025
cleanly,0.000,0.005,1.000,0.011,0.058,0.025
pave,0.000,0.005,1.000,0.011,0.057,0.025
athlete,0.000,0.011,1.000,0.022,0.029,0.025
ethnicity,0.000,0.011,1.000,0.022,0.029,0.025
roedel,0.000,0.003,1.000,0.005,0.115,0.025
analyzed,0.000,0.008,1.000,0.016,0.038,0.025
neuroscientist,0.000,0.011,1.000,0.022,0.029,0.025
thrilling,0.000,0.005,1.000,0.011,0.057,0.025
drained,0.000,0.008,1.000,0.016,0.038,0.025
hedge,0.000,0.005,1.000,0.011,0.057,0.025
designated,0.000,0.008,1.000,0.016,0.038,0.025
able-bodied,0.000,0.005,1.000,0.011,0.057,0.025
tremble,0.000,0.005,1.000,0.011,0.057,0.025
periodic,0.000,0.005,1.000,0.011,0.057,0.025
stanza,0.000,0.008,1.000,0.016,0.038,0.025
ongoingness,0.000,0.005,1.000,0.011,0.057,0.025
non-becoming,0.000,0.005,1.000,0.011,0.057,0.025
naively,0.000,0.008,1.000,0.016,0.038,0.025
laden,0.000,0.008,1.000,0.016,0.038,0.025
graciousness,0.000,0.005,1.000,0.011,0.057,0.025
open-heartedness,0.000,0.005,1.000,0.011,0.057,0.025
garland,0.000,0.011,1.000,0.022,0.029,0.025
self-aware,0.000,0.011,1.000,0.022,0.029,0.025
great-grandmother,0.000,0.003,1.000,0.005,0.114,0.025
1960s,0.000,0.008,1.000,0.016,0.038,0.025
miraculous,0.000,0.011,1.000,0.022,0.029,0.025
paramount,0.000,0.008,1.000,0.016,0.038,0.025
non-resistance,0.000,0.008,1.000,0.016,0.038,0.025
obtained,0.000,0.005,1.000,0.011,0.057,0.025
cheat,0.000,0.008,1.000,0.016,0.038,0.025
ladder,0.000,0.005,1.000,0.011,0.057,0.025
enterprise,0.000,0.008,1.000,0.016,0.038,0.025
greatness,0.000,0.005,1.000,0.011,0.057,0.025
reasoned,0.000,0.008,1.000,0.016,0.038,0.025
sukha-dukkha,0.000,0.003,1.000,0.005,0.114,0.025
beirut,0.000,0.003,1.000,0.005,0.114,0.025
functioned,0.000,0.005,1.000,0.011,0.057,0.025
happy-making,0.000,0.008,1.000,0.016,0.038,0.025
digital,0.000,0.005,1.000,0.011,0.057,0.025
biofeedback,0.000,0.008,1.000,0.016,0.038,0.025
neglected,0.000,0.005,1.000,0.011,0.057,0.025
poured,0.000,0.005,1.000,0.011,0.057,0.025
slowed,0.000,0.005,1.000,0.011,0.057,0.025
fancy,0.000,0.005,1.000,0.011,0.057,0.025
shelter,0.000,0.011,1.000,0.022,0.028,0.025
oops,0.000,0.008,1.000,0.016,0.038,0.025
quitting,0.000,0.005,1.000,0.011,0.057,0.025
storyteller,0.000,0.008,1.000,0.016,0.038,0.025
restraining,0.000,0.005,1.000,0.011,0.057,0.025
allegiance,0.000,0.005,1.000,0.011,0.057,0.025
valid,0.000,0.014,1.000,0.027,0.023,0.025
pilgrim,0.000,0.008,1.000,0.016,0.038,0.025
captivating,0.000,0.008,1.000,0.016,0.038,0.025
thoughtlessness,0.000,0.005,1.000,0.011,0.057,0.025
nobility,0.000,0.008,1.000,0.016,0.038,0.025
acid,0.000,0.005,1.000,0.011,0.057,0.025
dunn,0.000,0.005,1.000,0.011,0.057,0.025
eased,0.000,0.005,1.000,0.011,0.057,0.025
dreadful,0.000,0.008,1.000,0.016,0.038,0.025
abhayagiri,0.000,0.011,1.000,0.022,0.028,0.025
poof,0.000,0.008,1.000,0.016,0.038,0.025
upaya,0.000,0.005,1.000,0.011,0.057,0.025
sujata,0.000,0.005,1.000,0.011,0.057,0.025
permeable,0.000,0.005,1.000,0.011,0.057,0.025
toast,0.000,0.005,1.000,0.011,0.057,0.025
demonstration,0.000,0.014,1.000,0.027,0.023,0.025
processed,0.000,0.008,1.000,0.016,0.038,0.025
heightens,0.000,0.005,1.000,0.011,0.057,0.025
committee,0.000,0.005,1.000,0.011,0.057,0.025
endeavor,0.000,0.011,1.000,0.022,0.028,0.025
rupa,0.000,0.008,1.000,0.016,0.038,0.025
hogen,0.000,0.005,1.000,0.011,0.057,0.025
collarbone,0.000,0.003,1.000,0.005,0.113,0.025
lopsided,0.000,0.003,1.000,0.005,0.113,0.025
eminent,0.000,0.008,1.000,0.016,0.038,0.025
behalf,0.000,0.014,1.000,0.027,0.023,0.025
proprioception,0.000,0.005,1.000,0.011,0.056,0.025
restorative,0.000,0.005,1.000,0.011,0.056,0.025
substantially,0.000,0.005,1.000,0.011,0.056,0.025
meticulously,0.000,0.005,1.000,0.011,0.056,0.025
forty,0.000,0.005,1.000,0.011,0.056,0.025
flu,0.000,0.008,1.000,0.016,0.038,0.025
advaita,0.000,0.005,1.000,0.011,0.056,0.025
disloyal,0.000,0.005,1.000,0.011,0.056,0.025
backdrop,0.000,0.005,1.000,0.011,0.056,0.025
definitive,0.000,0.008,1.000,0.016,0.038,0.025
insists,0.000,0.008,1.000,0.016,0.038,0.025
mainly,0.000,0.011,1.000,0.022,0.028,0.025
chip,0.000,0.011,1.000,0.022,0.028,0.025
pixelated,0.000,0.005,1.000,0.011,0.056,0.025
genesis,0.000,0.005,1.000,0.011,0.056,0.025
lid,0.000,0.008,1.000,0.016,0.037,0.025
facilitator,0.000,0.008,1.000,0.016,0.037,0.025
liberate,0.000,0.011,1.000,0.022,0.028,0.025
candy,0.000,0.005,1.000,0.011,0.056,0.025
infusing,0.000,0.003,1.000,0.005,0.112,0.025
swapping,0.000,0.003,1.000,0.005,0.112,0.025
swap,0.000,0.003,1.000,0.005,0.112,0.025
anterior,0.000,0.003,1.000,0.005,0.112,0.025
pre-action,0.000,0.003,1.000,0.005,0.112,0.025
characterizes,0.000,0.008,1.000,0.016,0.037,0.025
print,0.000,0.014,1.000,0.027,0.022,0.025
moonlight,0.000,0.005,1.000,0.011,0.056,0.025
manifesting,0.000,0.011,1.000,0.022,0.028,0.025
lined,0.000,0.008,1.000,0.016,0.037,0.025
loan,0.000,0.005,1.000,0.011,0.056,0.025
viral,0.000,0.005,1.000,0.011,0.056,0.025
racing,0.000,0.005,1.000,0.011,0.056,0.025
wolf,0.000,0.005,1.000,0.011,0.056,0.025
saunders,0.000,0.005,1.000,0.011,0.056,0.025
anticipate,0.000,0.005,1.000,0.011,0.056,0.025
vexation,0.000,0.005,1.000,0.011,0.056,0.025
embryo,0.000,0.005,1.000,0.011,0.056,0.025
expel,0.000,0.005,1.000,0.011,0.056,0.025
junk,0.000,0.008,1.000,0.016,0.037,0.025
proof,0.000,0.008,1.000,0.016,0.037,0.025
bewilderment,0.000,0.005,1.000,0.011,0.056,0.025
sewn,0.000,0.003,1.000,0.005,0.112,0.025
archetypal,0.000,0.008,1.000,0.016,0.037,0.025
roommate,0.000,0.011,1.000,0.022,0.028,0.025
claimed,0.000,0.008,1.000,0.016,0.037,0.025
mattress,0.000,0.008,1.000,0.016,0.037,0.025
disrupted,0.000,0.005,1.000,0.011,0.056,0.025
irritability,0.000,0.005,1.000,0.011,0.056,0.025
amaro,0.000,0.008,1.000,0.016,0.037,0.025
counseled,0.000,0.003,1.000,0.005,0.112,0.025
incompletion,0.000,0.003,1.000,0.005,0.112,0.025
pacifier,0.000,0.003,1.000,0.005,0.112,0.025
plea,0.000,0.003,1.000,0.005,0.112,0.025
commence,0.000,0.003,1.000,0.005,0.112,0.025
blotted,0.000,0.003,1.000,0.005,0.112,0.025
salivate,0.000,0.003,1.000,0.005,0.112,0.025
metzinger's,0.000,0.003,1.000,0.005,0.112,0.025
dereified,0.000,0.003,1.000,0.005,0.112,0.025
distractors,0.000,0.003,1.000,0.005,0.112,0.025
incessantly,0.000,0.003,1.000,0.005,0.112,0.025
addendum,0.000,0.003,1.000,0.005,0.112,0.025
reiterated,0.000,0.003,1.000,0.005,0.112,0.025
holographically,0.000,0.003,1.000,0.005,0.112,0.025
cheerfully,0.000,0.005,1.000,0.011,0.056,0.025
offend,0.000,0.008,1.000,0.016,0.037,0.025
untangled,0.000,0.005,1.000,0.011,0.056,0.025
apathetic,0.000,0.005,1.000,0.011,0.056,0.025
gandhi,0.000,0.011,1.000,0.022,0.028,0.025
animalsimiles,0.000,0.003,1.000,0.005,0.112,0.025
centrifugal,0.000,0.003,1.000,0.005,0.112,0.025
newly,0.000,0.011,1.000,0.022,0.028,0.025
gear,0.000,0.008,1.000,0.016,0.037,0.025
bewildered,0.000,0.005,1.000,0.011,0.056,0.025
budbill,0.000,0.005,1.000,0.011,0.056,0.025
whistle,0.000,0.005,1.000,0.011,0.056,0.025
housing,0.000,0.011,1.000,0.022,0.028,0.025
conveying,0.000,0.008,1.000,0.016,0.037,0.025
inject,0.000,0.005,1.000,0.011,0.056,0.025
fluidly,0.000,0.005,1.000,0.011,0.056,0.025
all-illuminating,0.000,0.003,1.000,0.005,0.112,0.025
napping,0.000,0.005,1.000,0.011,0.056,0.025
scheduled,0.000,0.005,1.000,0.011,0.056,0.025
grading,0.000,0.003,1.000,0.005,0.111,0.025
mobilizes,0.000,0.003,1.000,0.005,0.111,0.025
idealize,0.000,0.003,1.000,0.005,0.111,0.025
collude,0.000,0.003,1.000,0.005,0.111,0.025
catalyzed,0.000,0.003,1.000,0.005,0.111,0.025
analytic,0.000,0.003,1.000,0.005,0.111,0.025
outcome-focused,0.000,0.003,1.000,0.005,0.111,0.025
gunning,0.000,0.003,1.000,0.005,0.111,0.025
multi-textured,0.000,0.003,1.000,0.005,0.111,0.025
13th,0.000,0.003,1.000,0.005,0.111,0.025
lessen,0.000,0.008,1.000,0.016,0.037,0.025
accentuate,0.000,0.005,1.000,0.011,0.056,0.025
co-create,0.000,0.008,1.000,0.016,0.037,0.025
prognosis,0.000,0.008,1.000,0.016,0.037,0.025
trent,0.000,0.003,1.000,0.005,0.111,0.025
thornley,0.000,0.003,1.000,0.005,0.111,0.025
chuck,0.000,0.003,1.000,0.005,0.111,0.025
shabbat,0.000,0.003,1.000,0.005,0.111,0.025
ideation,0.000,0.003,1.000,0.005,0.111,0.025
knowingly,0.000,0.005,1.000,0.011,0.056,0.025
refamiliarizing,0.000,0.005,1.000,0.011,0.056,0.025
journaling,0.000,0.005,1.000,0.011,0.056,0.025
rearview,0.000,0.005,1.000,0.011,0.056,0.025
archaeology,0.000,0.003,1.000,0.005,0.111,0.025
vina,0.000,0.003,1.000,0.005,0.111,0.025
energetically,0.000,0.003,1.000,0.005,0.111,0.025
bulb,0.000,0.003,1.000,0.005,0.111,0.025
palette,0.000,0.005,1.000,0.011,0.056,0.025
palo,0.000,0.008,1.000,0.016,0.037,0.025
u-turn,0.000,0.005,1.000,0.011,0.056,0.025
praying,0.000,0.008,1.000,0.016,0.037,0.025
astray,0.000,0.008,1.000,0.016,0.037,0.025
dare,0.000,0.011,1.000,0.022,0.028,0.025
smilingly,0.000,0.003,1.000,0.005,0.111,0.025
vatthuni,0.000,0.003,1.000,0.005,0.111,0.025
bottleneck,0.000,0.005,1.000,0.011,0.055,0.025
lodging,0.000,0.005,1.000,0.011,0.055,0.025
midday,0.000,0.008,1.000,0.016,0.037,0.025
baldy,0.000,0.003,1.000,0.005,0.111,0.025
despise,0.000,0.008,1.000,0.016,0.037,0.025
occupy,0.000,0.008,1.000,0.016,0.037,0.025
incorporated,0.000,0.005,1.000,0.011,0.055,0.025
seeming,0.000,0.008,1.000,0.016,0.037,0.025
configuration,0.000,0.005,1.000,0.011,0.055,0.025
url,0.000,0.005,1.000,0.011,0.055,0.025
confirm,0.000,0.008,1.000,0.016,0.037,0.025
embarrassing,0.000,0.011,1.000,0.022,0.028,0.025
israel,0.000,0.008,1.000,0.016,0.037,0.025
ambiguity,0.000,0.005,1.000,0.011,0.055,0.025
extraordinarily,0.000,0.005,1.000,0.011,0.055,0.025
intervention,0.000,0.014,1.000,0.027,0.022,0.025
steadfast,0.000,0.005,1.000,0.011,0.055,0.025
income,0.000,0.008,1.000,0.016,0.037,0.025
layered,0.000,0.005,1.000,0.011,0.055,0.025
separately,0.000,0.008,1.000,0.016,0.037,0.025
mendicant,0.000,0.008,1.000,0.016,0.037,0.025
bitter,0.000,0.008,1.000,0.016,0.037,0.025
short-change,0.000,0.005,1.000,0.011,0.055,0.025
chapel,0.000,0.005,1.000,0.011,0.055,0.025
thinner,0.000,0.005,1.000,0.011,0.055,0.025
collaboration,0.000,0.014,1.000,0.027,0.022,0.025
groundless,0.000,0.005,1.000,0.011,0.055,0.025
immigrant,0.000,0.011,1.000,0.022,0.028,0.025
ruth,0.000,0.005,1.000,0.011,0.055,0.025
overarching,0.000,0.014,1.000,0.027,0.022,0.025
tenor,0.000,0.005,1.000,0.011,0.055,0.025
stymied,0.000,0.005,1.000,0.011,0.055,0.025
monumental,0.000,0.005,1.000,0.011,0.055,0.025
tin,0.000,0.005,1.000,0.011,0.055,0.025
bough,0.000,0.005,1.000,0.011,0.055,0.025
reverberate,0.000,0.005,1.000,0.011,0.055,0.025
urine,0.000,0.008,1.000,0.016,0.037,0.025
adolescence,0.000,0.003,1.000,0.005,0.110,0.025
military,0.000,0.003,1.000,0.005,0.110,0.025
centro,0.000,0.003,1.000,0.005,0.110,0.025
impacting,0.000,0.003,1.000,0.005,0.110,0.025
incomprehensible,0.000,0.005,1.000,0.011,0.055,0.025
overvalue,0.000,0.005,1.000,0.011,0.055,0.025
moggallana,0.000,0.005,1.000,0.011,0.055,0.025
contemplated,0.000,0.008,1.000,0.016,0.037,0.025
allegory,0.000,0.005,1.000,0.011,0.055,0.024
equinox,0.000,0.005,1.000,0.011,0.055,0.024
dualistic,0.000,0.008,1.000,0.016,0.037,0.024
alike,0.000,0.005,1.000,0.011,0.055,0.024
portia,0.000,0.003,1.000,0.005,0.110,0.024
operationalize,0.000,0.003,1.000,0.005,0.110,0.024
tara,0.000,0.003,1.000,0.005,0.110,0.024
celebrated,0.000,0.008,1.000,0.016,0.037,0.024
lawfulness,0.000,0.005,1.000,0.011,0.055,0.024
fostering,0.000,0.005,1.000,0.011,0.055,0.024
nonviolent,0.000,0.005,1.000,0.011,0.055,0.024
node,0.000,0.005,1.000,0.011,0.055,0.024
married,0.000,0.014,1.000,0.027,0.022,0.024
scaled,0.000,0.005,1.000,0.011,0.055,0.024
robs,0.000,0.005,1.000,0.011,0.055,0.024
noteworthy,0.000,0.011,1.000,0.022,0.027,0.024
anupassana,0.000,0.005,1.000,0.011,0.055,0.024
anu,0.000,0.005,1.000,0.011,0.055,0.024
greenery,0.000,0.005,1.000,0.011,0.055,0.024
well-practiced,0.000,0.005,1.000,0.011,0.055,0.024
flipping,0.000,0.005,1.000,0.011,0.055,0.024
not-doing,0.000,0.008,1.000,0.016,0.037,0.024
outwardly,0.000,0.005,1.000,0.011,0.055,0.024
infinitesimally,0.000,0.005,1.000,0.011,0.055,0.024
chariot,0.000,0.008,1.000,0.016,0.036,0.024
doom-scrolling,0.000,0.008,1.000,0.016,0.036,0.024
straddling,0.000,0.003,1.000,0.005,0.109,0.024
motivator,0.000,0.011,1.000,0.022,0.027,0.024
luxurious,0.000,0.005,1.000,0.011,0.055,0.024
linguistically,0.000,0.008,1.000,0.016,0.036,0.024
tension-free,0.000,0.005,1.000,0.011,0.055,0.024
sore,0.000,0.008,1.000,0.016,0.036,0.024
academy,0.000,0.005,1.000,0.011,0.055,0.024
receiver,0.000,0.008,1.000,0.016,0.036,0.024
significance,0.000,0.008,1.000,0.016,0.036,0.024
individualistic,0.000,0.008,1.000,0.016,0.036,0.024
flickering,0.000,0.008,1.000,0.016,0.036,0.024
economist,0.000,0.005,1.000,0.011,0.055,0.024
furiously,0.000,0.005,1.000,0.011,0.055,0.024
mildly,0.000,0.008,1.000,0.016,0.036,0.024
harvard,0.000,0.008,1.000,0.016,0.036,0.024
cite,0.000,0.005,1.000,0.011,0.055,0.024
effectiveness,0.000,0.008,1.000,0.016,0.036,0.024
lasted,0.000,0.011,1.000,0.022,0.027,0.024
rightly,0.000,0.011,1.000,0.022,0.027,0.024
blob,0.000,0.014,1.000,0.027,0.022,0.024
perpetually,0.000,0.005,1.000,0.011,0.054,0.024
fragmenting,0.000,0.005,1.000,0.011,0.054,0.024
negating,0.000,0.005,1.000,0.011,0.054,0.024
heating,0.000,0.005,1.000,0.011,0.054,0.024
bhayabherava,0.000,0.005,1.000,0.011,0.054,0.024
ascribe,0.000,0.008,1.000,0.016,0.036,0.024
superiority,0.000,0.008,1.000,0.016,0.036,0.024
nudge,0.000,0.008,1.000,0.016,0.036,0.024
little,0.004,0.926,0.996,0.147,0.004,0.024
seven-hundredfold,0.000,0.003,1.000,0.005,0.109,0.024
resounded,0.000,0.003,1.000,0.005,0.109,0.024
hyperbole,0.000,0.003,1.000,0.005,0.109,0.024
bothersome,0.000,0.008,1.000,0.016,0.036,0.024
wireless,0.000,0.003,1.000,0.005,0.109,0.024
snippet,0.000,0.008,1.000,0.016,0.036,0.024
correlate,0.000,0.008,1.000,0.016,0.036,0.024
celibate,0.000,0.011,1.000,0.022,0.027,0.024
hunter,0.000,0.008,1.000,0.016,0.036,0.024
earthy,0.000,0.008,1.000,0.016,0.036,0.024
clash,0.000,0.008,1.000,0.016,0.036,0.024
approving,0.000,0.008,1.000,0.016,0.036,0.024
snared,0.000,0.005,1.000,0.011,0.054,0.024
never-ending,0.000,0.008,1.000,0.016,0.036,0.024
seeker,0.000,0.008,1.000,0.016,0.036,0.024
darkened,0.000,0.011,1.000,0.022,0.027,0.024
resident,0.000,0.008,1.000,0.016,0.036,0.024
nestled,0.000,0.005,1.000,0.011,0.054,0.024
dim,0.000,0.005,1.000,0.011,0.054,0.024
uncared,0.000,0.005,1.000,0.011,0.054,0.024
unsteady,0.000,0.005,1.000,0.011,0.054,0.024
interruption,0.000,0.005,1.000,0.011,0.054,0.024
woo,0.000,0.005,1.000,0.011,0.054,0.024
usefully,0.000,0.005,1.000,0.011,0.054,0.024
facilitates,0.000,0.005,1.000,0.011,0.054,0.024
incarnate,0.000,0.008,1.000,0.016,0.036,0.024
wordplay,0.000,0.005,1.000,0.011,0.054,0.024
softest,0.000,0.005,1.000,0.011,0.054,0.024
customer,0.000,0.011,1.000,0.022,0.027,0.024
beautiful-looking,0.000,0.005,1.000,0.011,0.054,0.024
bulk,0.000,0.005,1.000,0.011,0.054,0.024
waning,0.000,0.005,1.000,0.011,0.054,0.024
regain,0.000,0.008,1.000,0.016,0.036,0.024
life,0.005,0.935,0.995,0.131,0.005,0.024
polarized,0.000,0.005,1.000,0.011,0.054,0.024
zendo,0.000,0.005,1.000,0.011,0.054,0.024
harvest,0.000,0.005,1.000,0.011,0.054,0.024
aryan,0.000,0.003,1.000,0.005,0.108,0.024
samuddavanija-jataka,0.000,0.003,1.000,0.005,0.108,0.024
sturdy,0.000,0.003,1.000,0.005,0.108,0.024
jambudipa,0.000,0.003,1.000,0.005,0.108,0.024
incensed,0.000,0.003,1.000,0.005,0.108,0.024
adorned,0.000,0.003,1.000,0.005,0.108,0.024
southeast,0.000,0.008,1.000,0.016,0.036,0.024
memorized,0.000,0.008,1.000,0.016,0.036,0.024
imposes,0.000,0.003,1.000,0.005,0.108,0.024
contractive,0.000,0.003,1.000,0.005,0.108,0.024
sniff,0.000,0.003,1.000,0.005,0.108,0.024
un-nihilistic,0.000,0.003,1.000,0.005,0.108,0.024
metaphysicians,0.000,0.003,1.000,0.005,0.108,0.024
kafka,0.000,0.003,1.000,0.005,0.108,0.024
threadbare,0.000,0.003,1.000,0.005,0.108,0.024
conservation,0.000,0.003,1.000,0.005,0.108,0.024
corpse,0.000,0.003,1.000,0.005,0.108,0.024
overexuberance,0.000,0.003,1.000,0.005,0.108,0.024
awarding,0.000,0.003,1.000,0.005,0.108,0.024
accounted,0.000,0.003,1.000,0.005,0.108,0.024
narrativize,0.000,0.003,1.000,0.005,0.108,0.024
affirms,0.000,0.003,1.000,0.005,0.108,0.024
marty,0.000,0.003,1.000,0.005,0.108,0.024
haselton,0.000,0.003,1.000,0.005,0.108,0.024
solves,0.000,0.003,1.000,0.005,0.108,0.024
constrains,0.000,0.003,1.000,0.005,0.108,0.024
bulwark,0.000,0.003,1.000,0.005,0.108,0.024
reworked,0.000,0.003,1.000,0.005,0.108,0.024
gee,0.000,0.008,1.000,0.016,0.036,0.024
overestimate,0.000,0.005,1.000,0.011,0.054,0.024
stingy,0.000,0.011,1.000,0.022,0.027,0.024
wince,0.000,0.003,1.000,0.005,0.108,0.024
mizu,0.000,0.003,1.000,0.005,0.108,0.024
hardest,0.000,0.014,1.000,0.027,0.022,0.024
incorporate,0.000,0.008,1.000,0.016,0.036,0.024
middle-length,0.000,0.005,1.000,0.011,0.054,0.024
tint,0.000,0.005,1.000,0.011,0.054,0.024
check-in,0.000,0.011,1.000,0.022,0.027,0.024
mindlessness,0.000,0.005,1.000,0.011,0.054,0.024
sling,0.000,0.005,1.000,0.011,0.054,0.024
1930s,0.000,0.005,1.000,0.011,0.054,0.024
unintimidating,0.000,0.003,1.000,0.005,0.108,0.024
firewall,0.000,0.003,1.000,0.005,0.108,0.024
rejuvenation,0.000,0.003,1.000,0.005,0.108,0.024
bourgeois,0.000,0.003,1.000,0.005,0.108,0.024
consolidating,0.000,0.003,1.000,0.005,0.108,0.024
sponsoring,0.000,0.003,1.000,0.005,0.108,0.024
spinny,0.000,0.003,1.000,0.005,0.108,0.024
squandering,0.000,0.003,1.000,0.005,0.108,0.024
distilled,0.000,0.003,1.000,0.005,0.108,0.024
exercised,0.000,0.003,1.000,0.005,0.108,0.024
macabre,0.000,0.003,1.000,0.005,0.108,0.024
brewing,0.000,0.003,1.000,0.005,0.108,0.024
humanness,0.000,0.008,1.000,0.016,0.036,0.024
alternating,0.000,0.005,1.000,0.011,0.054,0.024
bodhi's,0.000,0.008,1.000,0.016,0.036,0.024
pathway,0.000,0.011,1.000,0.022,0.027,0.024
impervious,0.000,0.005,1.000,0.011,0.054,0.024
iteration,0.000,0.008,1.000,0.016,0.036,0.024
non-thinking,0.000,0.005,1.000,0.011,0.054,0.024
clingings,0.000,0.003,1.000,0.005,0.108,0.024
kayaking,0.000,0.003,1.000,0.005,0.108,0.024
rant,0.000,0.005,1.000,0.011,0.054,0.024
mudra,0.000,0.005,1.000,0.011,0.054,0.024
coil,0.000,0.005,1.000,0.011,0.054,0.024
paradoxical,0.000,0.005,1.000,0.011,0.054,0.024
far-fetched,0.000,0.005,1.000,0.011,0.054,0.024
baseline,0.000,0.008,1.000,0.016,0.036,0.024
immortality,0.000,0.005,1.000,0.011,0.054,0.024
reappearing,0.000,0.005,1.000,0.011,0.054,0.024
axis,0.000,0.005,1.000,0.011,0.054,0.024
insisted,0.000,0.005,1.000,0.011,0.054,0.024
dilemma,0.000,0.008,1.000,0.016,0.036,0.024
hoarding,0.000,0.008,1.000,0.016,0.036,0.024
bubbly,0.000,0.008,1.000,0.016,0.036,0.024
misfortune,0.000,0.008,1.000,0.016,0.036,0.024
peel,0.000,0.011,1.000,0.022,0.027,0.024
thrust,0.000,0.005,1.000,0.011,0.054,0.024
darkest,0.000,0.008,1.000,0.016,0.036,0.024
modality,0.000,0.005,1.000,0.011,0.054,0.024
dispirited,0.000,0.005,1.000,0.011,0.054,0.024
asava,0.000,0.005,1.000,0.011,0.054,0.024
educator,0.000,0.014,1.000,0.027,0.021,0.024
wiggling,0.000,0.008,1.000,0.016,0.036,0.024
refresh,0.000,0.014,1.000,0.027,0.021,0.024
minimize,0.000,0.005,1.000,0.011,0.053,0.024
peacemaker,0.000,0.008,1.000,0.016,0.036,0.024
seduce,0.000,0.005,1.000,0.011,0.053,0.024
nagging,0.000,0.005,1.000,0.011,0.053,0.024
iron,0.000,0.005,1.000,0.011,0.053,0.024
d-u-k-k-h-a,0.000,0.005,1.000,0.011,0.053,0.024
succession,0.000,0.011,1.000,0.022,0.027,0.024
quadrillion,0.000,0.008,1.000,0.016,0.036,0.024
bazillion,0.000,0.008,1.000,0.016,0.036,0.024
imbue,0.000,0.005,1.000,0.011,0.053,0.024
like-minded,0.000,0.005,1.000,0.011,0.053,0.024
swan,0.000,0.005,1.000,0.011,0.053,0.024
untrained,0.000,0.008,1.000,0.016,0.036,0.024
worldling,0.000,0.008,1.000,0.016,0.036,0.024
reorienting,0.000,0.005,1.000,0.011,0.053,0.024
encapsulation,0.000,0.003,1.000,0.005,0.107,0.024
materiality,0.000,0.005,1.000,0.011,0.053,0.024
underline,0.000,0.005,1.000,0.011,0.053,0.024
paste,0.000,0.008,1.000,0.016,0.036,0.024
russia,0.000,0.008,1.000,0.016,0.036,0.024
trader,0.000,0.005,1.000,0.011,0.053,0.024
epidemic,0.000,0.005,1.000,0.011,0.053,0.024
dissonance,0.000,0.005,1.000,0.011,0.053,0.024
sleepiness,0.000,0.005,1.000,0.011,0.053,0.024
nick,0.000,0.005,1.000,0.011,0.053,0.024
parinibbana,0.000,0.005,1.000,0.011,0.053,0.024
jewelry,0.000,0.005,1.000,0.011,0.053,0.024
recommended,0.000,0.011,1.000,0.022,0.027,0.024
insignificant,0.000,0.011,1.000,0.022,0.027,0.024
intermingling,0.000,0.005,1.000,0.011,0.053,0.024
resulting,0.000,0.005,1.000,0.011,0.053,0.024
mystic,0.000,0.008,1.000,0.016,0.035,0.024
polishing,0.000,0.005,1.000,0.011,0.053,0.024
lazy,0.000,0.008,1.000,0.016,0.035,0.024
olendzki,0.000,0.011,1.000,0.022,0.027,0.024
recalling,0.000,0.008,1.000,0.016,0.035,0.024
truncated,0.000,0.005,1.000,0.011,0.053,0.024
trench,0.000,0.005,1.000,0.011,0.053,0.024
grandkids,0.000,0.008,1.000,0.016,0.035,0.024
attends,0.000,0.005,1.000,0.011,0.053,0.024
ooey-gooey,0.000,0.008,1.000,0.016,0.035,0.024
estimate,0.000,0.005,1.000,0.011,0.053,0.024
unshakeable,0.000,0.003,1.000,0.005,0.106,0.024
karaoke,0.000,0.003,1.000,0.005,0.106,0.024
prophet,0.000,0.005,1.000,0.011,0.053,0.024
qualitative,0.000,0.005,1.000,0.011,0.053,0.024
sunset,0.000,0.003,1.000,0.005,0.106,0.024
self-centeredness,0.000,0.005,1.000,0.011,0.053,0.024
preemie,0.000,0.003,1.000,0.005,0.106,0.024
purely,0.000,0.014,1.000,0.027,0.021,0.024
receded,0.000,0.005,1.000,0.011,0.053,0.024
panel,0.000,0.005,1.000,0.011,0.053,0.024
cloak,0.000,0.008,1.000,0.016,0.035,0.024
pinpointed,0.000,0.005,1.000,0.011,0.053,0.024
scraped,0.000,0.005,1.000,0.011,0.053,0.024
dominating,0.000,0.008,1.000,0.016,0.035,0.024
recruit,0.000,0.003,1.000,0.005,0.106,0.024
danced,0.000,0.008,1.000,0.016,0.035,0.024
mala,0.000,0.005,1.000,0.011,0.053,0.024
endemic,0.000,0.005,1.000,0.011,0.053,0.024
chemistry,0.000,0.005,1.000,0.011,0.053,0.024
intuit,0.000,0.005,1.000,0.011,0.053,0.024
poked,0.000,0.008,1.000,0.016,0.035,0.024
ticker,0.000,0.003,1.000,0.005,0.105,0.024
unmoored,0.000,0.003,1.000,0.005,0.105,0.024
inconsequential,0.000,0.008,1.000,0.016,0.035,0.024
complicating,0.000,0.005,1.000,0.011,0.053,0.024
nama-rupa,0.000,0.005,1.000,0.011,0.053,0.024
resisted,0.000,0.011,1.000,0.022,0.026,0.024
climbed,0.000,0.005,1.000,0.011,0.053,0.024
adultery,0.000,0.008,1.000,0.016,0.035,0.024
straightened,0.000,0.008,1.000,0.016,0.035,0.024
unbidden,0.000,0.008,1.000,0.016,0.035,0.024
tonight's,0.000,0.011,1.000,0.022,0.026,0.024
never-departing,0.000,0.005,1.000,0.011,0.053,0.024
dam,0.000,0.008,1.000,0.016,0.035,0.024
possessed,0.000,0.008,1.000,0.016,0.035,0.024
disappoint,0.000,0.005,1.000,0.011,0.053,0.024
sinew,0.000,0.005,1.000,0.011,0.053,0.024
berkeley,0.000,0.005,1.000,0.011,0.053,0.024
daylongs,0.000,0.005,1.000,0.011,0.053,0.024
overlaid,0.000,0.005,1.000,0.011,0.053,0.024
surface-level,0.000,0.005,1.000,0.011,0.053,0.024
rainy,0.000,0.008,1.000,0.016,0.035,0.024
proverbial,0.000,0.005,1.000,0.011,0.053,0.024
mate,0.000,0.005,1.000,0.011,0.053,0.024
unfreedom,0.000,0.005,1.000,0.011,0.053,0.024
mounted,0.000,0.008,1.000,0.016,0.035,0.024
preposition,0.000,0.005,1.000,0.011,0.052,0.024
depleted,0.000,0.008,1.000,0.016,0.035,0.024
cramped,0.000,0.003,1.000,0.005,0.105,0.024
gridlocked,0.000,0.003,1.000,0.005,0.105,0.024
hyper-intensities,0.000,0.003,1.000,0.005,0.105,0.024
imaging,0.000,0.003,1.000,0.005,0.105,0.024
unfixed,0.000,0.003,1.000,0.005,0.105,0.024
inversely,0.000,0.003,1.000,0.005,0.105,0.024
innovative,0.000,0.003,1.000,0.005,0.105,0.024
crystallizing,0.000,0.003,1.000,0.005,0.105,0.024
catnip,0.000,0.003,1.000,0.005,0.105,0.024
subtraction,0.000,0.003,1.000,0.005,0.105,0.024
non-territoriality,0.000,0.003,1.000,0.005,0.105,0.024
self-system,0.000,0.003,1.000,0.005,0.105,0.024
darfur,0.000,0.003,1.000,0.005,0.105,0.024
costa,0.000,0.003,1.000,0.005,0.105,0.024
rica,0.000,0.003,1.000,0.005,0.105,0.024
widest,0.000,0.003,1.000,0.005,0.105,0.024
prof,0.000,0.014,1.000,0.027,0.021,0.024
introspection,0.000,0.003,1.000,0.005,0.105,0.024
matt,0.000,0.005,1.000,0.011,0.052,0.024
disorder,0.000,0.011,1.000,0.022,0.026,0.024
cycling,0.000,0.008,1.000,0.016,0.035,0.024
center's,0.000,0.008,1.000,0.016,0.035,0.024
vibratory,0.000,0.005,1.000,0.011,0.052,0.024
singleness,0.000,0.008,1.000,0.016,0.035,0.024
discusses,0.000,0.008,1.000,0.016,0.035,0.024
gasp,0.000,0.005,1.000,0.011,0.052,0.024
ruffled,0.000,0.005,1.000,0.011,0.052,0.024
martha,0.000,0.005,1.000,0.011,0.052,0.024
rotate,0.000,0.005,1.000,0.011,0.052,0.024
governing,0.000,0.008,1.000,0.016,0.035,0.024
healthy-looking,0.000,0.005,1.000,0.011,0.052,0.024
atman,0.000,0.008,1.000,0.016,0.035,0.024
preparatory,0.000,0.005,1.000,0.011,0.052,0.024
daytime,0.000,0.005,1.000,0.011,0.052,0.024
glen,0.000,0.005,1.000,0.011,0.052,0.024
vepacitti,0.000,0.003,1.000,0.005,0.104,0.024
employed,0.000,0.008,1.000,0.016,0.035,0.024
selfies,0.000,0.005,1.000,0.011,0.052,0.024
posing,0.000,0.005,1.000,0.011,0.052,0.024
end-of-the-year,0.000,0.005,1.000,0.011,0.052,0.024
mildest,0.000,0.005,1.000,0.011,0.052,0.024
chernikoff,0.000,0.005,1.000,0.011,0.052,0.024
universality,0.000,0.005,1.000,0.011,0.052,0.024
buoyant,0.000,0.005,1.000,0.011,0.052,0.024
mug,0.000,0.003,1.000,0.005,0.104,0.024
inflicting,0.000,0.005,1.000,0.011,0.052,0.024
restrict,0.000,0.005,1.000,0.011,0.052,0.024
contrived,0.000,0.008,1.000,0.016,0.035,0.024
unrelated,0.000,0.008,1.000,0.016,0.035,0.024
equated,0.000,0.005,1.000,0.011,0.052,0.024
sings,0.000,0.005,1.000,0.011,0.052,0.024
omniscience,0.000,0.005,1.000,0.011,0.052,0.024
occupying,0.000,0.005,1.000,0.011,0.052,0.024
non-well-being,0.000,0.005,1.000,0.011,0.052,0.024
cascading,0.000,0.005,1.000,0.011,0.052,0.024
preview,0.000,0.008,1.000,0.016,0.035,0.024
mystical,0.000,0.008,1.000,0.016,0.035,0.024
subliminally,0.000,0.005,1.000,0.011,0.052,0.024
irritable,0.000,0.005,1.000,0.011,0.052,0.024
code,0.000,0.005,1.000,0.011,0.052,0.024
sandbar,0.000,0.003,1.000,0.005,0.104,0.024
leftover,0.000,0.008,1.000,0.016,0.035,0.024
lyric,0.000,0.008,1.000,0.016,0.035,0.024
lawfully,0.000,0.003,1.000,0.005,0.104,0.024
cartoon,0.000,0.005,1.000,0.011,0.052,0.024
patently,0.000,0.005,1.000,0.011,0.052,0.024
doubting,0.000,0.005,1.000,0.011,0.052,0.024
merging,0.000,0.008,1.000,0.016,0.034,0.024
feit,0.000,0.003,1.000,0.005,0.103,0.024
dosa,0.000,0.003,1.000,0.005,0.103,0.024
television,0.000,0.008,1.000,0.016,0.034,0.024
lessened,0.000,0.008,1.000,0.016,0.034,0.024
truthfully,0.000,0.008,1.000,0.016,0.034,0.024
spiraling,0.000,0.008,1.000,0.016,0.034,0.024
therapeutic,0.000,0.005,1.000,0.011,0.052,0.024
clara,0.000,0.008,1.000,0.016,0.034,0.024
wired,0.000,0.008,1.000,0.016,0.034,0.024
persevere,0.000,0.008,1.000,0.016,0.034,0.024
droppings,0.000,0.003,1.000,0.005,0.103,0.024
disturbs,0.000,0.005,1.000,0.011,0.052,0.024
embodies,0.000,0.005,1.000,0.011,0.052,0.024
proliferates,0.000,0.005,1.000,0.011,0.052,0.024
alchemy,0.000,0.008,1.000,0.016,0.034,0.024
convenient,0.000,0.005,1.000,0.011,0.052,0.024
twofold,0.000,0.008,1.000,0.016,0.034,0.024
kaira,0.000,0.005,1.000,0.011,0.052,0.024
politically,0.000,0.014,1.000,0.027,0.021,0.024
custom,0.000,0.011,1.000,0.022,0.026,0.024
over-identify,0.000,0.008,1.000,0.016,0.034,0.024
grandmotherly,0.000,0.005,1.000,0.011,0.052,0.024
mima,0.000,0.005,1.000,0.011,0.051,0.024
tenderizing,0.000,0.005,1.000,0.011,0.051,0.024
tenderized,0.000,0.005,1.000,0.011,0.051,0.024
non-action,0.000,0.008,1.000,0.016,0.034,0.024
colorful,0.000,0.008,1.000,0.016,0.034,0.024
leverage,0.000,0.003,1.000,0.005,0.103,0.024
add-on,0.000,0.003,1.000,0.005,0.103,0.024
caloric,0.000,0.003,1.000,0.005,0.103,0.024
output,0.000,0.003,1.000,0.005,0.103,0.024
expenditure,0.000,0.003,1.000,0.005,0.103,0.024
emancipating,0.000,0.003,1.000,0.005,0.103,0.024
representational,0.000,0.003,1.000,0.005,0.103,0.024
meltdown,0.000,0.003,1.000,0.005,0.103,0.024
self-regulation,0.000,0.003,1.000,0.005,0.103,0.024
gruesome,0.000,0.003,1.000,0.005,0.103,0.024
low-energy,0.000,0.003,1.000,0.005,0.103,0.024
rallying,0.000,0.003,1.000,0.005,0.103,0.024
cortical,0.000,0.003,1.000,0.005,0.103,0.024
reorganization,0.000,0.003,1.000,0.005,0.103,0.024
amputation,0.000,0.003,1.000,0.005,0.103,0.024
phantom,0.000,0.003,1.000,0.005,0.103,0.024
quench,0.000,0.003,1.000,0.005,0.103,0.024
virya,0.000,0.003,1.000,0.005,0.103,0.024
sourced,0.000,0.003,1.000,0.005,0.103,0.024
haunt,0.000,0.005,1.000,0.011,0.051,0.024
quadrant,0.000,0.005,1.000,0.011,0.051,0.024
accountability,0.000,0.003,1.000,0.005,0.103,0.024
murderous,0.000,0.003,1.000,0.005,0.103,0.024
disability,0.000,0.011,1.000,0.022,0.026,0.024
snapped,0.000,0.008,1.000,0.016,0.034,0.024
dignify,0.000,0.003,1.000,0.005,0.103,0.024
congeal,0.000,0.003,1.000,0.005,0.103,0.024
dennett,0.000,0.003,1.000,0.005,0.103,0.024
eroded,0.000,0.003,1.000,0.005,0.103,0.024
copernicus,0.000,0.003,1.000,0.005,0.103,0.024
heliocentrism,0.000,0.003,1.000,0.005,0.103,0.024
darwin,0.000,0.003,1.000,0.005,0.103,0.024
primate,0.000,0.003,1.000,0.005,0.103,0.024
haircut,0.000,0.003,1.000,0.005,0.103,0.024
grandiosely,0.000,0.003,1.000,0.005,0.103,0.024
yogacara,0.000,0.003,1.000,0.005,0.103,0.024
alayavijnana,0.000,0.003,1.000,0.005,0.103,0.024
mismatched,0.000,0.003,1.000,0.005,0.103,0.024
overdisclosure,0.000,0.003,1.000,0.005,0.103,0.024
self-curation,0.000,0.003,1.000,0.005,0.103,0.024
leaked,0.000,0.003,1.000,0.005,0.103,0.024
pejoratively,0.000,0.003,1.000,0.005,0.103,0.024
wo,0.000,0.003,1.000,0.005,0.103,0.024
soll,0.000,0.003,1.000,0.005,0.103,0.024
ich,0.000,0.003,1.000,0.005,0.103,0.024
werden,0.000,0.003,1.000,0.005,0.103,0.024
rupture,0.000,0.003,1.000,0.005,0.103,0.024
propositional,0.000,0.003,1.000,0.005,0.103,0.024
eas,0.000,0.003,1.000,0.005,0.103,0.024
brent,0.000,0.003,1.000,0.005,0.103,0.024
agrees,0.000,0.008,1.000,0.016,0.034,0.024
mind-made,0.000,0.005,1.000,0.011,0.051,0.024
chew,0.000,0.008,1.000,0.016,0.034,0.024
grandeur,0.000,0.005,1.000,0.011,0.051,0.024
fatigued,0.000,0.005,1.000,0.011,0.051,0.024
eros,0.000,0.005,1.000,0.011,0.051,0.024
contradicting,0.000,0.005,1.000,0.011,0.051,0.024
withstand,0.000,0.005,1.000,0.011,0.051,0.024
self-control,0.000,0.005,1.000,0.011,0.051,0.024
daoism,0.000,0.008,1.000,0.016,0.034,0.024
himalaya,0.000,0.011,1.000,0.022,0.026,0.024
atthakavagga,0.000,0.005,1.000,0.011,0.051,0.024
wasted,0.000,0.008,1.000,0.016,0.034,0.024
mesmerized,0.000,0.005,1.000,0.011,0.051,0.024
oomph,0.000,0.005,1.000,0.011,0.051,0.024
specialness,0.000,0.005,1.000,0.011,0.051,0.024
hesitate,0.000,0.008,1.000,0.016,0.034,0.024
lady,0.000,0.008,1.000,0.016,0.034,0.024
wildflower,0.000,0.005,1.000,0.011,0.051,0.024
strategizing,0.000,0.003,1.000,0.005,0.102,0.024
snag,0.000,0.003,1.000,0.005,0.102,0.024
enlarged,0.000,0.003,1.000,0.005,0.102,0.024
centerlessness,0.000,0.003,1.000,0.005,0.102,0.024
psychotic,0.000,0.003,1.000,0.005,0.102,0.024
impairment,0.000,0.003,1.000,0.005,0.102,0.024
unendingly,0.000,0.003,1.000,0.005,0.102,0.024
neuroimaging,0.000,0.003,1.000,0.005,0.102,0.024
aviva,0.000,0.003,1.000,0.005,0.102,0.024
berkovich-ohana,0.000,0.003,1.000,0.005,0.102,0.024
fulder,0.000,0.003,1.000,0.005,0.102,0.024
transdiagnostic,0.000,0.003,1.000,0.005,0.102,0.024
non-being,0.000,0.003,1.000,0.005,0.102,0.024
extinguishing,0.000,0.003,1.000,0.005,0.102,0.024
melted,0.000,0.003,1.000,0.005,0.102,0.024
perishing,0.000,0.003,1.000,0.005,0.102,0.024
decrepitude,0.000,0.003,1.000,0.005,0.102,0.024
psychologically,0.000,0.011,1.000,0.022,0.026,0.024
formula,0.000,0.011,1.000,0.022,0.026,0.024
go-to,0.000,0.005,1.000,0.011,0.051,0.024
philip,0.000,0.005,1.000,0.011,0.051,0.024
unfriendly,0.000,0.008,1.000,0.016,0.034,0.024
pale,0.000,0.005,1.000,0.011,0.051,0.024
weep,0.000,0.005,1.000,0.011,0.051,0.024
desert-like,0.000,0.005,1.000,0.011,0.051,0.024
colin,0.000,0.003,1.000,0.005,0.102,0.024
stormy,0.000,0.005,1.000,0.011,0.051,0.024
comrade,0.000,0.005,1.000,0.011,0.051,0.024
symbolizes,0.000,0.005,1.000,0.011,0.051,0.024
caretaking,0.000,0.005,1.000,0.011,0.051,0.024
rejected,0.000,0.008,1.000,0.016,0.034,0.024
non-anxious,0.000,0.005,1.000,0.011,0.051,0.024
rave,0.000,0.005,1.000,0.011,0.051,0.024
demonize,0.000,0.005,1.000,0.011,0.051,0.024
dissertation,0.000,0.005,1.000,0.011,0.051,0.024
harrowing,0.000,0.005,1.000,0.011,0.051,0.024
cladding,0.000,0.003,1.000,0.005,0.102,0.024
sophist,0.000,0.003,1.000,0.005,0.102,0.024
divisible,0.000,0.003,1.000,0.005,0.102,0.024
yakkha's,0.000,0.003,1.000,0.005,0.102,0.024
indication,0.000,0.008,1.000,0.016,0.034,0.024
doable,0.000,0.005,1.000,0.011,0.051,0.024
loka,0.000,0.005,1.000,0.011,0.051,0.024
buddho,0.000,0.003,1.000,0.005,0.102,0.024
bhikkhunis,0.000,0.003,1.000,0.005,0.102,0.024
detox,0.000,0.003,1.000,0.005,0.102,0.024
fragmentation,0.000,0.005,1.000,0.011,0.051,0.024
unrecognized,0.000,0.008,1.000,0.016,0.034,0.024
castigating,0.000,0.005,1.000,0.011,0.051,0.024
unpredictable,0.000,0.005,1.000,0.011,0.051,0.024
17th,0.000,0.005,1.000,0.011,0.051,0.024
disconnecting,0.000,0.008,1.000,0.016,0.034,0.024
dogwood,0.000,0.003,1.000,0.005,0.101,0.024
avalanche,0.000,0.005,1.000,0.011,0.051,0.024
ruled,0.000,0.005,1.000,0.011,0.051,0.024
kayak,0.000,0.005,1.000,0.011,0.051,0.024
prioritizes,0.000,0.005,1.000,0.011,0.051,0.023
menlo,0.000,0.008,1.000,0.016,0.034,0.023
coastal,0.000,0.005,1.000,0.011,0.051,0.023
paticcasamuppada,0.000,0.005,1.000,0.011,0.051,0.023
peripherally,0.000,0.005,1.000,0.011,0.051,0.023
self-accepting,0.000,0.005,1.000,0.011,0.051,0.023
un-buddhist,0.000,0.005,1.000,0.011,0.051,0.023
asphalt,0.000,0.005,1.000,0.011,0.051,0.023
one-time,0.000,0.005,1.000,0.011,0.051,0.023
two-fold,0.000,0.005,1.000,0.011,0.051,0.023
instigates,0.000,0.005,1.000,0.011,0.051,0.023
infant,0.000,0.005,1.000,0.011,0.051,0.023
eyeball,0.000,0.005,1.000,0.011,0.051,0.023
consumer,0.000,0.008,1.000,0.016,0.034,0.023
disruption,0.000,0.008,1.000,0.016,0.034,0.023
interfered,0.000,0.005,1.000,0.011,0.051,0.023
cleanse,0.000,0.005,1.000,0.011,0.051,0.023
steer,0.000,0.005,1.000,0.011,0.051,0.023
lookout,0.000,0.005,1.000,0.011,0.051,0.023
folly,0.000,0.008,1.000,0.016,0.034,0.023
chemical,0.000,0.008,1.000,0.016,0.034,0.023
cancer,0.000,0.011,1.000,0.022,0.025,0.023
specialize,0.000,0.005,1.000,0.011,0.051,0.023
despairing,0.000,0.008,1.000,0.016,0.034,0.023
breath-based,0.000,0.003,1.000,0.005,0.101,0.023
podcast,0.000,0.008,1.000,0.016,0.034,0.023
championing,0.000,0.008,1.000,0.016,0.034,0.023
caught-ness,0.000,0.005,1.000,0.011,0.050,0.023
advertising,0.000,0.011,1.000,0.022,0.025,0.023
penultimate,0.000,0.005,1.000,0.011,0.050,0.023
laser-focused,0.000,0.005,1.000,0.011,0.050,0.023
chodron,0.000,0.005,1.000,0.011,0.050,0.023
saraniya,0.000,0.005,1.000,0.011,0.050,0.023
recreated,0.000,0.003,1.000,0.005,0.101,0.023
short-lived,0.000,0.005,1.000,0.011,0.050,0.023
coordinating,0.000,0.005,1.000,0.011,0.050,0.023
downside,0.000,0.005,1.000,0.011,0.050,0.023
two-year-old,0.000,0.003,1.000,0.005,0.101,0.023
two-year-old's,0.000,0.003,1.000,0.005,0.101,0.023
developmentally,0.000,0.003,1.000,0.005,0.101,0.023
vying,0.000,0.003,1.000,0.005,0.101,0.023
spacey,0.000,0.005,1.000,0.011,0.050,0.023
adjacent,0.000,0.005,1.000,0.011,0.050,0.023
frugal,0.000,0.005,1.000,0.011,0.050,0.023
omitting,0.000,0.005,1.000,0.011,0.050,0.023
screech,0.000,0.003,1.000,0.005,0.101,0.023
brake,0.000,0.003,1.000,0.005,0.101,0.023
unwrapped,0.000,0.003,1.000,0.005,0.101,0.023
liberation-supporting,0.000,0.003,1.000,0.005,0.101,0.023
hottest,0.000,0.003,1.000,0.005,0.101,0.023
enveloped,0.000,0.003,1.000,0.005,0.101,0.023
cooperating,0.000,0.005,1.000,0.011,0.050,0.023
year-long,0.000,0.008,1.000,0.016,0.033,0.023
solidifies,0.000,0.008,1.000,0.016,0.033,0.023
frankly,0.000,0.005,1.000,0.011,0.050,0.023
facility,0.000,0.011,1.000,0.022,0.025,0.023
clearest,0.000,0.005,1.000,0.011,0.050,0.023
bahiya,0.000,0.005,1.000,0.011,0.050,0.023
humiliate,0.000,0.005,1.000,0.011,0.050,0.023
roman,0.000,0.014,1.000,0.027,0.020,0.023
pageantry,0.000,0.005,1.000,0.011,0.050,0.023
lever,0.000,0.008,1.000,0.016,0.033,0.023
fictitious,0.000,0.003,1.000,0.005,0.100,0.023
accidentally,0.000,0.008,1.000,0.016,0.033,0.023
declared,0.000,0.005,1.000,0.011,0.050,0.023
molten,0.000,0.005,1.000,0.011,0.050,0.023
shannon,0.000,0.005,1.000,0.011,0.050,0.023
fellowship,0.000,0.005,1.000,0.011,0.050,0.023
unentangled,0.000,0.005,1.000,0.011,0.050,0.023
amazon,0.000,0.011,1.000,0.022,0.025,0.023
charnel,0.000,0.005,1.000,0.011,0.050,0.023
sparked,0.000,0.005,1.000,0.011,0.050,0.023
bud,0.000,0.005,1.000,0.011,0.050,0.023
mingled,0.000,0.005,1.000,0.011,0.050,0.023
reshape,0.000,0.005,1.000,0.011,0.050,0.023
atta,0.000,0.008,1.000,0.016,0.033,0.023
skipping,0.000,0.008,1.000,0.016,0.033,0.023
eighth,0.000,0.008,1.000,0.016,0.033,0.023
dictating,0.000,0.003,1.000,0.005,0.100,0.023
uninjured,0.000,0.003,1.000,0.005,0.100,0.023
prevails,0.000,0.005,1.000,0.011,0.050,0.023
routine,0.000,0.005,1.000,0.011,0.050,0.023
dreamed,0.000,0.005,1.000,0.011,0.050,0.023
50-60,0.000,0.005,1.000,0.011,0.050,0.023
similarity,0.000,0.008,1.000,0.016,0.033,0.023
aloofness,0.000,0.005,1.000,0.011,0.050,0.023
joyous,0.000,0.005,1.000,0.011,0.050,0.023
syrup,0.000,0.005,1.000,0.011,0.050,0.023
disposition,0.000,0.008,1.000,0.016,0.033,0.023
temper,0.000,0.005,1.000,0.011,0.050,0.023
futon,0.000,0.003,1.000,0.005,0.099,0.023
medtiation,0.000,0.003,1.000,0.005,0.099,0.023
yardstick,0.000,0.003,1.000,0.005,0.099,0.023
angular,0.000,0.003,1.000,0.005,0.099,0.023
writer-teacher,0.000,0.003,1.000,0.005,0.099,0.023
engler's,0.000,0.003,1.000,0.005,0.099,0.023
interviewed,0.000,0.003,1.000,0.005,0.099,0.023
psychoanalytic,0.000,0.003,1.000,0.005,0.099,0.023
deconstruction,0.000,0.003,1.000,0.005,0.099,0.023
wittgenstein,0.000,0.003,1.000,0.005,0.099,0.023
bewitchment,0.000,0.003,1.000,0.005,0.099,0.023
self-existing,0.000,0.003,1.000,0.005,0.099,0.023
mini-taste,0.000,0.003,1.000,0.005,0.099,0.023
fused,0.000,0.003,1.000,0.005,0.099,0.023
wedded,0.000,0.003,1.000,0.005,0.099,0.023
schizophrenia,0.000,0.003,1.000,0.005,0.099,0.023
re-congeals,0.000,0.003,1.000,0.005,0.099,0.023
reductionistic,0.000,0.005,1.000,0.011,0.050,0.023
full-time,0.000,0.008,1.000,0.016,0.033,0.023
heraclitus,0.000,0.005,1.000,0.011,0.050,0.023
gospel,0.000,0.003,1.000,0.005,0.099,0.023
shrink,0.000,0.008,1.000,0.016,0.033,0.023
exemplar,0.000,0.005,1.000,0.011,0.050,0.023
spare,0.000,0.008,1.000,0.016,0.033,0.023
disentangled,0.000,0.003,1.000,0.005,0.099,0.023
joking,0.000,0.005,1.000,0.011,0.049,0.023
freudian,0.000,0.005,1.000,0.011,0.049,0.023
blatantly,0.000,0.005,1.000,0.011,0.049,0.023
fearing,0.000,0.005,1.000,0.011,0.049,0.023
glamorous,0.000,0.005,1.000,0.011,0.049,0.023
guanyin,0.000,0.005,1.000,0.011,0.049,0.023
inseparably,0.000,0.005,1.000,0.011,0.049,0.023
toolbox,0.000,0.005,1.000,0.011,0.049,0.023
loaded,0.000,0.011,1.000,0.022,0.025,0.023
future-oriented,0.000,0.005,1.000,0.011,0.049,0.023
sickens,0.000,0.003,1.000,0.005,0.099,0.023
inroad,0.000,0.003,1.000,0.005,0.099,0.023
mississippi,0.000,0.003,1.000,0.005,0.099,0.023
generalize,0.000,0.008,1.000,0.016,0.033,0.023
gist,0.000,0.008,1.000,0.016,0.033,0.023
angeles,0.000,0.003,1.000,0.005,0.099,0.023
microplastics,0.000,0.003,1.000,0.005,0.099,0.023
twitchy,0.000,0.005,1.000,0.011,0.049,0.023
combat,0.000,0.005,1.000,0.011,0.049,0.023
tomorrow's,0.000,0.005,1.000,0.011,0.049,0.023
rhyming,0.000,0.005,1.000,0.011,0.049,0.023
disrespect,0.000,0.008,1.000,0.016,0.033,0.023
peppermint,0.000,0.005,1.000,0.011,0.049,0.023
pasenadi,0.000,0.005,1.000,0.011,0.049,0.023
signpost,0.000,0.008,1.000,0.016,0.033,0.023
ooh,0.000,0.005,1.000,0.011,0.049,0.023
namo,0.000,0.005,1.000,0.011,0.049,0.023
tassa,0.000,0.005,1.000,0.011,0.049,0.023
supple,0.000,0.005,1.000,0.011,0.049,0.023
aimed,0.000,0.011,1.000,0.022,0.025,0.023
cockroach,0.000,0.005,1.000,0.011,0.049,0.023
everythingness,0.000,0.003,1.000,0.005,0.098,0.023
phenomenological,0.000,0.003,1.000,0.005,0.098,0.023
vitakka-vicara,0.000,0.003,1.000,0.005,0.098,0.023
exploding,0.000,0.003,1.000,0.005,0.098,0.023
pervasively,0.000,0.003,1.000,0.005,0.098,0.023
airy,0.000,0.003,1.000,0.005,0.098,0.023
gradient,0.000,0.003,1.000,0.005,0.098,0.023
laurence,0.000,0.003,1.000,0.005,0.098,0.023
fishburne,0.000,0.003,1.000,0.005,0.098,0.023
lacanian,0.000,0.003,1.000,0.005,0.098,0.023
jacques,0.000,0.003,1.000,0.005,0.098,0.023
lacan,0.000,0.003,1.000,0.005,0.098,0.023
barrenness,0.000,0.003,1.000,0.005,0.098,0.023
uncompulsive,0.000,0.003,1.000,0.005,0.098,0.023
un-self-created,0.000,0.003,1.000,0.005,0.098,0.023
unmanufactured,0.000,0.003,1.000,0.005,0.098,0.023
dialectical,0.000,0.003,1.000,0.005,0.098,0.023
vacuity,0.000,0.003,1.000,0.005,0.098,0.023
severed,0.000,0.003,1.000,0.005,0.098,0.023
chatted,0.000,0.003,1.000,0.005,0.098,0.023
blossom,0.000,0.008,1.000,0.016,0.033,0.023
self-protective,0.000,0.005,1.000,0.011,0.049,0.023
wart,0.000,0.008,1.000,0.016,0.033,0.023
insanity,0.000,0.005,1.000,0.011,0.049,0.023
chunk,0.000,0.005,1.000,0.011,0.049,0.023
reread,0.000,0.008,1.000,0.016,0.033,0.023
disappointing,0.000,0.008,1.000,0.016,0.033,0.023
rectangular,0.000,0.008,1.000,0.016,0.033,0.023
vividly,0.000,0.005,1.000,0.011,0.049,0.023
assessing,0.000,0.011,1.000,0.022,0.025,0.023
firmness,0.000,0.005,1.000,0.011,0.049,0.023
withholding,0.000,0.008,1.000,0.016,0.033,0.023
dismantled,0.000,0.005,1.000,0.011,0.049,0.023
bucked,0.000,0.003,1.000,0.005,0.098,0.023
regiment,0.000,0.003,1.000,0.005,0.098,0.023
conscript,0.000,0.003,1.000,0.005,0.098,0.023
furnace,0.000,0.003,1.000,0.005,0.098,0.023
hotter,0.000,0.003,1.000,0.005,0.098,0.023
goddess,0.000,0.005,1.000,0.011,0.049,0.023
sluggishness,0.000,0.005,1.000,0.011,0.049,0.023
misunderstanding,0.000,0.011,1.000,0.022,0.025,0.023
wisdom-oriented,0.000,0.005,1.000,0.011,0.049,0.023
spilling,0.000,0.005,1.000,0.011,0.049,0.023
encouragingly,0.000,0.005,1.000,0.011,0.049,0.023
greedily,0.000,0.005,1.000,0.011,0.049,0.023
crossroad,0.000,0.005,1.000,0.011,0.049,0.023
meadow,0.000,0.008,1.000,0.016,0.033,0.023
expounded,0.000,0.005,1.000,0.011,0.049,0.023
who'd,0.000,0.008,1.000,0.016,0.033,0.023
hosting,0.000,0.008,1.000,0.016,0.033,0.023
convincing,0.000,0.008,1.000,0.016,0.033,0.023
advent,0.000,0.005,1.000,0.011,0.049,0.023
declined,0.000,0.003,1.000,0.005,0.098,0.023
sexy,0.000,0.005,1.000,0.011,0.049,0.023
modeled,0.000,0.005,1.000,0.011,0.049,0.023
maxim,0.000,0.008,1.000,0.016,0.033,0.023
goal-oriented,0.000,0.005,1.000,0.011,0.049,0.023
buddhistic,0.000,0.008,1.000,0.016,0.033,0.023
teenage,0.000,0.011,1.000,0.022,0.024,0.023
bask,0.000,0.005,1.000,0.011,0.049,0.023
frustrating,0.000,0.011,1.000,0.022,0.024,0.023
chart,0.000,0.008,1.000,0.016,0.032,0.023
chanted,0.000,0.011,1.000,0.022,0.024,0.023
moment-by-moment,0.000,0.003,1.000,0.005,0.097,0.023
johnson,0.000,0.003,1.000,0.005,0.097,0.023
eye-consciousness,0.000,0.005,1.000,0.011,0.049,0.023
fabricating,0.000,0.008,1.000,0.016,0.032,0.023
puffed,0.000,0.005,1.000,0.011,0.049,0.023
persistent,0.000,0.005,1.000,0.011,0.049,0.023
contacted,0.000,0.005,1.000,0.011,0.049,0.023
esoteric,0.000,0.008,1.000,0.016,0.032,0.023
motive,0.000,0.005,1.000,0.011,0.049,0.023
founding,0.000,0.008,1.000,0.016,0.032,0.023
respiration,0.000,0.005,1.000,0.011,0.049,0.023
cardiology,0.000,0.005,1.000,0.011,0.049,0.023
fluctuation,0.000,0.008,1.000,0.016,0.032,0.023
trommer's,0.000,0.005,1.000,0.011,0.048,0.023
farming,0.000,0.005,1.000,0.011,0.048,0.023
self-consciously,0.000,0.005,1.000,0.011,0.048,0.023
nigantha,0.000,0.003,1.000,0.005,0.097,0.023
nataputta,0.000,0.003,1.000,0.005,0.097,0.023
incompetent,0.000,0.003,1.000,0.005,0.097,0.023
chord,0.000,0.008,1.000,0.016,0.032,0.023
froze,0.000,0.005,1.000,0.011,0.048,0.023
unprotected,0.000,0.005,1.000,0.011,0.048,0.023
grosser,0.000,0.005,1.000,0.011,0.048,0.023
plop,0.000,0.005,1.000,0.011,0.048,0.023
pry,0.000,0.005,1.000,0.011,0.048,0.023
windpipe,0.000,0.003,1.000,0.005,0.097,0.023
m-e-t-t-a,0.000,0.008,1.000,0.016,0.032,0.023
pressed,0.000,0.005,1.000,0.011,0.048,0.023
chick,0.000,0.003,1.000,0.005,0.097,0.023
irc's,0.000,0.003,1.000,0.005,0.097,0.023
strayed,0.000,0.003,1.000,0.005,0.097,0.023
audio,0.000,0.008,1.000,0.016,0.032,0.023
motivating,0.000,0.011,1.000,0.022,0.024,0.023
matching,0.000,0.011,1.000,0.022,0.024,0.023
shyly,0.000,0.005,1.000,0.011,0.048,0.023
yasa's,0.000,0.003,1.000,0.005,0.097,0.023
elemental,0.000,0.005,1.000,0.011,0.048,0.023
rod,0.000,0.008,1.000,0.016,0.032,0.023
indignant,0.000,0.005,1.000,0.011,0.048,0.023
stuffing,0.000,0.005,1.000,0.011,0.048,0.023
unknowable,0.000,0.008,1.000,0.016,0.032,0.023
anticipating,0.000,0.008,1.000,0.016,0.032,0.023
fairness,0.000,0.005,1.000,0.011,0.048,0.023
gratifying,0.000,0.008,1.000,0.016,0.032,0.023
essentializing,0.000,0.005,1.000,0.011,0.048,0.023
resent,0.000,0.005,1.000,0.011,0.048,0.023
attentionally,0.000,0.005,1.000,0.011,0.048,0.023
peace-producing,0.000,0.005,1.000,0.011,0.048,0.023
expressive,0.000,0.005,1.000,0.011,0.048,0.023
chado,0.000,0.005,1.000,0.011,0.048,0.023
elegance,0.000,0.005,1.000,0.011,0.048,0.023
un-beautiful,0.000,0.005,1.000,0.011,0.048,0.023
debilitates,0.000,0.005,1.000,0.011,0.048,0.023
equipment,0.000,0.005,1.000,0.011,0.048,0.023
hippie,0.000,0.005,1.000,0.011,0.048,0.023
15-20,0.000,0.005,1.000,0.011,0.048,0.023
prodigy,0.000,0.005,1.000,0.011,0.048,0.023
bush,0.000,0.008,1.000,0.016,0.032,0.023
niggling,0.000,0.005,1.000,0.011,0.048,0.023
unthreatening,0.000,0.005,1.000,0.011,0.048,0.023
whole-body,0.000,0.005,1.000,0.011,0.048,0.023
innocently,0.000,0.005,1.000,0.011,0.048,0.023
hemisphere,0.000,0.008,1.000,0.016,0.032,0.023
pinpoint,0.000,0.005,1.000,0.011,0.048,0.023
factual,0.000,0.005,1.000,0.011,0.048,0.023
bare,0.000,0.008,1.000,0.016,0.032,0.023
poke,0.000,0.011,1.000,0.022,0.024,0.023
dispel,0.000,0.005,1.000,0.011,0.048,0.023
clench,0.000,0.005,1.000,0.011,0.048,0.023
interpretive,0.000,0.003,1.000,0.005,0.096,0.023
changeless,0.000,0.003,1.000,0.005,0.096,0.023
scarred,0.000,0.003,1.000,0.005,0.096,0.023
wright,0.000,0.003,1.000,0.005,0.096,0.023
brass,0.000,0.005,1.000,0.011,0.048,0.023
internationally,0.000,0.005,1.000,0.011,0.048,0.023
battling,0.000,0.008,1.000,0.016,0.032,0.023
blissful,0.000,0.005,1.000,0.011,0.048,0.023
ailment,0.000,0.005,1.000,0.011,0.048,0.023
fanciful,0.000,0.005,1.000,0.011,0.048,0.023
canki,0.000,0.005,1.000,0.011,0.048,0.023
nut,0.000,0.005,1.000,0.011,0.048,0.023
lapsing,0.000,0.003,1.000,0.005,0.096,0.023
apprehension,0.000,0.003,1.000,0.005,0.096,0.023
vindictiveness,0.000,0.003,1.000,0.005,0.096,0.023
rabbi,0.000,0.005,1.000,0.011,0.048,0.023
divorce,0.000,0.005,1.000,0.011,0.048,0.023
presently,0.000,0.005,1.000,0.011,0.048,0.023
originating,0.000,0.005,1.000,0.011,0.048,0.023
armed,0.000,0.005,1.000,0.011,0.048,0.023
hundredth,0.000,0.005,1.000,0.011,0.048,0.023
incubate,0.000,0.008,1.000,0.016,0.032,0.023
manipulating,0.000,0.005,1.000,0.011,0.048,0.023
ambush,0.000,0.005,1.000,0.011,0.048,0.023
emit,0.000,0.005,1.000,0.011,0.048,0.023
divinity,0.000,0.008,1.000,0.016,0.032,0.023
householder's,0.000,0.008,1.000,0.016,0.032,0.023
loosened,0.000,0.005,1.000,0.011,0.048,0.023
queer,0.000,0.008,1.000,0.016,0.032,0.023
ponders,0.000,0.008,1.000,0.016,0.032,0.023
reactively,0.000,0.005,1.000,0.011,0.048,0.023
problemness,0.000,0.005,1.000,0.011,0.048,0.023
blip,0.000,0.005,1.000,0.011,0.048,0.023
fisherman,0.000,0.005,1.000,0.011,0.048,0.023
ferocious,0.000,0.005,1.000,0.011,0.048,0.023
sense,0.005,0.937,0.995,0.125,0.004,0.023
slain,0.000,0.005,1.000,0.011,0.048,0.023
sudan,0.000,0.008,1.000,0.016,0.032,0.023
flashy,0.000,0.008,1.000,0.016,0.032,0.023
recoiling,0.000,0.005,1.000,0.011,0.048,0.023
quiz,0.000,0.005,1.000,0.011,0.048,0.023
symbolism,0.000,0.005,1.000,0.011,0.048,0.023
lumbricus,0.000,0.003,1.000,0.005,0.095,0.023
terrestris,0.000,0.003,1.000,0.005,0.095,0.023
silvery,0.000,0.003,1.000,0.005,0.095,0.023
palmer,0.000,0.003,1.000,0.005,0.095,0.023
devastated,0.000,0.003,1.000,0.005,0.095,0.023
clique,0.000,0.003,1.000,0.005,0.095,0.023
fart,0.000,0.003,1.000,0.005,0.095,0.023
earthiness,0.000,0.003,1.000,0.005,0.095,0.023
helium,0.000,0.003,1.000,0.005,0.095,0.023
unannounced,0.000,0.003,1.000,0.005,0.095,0.023
governable,0.000,0.003,1.000,0.005,0.095,0.023
crumbled,0.000,0.003,1.000,0.005,0.095,0.023
ambient,0.000,0.003,1.000,0.005,0.095,0.023
deteriorated,0.000,0.003,1.000,0.005,0.095,0.023
caricature,0.000,0.003,1.000,0.005,0.095,0.023
regrettable,0.000,0.003,1.000,0.005,0.095,0.023
incompetence,0.000,0.003,1.000,0.005,0.095,0.023
imputes,0.000,0.003,1.000,0.005,0.095,0.023
renee,0.000,0.003,1.000,0.005,0.095,0.023
diresta,0.000,0.003,1.000,0.005,0.095,0.023
exacerbate,0.000,0.003,1.000,0.005,0.095,0.023
authoritarianism,0.000,0.003,1.000,0.005,0.095,0.023
conmen,0.000,0.003,1.000,0.005,0.095,0.023
livable,0.000,0.003,1.000,0.005,0.095,0.023
insurable,0.000,0.003,1.000,0.005,0.095,0.023
apocalyptic,0.000,0.003,1.000,0.005,0.095,0.023
scaling,0.000,0.003,1.000,0.005,0.095,0.023
dabbling,0.000,0.003,1.000,0.005,0.095,0.023
flirt,0.000,0.003,1.000,0.005,0.095,0.023
steadfastly,0.000,0.003,1.000,0.005,0.095,0.023
plural,0.000,0.003,1.000,0.005,0.095,0.023
staticky,0.000,0.003,1.000,0.005,0.095,0.023
climber,0.000,0.003,1.000,0.005,0.095,0.023
summit,0.000,0.003,1.000,0.005,0.095,0.023
patrol,0.000,0.003,1.000,0.005,0.095,0.023
ascent,0.000,0.003,1.000,0.005,0.095,0.023
rescue,0.000,0.003,1.000,0.005,0.095,0.023
flopped,0.000,0.003,1.000,0.005,0.095,0.023
chased,0.000,0.003,1.000,0.005,0.095,0.023
football,0.000,0.003,1.000,0.005,0.095,0.023
fuss,0.000,0.003,1.000,0.005,0.095,0.023
snowmobile,0.000,0.003,1.000,0.005,0.095,0.023
feisty,0.000,0.003,1.000,0.005,0.095,0.023
stewardship,0.000,0.003,1.000,0.005,0.095,0.023
arrogant,0.000,0.008,1.000,0.016,0.032,0.023
ingrate,0.000,0.003,1.000,0.005,0.095,0.023
severe,0.000,0.011,1.000,0.022,0.024,0.023
perpetuated,0.000,0.005,1.000,0.011,0.048,0.023
one-pointedly,0.000,0.005,1.000,0.011,0.047,0.023
indicates,0.000,0.005,1.000,0.011,0.047,0.023
mindstream,0.000,0.005,1.000,0.011,0.047,0.023
coincidence,0.000,0.008,1.000,0.016,0.032,0.023
autumn,0.000,0.005,1.000,0.011,0.047,0.023
quicksand,0.000,0.005,1.000,0.011,0.047,0.023
logo,0.000,0.003,1.000,0.005,0.095,0.023
skateboard,0.000,0.003,1.000,0.005,0.095,0.023
bullwhips,0.000,0.003,1.000,0.005,0.095,0.023
saturating,0.000,0.003,1.000,0.005,0.095,0.023
depersonalize,0.000,0.003,1.000,0.005,0.095,0.023
sentience,0.000,0.003,1.000,0.005,0.095,0.023
anna,0.000,0.003,1.000,0.005,0.095,0.023
karenina,0.000,0.003,1.000,0.005,0.095,0.023
charted,0.000,0.003,1.000,0.005,0.095,0.023
lerner,0.000,0.003,1.000,0.005,0.095,0.023
explode,0.000,0.003,1.000,0.005,0.095,0.023
unemotional,0.000,0.003,1.000,0.005,0.095,0.023
teacher-therapist,0.000,0.003,1.000,0.005,0.095,0.023
tift,0.000,0.003,1.000,0.005,0.095,0.023
abrupt,0.000,0.005,1.000,0.011,0.047,0.023
warlike,0.000,0.005,1.000,0.011,0.047,0.023
haystack,0.000,0.005,1.000,0.011,0.047,0.023
acclamation,0.000,0.005,1.000,0.011,0.047,0.023
extravagant,0.000,0.005,1.000,0.011,0.047,0.023
drab,0.000,0.005,1.000,0.011,0.047,0.023
timid,0.000,0.008,1.000,0.016,0.032,0.023
delay,0.000,0.011,1.000,0.022,0.024,0.023
lied,0.000,0.008,1.000,0.016,0.032,0.023
super-walking,0.000,0.003,1.000,0.005,0.095,0.023
engineered,0.000,0.005,1.000,0.011,0.047,0.023
bergen,0.000,0.005,1.000,0.011,0.047,0.023
caged,0.000,0.005,1.000,0.011,0.047,0.023
appropriated,0.000,0.005,1.000,0.011,0.047,0.023
reasonably,0.000,0.008,1.000,0.016,0.032,0.023
clung,0.000,0.005,1.000,0.011,0.047,0.023
descriptor,0.000,0.008,1.000,0.016,0.032,0.023
descendant,0.000,0.005,1.000,0.011,0.047,0.023
darkly,0.000,0.005,1.000,0.011,0.047,0.023
adulthood,0.000,0.008,1.000,0.016,0.032,0.023
limp,0.000,0.005,1.000,0.011,0.047,0.023
harmlessness,0.000,0.005,1.000,0.011,0.047,0.023
cornerstone,0.000,0.005,1.000,0.011,0.047,0.023
colloquially,0.000,0.005,1.000,0.011,0.047,0.023
infrequently,0.000,0.005,1.000,0.011,0.047,0.023
hedonism,0.000,0.005,1.000,0.011,0.047,0.023
heavy-handed,0.000,0.008,1.000,0.016,0.031,0.023
lightweight,0.000,0.008,1.000,0.016,0.031,0.023
cavern,0.000,0.005,1.000,0.011,0.047,0.023
31st,0.000,0.005,1.000,0.011,0.047,0.023
recollecting,0.000,0.005,1.000,0.011,0.047,0.023
texting,0.000,0.008,1.000,0.016,0.031,0.023
frank,0.000,0.008,1.000,0.016,0.031,0.023
altruistic,0.000,0.014,1.000,0.027,0.019,0.023
management,0.000,0.008,1.000,0.016,0.031,0.023
newer,0.000,0.011,1.000,0.022,0.024,0.023
detour,0.000,0.005,1.000,0.011,0.047,0.023
beaten,0.000,0.005,1.000,0.011,0.047,0.023
apps,0.000,0.011,1.000,0.022,0.023,0.023
assigned,0.000,0.008,1.000,0.016,0.031,0.023
snappy,0.000,0.003,1.000,0.005,0.094,0.023
biochemist,0.000,0.005,1.000,0.011,0.047,0.023
individualism,0.000,0.008,1.000,0.016,0.031,0.023
jittery,0.000,0.005,1.000,0.011,0.047,0.023
birthright,0.000,0.005,1.000,0.011,0.047,0.023
reapplying,0.000,0.003,1.000,0.005,0.094,0.023
intensively,0.000,0.005,1.000,0.011,0.047,0.023
h's,0.000,0.003,1.000,0.005,0.094,0.023
climbing,0.000,0.011,1.000,0.022,0.023,0.023
invariance,0.000,0.003,1.000,0.005,0.094,0.023
kamma,0.000,0.003,1.000,0.005,0.094,0.023
peta,0.000,0.003,1.000,0.005,0.094,0.023
xy,0.000,0.003,1.000,0.005,0.094,0.023
niraya,0.000,0.003,1.000,0.005,0.094,0.023
eroding,0.000,0.005,1.000,0.011,0.047,0.023
impurity,0.000,0.008,1.000,0.016,0.031,0.023
reprieve,0.000,0.005,1.000,0.011,0.047,0.023
hallelujah,0.000,0.003,1.000,0.005,0.094,0.023
vibrate,0.000,0.005,1.000,0.011,0.047,0.023
washington,0.000,0.008,1.000,0.016,0.031,0.023
disrespected,0.000,0.008,1.000,0.016,0.031,0.023
world-honored,0.000,0.003,1.000,0.005,0.093,0.023
sankhittena,0.000,0.003,1.000,0.005,0.093,0.023
tailored,0.000,0.003,1.000,0.005,0.093,0.023
supersaturated,0.000,0.003,1.000,0.005,0.093,0.023
zap,0.000,0.003,1.000,0.005,0.093,0.023
jetavana,0.000,0.005,1.000,0.011,0.047,0.023
assist,0.000,0.008,1.000,0.016,0.031,0.023
average,0.000,0.005,1.000,0.011,0.047,0.023
burnt,0.000,0.005,1.000,0.011,0.047,0.023
unlimited,0.000,0.005,1.000,0.011,0.047,0.023
spade,0.000,0.005,1.000,0.011,0.047,0.023
cindy,0.000,0.005,1.000,0.011,0.047,0.023
misattunement,0.000,0.003,1.000,0.005,0.093,0.023
forgetfulness,0.000,0.003,1.000,0.005,0.093,0.023
reunification,0.000,0.003,1.000,0.005,0.093,0.023
flirting,0.000,0.003,1.000,0.005,0.093,0.023
homogeneity,0.000,0.003,1.000,0.005,0.093,0.023
vibrational,0.000,0.003,1.000,0.005,0.093,0.023
urgently,0.000,0.003,1.000,0.005,0.093,0.023
fleshy,0.000,0.003,1.000,0.005,0.093,0.023
teasingly,0.000,0.003,1.000,0.005,0.093,0.023
pedagogical,0.000,0.003,1.000,0.005,0.093,0.023
editorial,0.000,0.003,1.000,0.005,0.093,0.023
optimal,0.000,0.003,1.000,0.005,0.093,0.023
plainly,0.000,0.003,1.000,0.005,0.093,0.023
boundaryless,0.000,0.003,1.000,0.005,0.093,0.023
non-understanding,0.000,0.003,1.000,0.005,0.093,0.023
distorts,0.000,0.003,1.000,0.005,0.093,0.023
unprepared,0.000,0.003,1.000,0.005,0.093,0.023
humbled,0.000,0.003,1.000,0.005,0.093,0.023
hinged,0.000,0.003,1.000,0.005,0.093,0.023
proven,0.000,0.003,1.000,0.005,0.093,0.023
evened,0.000,0.003,1.000,0.005,0.093,0.023
rug's,0.000,0.003,1.000,0.005,0.093,0.023
cramming,0.000,0.003,1.000,0.005,0.093,0.023
circadian,0.000,0.003,1.000,0.005,0.093,0.023
showered,0.000,0.005,1.000,0.011,0.047,0.023
gloom,0.000,0.005,1.000,0.011,0.047,0.023
crisp,0.000,0.005,1.000,0.011,0.047,0.023
aesthetic,0.000,0.005,1.000,0.011,0.047,0.023
18th,0.000,0.005,1.000,0.011,0.047,0.023
slant,0.000,0.005,1.000,0.011,0.047,0.023
initiate,0.000,0.008,1.000,0.016,0.031,0.023
delivering,0.000,0.005,1.000,0.011,0.046,0.023
french,0.000,0.014,1.000,0.027,0.019,0.023
t-shirt,0.000,0.005,1.000,0.011,0.046,0.022
connectivity,0.000,0.005,1.000,0.011,0.046,0.022
headlong,0.000,0.005,1.000,0.011,0.046,0.022
tsunami,0.000,0.005,1.000,0.011,0.046,0.022
dangerously,0.000,0.005,1.000,0.011,0.046,0.022
lee,0.000,0.008,1.000,0.016,0.031,0.022
self-preoccupations,0.000,0.005,1.000,0.011,0.046,0.022
mixture,0.000,0.008,1.000,0.016,0.031,0.022
petted,0.000,0.005,1.000,0.011,0.046,0.022
nominally,0.000,0.005,1.000,0.011,0.046,0.022
starved,0.000,0.005,1.000,0.011,0.046,0.022
slid,0.000,0.005,1.000,0.011,0.046,0.022
personalize,0.000,0.005,1.000,0.011,0.046,0.022
categorizing,0.000,0.005,1.000,0.011,0.046,0.022
buddy,0.000,0.008,1.000,0.016,0.031,0.022
theologian,0.000,0.005,1.000,0.011,0.046,0.022
physicist,0.000,0.008,1.000,0.016,0.031,0.022
2600-year,0.000,0.003,1.000,0.005,0.092,0.022
moralism,0.000,0.003,1.000,0.005,0.092,0.022
rearise,0.000,0.003,1.000,0.005,0.092,0.022
spy,0.000,0.003,1.000,0.005,0.092,0.022
crook,0.000,0.003,1.000,0.005,0.092,0.022
agony,0.000,0.003,1.000,0.005,0.092,0.022
inevitability,0.000,0.003,1.000,0.005,0.092,0.022
controversial,0.000,0.003,1.000,0.005,0.092,0.022
primatologist,0.000,0.003,1.000,0.005,0.092,0.022
frans,0.000,0.003,1.000,0.005,0.092,0.022
waal,0.000,0.003,1.000,0.005,0.092,0.022
anthropodenial,0.000,0.003,1.000,0.005,0.092,0.022
disobedience,0.000,0.003,1.000,0.005,0.092,0.022
8-year-old,0.000,0.003,1.000,0.005,0.092,0.022
inflected,0.000,0.003,1.000,0.005,0.092,0.022
ennobles,0.000,0.003,1.000,0.005,0.092,0.022
self-perceptions,0.000,0.003,1.000,0.005,0.092,0.022
commending,0.000,0.003,1.000,0.005,0.092,0.022
grandiosity,0.000,0.003,1.000,0.005,0.092,0.022
fooling,0.000,0.003,1.000,0.005,0.092,0.022
roost,0.000,0.003,1.000,0.005,0.092,0.022
moralize,0.000,0.003,1.000,0.005,0.092,0.022
wallowing,0.000,0.003,1.000,0.005,0.092,0.022
remaking,0.000,0.005,1.000,0.011,0.046,0.022
self-orientation,0.000,0.005,1.000,0.011,0.046,0.022
limitlessness,0.000,0.005,1.000,0.011,0.046,0.022
specializing,0.000,0.005,1.000,0.011,0.046,0.022
appropriateness,0.000,0.005,1.000,0.011,0.046,0.022
masseuse,0.000,0.005,1.000,0.011,0.046,0.022
trapping,0.000,0.005,1.000,0.011,0.046,0.022
forbid,0.000,0.005,1.000,0.011,0.046,0.022
vasetthi,0.000,0.003,1.000,0.005,0.092,0.022
vedanta,0.000,0.005,1.000,0.011,0.046,0.022
fingernail,0.000,0.005,1.000,0.011,0.046,0.022
groggy,0.000,0.005,1.000,0.011,0.046,0.022
indifferent,0.000,0.008,1.000,0.016,0.031,0.022
pissed,0.000,0.005,1.000,0.011,0.046,0.022
collectively,0.000,0.008,1.000,0.016,0.031,0.022
integrating,0.000,0.008,1.000,0.016,0.031,0.022
unpacks,0.000,0.005,1.000,0.011,0.046,0.022
ninth,0.000,0.005,1.000,0.011,0.046,0.022
secondly,0.000,0.011,1.000,0.022,0.023,0.022
intractable,0.000,0.008,1.000,0.016,0.031,0.022
excessively,0.000,0.008,1.000,0.016,0.031,0.022
narrator,0.000,0.005,1.000,0.011,0.046,0.022
retreatant,0.000,0.005,1.000,0.011,0.046,0.022
examination,0.000,0.005,1.000,0.011,0.046,0.022
unconditioned,0.000,0.008,1.000,0.016,0.031,0.022
wildness,0.000,0.005,1.000,0.011,0.046,0.022
wordlessly,0.000,0.003,1.000,0.005,0.092,0.022
naivety,0.000,0.003,1.000,0.005,0.092,0.022
re-enter,0.000,0.003,1.000,0.005,0.092,0.022
toni,0.000,0.003,1.000,0.005,0.092,0.022
hunch,0.000,0.003,1.000,0.005,0.092,0.022
contested,0.000,0.003,1.000,0.005,0.092,0.022
motor,0.000,0.003,1.000,0.005,0.092,0.022
egan,0.000,0.003,1.000,0.005,0.092,0.022
assemble,0.000,0.003,1.000,0.005,0.092,0.022
abet,0.000,0.003,1.000,0.005,0.092,0.022
fluently,0.000,0.003,1.000,0.005,0.092,0.022
lion,0.000,0.003,1.000,0.005,0.092,0.022
wilson,0.000,0.003,1.000,0.005,0.092,0.022
everlasting,0.000,0.003,1.000,0.005,0.092,0.022
forecasting,0.000,0.003,1.000,0.005,0.092,0.022
mispredict,0.000,0.003,1.000,0.005,0.092,0.022
alleviation,0.000,0.003,1.000,0.005,0.092,0.022
listed,0.000,0.008,1.000,0.016,0.031,0.022
primordial,0.000,0.005,1.000,0.011,0.046,0.022
ecology,0.000,0.008,1.000,0.016,0.031,0.022
dimitra,0.000,0.003,1.000,0.005,0.092,0.022
edit,0.000,0.003,1.000,0.005,0.092,0.022
treasurer,0.000,0.003,1.000,0.005,0.092,0.022
accounting,0.000,0.003,1.000,0.005,0.092,0.022
bhaso,0.000,0.003,1.000,0.005,0.092,0.022
meditation-naive,0.000,0.003,1.000,0.005,0.092,0.022
sleep's,0.000,0.003,1.000,0.005,0.092,0.022
interchangeable,0.000,0.003,1.000,0.005,0.092,0.022
equanimity's,0.000,0.003,1.000,0.005,0.092,0.022
distill,0.000,0.003,1.000,0.005,0.092,0.022
cross-check,0.000,0.003,1.000,0.005,0.092,0.022
codependent,0.000,0.003,1.000,0.005,0.092,0.022
zigzag,0.000,0.003,1.000,0.005,0.092,0.022
5-10,0.000,0.005,1.000,0.011,0.046,0.022
hoped,0.000,0.011,1.000,0.022,0.023,0.022
castle,0.000,0.005,1.000,0.011,0.046,0.022
overflow,0.000,0.005,1.000,0.011,0.046,0.022
uncountable,0.000,0.005,1.000,0.011,0.046,0.022
clouded,0.000,0.005,1.000,0.011,0.046,0.022
phil,0.000,0.005,1.000,0.011,0.046,0.022
wickedness,0.000,0.005,1.000,0.011,0.046,0.022
low-grade,0.000,0.005,1.000,0.011,0.046,0.022
executioner,0.000,0.005,1.000,0.011,0.046,0.022
deprive,0.000,0.005,1.000,0.011,0.046,0.022
disadvantage,0.000,0.008,1.000,0.016,0.030,0.022
stationary,0.000,0.005,1.000,0.011,0.046,0.022
tag,0.000,0.005,1.000,0.011,0.046,0.022
wed,0.000,0.005,1.000,0.011,0.046,0.022
deaden,0.000,0.003,1.000,0.005,0.091,0.022
caressed,0.000,0.003,1.000,0.005,0.091,0.022
enjoins,0.000,0.003,1.000,0.005,0.091,0.022
autobiographical,0.000,0.003,1.000,0.005,0.091,0.022
asymmetry,0.000,0.003,1.000,0.005,0.091,0.022
unwaveringly,0.000,0.003,1.000,0.005,0.091,0.022
rationalize,0.000,0.003,1.000,0.005,0.091,0.022
justifiable,0.000,0.003,1.000,0.005,0.091,0.022
not-distant,0.000,0.003,1.000,0.005,0.091,0.022
reconfiguration,0.000,0.003,1.000,0.005,0.091,0.022
egregious,0.000,0.003,1.000,0.005,0.091,0.022
incoherence,0.000,0.003,1.000,0.005,0.091,0.022
sampled,0.000,0.003,1.000,0.005,0.091,0.022
assimilating,0.000,0.003,1.000,0.005,0.091,0.022
dumb,0.000,0.003,1.000,0.005,0.091,0.022
recklessly,0.000,0.003,1.000,0.005,0.091,0.022
cost-free,0.000,0.003,1.000,0.005,0.091,0.022
dreamlike,0.000,0.003,1.000,0.005,0.091,0.022
abraham,0.000,0.003,1.000,0.005,0.091,0.022
joshua,0.000,0.003,1.000,0.005,0.091,0.022
heschel,0.000,0.003,1.000,0.005,0.091,0.022
octave,0.000,0.003,1.000,0.005,0.091,0.022
defy,0.000,0.003,1.000,0.005,0.091,0.022
moralizing,0.000,0.003,1.000,0.005,0.091,0.022
assaulter,0.000,0.003,1.000,0.005,0.091,0.022
derek,0.000,0.003,1.000,0.005,0.091,0.022
parfit,0.000,0.003,1.000,0.005,0.091,0.022
self-conquering,0.000,0.003,1.000,0.005,0.091,0.022
thankful,0.000,0.005,1.000,0.011,0.046,0.022
like-hearted,0.000,0.005,1.000,0.011,0.046,0.022
speeding,0.000,0.005,1.000,0.011,0.046,0.022
ski,0.000,0.008,1.000,0.016,0.030,0.022
northeast,0.000,0.005,1.000,0.011,0.046,0.022
internalize,0.000,0.005,1.000,0.011,0.046,0.022
steward,0.000,0.008,1.000,0.016,0.030,0.022
darker,0.000,0.005,1.000,0.011,0.046,0.022
gladdening,0.000,0.005,1.000,0.011,0.045,0.022
strip,0.000,0.005,1.000,0.011,0.045,0.022
legally,0.000,0.005,1.000,0.011,0.045,0.022
shaming,0.000,0.005,1.000,0.011,0.045,0.022
angela,0.000,0.003,1.000,0.005,0.091,0.022
transcendental,0.000,0.003,1.000,0.005,0.091,0.022
accustom,0.000,0.003,1.000,0.005,0.091,0.022
kerry,0.000,0.003,1.000,0.005,0.091,0.022
fodder,0.000,0.003,1.000,0.005,0.091,0.022
meat,0.000,0.003,1.000,0.005,0.091,0.022
numbered,0.000,0.003,1.000,0.005,0.091,0.022
inappropriate,0.000,0.008,1.000,0.016,0.030,0.022
micro,0.000,0.005,1.000,0.011,0.045,0.022
morillo,0.000,0.003,1.000,0.005,0.091,0.022
lego,0.000,0.005,1.000,0.011,0.045,0.022
kama,0.000,0.005,1.000,0.011,0.045,0.022
sever,0.000,0.003,1.000,0.005,0.091,0.022
disallow,0.000,0.003,1.000,0.005,0.091,0.022
convergence,0.000,0.003,1.000,0.005,0.091,0.022
dhamma-chanda,0.000,0.003,1.000,0.005,0.091,0.022
breather,0.000,0.003,1.000,0.005,0.091,0.022
krishnamurti,0.000,0.003,1.000,0.005,0.091,0.022
bathed,0.000,0.003,1.000,0.005,0.091,0.022
waxing,0.000,0.003,1.000,0.005,0.091,0.022
re-find,0.000,0.003,1.000,0.005,0.091,0.022
informal,0.000,0.003,1.000,0.005,0.091,0.022
deadness,0.000,0.003,1.000,0.005,0.091,0.022
outgrown,0.000,0.003,1.000,0.005,0.091,0.022
satiated,0.000,0.003,1.000,0.005,0.091,0.022
outlived,0.000,0.003,1.000,0.005,0.091,0.022
stagnate,0.000,0.003,1.000,0.005,0.091,0.022
technique-ified,0.000,0.003,1.000,0.005,0.091,0.022
non-inspiration,0.000,0.003,1.000,0.005,0.091,0.022
mcleod,0.000,0.003,1.000,0.005,0.091,0.022
swirled,0.000,0.003,1.000,0.005,0.091,0.022
paltry,0.000,0.003,1.000,0.005,0.091,0.022
illumine,0.000,0.003,1.000,0.005,0.091,0.022
artifact,0.000,0.005,1.000,0.011,0.045,0.022
sailor,0.000,0.008,1.000,0.016,0.030,0.022
offensive,0.000,0.008,1.000,0.016,0.030,0.022
raga,0.000,0.005,1.000,0.011,0.045,0.022
transacting,0.000,0.003,1.000,0.005,0.091,0.022
non-tension,0.000,0.003,1.000,0.005,0.091,0.022
tenable,0.000,0.003,1.000,0.005,0.091,0.022
mobilized,0.000,0.003,1.000,0.005,0.091,0.022
owed,0.000,0.003,1.000,0.005,0.091,0.022
perpetrate,0.000,0.003,1.000,0.005,0.091,0.022
tania,0.000,0.003,1.000,0.005,0.091,0.022
attorney,0.000,0.003,1.000,0.005,0.091,0.022
formulating,0.000,0.003,1.000,0.005,0.091,0.022
equanimizing,0.000,0.003,1.000,0.005,0.091,0.022
monotheistic,0.000,0.003,1.000,0.005,0.091,0.022
augustine,0.000,0.003,1.000,0.005,0.091,0.022
awakest,0.000,0.003,1.000,0.005,0.091,0.022
thyself,0.000,0.003,1.000,0.005,0.091,0.022
thee,0.000,0.003,1.000,0.005,0.091,0.022
enlarge,0.000,0.003,1.000,0.005,0.091,0.022
remake,0.000,0.003,1.000,0.005,0.091,0.022
popularized,0.000,0.003,1.000,0.005,0.091,0.022
adjutant,0.000,0.003,1.000,0.005,0.091,0.022
white-hot,0.000,0.003,1.000,0.005,0.091,0.022
cobbling,0.000,0.003,1.000,0.005,0.091,0.022
ramble,0.000,0.003,1.000,0.005,0.091,0.022
thinning,0.000,0.003,1.000,0.005,0.091,0.022
jerked,0.000,0.003,1.000,0.005,0.091,0.022
patrolled,0.000,0.003,1.000,0.005,0.091,0.022
explosion,0.000,0.005,1.000,0.011,0.045,0.022
darken,0.000,0.008,1.000,0.016,0.030,0.022
loosens,0.000,0.005,1.000,0.011,0.045,0.022
brightens,0.000,0.005,1.000,0.011,0.045,0.022
foraging,0.000,0.003,1.000,0.005,0.090,0.022
scrap,0.000,0.003,1.000,0.005,0.090,0.022
satiates,0.000,0.003,1.000,0.005,0.090,0.022
surgical,0.000,0.003,1.000,0.005,0.090,0.022
annoys,0.000,0.003,1.000,0.005,0.090,0.022
self-absorption,0.000,0.003,1.000,0.005,0.090,0.022
unpressured,0.000,0.003,1.000,0.005,0.090,0.022
dramatized,0.000,0.003,1.000,0.005,0.090,0.022
infantile,0.000,0.003,1.000,0.005,0.090,0.022
emptier,0.000,0.003,1.000,0.005,0.090,0.022
westen,0.000,0.003,1.000,0.005,0.090,0.022
gabbard,0.000,0.003,1.000,0.005,0.090,0.022
libidinal,0.000,0.003,1.000,0.005,0.090,0.022
regulating,0.000,0.003,1.000,0.005,0.090,0.022
idealization,0.000,0.003,1.000,0.005,0.090,0.022
toleration,0.000,0.003,1.000,0.005,0.090,0.022
contend,0.000,0.003,1.000,0.005,0.090,0.022
smith,0.000,0.003,1.000,0.005,0.090,0.022
bureaucracy,0.000,0.003,1.000,0.005,0.090,0.022
congeals,0.000,0.003,1.000,0.005,0.090,0.022
wasp,0.000,0.003,1.000,0.005,0.090,0.022
insatiable,0.000,0.003,1.000,0.005,0.090,0.022
15-plus,0.000,0.003,1.000,0.005,0.090,0.022
excise,0.000,0.008,1.000,0.016,0.030,0.022
whoop,0.000,0.005,1.000,0.011,0.045,0.022
obligated,0.000,0.005,1.000,0.011,0.045,0.022
infer,0.000,0.003,1.000,0.005,0.090,0.022
messing,0.000,0.003,1.000,0.005,0.090,0.022
medicating,0.000,0.003,1.000,0.005,0.090,0.022
labradoodle,0.000,0.003,1.000,0.005,0.090,0.022
labradoodles,0.000,0.003,1.000,0.005,0.090,0.022
dharma-scientific,0.000,0.003,1.000,0.005,0.090,0.022
davidson,0.000,0.003,1.000,0.005,0.090,0.022
importing,0.000,0.003,1.000,0.005,0.090,0.022
consume,0.000,0.003,1.000,0.005,0.090,0.022
kirk,0.000,0.003,1.000,0.005,0.090,0.022
warren,0.000,0.003,1.000,0.005,0.090,0.022
salience,0.000,0.003,1.000,0.005,0.090,0.022
deficiency,0.000,0.003,1.000,0.005,0.090,0.022
matthew's,0.000,0.003,1.000,0.005,0.090,0.022
morass,0.000,0.003,1.000,0.005,0.090,0.022
brutality,0.000,0.003,1.000,0.005,0.090,0.022
iyengar,0.000,0.003,1.000,0.005,0.090,0.022
normalizes,0.000,0.003,1.000,0.005,0.090,0.022
non-regret,0.000,0.003,1.000,0.005,0.090,0.022
uncaring,0.000,0.003,1.000,0.005,0.090,0.022
garfield,0.000,0.003,1.000,0.005,0.090,0.022
pre-existent,0.000,0.003,1.000,0.005,0.090,0.022
psychophysiological,0.000,0.003,1.000,0.005,0.090,0.022
aerating,0.000,0.005,1.000,0.011,0.045,0.022
fasting,0.000,0.005,1.000,0.011,0.045,0.022
bandaged,0.000,0.005,1.000,0.011,0.045,0.022
crystalline,0.000,0.005,1.000,0.011,0.045,0.022
moderator,0.000,0.005,1.000,0.011,0.045,0.022
crashing,0.000,0.005,1.000,0.011,0.045,0.022
obscuring,0.000,0.008,1.000,0.016,0.030,0.022
enhanced,0.000,0.005,1.000,0.011,0.045,0.022
martial,0.000,0.005,1.000,0.011,0.045,0.022
denser,0.000,0.003,1.000,0.005,0.090,0.022
weightier,0.000,0.003,1.000,0.005,0.090,0.022
snagged,0.000,0.003,1.000,0.005,0.090,0.022
feline,0.000,0.003,1.000,0.005,0.090,0.022
claw,0.000,0.003,1.000,0.005,0.090,0.022
non-sequitur,0.000,0.003,1.000,0.005,0.090,0.022
staggeringly,0.000,0.003,1.000,0.005,0.090,0.022
spatiotemporal,0.000,0.003,1.000,0.005,0.090,0.022
non-stationary,0.000,0.003,1.000,0.005,0.090,0.022
nonlinear,0.000,0.003,1.000,0.005,0.090,0.022
neuronal,0.000,0.003,1.000,0.005,0.090,0.022
reciprocally,0.000,0.003,1.000,0.005,0.090,0.022
then-gained,0.000,0.003,1.000,0.005,0.090,0.022
exceeds,0.000,0.003,1.000,0.005,0.090,0.022
dramatize,0.000,0.003,1.000,0.005,0.090,0.022
ain't,0.000,0.003,1.000,0.005,0.090,0.022
canceled,0.000,0.003,1.000,0.005,0.090,0.022
dog-cat,0.000,0.003,1.000,0.005,0.090,0.022
skinny,0.000,0.005,1.000,0.011,0.045,0.022
introvert,0.000,0.005,1.000,0.011,0.045,0.022
extrovert,0.000,0.005,1.000,0.011,0.045,0.022
modified,0.000,0.005,1.000,0.011,0.045,0.022
badness,0.000,0.005,1.000,0.011,0.045,0.022
flurry,0.000,0.005,1.000,0.011,0.045,0.022
bending,0.000,0.005,1.000,0.011,0.045,0.022
twinge,0.000,0.005,1.000,0.011,0.045,0.022
hegemony,0.000,0.008,1.000,0.016,0.030,0.022
housework,0.000,0.005,1.000,0.011,0.045,0.022
squeezing,0.000,0.005,1.000,0.011,0.045,0.022
weekly,0.000,0.005,1.000,0.011,0.045,0.022
ornamental,0.000,0.003,1.000,0.005,0.090,0.022
anything's,0.000,0.003,1.000,0.005,0.090,0.022
instinctively,0.000,0.003,1.000,0.005,0.090,0.022
acquisitiveness,0.000,0.003,1.000,0.005,0.090,0.022
23rd,0.000,0.003,1.000,0.005,0.090,0.022
episode,0.000,0.003,1.000,0.005,0.090,0.022
rhodes,0.000,0.003,1.000,0.005,0.090,0.022
inflated,0.000,0.003,1.000,0.005,0.090,0.022
amplified,0.000,0.003,1.000,0.005,0.090,0.022
foreseeing,0.000,0.003,1.000,0.005,0.090,0.022
overlapped,0.000,0.003,1.000,0.005,0.090,0.022
junior,0.000,0.003,1.000,0.005,0.090,0.022
anagarika,0.000,0.003,1.000,0.005,0.090,0.022
consensually,0.000,0.003,1.000,0.005,0.090,0.022
unpossessible,0.000,0.003,1.000,0.005,0.090,0.022
dharma-centric,0.000,0.003,1.000,0.005,0.090,0.022
unpossessibility,0.000,0.003,1.000,0.005,0.090,0.022
calibrated,0.000,0.003,1.000,0.005,0.090,0.022
coupled,0.000,0.003,1.000,0.005,0.090,0.022
emulating,0.000,0.003,1.000,0.005,0.090,0.022
diverge,0.000,0.003,1.000,0.005,0.090,0.022
prescribed,0.000,0.005,1.000,0.011,0.045,0.022
co-teachers,0.000,0.005,1.000,0.011,0.045,0.022
jung,0.000,0.005,1.000,0.011,0.045,0.022
installment,0.000,0.008,1.000,0.016,0.030,0.022
lush,0.000,0.005,1.000,0.011,0.045,0.022
sneaky,0.000,0.008,1.000,0.016,0.030,0.022
premature,0.000,0.008,1.000,0.016,0.030,0.022
wore,0.000,0.005,1.000,0.011,0.045,0.022
boyfriend,0.000,0.005,1.000,0.011,0.045,0.022
encoded,0.000,0.005,1.000,0.011,0.045,0.022
unavoidable,0.000,0.005,1.000,0.011,0.045,0.022
proximate,0.000,0.005,1.000,0.011,0.045,0.022
children's,0.000,0.005,1.000,0.011,0.045,0.022
explores,0.000,0.005,1.000,0.011,0.045,0.022
ripping,0.000,0.003,1.000,0.005,0.089,0.022
backlash,0.000,0.003,1.000,0.005,0.089,0.022
coagulate,0.000,0.003,1.000,0.005,0.089,0.022
gift-bestowing,0.000,0.003,1.000,0.005,0.089,0.022
heartbreakingly,0.000,0.003,1.000,0.005,0.089,0.022
4of5,0.000,0.003,1.000,0.005,0.089,0.022
non-ownership,0.000,0.003,1.000,0.005,0.089,0.022
side-eyeing,0.000,0.003,1.000,0.005,0.089,0.022
sandra,0.000,0.003,1.000,0.005,0.089,0.022
rental,0.000,0.003,1.000,0.005,0.089,0.022
break-in,0.000,0.003,1.000,0.005,0.089,0.022
pushback,0.000,0.003,1.000,0.005,0.089,0.022
partaken,0.000,0.003,1.000,0.005,0.089,0.022
pastime,0.000,0.003,1.000,0.005,0.089,0.022
predictable,0.000,0.003,1.000,0.005,0.089,0.022
sworn,0.000,0.003,1.000,0.005,0.089,0.022
cocoa,0.000,0.003,1.000,0.005,0.089,0.022
curmudgeon,0.000,0.003,1.000,0.005,0.089,0.022
cynical,0.000,0.003,1.000,0.005,0.089,0.022
blended,0.000,0.003,1.000,0.005,0.089,0.022
hellish,0.000,0.003,1.000,0.005,0.089,0.022
humanity's,0.000,0.003,1.000,0.005,0.089,0.022
picturing,0.000,0.003,1.000,0.005,0.089,0.022
closed-hearted,0.000,0.003,1.000,0.005,0.089,0.022
foreclosed,0.000,0.003,1.000,0.005,0.089,0.022
viable,0.000,0.003,1.000,0.005,0.089,0.022
dostoevsky,0.000,0.003,1.000,0.005,0.089,0.022
bolter,0.000,0.005,1.000,0.011,0.045,0.022
teachable,0.000,0.005,1.000,0.011,0.045,0.022
prevailing,0.000,0.005,1.000,0.011,0.045,0.022
relentlessly,0.000,0.005,1.000,0.011,0.045,0.022
unacknowledged,0.000,0.005,1.000,0.011,0.045,0.022
avici,0.000,0.005,1.000,0.011,0.045,0.022
originated,0.000,0.008,1.000,0.016,0.030,0.022
charm,0.000,0.003,1.000,0.005,0.089,0.022
entrance,0.000,0.005,1.000,0.011,0.045,0.022
pulsation,0.000,0.005,1.000,0.011,0.045,0.022
eradicate,0.000,0.008,1.000,0.016,0.030,0.022
milling,0.000,0.005,1.000,0.011,0.045,0.022
seasonal,0.000,0.005,1.000,0.011,0.045,0.022
eagerness,0.000,0.005,1.000,0.011,0.045,0.022
thermometer,0.000,0.005,1.000,0.011,0.044,0.022
donkey,0.000,0.008,1.000,0.016,0.030,0.022
sculpture,0.000,0.003,1.000,0.005,0.089,0.022
harp,0.000,0.003,1.000,0.005,0.089,0.022
excepting,0.000,0.003,1.000,0.005,0.089,0.022
satiating,0.000,0.003,1.000,0.005,0.089,0.022
kathleen,0.000,0.003,1.000,0.005,0.089,0.022
havland,0.000,0.003,1.000,0.005,0.089,0.022
revert,0.000,0.003,1.000,0.005,0.089,0.022
precedented,0.000,0.003,1.000,0.005,0.089,0.022
stoking,0.000,0.003,1.000,0.005,0.089,0.022
stone's,0.000,0.003,1.000,0.005,0.089,0.022
jazz-like,0.000,0.003,1.000,0.005,0.089,0.022
drowning,0.000,0.003,1.000,0.005,0.089,0.022
non-interference,0.000,0.003,1.000,0.005,0.089,0.022
vitakkasanthana,0.000,0.003,1.000,0.005,0.089,0.022
brittleness,0.000,0.003,1.000,0.005,0.089,0.022
deconstructive,0.000,0.003,1.000,0.005,0.089,0.022
testified,0.000,0.003,1.000,0.005,0.089,0.022
infection,0.000,0.003,1.000,0.005,0.089,0.022
accommodated,0.000,0.003,1.000,0.005,0.089,0.022
proxy,0.000,0.003,1.000,0.005,0.089,0.022
crestone,0.000,0.003,1.000,0.005,0.089,0.022
tongue-in-cheek,0.000,0.005,1.000,0.011,0.044,0.022
glomming,0.000,0.005,1.000,0.011,0.044,0.022
nervousness,0.000,0.008,1.000,0.016,0.030,0.022
worsening,0.000,0.005,1.000,0.011,0.044,0.022
confronting,0.000,0.005,1.000,0.011,0.044,0.022
woman's,0.000,0.005,1.000,0.011,0.044,0.022
bowed,0.000,0.005,1.000,0.011,0.044,0.022
cult,0.000,0.005,1.000,0.011,0.044,0.022
unheard,0.000,0.008,1.000,0.016,0.030,0.022
subplot,0.000,0.003,1.000,0.005,0.089,0.022
thins,0.000,0.003,1.000,0.005,0.089,0.022
dylan,0.000,0.003,1.000,0.005,0.089,0.022
knocking,0.000,0.003,1.000,0.005,0.089,0.022
heaven's,0.000,0.003,1.000,0.005,0.089,0.022
palisade,0.000,0.003,1.000,0.005,0.089,0.022
decent,0.000,0.003,1.000,0.005,0.089,0.022
snyder's,0.000,0.003,1.000,0.005,0.089,0.022
autocracy,0.000,0.003,1.000,0.005,0.089,0.022
fluorescent,0.000,0.003,1.000,0.005,0.089,0.022
confetti,0.000,0.003,1.000,0.005,0.089,0.022
buck's,0.000,0.003,1.000,0.005,0.089,0.022
cumulatively,0.000,0.003,1.000,0.005,0.089,0.022
rider,0.000,0.003,1.000,0.005,0.089,0.022
casa,0.000,0.003,1.000,0.005,0.089,0.022
teary,0.000,0.003,1.000,0.005,0.089,0.022
restaurateur,0.000,0.003,1.000,0.005,0.089,0.022
owned,0.000,0.003,1.000,0.005,0.089,0.022
sou,0.000,0.003,1.000,0.005,0.089,0.022
chef,0.000,0.003,1.000,0.005,0.089,0.022
threaded,0.000,0.003,1.000,0.005,0.089,0.022
cal,0.000,0.003,1.000,0.005,0.089,0.022
monica,0.000,0.003,1.000,0.005,0.089,0.022
ceaselessly,0.000,0.003,1.000,0.005,0.089,0.022
macular,0.000,0.003,1.000,0.005,0.089,0.022
degeneration,0.000,0.003,1.000,0.005,0.089,0.022
appointed,0.000,0.003,1.000,0.005,0.089,0.022
fearlessness,0.000,0.003,1.000,0.005,0.089,0.022
fenton,0.000,0.003,1.000,0.005,0.089,0.022
howling,0.000,0.003,1.000,0.005,0.089,0.022
disfigure,0.000,0.003,1.000,0.005,0.089,0.022
strangled,0.000,0.003,1.000,0.005,0.089,0.022
exorbitant,0.000,0.003,1.000,0.005,0.089,0.022
disfigured,0.000,0.003,1.000,0.005,0.089,0.022
defaced,0.000,0.003,1.000,0.005,0.089,0.022
self-engrossed,0.000,0.003,1.000,0.005,0.089,0.022
honoured,0.000,0.003,1.000,0.005,0.089,0.022
favourite,0.000,0.003,1.000,0.005,0.089,0.022
hallowed,0.000,0.003,1.000,0.005,0.089,0.022
celebrity,0.000,0.003,1.000,0.005,0.089,0.022
amends,0.000,0.003,1.000,0.005,0.089,0.022
pact,0.000,0.003,1.000,0.005,0.089,0.022
y'all,0.000,0.005,1.000,0.011,0.044,0.022
katthahari,0.000,0.005,1.000,0.011,0.044,0.022
menstruation,0.000,0.005,1.000,0.011,0.044,0.022
bravery,0.000,0.005,1.000,0.011,0.044,0.022
compost,0.000,0.003,1.000,0.005,0.089,0.022
stew,0.000,0.003,1.000,0.005,0.089,0.022
walled,0.000,0.003,1.000,0.005,0.089,0.022
cluttered,0.000,0.003,1.000,0.005,0.089,0.022
reptilian,0.000,0.003,1.000,0.005,0.089,0.022
vaster,0.000,0.005,1.000,0.011,0.044,0.022
fifty,0.000,0.003,1.000,0.005,0.089,0.022
submerged,0.000,0.003,1.000,0.005,0.089,0.022
vicaya,0.000,0.003,1.000,0.005,0.089,0.022
extracting,0.000,0.003,1.000,0.005,0.089,0.022
9th,0.000,0.003,1.000,0.005,0.089,0.022
bodyworker,0.000,0.003,1.000,0.005,0.089,0.022
fight-flight-freeze,0.000,0.003,1.000,0.005,0.089,0.022
bedrock,0.000,0.003,1.000,0.005,0.089,0.022
disown,0.000,0.003,1.000,0.005,0.089,0.022
aggrieved,0.000,0.003,1.000,0.005,0.089,0.022
angered,0.000,0.003,1.000,0.005,0.089,0.022
wanton,0.000,0.003,1.000,0.005,0.089,0.022
coexists,0.000,0.003,1.000,0.005,0.089,0.022
pulitzer,0.000,0.003,1.000,0.005,0.089,0.022
superb,0.000,0.003,1.000,0.005,0.089,0.022
jonathan,0.000,0.003,1.000,0.005,0.089,0.022
eig,0.000,0.003,1.000,0.005,0.089,0.022
sanitized,0.000,0.003,1.000,0.005,0.089,0.022
self-indulgent,0.000,0.003,1.000,0.005,0.089,0.022
inactivity,0.000,0.003,1.000,0.005,0.089,0.022
discharge,0.000,0.003,1.000,0.005,0.089,0.022
persuasiveness,0.000,0.003,1.000,0.005,0.089,0.022
unmitigated,0.000,0.003,1.000,0.005,0.089,0.022
nonsense,0.000,0.003,1.000,0.005,0.089,0.022
oppressor,0.000,0.003,1.000,0.005,0.089,0.022
philia,0.000,0.003,1.000,0.005,0.089,0.022
redeeming,0.000,0.003,1.000,0.005,0.089,0.022
cueing,0.000,0.003,1.000,0.005,0.089,0.022
squirrely,0.000,0.003,1.000,0.005,0.089,0.022
ejector,0.000,0.003,1.000,0.005,0.089,0.022
macro,0.000,0.003,1.000,0.005,0.089,0.022
hoop,0.000,0.003,1.000,0.005,0.089,0.022
patriarchy,0.000,0.003,1.000,0.005,0.089,0.022
elaborated,0.000,0.003,1.000,0.005,0.089,0.022
orchestrating,0.000,0.003,1.000,0.005,0.089,0.022
choreographing,0.000,0.003,1.000,0.005,0.089,0.022
hyper-plastic,0.000,0.003,1.000,0.005,0.089,0.022
de-electrified,0.000,0.003,1.000,0.005,0.089,0.022
bake,0.000,0.003,1.000,0.005,0.089,0.022
beckons,0.000,0.003,1.000,0.005,0.089,0.022
betraying,0.000,0.008,1.000,0.016,0.030,0.022
hafiz,0.000,0.005,1.000,0.011,0.044,0.022
fairy,0.000,0.005,1.000,0.011,0.044,0.022
self-identity,0.000,0.005,1.000,0.011,0.044,0.022
originates,0.000,0.008,1.000,0.016,0.029,0.022
crap,0.000,0.008,1.000,0.016,0.029,0.022
disservice,0.000,0.008,1.000,0.016,0.029,0.022
keen,0.000,0.011,1.000,0.022,0.022,0.022
operator,0.000,0.005,1.000,0.011,0.044,0.022
blindly,0.000,0.005,1.000,0.011,0.044,0.022
referenced,0.000,0.008,1.000,0.016,0.029,0.022
itchy,0.000,0.008,1.000,0.016,0.029,0.022
surfaced,0.000,0.005,1.000,0.011,0.044,0.022
1970s,0.000,0.008,1.000,0.016,0.029,0.022
reifies,0.000,0.005,1.000,0.011,0.044,0.022
detract,0.000,0.003,1.000,0.005,0.088,0.022
connotes,0.000,0.003,1.000,0.005,0.088,0.022
roller,0.000,0.003,1.000,0.005,0.088,0.022
coaster,0.000,0.003,1.000,0.005,0.088,0.022
reliability,0.000,0.003,1.000,0.005,0.088,0.022
superpower,0.000,0.003,1.000,0.005,0.088,0.022
thrash,0.000,0.003,1.000,0.005,0.088,0.022
peck,0.000,0.003,1.000,0.005,0.088,0.022
mitchell,0.000,0.005,1.000,0.011,0.044,0.022
long-lost,0.000,0.005,1.000,0.011,0.044,0.022
heel,0.000,0.011,1.000,0.022,0.022,0.022
kapilavatthu,0.000,0.003,1.000,0.005,0.088,0.022
bilva,0.000,0.003,1.000,0.005,0.088,0.022
sapling,0.000,0.003,1.000,0.005,0.088,0.022
courteous,0.000,0.003,1.000,0.005,0.088,0.022
papanca-sanna-sankha,0.000,0.003,1.000,0.005,0.088,0.022
mahakaccana's,0.000,0.003,1.000,0.005,0.088,0.022
nine-month,0.000,0.005,1.000,0.011,0.044,0.022
forearm,0.000,0.005,1.000,0.011,0.044,0.022
gingerly,0.000,0.005,1.000,0.011,0.044,0.022
wrapping,0.000,0.005,1.000,0.011,0.044,0.022
seon,0.000,0.003,1.000,0.005,0.088,0.022
buddhahood,0.000,0.003,1.000,0.005,0.088,0.022
unarisen,0.000,0.003,1.000,0.005,0.088,0.022
causative,0.000,0.003,1.000,0.005,0.088,0.022
manny,0.000,0.003,1.000,0.005,0.088,0.022
pencil,0.000,0.008,1.000,0.016,0.029,0.022
biochemistry,0.000,0.005,1.000,0.011,0.044,0.022
elm,0.000,0.003,1.000,0.005,0.088,0.022
macy's,0.000,0.003,1.000,0.005,0.088,0.022
comfy,0.000,0.003,1.000,0.005,0.088,0.022
no-no,0.000,0.003,1.000,0.005,0.088,0.022
unmistakably,0.000,0.003,1.000,0.005,0.088,0.022
hala,0.000,0.003,1.000,0.005,0.088,0.022
alyan,0.000,0.003,1.000,0.005,0.088,0.022
swarmed,0.000,0.003,1.000,0.005,0.088,0.022
astonishment,0.000,0.003,1.000,0.005,0.088,0.022
crumbling,0.000,0.003,1.000,0.005,0.088,0.022
misdiagnose,0.000,0.003,1.000,0.005,0.088,0.022
single-cause,0.000,0.003,1.000,0.005,0.088,0.022
causal,0.000,0.003,1.000,0.005,0.088,0.022
kathryn,0.000,0.003,1.000,0.005,0.088,0.022
schulz,0.000,0.003,1.000,0.005,0.088,0.022
avaricious,0.000,0.003,1.000,0.005,0.088,0.022
imminence,0.000,0.003,1.000,0.005,0.088,0.022
aftermath,0.000,0.003,1.000,0.005,0.088,0.022
time-lapse,0.000,0.003,1.000,0.005,0.088,0.022
affording,0.000,0.003,1.000,0.005,0.088,0.022
formative,0.000,0.003,1.000,0.005,0.088,0.022
encode,0.000,0.003,1.000,0.005,0.088,0.022
distilling,0.000,0.003,1.000,0.005,0.088,0.022
blunting,0.000,0.003,1.000,0.005,0.088,0.022
advice-giving,0.000,0.003,1.000,0.005,0.088,0.022
intolerable,0.000,0.003,1.000,0.005,0.088,0.022
tilt,0.000,0.003,1.000,0.005,0.088,0.022
partition,0.000,0.003,1.000,0.005,0.088,0.022
completes,0.000,0.003,1.000,0.005,0.088,0.022
reabsorbed,0.000,0.003,1.000,0.005,0.088,0.022
unwinding,0.000,0.003,1.000,0.005,0.088,0.022
necessitates,0.000,0.003,1.000,0.005,0.088,0.022
precariousness,0.000,0.003,1.000,0.005,0.088,0.022
constrain,0.000,0.003,1.000,0.005,0.088,0.022
unconstrained,0.000,0.003,1.000,0.005,0.088,0.022
generational,0.000,0.003,1.000,0.005,0.088,0.022
scheffler's,0.000,0.003,1.000,0.005,0.088,0.022
slam,0.000,0.003,1.000,0.005,0.088,0.022
unquestioned,0.000,0.003,1.000,0.005,0.088,0.022
championship,0.000,0.003,1.000,0.005,0.088,0.022
sister's,0.000,0.003,1.000,0.005,0.088,0.022
malfunctioning,0.000,0.003,1.000,0.005,0.088,0.022
glitching,0.000,0.003,1.000,0.005,0.088,0.022
striated,0.000,0.003,1.000,0.005,0.088,0.022
hauntingly,0.000,0.003,1.000,0.005,0.088,0.022
unquenchable,0.000,0.003,1.000,0.005,0.088,0.022
marketing,0.000,0.003,1.000,0.005,0.088,0.022
forthcoming,0.000,0.003,1.000,0.005,0.088,0.022
doubling,0.000,0.003,1.000,0.005,0.088,0.022
quenched,0.000,0.003,1.000,0.005,0.088,0.022
self-evidencing,0.000,0.003,1.000,0.005,0.088,0.022
good-heartedness,0.000,0.003,1.000,0.005,0.088,0.022
conduces,0.000,0.003,1.000,0.005,0.088,0.022
unbroken,0.000,0.003,1.000,0.005,0.088,0.022
unblotched,0.000,0.003,1.000,0.005,0.088,0.022
10-week,0.000,0.003,1.000,0.005,0.088,0.022
terrified,0.000,0.008,1.000,0.016,0.029,0.022
broaden,0.000,0.005,1.000,0.011,0.044,0.022
judeo-christian,0.000,0.005,1.000,0.011,0.044,0.022
jose,0.000,0.005,1.000,0.011,0.044,0.022
supernormal,0.000,0.005,1.000,0.011,0.044,0.022
potato,0.000,0.003,1.000,0.005,0.088,0.022
raisin,0.000,0.003,1.000,0.005,0.088,0.022
nature's,0.000,0.005,1.000,0.011,0.044,0.022
mute,0.000,0.005,1.000,0.011,0.044,0.022
unite,0.000,0.005,1.000,0.011,0.044,0.022
lengthy,0.000,0.005,1.000,0.011,0.044,0.022
diffused,0.000,0.005,1.000,0.011,0.044,0.022
clerk,0.000,0.008,1.000,0.016,0.029,0.022
confirmed,0.000,0.005,1.000,0.011,0.044,0.022
fishbowl,0.000,0.003,1.000,0.005,0.087,0.022
fluff,0.000,0.003,1.000,0.005,0.087,0.022
quit,0.000,0.003,1.000,0.005,0.087,0.022
drummer,0.000,0.005,1.000,0.011,0.044,0.022
dipa,0.000,0.005,1.000,0.011,0.044,0.022
ma,0.000,0.005,1.000,0.011,0.044,0.022
clergy,0.000,0.005,1.000,0.011,0.044,0.022
congregation,0.000,0.005,1.000,0.011,0.044,0.022
pati,0.000,0.005,1.000,0.011,0.044,0.022
arm's,0.000,0.005,1.000,0.011,0.044,0.022
justification,0.000,0.005,1.000,0.011,0.044,0.022
raging,0.000,0.008,1.000,0.016,0.029,0.022
perk,0.000,0.008,1.000,0.016,0.029,0.022
adhering,0.000,0.005,1.000,0.011,0.044,0.022
nba,0.000,0.003,1.000,0.005,0.087,0.022
rocket,0.000,0.003,1.000,0.005,0.087,0.022
well-regulated,0.000,0.003,1.000,0.005,0.087,0.022
grunt,0.000,0.003,1.000,0.005,0.087,0.022
pirouetting,0.000,0.003,1.000,0.005,0.087,0.022
curry's,0.000,0.003,1.000,0.005,0.087,0.022
referentiality,0.000,0.003,1.000,0.005,0.087,0.022
regime,0.000,0.003,1.000,0.005,0.087,0.022
monoculture,0.000,0.003,1.000,0.005,0.087,0.022
over-cultivation,0.000,0.003,1.000,0.005,0.087,0.022
spasm,0.000,0.003,1.000,0.005,0.087,0.022
resemble,0.000,0.003,1.000,0.005,0.087,0.022
confection,0.000,0.003,1.000,0.005,0.087,0.022
corn,0.000,0.003,1.000,0.005,0.087,0.022
self-expression,0.000,0.003,1.000,0.005,0.087,0.022
solicitation,0.000,0.003,1.000,0.005,0.087,0.022
evacuate,0.000,0.003,1.000,0.005,0.087,0.022
bauble-bedecked,0.000,0.003,1.000,0.005,0.087,0.022
ill-advised,0.000,0.003,1.000,0.005,0.087,0.022
baked,0.000,0.003,1.000,0.005,0.087,0.022
dwarfed,0.000,0.003,1.000,0.005,0.087,0.022
monk's,0.000,0.003,1.000,0.005,0.087,0.022
ryokan's,0.000,0.003,1.000,0.005,0.087,0.022
interchangeably,0.000,0.003,1.000,0.005,0.087,0.022
glancing,0.000,0.003,1.000,0.005,0.087,0.022
impulsivity,0.000,0.003,1.000,0.005,0.087,0.022
risking,0.000,0.003,1.000,0.005,0.087,0.022
weil,0.000,0.003,1.000,0.005,0.087,0.022
self-evidently,0.000,0.003,1.000,0.005,0.087,0.022
dissect,0.000,0.003,1.000,0.005,0.087,0.022
pre-verbal,0.000,0.003,1.000,0.005,0.087,0.022
delicately,0.000,0.003,1.000,0.005,0.087,0.022
brain's,0.000,0.003,1.000,0.005,0.087,0.022
punnavaddho,0.000,0.003,1.000,0.005,0.087,0.022
organizes,0.000,0.003,1.000,0.005,0.087,0.022
strategic,0.000,0.008,1.000,0.016,0.029,0.022
send-off,0.000,0.003,1.000,0.005,0.087,0.022
cuddle,0.000,0.003,1.000,0.005,0.087,0.022
murder,0.000,0.008,1.000,0.016,0.029,0.022
instinctual,0.000,0.005,1.000,0.011,0.043,0.022
laundry,0.000,0.005,1.000,0.011,0.043,0.022
dependently,0.000,0.008,1.000,0.016,0.029,0.022
misogyny,0.000,0.005,1.000,0.011,0.043,0.022
strung,0.000,0.008,1.000,0.016,0.029,0.022
backing,0.000,0.005,1.000,0.011,0.043,0.022
empowering,0.000,0.008,1.000,0.016,0.029,0.022
amp,0.000,0.005,1.000,0.011,0.043,0.022
owns,0.000,0.005,1.000,0.011,0.043,0.022
imbuing,0.000,0.005,1.000,0.011,0.043,0.022
inventory,0.000,0.005,1.000,0.011,0.043,0.022
introverted,0.000,0.008,1.000,0.016,0.029,0.022
prominence,0.000,0.005,1.000,0.011,0.043,0.022
smash,0.000,0.005,1.000,0.011,0.043,0.022
ruling,0.000,0.008,1.000,0.016,0.029,0.022
anniversary,0.000,0.005,1.000,0.011,0.043,0.022
tortured,0.000,0.008,1.000,0.016,0.029,0.022
reset,0.000,0.005,1.000,0.011,0.043,0.022
kid's,0.000,0.008,1.000,0.016,0.029,0.022
christ,0.000,0.011,1.000,0.022,0.022,0.022
pit,0.000,0.005,1.000,0.011,0.043,0.022
assessed,0.000,0.003,1.000,0.005,0.086,0.022
beacon,0.000,0.003,1.000,0.005,0.086,0.022
expelling,0.000,0.003,1.000,0.005,0.086,0.022
rethought,0.000,0.003,1.000,0.005,0.086,0.022
revised,0.000,0.003,1.000,0.005,0.086,0.022
california's,0.000,0.003,1.000,0.005,0.086,0.022
awarded,0.000,0.003,1.000,0.005,0.086,0.022
temperamental,0.000,0.003,1.000,0.005,0.086,0.022
amusing,0.000,0.003,1.000,0.005,0.086,0.022
ajahns,0.000,0.003,1.000,0.005,0.086,0.022
george,0.000,0.003,1.000,0.005,0.086,0.022
testifies,0.000,0.003,1.000,0.005,0.086,0.022
re-acquiring,0.000,0.003,1.000,0.005,0.086,0.022
non-vigilance,0.000,0.003,1.000,0.005,0.086,0.022
wounding,0.000,0.003,1.000,0.005,0.086,0.022
90-minute,0.000,0.003,1.000,0.005,0.086,0.022
blotting,0.000,0.003,1.000,0.005,0.086,0.022
shortage,0.000,0.005,1.000,0.011,0.043,0.022
operation,0.000,0.005,1.000,0.011,0.043,0.022
erik,0.000,0.003,1.000,0.005,0.086,0.022
erikson,0.000,0.003,1.000,0.005,0.086,0.022
ruptured,0.000,0.003,1.000,0.005,0.086,0.022
foliage,0.000,0.005,1.000,0.011,0.043,0.022
misstep,0.000,0.003,1.000,0.005,0.086,0.022
obedience,0.000,0.003,1.000,0.005,0.086,0.022
distressful,0.000,0.003,1.000,0.005,0.086,0.022
unyielding,0.000,0.003,1.000,0.005,0.086,0.022
hirschfield,0.000,0.003,1.000,0.005,0.086,0.022
haydarpasa,0.000,0.003,1.000,0.005,0.086,0.022
fig,0.000,0.003,1.000,0.005,0.086,0.022
daylight,0.000,0.008,1.000,0.016,0.029,0.022
patiently,0.000,0.005,1.000,0.011,0.043,0.022
rehabilitation,0.000,0.005,1.000,0.011,0.043,0.022
unfulfilled,0.000,0.008,1.000,0.016,0.029,0.022
confront,0.000,0.005,1.000,0.011,0.043,0.022
strangely,0.000,0.005,1.000,0.011,0.043,0.022
doctor's,0.000,0.005,1.000,0.011,0.043,0.022
fortress,0.000,0.005,1.000,0.011,0.043,0.022
impede,0.000,0.008,1.000,0.016,0.029,0.022
arouses,0.000,0.003,1.000,0.005,0.086,0.022
faithfulness,0.000,0.003,1.000,0.005,0.086,0.022
harassment,0.000,0.003,1.000,0.005,0.086,0.022
trafficking,0.000,0.003,1.000,0.005,0.086,0.022
whoosh,0.000,0.003,1.000,0.005,0.086,0.022
wife-approved,0.000,0.003,1.000,0.005,0.086,0.022
feminist,0.000,0.003,1.000,0.005,0.086,0.022
ironed,0.000,0.003,1.000,0.005,0.086,0.022
mended,0.000,0.003,1.000,0.005,0.086,0.022
obeys,0.000,0.003,1.000,0.005,0.086,0.022
housewife,0.000,0.003,1.000,0.005,0.086,0.022
fishwife,0.000,0.003,1.000,0.005,0.086,0.022
kettle,0.000,0.003,1.000,0.005,0.086,0.022
suckling,0.000,0.003,1.000,0.005,0.086,0.022
babe,0.000,0.003,1.000,0.005,0.086,0.022
stir-fried,0.000,0.003,1.000,0.005,0.086,0.022
poached,0.000,0.003,1.000,0.005,0.086,0.022
cedar,0.000,0.003,1.000,0.005,0.086,0.022
waxwing,0.000,0.003,1.000,0.005,0.086,0.022
piny,0.000,0.003,1.000,0.005,0.086,0.022
shout,0.000,0.003,1.000,0.005,0.086,0.022
moan,0.000,0.003,1.000,0.005,0.086,0.022
cane,0.000,0.003,1.000,0.005,0.086,0.022
chrysanthemum,0.000,0.003,1.000,0.005,0.086,0.022
earthbound,0.000,0.003,1.000,0.005,0.086,0.022
weekday,0.000,0.005,1.000,0.011,0.043,0.022
neurochemical,0.000,0.005,1.000,0.011,0.043,0.022
neuroplasticity,0.000,0.008,1.000,0.016,0.029,0.022
high-level,0.000,0.003,1.000,0.005,0.086,0.022
epithet,0.000,0.003,1.000,0.005,0.086,0.022
non-releaser,0.000,0.003,1.000,0.005,0.086,0.022
kinsman,0.000,0.003,1.000,0.005,0.086,0.022
heedless,0.000,0.003,1.000,0.005,0.086,0.022
denigration,0.000,0.003,1.000,0.005,0.086,0.022
satanic,0.000,0.003,1.000,0.005,0.086,0.022
munja,0.000,0.003,1.000,0.005,0.086,0.022
stress-free,0.000,0.005,1.000,0.011,0.043,0.022
khema's,0.000,0.003,1.000,0.005,0.086,0.022
panorama,0.000,0.003,1.000,0.005,0.086,0.022
gravelly,0.000,0.003,1.000,0.005,0.086,0.022
checkbox,0.000,0.003,1.000,0.005,0.086,0.022
gladdens,0.000,0.003,1.000,0.005,0.086,0.022
nightmare,0.000,0.005,1.000,0.011,0.043,0.022
preferencing,0.000,0.005,1.000,0.011,0.043,0.022
busier,0.000,0.005,1.000,0.011,0.043,0.022
interdependent,0.000,0.005,1.000,0.011,0.043,0.022
sarton,0.000,0.003,1.000,0.005,0.085,0.022
phoebe,0.000,0.003,1.000,0.005,0.085,0.022
petrified,0.000,0.003,1.000,0.005,0.085,0.022
avalokiteshvara,0.000,0.003,1.000,0.005,0.085,0.022
collaborating,0.000,0.008,1.000,0.016,0.028,0.022
timeline,0.000,0.008,1.000,0.016,0.028,0.022
matched,0.000,0.005,1.000,0.011,0.043,0.022
fogginess,0.000,0.008,1.000,0.016,0.028,0.022
speculate,0.000,0.005,1.000,0.011,0.043,0.022
catastrophic,0.000,0.005,1.000,0.011,0.043,0.022
dealership,0.000,0.005,1.000,0.011,0.043,0.022
stair,0.000,0.008,1.000,0.016,0.028,0.022
fixity,0.000,0.005,1.000,0.011,0.043,0.022
recess,0.000,0.008,1.000,0.016,0.028,0.022
flew,0.000,0.005,1.000,0.011,0.043,0.022
gloss,0.000,0.005,1.000,0.011,0.043,0.022
unshaved,0.000,0.003,1.000,0.005,0.085,0.022
caffeinated,0.000,0.003,1.000,0.005,0.085,0.022
careening,0.000,0.003,1.000,0.005,0.085,0.022
signaling,0.000,0.003,1.000,0.005,0.085,0.022
speculated,0.000,0.003,1.000,0.005,0.085,0.022
bad-faith,0.000,0.003,1.000,0.005,0.085,0.022
deceptiveness,0.000,0.003,1.000,0.005,0.085,0.022
rotting,0.000,0.005,1.000,0.011,0.043,0.022
stride,0.000,0.005,1.000,0.011,0.043,0.022
naropa,0.000,0.005,1.000,0.011,0.043,0.022
professionally,0.000,0.008,1.000,0.016,0.028,0.022
invented,0.000,0.008,1.000,0.016,0.028,0.022
dragon,0.000,0.005,1.000,0.011,0.043,0.022
inspirational,0.000,0.005,1.000,0.011,0.043,0.022
mismanagement,0.000,0.005,1.000,0.011,0.043,0.022
self-importance,0.000,0.005,1.000,0.011,0.043,0.022
african-american,0.000,0.005,1.000,0.011,0.042,0.022
creator,0.000,0.005,1.000,0.011,0.042,0.022
curriculum,0.000,0.011,1.000,0.022,0.021,0.022
tailbone,0.000,0.005,1.000,0.011,0.042,0.022
whimsy,0.000,0.005,1.000,0.011,0.042,0.022
take,0.003,0.921,0.997,0.158,0.003,0.022
empathetic,0.000,0.011,1.000,0.022,0.021,0.021
premier,0.000,0.005,1.000,0.011,0.042,0.021
exuding,0.000,0.005,1.000,0.011,0.042,0.021
aimless,0.000,0.005,1.000,0.011,0.042,0.021
basing,0.000,0.014,1.000,0.027,0.017,0.021
grandmother,0.000,0.005,1.000,0.011,0.042,0.021
handsome,0.000,0.008,1.000,0.016,0.028,0.021
knee-jerk,0.000,0.005,1.000,0.011,0.042,0.021
what'll,0.000,0.005,1.000,0.011,0.042,0.021
clarifying,0.000,0.005,1.000,0.011,0.042,0.021
conceptually,0.000,0.005,1.000,0.011,0.042,0.021
clinician,0.000,0.005,1.000,0.011,0.042,0.021
sama,0.000,0.005,1.000,0.011,0.042,0.021
all-around,0.000,0.003,1.000,0.005,0.084,0.021
flashing,0.000,0.003,1.000,0.005,0.084,0.021
maniac,0.000,0.003,1.000,0.005,0.084,0.021
discourage,0.000,0.005,1.000,0.011,0.042,0.021
open-minded,0.000,0.005,1.000,0.011,0.042,0.021
differentiation,0.000,0.005,1.000,0.011,0.042,0.021
dismaying,0.000,0.005,1.000,0.011,0.042,0.021
ironing,0.000,0.005,1.000,0.011,0.042,0.021
gladly,0.000,0.005,1.000,0.011,0.042,0.021
vent,0.000,0.008,1.000,0.016,0.028,0.021
inscription,0.000,0.005,1.000,0.011,0.042,0.021
zeroed,0.000,0.005,1.000,0.011,0.042,0.021
abusing,0.000,0.005,1.000,0.011,0.042,0.021
cough,0.000,0.005,1.000,0.011,0.042,0.021
throe,0.000,0.005,1.000,0.011,0.042,0.021
grumbling,0.000,0.008,1.000,0.016,0.028,0.021
all-powerful,0.000,0.008,1.000,0.016,0.028,0.021
slipped,0.000,0.008,1.000,0.016,0.028,0.021
austere,0.000,0.005,1.000,0.011,0.042,0.021
ha,0.004,0.929,0.996,0.142,0.003,0.021
occasional,0.000,0.005,1.000,0.011,0.042,0.021
fathomed,0.000,0.005,1.000,0.011,0.042,0.021
converging,0.000,0.003,1.000,0.005,0.084,0.021
18th-century,0.000,0.003,1.000,0.005,0.084,0.021
kobayashi,0.000,0.003,1.000,0.005,0.084,0.021
issa,0.000,0.003,1.000,0.005,0.084,0.021
to-the-point,0.000,0.003,1.000,0.005,0.084,0.021
soberly,0.000,0.003,1.000,0.005,0.084,0.021
resonating,0.000,0.003,1.000,0.005,0.084,0.021
11-year-old,0.000,0.003,1.000,0.005,0.084,0.021
inning,0.000,0.003,1.000,0.005,0.084,0.021
runner,0.000,0.003,1.000,0.005,0.084,0.021
forthright,0.000,0.003,1.000,0.005,0.084,0.021
consist,0.000,0.003,1.000,0.005,0.084,0.021
wielded,0.000,0.003,1.000,0.005,0.084,0.021
calibrating,0.000,0.003,1.000,0.005,0.084,0.021
inflection,0.000,0.003,1.000,0.005,0.084,0.021
decisively,0.000,0.003,1.000,0.005,0.084,0.021
rearrangement,0.000,0.003,1.000,0.005,0.084,0.021
breed,0.000,0.003,1.000,0.005,0.084,0.021
self-driven,0.000,0.003,1.000,0.005,0.084,0.021
sayadaw's,0.000,0.003,1.000,0.005,0.084,0.021
vaguer,0.000,0.003,1.000,0.005,0.084,0.021
tinkering,0.000,0.003,1.000,0.005,0.084,0.021
kaleidoscopic,0.000,0.003,1.000,0.005,0.084,0.021
inherits,0.000,0.003,1.000,0.005,0.084,0.021
counterfactual,0.000,0.003,1.000,0.005,0.084,0.021
prairie,0.000,0.003,1.000,0.005,0.084,0.021
dealer,0.000,0.003,1.000,0.005,0.084,0.021
honda,0.000,0.003,1.000,0.005,0.084,0.021
sledgehammer,0.000,0.003,1.000,0.005,0.084,0.021
shalt,0.000,0.005,1.000,0.011,0.042,0.021
innovation,0.000,0.008,1.000,0.016,0.028,0.021
app,0.000,0.005,1.000,0.011,0.042,0.021
extrapolate,0.000,0.005,1.000,0.011,0.042,0.021
porch,0.000,0.005,1.000,0.011,0.042,0.021
sunflower,0.000,0.005,1.000,0.011,0.042,0.021
rhetoric,0.000,0.003,1.000,0.005,0.084,0.021
panelist,0.000,0.003,1.000,0.005,0.084,0.021
tactic,0.000,0.005,1.000,0.011,0.042,0.021
blockage,0.000,0.005,1.000,0.011,0.042,0.021
actualized,0.000,0.005,1.000,0.011,0.042,0.021
veda,0.000,0.005,1.000,0.011,0.042,0.021
thesis,0.000,0.005,1.000,0.011,0.042,0.021
censored,0.000,0.005,1.000,0.011,0.042,0.021
succinct,0.000,0.008,1.000,0.016,0.028,0.021
outlet,0.000,0.005,1.000,0.011,0.042,0.021
1980s,0.000,0.005,1.000,0.011,0.042,0.021
adaptation,0.000,0.005,1.000,0.011,0.042,0.021
clicked,0.000,0.008,1.000,0.016,0.028,0.021
hijack,0.000,0.005,1.000,0.011,0.042,0.021
decision-making,0.000,0.008,1.000,0.016,0.028,0.021
nano,0.000,0.003,1.000,0.005,0.083,0.021
sorted,0.000,0.003,1.000,0.005,0.083,0.021
thousand-piece,0.000,0.003,1.000,0.005,0.083,0.021
alzheimer's,0.000,0.003,1.000,0.005,0.083,0.021
bird's,0.000,0.008,1.000,0.016,0.028,0.021
fawn,0.000,0.008,1.000,0.016,0.028,0.021
machete,0.000,0.003,1.000,0.005,0.083,0.021
marshy,0.000,0.003,1.000,0.005,0.083,0.021
retired,0.000,0.008,1.000,0.016,0.028,0.021
defended,0.000,0.005,1.000,0.011,0.042,0.021
raindrop,0.000,0.005,1.000,0.011,0.042,0.021
shouting,0.000,0.005,1.000,0.011,0.042,0.021
urged,0.000,0.005,1.000,0.011,0.042,0.021
open-mindedness,0.000,0.005,1.000,0.011,0.042,0.021
co-creation,0.000,0.005,1.000,0.011,0.042,0.021
sufficiently,0.000,0.008,1.000,0.016,0.028,0.021
safeguard,0.000,0.005,1.000,0.011,0.042,0.021
decisive,0.000,0.005,1.000,0.011,0.042,0.021
scotland,0.000,0.003,1.000,0.005,0.083,0.021
london,0.000,0.003,1.000,0.005,0.083,0.021
pam,0.000,0.003,1.000,0.005,0.083,0.021
embedding,0.000,0.003,1.000,0.005,0.083,0.021
prune,0.000,0.003,1.000,0.005,0.083,0.021
acclimatizing,0.000,0.003,1.000,0.005,0.083,0.021
dacher,0.000,0.003,1.000,0.005,0.083,0.021
keltner,0.000,0.003,1.000,0.005,0.083,0.021
admiration,0.000,0.003,1.000,0.005,0.083,0.021
magnanimity,0.000,0.003,1.000,0.005,0.083,0.021
pro-social,0.000,0.003,1.000,0.005,0.083,0.021
assistance,0.000,0.003,1.000,0.005,0.083,0.021
lumbini,0.000,0.003,1.000,0.005,0.083,0.021
galen,0.000,0.003,1.000,0.005,0.083,0.021
ferguson,0.000,0.003,1.000,0.005,0.083,0.021
shamatha,0.000,0.003,1.000,0.005,0.083,0.021
buttoned,0.000,0.003,1.000,0.005,0.083,0.021
customary,0.000,0.003,1.000,0.005,0.083,0.021
adherence,0.000,0.003,1.000,0.005,0.083,0.021
butt,0.000,0.003,1.000,0.005,0.083,0.021
cheerfulness,0.000,0.003,1.000,0.005,0.083,0.021
reorganized,0.000,0.005,1.000,0.011,0.042,0.021
persona,0.000,0.005,1.000,0.011,0.042,0.021
dispensation,0.000,0.005,1.000,0.011,0.041,0.021
slumping,0.000,0.005,1.000,0.011,0.041,0.021
coconut,0.000,0.005,1.000,0.011,0.041,0.021
blankness,0.000,0.003,1.000,0.005,0.083,0.021
redemptive,0.000,0.003,1.000,0.005,0.083,0.021
doingness,0.000,0.003,1.000,0.005,0.083,0.021
megan,0.000,0.003,1.000,0.005,0.083,0.021
cowan,0.000,0.003,1.000,0.005,0.083,0.021
chris,0.000,0.003,1.000,0.005,0.083,0.021
mckenna,0.000,0.003,1.000,0.005,0.083,0.021
endearing,0.000,0.003,1.000,0.005,0.083,0.021
risk-averse,0.000,0.003,1.000,0.005,0.083,0.021
harm-avoidant,0.000,0.003,1.000,0.005,0.083,0.021
threshold,0.000,0.003,1.000,0.005,0.083,0.021
chucking,0.000,0.003,1.000,0.005,0.083,0.021
kay,0.000,0.003,1.000,0.005,0.083,0.021
tye,0.000,0.003,1.000,0.005,0.083,0.021
authoritarian,0.000,0.003,1.000,0.005,0.083,0.021
micro-level,0.000,0.003,1.000,0.005,0.083,0.021
constellate,0.000,0.003,1.000,0.005,0.083,0.021
necessitate,0.000,0.003,1.000,0.005,0.083,0.021
thinness,0.000,0.003,1.000,0.005,0.083,0.021
immanuel,0.000,0.003,1.000,0.005,0.083,0.021
kant,0.000,0.003,1.000,0.005,0.083,0.021
annihilation,0.000,0.003,1.000,0.005,0.083,0.021
problem-solving,0.000,0.003,1.000,0.005,0.083,0.021
problem-solve,0.000,0.003,1.000,0.005,0.083,0.021
cataloging,0.000,0.003,1.000,0.005,0.083,0.021
coward,0.000,0.003,1.000,0.005,0.083,0.021
aquinas,0.000,0.003,1.000,0.005,0.083,0.021
rapidly,0.000,0.008,1.000,0.016,0.028,0.021
lumped,0.000,0.005,1.000,0.011,0.041,0.021
snack,0.000,0.005,1.000,0.011,0.041,0.021
big-hearted,0.000,0.003,1.000,0.005,0.083,0.021
grandfather,0.000,0.008,1.000,0.016,0.028,0.021
inaccurate,0.000,0.005,1.000,0.011,0.041,0.021
suffocating,0.000,0.005,1.000,0.011,0.041,0.021
withhold,0.000,0.005,1.000,0.011,0.041,0.021
annanda,0.000,0.003,1.000,0.005,0.083,0.021
admins,0.000,0.003,1.000,0.005,0.083,0.021
3x,0.000,0.003,1.000,0.005,0.083,0.021
harmlessly,0.000,0.005,1.000,0.011,0.041,0.021
reappear,0.000,0.008,1.000,0.016,0.028,0.021
furthermore,0.000,0.005,1.000,0.011,0.041,0.021
unicorn,0.000,0.008,1.000,0.016,0.028,0.021
utilize,0.000,0.005,1.000,0.011,0.041,0.021
bodh,0.000,0.005,1.000,0.011,0.041,0.021
gaya,0.000,0.005,1.000,0.011,0.041,0.021
four-footed,0.000,0.003,1.000,0.005,0.083,0.021
leaped,0.000,0.003,1.000,0.005,0.083,0.021
maha,0.000,0.008,1.000,0.016,0.028,0.021
khuddaka,0.000,0.005,1.000,0.011,0.041,0.021
perpetual,0.000,0.005,1.000,0.011,0.041,0.021
mischief,0.000,0.005,1.000,0.011,0.041,0.021
strand,0.000,0.008,1.000,0.016,0.027,0.021
non-heedlessness,0.000,0.003,1.000,0.005,0.082,0.021
impaired,0.000,0.003,1.000,0.005,0.082,0.021
inebriated,0.000,0.003,1.000,0.005,0.082,0.021
enhancement,0.000,0.003,1.000,0.005,0.082,0.021
mortal's,0.000,0.003,1.000,0.005,0.082,0.021
pained,0.000,0.003,1.000,0.005,0.082,0.021
sidestepping,0.000,0.003,1.000,0.005,0.082,0.021
overpowers,0.000,0.003,1.000,0.005,0.082,0.021
not-wants,0.000,0.003,1.000,0.005,0.082,0.021
impairing,0.000,0.003,1.000,0.005,0.082,0.021
midas,0.000,0.003,1.000,0.005,0.082,0.021
heap,0.000,0.011,1.000,0.022,0.021,0.021
non-violent,0.000,0.008,1.000,0.016,0.027,0.021
rainer,0.000,0.005,1.000,0.011,0.041,0.021
poorly,0.000,0.008,1.000,0.016,0.027,0.021
overwork,0.000,0.005,1.000,0.011,0.041,0.021
heartwarming,0.000,0.005,1.000,0.011,0.041,0.021
phew,0.000,0.005,1.000,0.011,0.041,0.021
nondual,0.000,0.005,1.000,0.011,0.041,0.021
unself-consciously,0.000,0.005,1.000,0.011,0.041,0.021
sweetie,0.000,0.005,1.000,0.011,0.041,0.021
celibacy,0.000,0.005,1.000,0.011,0.041,0.021
pro-attitude,0.000,0.003,1.000,0.005,0.082,0.021
non-remorse,0.000,0.003,1.000,0.005,0.082,0.021
pamojja,0.000,0.003,1.000,0.005,0.082,0.021
gritting,0.000,0.008,1.000,0.016,0.027,0.021
snuck,0.000,0.005,1.000,0.011,0.041,0.021
uttered,0.000,0.005,1.000,0.011,0.041,0.021
endowed,0.000,0.008,1.000,0.016,0.027,0.021
mahatma,0.000,0.008,1.000,0.016,0.027,0.021
carer,0.000,0.005,1.000,0.011,0.041,0.021
kerfuffle,0.000,0.005,1.000,0.011,0.041,0.021
functionally,0.000,0.005,1.000,0.011,0.041,0.021
humanly,0.000,0.005,1.000,0.011,0.041,0.021
solely,0.000,0.011,1.000,0.022,0.020,0.021
trampling,0.000,0.005,1.000,0.011,0.041,0.021
multiply,0.000,0.005,1.000,0.011,0.041,0.021
fixedly,0.000,0.005,1.000,0.011,0.041,0.021
adhitthana,0.000,0.005,1.000,0.011,0.041,0.021
consists,0.000,0.005,1.000,0.011,0.041,0.021
disengagement,0.000,0.008,1.000,0.016,0.027,0.021
compressed,0.000,0.005,1.000,0.011,0.041,0.021
parachute,0.000,0.003,1.000,0.005,0.082,0.021
self-project,0.000,0.005,1.000,0.011,0.041,0.021
cognizable,0.000,0.005,1.000,0.011,0.041,0.021
calligraphy,0.000,0.003,1.000,0.005,0.081,0.021
salty,0.000,0.005,1.000,0.011,0.041,0.021
slick,0.000,0.005,1.000,0.011,0.041,0.021
innermost,0.000,0.005,1.000,0.011,0.041,0.021
autonomous,0.000,0.005,1.000,0.011,0.041,0.021
rethinking,0.000,0.005,1.000,0.011,0.041,0.021
euripides,0.000,0.003,1.000,0.005,0.081,0.021
congratulation,0.000,0.005,1.000,0.011,0.041,0.021
dishwasher,0.000,0.005,1.000,0.011,0.041,0.021
nama,0.000,0.005,1.000,0.011,0.041,0.021
mbsr,0.000,0.005,1.000,0.011,0.041,0.021
prisoner,0.000,0.008,1.000,0.016,0.027,0.021
mistaking,0.000,0.008,1.000,0.016,0.027,0.021
hypothetical,0.000,0.008,1.000,0.016,0.027,0.021
suspiciously,0.000,0.005,1.000,0.011,0.041,0.021
kinesthetic,0.000,0.005,1.000,0.011,0.041,0.021
certified,0.000,0.003,1.000,0.005,0.081,0.021
curative,0.000,0.003,1.000,0.005,0.081,0.021
bj,0.000,0.003,1.000,0.005,0.081,0.021
oncology,0.000,0.003,1.000,0.005,0.081,0.021
transplant,0.000,0.003,1.000,0.005,0.081,0.021
consulted,0.000,0.003,1.000,0.005,0.081,0.021
vomiting,0.000,0.003,1.000,0.005,0.081,0.021
outpatient,0.000,0.003,1.000,0.005,0.081,0.021
anthology,0.000,0.005,1.000,0.011,0.041,0.021
journeyed,0.000,0.005,1.000,0.011,0.041,0.021
half-circle,0.000,0.003,1.000,0.005,0.081,0.021
crinkly,0.000,0.003,1.000,0.005,0.081,0.021
rootbound,0.000,0.003,1.000,0.005,0.081,0.021
unblinking,0.000,0.003,1.000,0.005,0.081,0.021
consumes,0.000,0.003,1.000,0.005,0.081,0.021
coo,0.000,0.003,1.000,0.005,0.081,0.021
nibbled,0.000,0.003,1.000,0.005,0.081,0.021
blouse,0.000,0.003,1.000,0.005,0.081,0.021
uncle,0.000,0.005,1.000,0.011,0.041,0.021
accredited,0.000,0.005,1.000,0.011,0.041,0.021
riled,0.000,0.008,1.000,0.016,0.027,0.021
ireland,0.000,0.003,1.000,0.005,0.081,0.021
micro-adjustments,0.000,0.003,1.000,0.005,0.081,0.021
truce,0.000,0.003,1.000,0.005,0.081,0.021
alluded,0.000,0.003,1.000,0.005,0.081,0.021
lakota,0.000,0.003,1.000,0.005,0.081,0.021
dais,0.000,0.003,1.000,0.005,0.081,0.021
non-patience,0.000,0.003,1.000,0.005,0.081,0.021
slot,0.000,0.003,1.000,0.005,0.081,0.021
naivete,0.000,0.003,1.000,0.005,0.081,0.021
slotting,0.000,0.003,1.000,0.005,0.081,0.021
instantaneous,0.000,0.003,1.000,0.005,0.081,0.021
accrues,0.000,0.003,1.000,0.005,0.081,0.021
dispositional,0.000,0.003,1.000,0.005,0.081,0.021
fetish,0.000,0.003,1.000,0.005,0.081,0.021
state-based,0.000,0.003,1.000,0.005,0.081,0.021
refinding,0.000,0.003,1.000,0.005,0.081,0.021
value-wise,0.000,0.003,1.000,0.005,0.081,0.021
effected,0.000,0.003,1.000,0.005,0.081,0.021
adoption,0.000,0.003,1.000,0.005,0.081,0.021
one-way,0.000,0.003,1.000,0.005,0.081,0.021
punctuating,0.000,0.003,1.000,0.005,0.081,0.021
alters,0.000,0.003,1.000,0.005,0.081,0.021
demoting,0.000,0.003,1.000,0.005,0.081,0.021
displacing,0.000,0.003,1.000,0.005,0.081,0.021
engendered,0.000,0.003,1.000,0.005,0.081,0.021
puppet,0.000,0.003,1.000,0.005,0.081,0.021
notch,0.000,0.005,1.000,0.011,0.040,0.021
reciprocate,0.000,0.005,1.000,0.011,0.040,0.021
solitary,0.000,0.005,1.000,0.011,0.040,0.021
decoupled,0.000,0.003,1.000,0.005,0.081,0.021
12-fold,0.000,0.003,1.000,0.005,0.081,0.021
blanche,0.000,0.003,1.000,0.005,0.081,0.021
sur,0.000,0.005,1.000,0.011,0.040,0.021
chan,0.000,0.005,1.000,0.011,0.040,0.021
stripping,0.000,0.005,1.000,0.011,0.040,0.021
coined,0.000,0.008,1.000,0.016,0.027,0.021
conductor,0.000,0.003,1.000,0.005,0.081,0.021
neighboring,0.000,0.008,1.000,0.016,0.027,0.021
fingertip,0.000,0.005,1.000,0.011,0.040,0.021
delve,0.000,0.005,1.000,0.011,0.040,0.021
illuminating,0.000,0.005,1.000,0.011,0.040,0.021
peril,0.000,0.008,1.000,0.016,0.027,0.021
overstimulation,0.000,0.003,1.000,0.005,0.081,0.021
overexerting,0.000,0.003,1.000,0.005,0.081,0.021
under-efforting,0.000,0.003,1.000,0.005,0.081,0.021
panicky,0.000,0.003,1.000,0.005,0.081,0.021
overdoing,0.000,0.003,1.000,0.005,0.081,0.021
spaced,0.000,0.003,1.000,0.005,0.081,0.021
non-hurrying,0.000,0.003,1.000,0.005,0.081,0.021
result-driven,0.000,0.003,1.000,0.005,0.081,0.021
proportion,0.000,0.003,1.000,0.005,0.081,0.021
one-liner,0.000,0.003,1.000,0.005,0.081,0.021
establishes,0.000,0.005,1.000,0.011,0.040,0.021
saliva,0.000,0.005,1.000,0.011,0.040,0.021
fretting,0.000,0.005,1.000,0.011,0.040,0.021
id,0.000,0.005,1.000,0.011,0.040,0.021
guardian,0.000,0.008,1.000,0.016,0.027,0.021
graphic,0.000,0.005,1.000,0.011,0.040,0.021
vacuum,0.000,0.005,1.000,0.011,0.040,0.021
ubiquitous,0.000,0.005,1.000,0.011,0.040,0.021
episcopalian,0.000,0.008,1.000,0.016,0.027,0.021
searched,0.000,0.005,1.000,0.011,0.040,0.021
dump,0.000,0.005,1.000,0.011,0.040,0.021
chilled,0.000,0.005,1.000,0.011,0.040,0.021
varies,0.000,0.005,1.000,0.011,0.040,0.021
five-week,0.000,0.003,1.000,0.005,0.080,0.021
christianity,0.000,0.008,1.000,0.016,0.027,0.021
roiling,0.000,0.003,1.000,0.005,0.080,0.021
spangle,0.000,0.003,1.000,0.005,0.080,0.021
braid,0.000,0.003,1.000,0.005,0.080,0.021
marry,0.000,0.003,1.000,0.005,0.080,0.021
dos,0.000,0.003,1.000,0.005,0.080,0.021
callard's,0.000,0.005,1.000,0.011,0.040,0.021
hannah,0.000,0.005,1.000,0.011,0.040,0.021
uk,0.000,0.008,1.000,0.016,0.027,0.021
mesmerizing,0.000,0.005,1.000,0.011,0.040,0.021
foothill,0.000,0.005,1.000,0.011,0.040,0.021
rugged,0.000,0.008,1.000,0.016,0.027,0.021
gaia,0.000,0.005,1.000,0.011,0.040,0.021
meteor,0.000,0.005,1.000,0.011,0.040,0.021
ted,0.000,0.005,1.000,0.011,0.040,0.021
julian,0.000,0.005,1.000,0.011,0.040,0.021
baggini,0.000,0.005,1.000,0.011,0.040,0.021
neuroscience,0.000,0.005,1.000,0.011,0.040,0.021
teased,0.000,0.005,1.000,0.011,0.040,0.021
egg-shaped,0.000,0.003,1.000,0.005,0.080,0.021
tidal,0.000,0.003,1.000,0.005,0.080,0.021
disciplined,0.000,0.005,1.000,0.011,0.040,0.021
notebook,0.000,0.003,1.000,0.005,0.080,0.021
metabolized,0.000,0.003,1.000,0.005,0.080,0.021
quarterback,0.000,0.003,1.000,0.005,0.080,0.021
birdsong,0.000,0.005,1.000,0.011,0.040,0.021
detaching,0.000,0.005,1.000,0.011,0.040,0.021
restricting,0.000,0.005,1.000,0.011,0.040,0.021
annie,0.000,0.005,1.000,0.011,0.040,0.021
brevity,0.000,0.005,1.000,0.011,0.040,0.021
taller,0.000,0.005,1.000,0.011,0.040,0.021
survivor,0.000,0.005,1.000,0.011,0.040,0.021
contextual,0.000,0.005,1.000,0.011,0.040,0.021
tamed,0.000,0.005,1.000,0.011,0.040,0.021
immensely,0.000,0.005,1.000,0.011,0.040,0.021
vedic,0.000,0.005,1.000,0.011,0.040,0.021
indicate,0.000,0.005,1.000,0.011,0.040,0.021
sandwich,0.000,0.005,1.000,0.011,0.040,0.021
sensible,0.000,0.005,1.000,0.011,0.040,0.021
dogmatism,0.000,0.005,1.000,0.011,0.040,0.021
fundamentalism,0.000,0.005,1.000,0.011,0.040,0.021
redefined,0.000,0.005,1.000,0.011,0.040,0.021
warmness,0.000,0.003,1.000,0.005,0.079,0.021
five-part,0.000,0.003,1.000,0.005,0.079,0.021
campfire,0.000,0.003,1.000,0.005,0.079,0.021
uncomfortably,0.000,0.003,1.000,0.005,0.079,0.021
acclimatization,0.000,0.003,1.000,0.005,0.079,0.021
idiom,0.000,0.003,1.000,0.005,0.079,0.021
reframer,0.000,0.003,1.000,0.005,0.079,0.021
repurposer,0.000,0.003,1.000,0.005,0.079,0.021
provoked,0.000,0.003,1.000,0.005,0.079,0.021
ignited,0.000,0.003,1.000,0.005,0.079,0.021
igniting,0.000,0.003,1.000,0.005,0.079,0.021
miasma,0.000,0.003,1.000,0.005,0.079,0.021
allusion,0.000,0.003,1.000,0.005,0.079,0.021
unbound,0.000,0.003,1.000,0.005,0.079,0.021
anatomy,0.000,0.003,1.000,0.005,0.079,0.021
misperception,0.000,0.003,1.000,0.005,0.079,0.021
inputted,0.000,0.003,1.000,0.005,0.079,0.021
might,0.004,0.935,0.996,0.131,0.003,0.021
romance,0.000,0.005,1.000,0.011,0.040,0.021
horrendous,0.000,0.005,1.000,0.011,0.040,0.021
repercussion,0.000,0.008,1.000,0.016,0.026,0.021
teen,0.000,0.005,1.000,0.011,0.040,0.021
susceptible,0.000,0.005,1.000,0.011,0.040,0.021
binary,0.000,0.008,1.000,0.016,0.026,0.021
thoughtfulness,0.000,0.005,1.000,0.011,0.040,0.021
roar,0.000,0.005,1.000,0.011,0.039,0.021
stating,0.000,0.003,1.000,0.005,0.079,0.021
platonic,0.000,0.003,1.000,0.005,0.079,0.021
botox,0.000,0.003,1.000,0.005,0.079,0.021
anointed,0.000,0.003,1.000,0.005,0.079,0.021
watercolor,0.000,0.003,1.000,0.005,0.079,0.021
tandem,0.000,0.008,1.000,0.016,0.026,0.021
interval,0.000,0.005,1.000,0.011,0.039,0.021
cause-and-effect,0.000,0.005,1.000,0.011,0.039,0.021
categorize,0.000,0.008,1.000,0.016,0.026,0.021
wishful,0.000,0.005,1.000,0.011,0.039,0.021
underdo,0.000,0.003,1.000,0.005,0.079,0.021
onwardly,0.000,0.003,1.000,0.005,0.079,0.021
pujas,0.000,0.003,1.000,0.005,0.079,0.021
lori,0.000,0.003,1.000,0.005,0.079,0.021
co-creator,0.000,0.005,1.000,0.011,0.039,0.021
streamlet,0.000,0.005,1.000,0.011,0.039,0.021
droplet,0.000,0.005,1.000,0.011,0.039,0.021
spree,0.000,0.005,1.000,0.011,0.039,0.021
unsaid,0.000,0.003,1.000,0.005,0.079,0.021
cloistered,0.000,0.003,1.000,0.005,0.079,0.021
sal,0.000,0.003,1.000,0.005,0.079,0.021
appointing,0.000,0.003,1.000,0.005,0.079,0.021
pointedly,0.000,0.003,1.000,0.005,0.079,0.021
nyanamoli's,0.000,0.003,1.000,0.005,0.079,0.021
understatement,0.000,0.003,1.000,0.005,0.079,0.021
departure,0.000,0.003,1.000,0.005,0.079,0.021
selflessly,0.000,0.003,1.000,0.005,0.079,0.021
landslide,0.000,0.003,1.000,0.005,0.079,0.021
low-caste,0.000,0.003,1.000,0.005,0.079,0.021
repaired,0.000,0.003,1.000,0.005,0.079,0.021
goblet,0.000,0.003,1.000,0.005,0.079,0.021
organizational,0.000,0.005,1.000,0.011,0.039,0.021
torturing,0.000,0.005,1.000,0.011,0.039,0.021
sovereignty,0.000,0.005,1.000,0.011,0.039,0.021
glom,0.000,0.005,1.000,0.011,0.039,0.021
downtown,0.000,0.005,1.000,0.011,0.039,0.021
determining,0.000,0.005,1.000,0.011,0.039,0.021
er,0.000,0.005,1.000,0.011,0.039,0.021
pre-existing,0.000,0.005,1.000,0.011,0.039,0.021
wit,0.000,0.005,1.000,0.011,0.039,0.021
finely,0.000,0.008,1.000,0.016,0.026,0.021
cursing,0.000,0.003,1.000,0.005,0.078,0.021
tusk,0.000,0.005,1.000,0.011,0.039,0.021
upadana,0.000,0.005,1.000,0.011,0.039,0.021
precedes,0.000,0.011,1.000,0.022,0.020,0.021
degraded,0.000,0.003,1.000,0.005,0.078,0.021
vidudabha,0.000,0.003,1.000,0.005,0.078,0.021
wherefore,0.000,0.003,1.000,0.005,0.078,0.021
merrily,0.000,0.003,1.000,0.005,0.078,0.021
katthavahana,0.000,0.003,1.000,0.005,0.078,0.021
no-dad,0.000,0.003,1.000,0.005,0.078,0.021
nirupa,0.000,0.003,1.000,0.005,0.078,0.021
orthodox,0.000,0.005,1.000,0.011,0.039,0.021
glorify,0.000,0.008,1.000,0.016,0.026,0.021
predicted,0.000,0.008,1.000,0.016,0.026,0.021
hyper-educated,0.000,0.005,1.000,0.011,0.039,0.021
warn,0.000,0.005,1.000,0.011,0.039,0.021
commerce,0.000,0.005,1.000,0.011,0.039,0.021
wrongdoing,0.000,0.008,1.000,0.016,0.026,0.021
woe,0.000,0.008,1.000,0.016,0.026,0.021
tingle,0.000,0.003,1.000,0.005,0.078,0.021
stressing,0.000,0.003,1.000,0.005,0.078,0.021
fortnight,0.000,0.005,1.000,0.011,0.039,0.021
desirable,0.000,0.008,1.000,0.016,0.026,0.021
irritate,0.000,0.005,1.000,0.011,0.039,0.021
peeling,0.000,0.005,1.000,0.011,0.039,0.021
invoked,0.000,0.005,1.000,0.011,0.039,0.021
beneficent,0.000,0.005,1.000,0.011,0.039,0.021
bursting,0.000,0.008,1.000,0.016,0.026,0.021
enabling,0.000,0.005,1.000,0.011,0.039,0.021
hammering,0.000,0.005,1.000,0.011,0.039,0.021
racism,0.000,0.005,1.000,0.011,0.039,0.021
suited,0.000,0.008,1.000,0.016,0.026,0.021
foretaste,0.000,0.005,1.000,0.011,0.039,0.021
league,0.000,0.005,1.000,0.011,0.039,0.021
harboring,0.000,0.005,1.000,0.011,0.039,0.021
enchantment,0.000,0.005,1.000,0.011,0.039,0.021
antler,0.000,0.005,1.000,0.011,0.039,0.021
trek,0.000,0.008,1.000,0.016,0.026,0.021
institutional,0.000,0.005,1.000,0.011,0.039,0.021
brawl,0.000,0.005,1.000,0.011,0.039,0.021
wayne,0.000,0.005,1.000,0.011,0.039,0.021
cesspool,0.000,0.003,1.000,0.005,0.077,0.021
carter,0.000,0.003,1.000,0.005,0.077,0.021
linen,0.000,0.003,1.000,0.005,0.077,0.021
ungrudgingly,0.000,0.003,1.000,0.005,0.077,0.021
strengthened,0.000,0.005,1.000,0.011,0.039,0.021
sunk,0.000,0.005,1.000,0.011,0.039,0.021
enticing,0.000,0.005,1.000,0.011,0.039,0.021
certification,0.000,0.008,1.000,0.016,0.026,0.021
setup,0.000,0.008,1.000,0.016,0.026,0.021
oregon,0.000,0.005,1.000,0.011,0.039,0.021
graduating,0.000,0.011,1.000,0.022,0.019,0.021
warmest,0.000,0.005,1.000,0.011,0.039,0.021
betsy,0.000,0.005,1.000,0.011,0.039,0.021
dhananjani,0.000,0.003,1.000,0.005,0.077,0.021
protestant,0.000,0.008,1.000,0.016,0.026,0.021
uncovering,0.000,0.005,1.000,0.011,0.039,0.020
clouding,0.000,0.005,1.000,0.011,0.039,0.020
repelled,0.000,0.008,1.000,0.016,0.026,0.020
ego-survival,0.000,0.003,1.000,0.005,0.077,0.020
administratively,0.000,0.003,1.000,0.005,0.077,0.020
hyper-availability,0.000,0.003,1.000,0.005,0.077,0.020
rarity,0.000,0.003,1.000,0.005,0.077,0.020
jangly,0.000,0.003,1.000,0.005,0.077,0.020
permit,0.000,0.003,1.000,0.005,0.077,0.020
clank,0.000,0.003,1.000,0.005,0.077,0.020
disidentifying,0.000,0.003,1.000,0.005,0.077,0.020
yogurt,0.000,0.003,1.000,0.005,0.077,0.020
blueberry,0.000,0.003,1.000,0.005,0.077,0.020
ravenously,0.000,0.003,1.000,0.005,0.077,0.020
delightedly,0.000,0.003,1.000,0.005,0.077,0.020
proudly,0.000,0.003,1.000,0.005,0.077,0.020
mashup,0.000,0.003,1.000,0.005,0.077,0.020
gratefully,0.000,0.003,1.000,0.005,0.077,0.020
widens,0.000,0.003,1.000,0.005,0.077,0.020
revulsion,0.000,0.003,1.000,0.005,0.077,0.020
corrode,0.000,0.003,1.000,0.005,0.077,0.020
initiatory,0.000,0.003,1.000,0.005,0.077,0.020
signifies,0.000,0.003,1.000,0.005,0.077,0.020
articulates,0.000,0.003,1.000,0.005,0.077,0.020
chapman,0.000,0.003,1.000,0.005,0.077,0.020
pragmatism,0.000,0.003,1.000,0.005,0.077,0.020
co-option,0.000,0.003,1.000,0.005,0.077,0.020
acquiescing,0.000,0.003,1.000,0.005,0.077,0.020
vengefulness,0.000,0.003,1.000,0.005,0.077,0.020
irony,0.000,0.003,1.000,0.005,0.077,0.020
accessory,0.000,0.003,1.000,0.005,0.077,0.020
deconstructed,0.000,0.003,1.000,0.005,0.077,0.020
quark,0.000,0.003,1.000,0.005,0.077,0.020
requesting,0.000,0.005,1.000,0.011,0.039,0.020
candidate,0.000,0.005,1.000,0.011,0.039,0.020
applause,0.000,0.005,1.000,0.011,0.038,0.020
confronted,0.000,0.005,1.000,0.011,0.038,0.020
exploratory,0.000,0.005,1.000,0.011,0.038,0.020
grimace,0.000,0.005,1.000,0.011,0.038,0.020
halt,0.000,0.003,1.000,0.005,0.077,0.020
halted,0.000,0.003,1.000,0.005,0.077,0.020
bubbled,0.000,0.003,1.000,0.005,0.077,0.020
observant,0.000,0.003,1.000,0.005,0.077,0.020
phillip,0.000,0.003,1.000,0.005,0.077,0.020
retirement,0.000,0.005,1.000,0.011,0.038,0.020
depletes,0.000,0.005,1.000,0.011,0.038,0.020
inspirationally,0.000,0.003,1.000,0.005,0.077,0.020
kiting,0.000,0.003,1.000,0.005,0.077,0.020
fancifully,0.000,0.003,1.000,0.005,0.077,0.020
blimp,0.000,0.003,1.000,0.005,0.077,0.020
transpiration,0.000,0.003,1.000,0.005,0.077,0.020
windy,0.000,0.003,1.000,0.005,0.077,0.020
gusty,0.000,0.003,1.000,0.005,0.077,0.020
dustiness,0.000,0.003,1.000,0.005,0.077,0.020
invigorating,0.000,0.003,1.000,0.005,0.077,0.020
glossed,0.000,0.003,1.000,0.005,0.077,0.020
flatter,0.000,0.003,1.000,0.005,0.077,0.020
snuggle,0.000,0.003,1.000,0.005,0.077,0.020
untrapped,0.000,0.003,1.000,0.005,0.077,0.020
gutter,0.000,0.003,1.000,0.005,0.077,0.020
gust,0.000,0.003,1.000,0.005,0.077,0.020
squall,0.000,0.003,1.000,0.005,0.077,0.020
gigantic,0.000,0.003,1.000,0.005,0.077,0.020
wislawa,0.000,0.003,1.000,0.005,0.077,0.020
szymborska,0.000,0.003,1.000,0.005,0.077,0.020
prize-winning,0.000,0.003,1.000,0.005,0.077,0.020
premeditation,0.000,0.003,1.000,0.005,0.077,0.020
ill-prepared,0.000,0.003,1.000,0.005,0.077,0.020
loathe,0.000,0.003,1.000,0.005,0.077,0.020
hasty,0.000,0.003,1.000,0.005,0.077,0.020
ham-acting,0.000,0.003,1.000,0.005,0.077,0.020
fright,0.000,0.003,1.000,0.005,0.077,0.020
extenuating,0.000,0.003,1.000,0.005,0.077,0.020
unexpectedness,0.000,0.003,1.000,0.005,0.077,0.020
rehearse,0.000,0.003,1.000,0.005,0.077,0.020
hoarse,0.000,0.003,1.000,0.005,0.077,0.020
slap-dash,0.000,0.003,1.000,0.005,0.077,0.020
makeshift,0.000,0.003,1.000,0.005,0.077,0.020
accommodation,0.000,0.003,1.000,0.005,0.077,0.020
farthest,0.000,0.003,1.000,0.005,0.077,0.020
premiere,0.000,0.003,1.000,0.005,0.077,0.020
misinterpreted,0.000,0.003,1.000,0.005,0.077,0.020
factualness,0.000,0.003,1.000,0.005,0.077,0.020
enlighten,0.000,0.003,1.000,0.005,0.077,0.020
sturm,0.000,0.003,1.000,0.005,0.077,0.020
und,0.000,0.003,1.000,0.005,0.077,0.020
drang,0.000,0.003,1.000,0.005,0.077,0.020
finishing-someone's-sentence,0.000,0.003,1.000,0.005,0.077,0.020
entice,0.000,0.003,1.000,0.005,0.077,0.020
phrasing,0.000,0.005,1.000,0.011,0.038,0.020
digestion,0.000,0.005,1.000,0.011,0.038,0.020
imprisoned,0.000,0.005,1.000,0.011,0.038,0.020
specificity,0.000,0.005,1.000,0.011,0.038,0.020
inconsistent,0.000,0.005,1.000,0.011,0.038,0.020
population,0.000,0.011,1.000,0.022,0.019,0.020
samadhi-vipassana,0.000,0.005,1.000,0.011,0.038,0.020
undoing,0.000,0.005,1.000,0.011,0.038,0.020
sam,0.000,0.005,1.000,0.011,0.038,0.020
canadian,0.000,0.005,1.000,0.011,0.038,0.020
safest,0.000,0.005,1.000,0.011,0.038,0.020
proceeded,0.000,0.005,1.000,0.011,0.038,0.020
wrestling,0.000,0.005,1.000,0.011,0.038,0.020
firefly,0.000,0.005,1.000,0.011,0.038,0.020
complement,0.000,0.005,1.000,0.011,0.038,0.020
silananda,0.000,0.005,1.000,0.011,0.038,0.020
diagram,0.000,0.008,1.000,0.016,0.025,0.020
stored,0.000,0.005,1.000,0.011,0.038,0.020
moderate,0.000,0.005,1.000,0.011,0.038,0.020
fatiguing,0.000,0.003,1.000,0.005,0.076,0.020
captivity,0.000,0.003,1.000,0.005,0.076,0.020
surfer,0.000,0.003,1.000,0.005,0.076,0.020
jillian,0.000,0.003,1.000,0.005,0.076,0.020
avoids,0.000,0.005,1.000,0.011,0.038,0.020
navigated,0.000,0.005,1.000,0.011,0.038,0.020
omniscient,0.000,0.005,1.000,0.011,0.038,0.020
fractured,0.000,0.005,1.000,0.011,0.038,0.020
exposition,0.000,0.008,1.000,0.016,0.025,0.020
arguably,0.000,0.005,1.000,0.011,0.038,0.020
invasion,0.000,0.005,1.000,0.011,0.038,0.020
syria,0.000,0.005,1.000,0.011,0.038,0.020
alcoholism,0.000,0.005,1.000,0.011,0.038,0.020
dandelion,0.000,0.005,1.000,0.011,0.038,0.020
humankind,0.000,0.005,1.000,0.011,0.038,0.020
empowerment,0.000,0.005,1.000,0.011,0.038,0.020
hermit,0.000,0.008,1.000,0.016,0.025,0.020
cellular,0.000,0.005,1.000,0.011,0.038,0.020
resilient,0.000,0.005,1.000,0.011,0.038,0.020
adopting,0.000,0.005,1.000,0.011,0.038,0.020
three-day,0.000,0.005,1.000,0.011,0.038,0.020
retinue,0.000,0.005,1.000,0.011,0.038,0.020
thirty-three,0.000,0.005,1.000,0.011,0.038,0.020
resonated,0.000,0.008,1.000,0.016,0.025,0.020
instructional,0.000,0.005,1.000,0.011,0.038,0.020
sap,0.000,0.005,1.000,0.011,0.038,0.020
non-assertively,0.000,0.003,1.000,0.005,0.075,0.020
upriver,0.000,0.003,1.000,0.005,0.075,0.020
rowing,0.000,0.003,1.000,0.005,0.075,0.020
self-concepts,0.000,0.003,1.000,0.005,0.075,0.020
fantasized,0.000,0.003,1.000,0.005,0.075,0.020
smoothy,0.000,0.003,1.000,0.005,0.075,0.020
pier,0.000,0.003,1.000,0.005,0.075,0.020
embarrassed,0.000,0.011,1.000,0.022,0.019,0.020
tested,0.000,0.005,1.000,0.011,0.038,0.020
posit,0.000,0.005,1.000,0.011,0.038,0.020
handed,0.000,0.008,1.000,0.016,0.025,0.020
harnessing,0.000,0.005,1.000,0.011,0.038,0.020
milieu,0.000,0.003,1.000,0.005,0.075,0.020
hillman,0.000,0.003,1.000,0.005,0.075,0.020
darkening,0.000,0.005,1.000,0.011,0.037,0.020
residency,0.000,0.005,1.000,0.011,0.037,0.020
isolation,0.000,0.005,1.000,0.011,0.037,0.020
converting,0.000,0.005,1.000,0.011,0.037,0.020
tapestry,0.000,0.005,1.000,0.011,0.037,0.020
macbeth's,0.000,0.003,1.000,0.005,0.075,0.020
mercury,0.000,0.003,1.000,0.005,0.075,0.020
retrograde,0.000,0.003,1.000,0.005,0.075,0.020
over-elation,0.000,0.003,1.000,0.005,0.075,0.020
shorten,0.000,0.003,1.000,0.005,0.075,0.020
elation,0.000,0.003,1.000,0.005,0.075,0.020
prattle,0.000,0.003,1.000,0.005,0.075,0.020
tatramajjhattata,0.000,0.003,1.000,0.005,0.075,0.020
majjha,0.000,0.003,1.000,0.005,0.075,0.020
ta,0.000,0.003,1.000,0.005,0.075,0.020
poise,0.000,0.003,1.000,0.005,0.075,0.020
buffeted,0.000,0.003,1.000,0.005,0.075,0.020
sensitizing,0.000,0.003,1.000,0.005,0.075,0.020
unswayed,0.000,0.003,1.000,0.005,0.075,0.020
operated,0.000,0.005,1.000,0.011,0.037,0.020
diffuseness,0.000,0.003,1.000,0.005,0.075,0.020
horizontally,0.000,0.003,1.000,0.005,0.075,0.020
non-attainment,0.000,0.003,1.000,0.005,0.075,0.020
nye's,0.000,0.003,1.000,0.005,0.075,0.020
journalist,0.000,0.003,1.000,0.005,0.075,0.020
sinuous,0.000,0.003,1.000,0.005,0.075,0.020
whooshing,0.000,0.003,1.000,0.005,0.075,0.020
consumption,0.000,0.003,1.000,0.005,0.075,0.020
preclude,0.000,0.003,1.000,0.005,0.075,0.020
inequality,0.000,0.003,1.000,0.005,0.075,0.020
inveterate,0.000,0.003,1.000,0.005,0.075,0.020
icky,0.000,0.003,1.000,0.005,0.075,0.020
glaring,0.000,0.003,1.000,0.005,0.075,0.020
legion,0.000,0.003,1.000,0.005,0.075,0.020
negligence,0.000,0.003,1.000,0.005,0.075,0.020
approved,0.000,0.003,1.000,0.005,0.075,0.020
cedary,0.000,0.003,1.000,0.005,0.075,0.020
icy,0.000,0.003,1.000,0.005,0.075,0.020
chop,0.000,0.005,1.000,0.011,0.037,0.020
repulsive,0.000,0.003,1.000,0.005,0.075,0.020
self-help,0.000,0.003,1.000,0.005,0.075,0.020
manufacturing,0.000,0.005,1.000,0.011,0.037,0.020
thanked,0.000,0.005,1.000,0.011,0.037,0.020
matthewbrensilver,0.000,0.003,1.000,0.005,0.075,0.020
sangha-focused,0.000,0.003,1.000,0.005,0.075,0.020
birthed,0.000,0.003,1.000,0.005,0.075,0.020
earthling,0.000,0.003,1.000,0.005,0.075,0.020
nitpicking,0.000,0.003,1.000,0.005,0.075,0.020
carrot,0.000,0.003,1.000,0.005,0.075,0.020
commanded,0.000,0.003,1.000,0.005,0.075,0.020
complicity,0.000,0.003,1.000,0.005,0.075,0.020
consolidated,0.000,0.003,1.000,0.005,0.075,0.020
tu-anh,0.000,0.003,1.000,0.005,0.075,0.020
co-teaching,0.000,0.003,1.000,0.005,0.075,0.020
transcribed,0.000,0.003,1.000,0.005,0.075,0.020
pandora's,0.000,0.003,1.000,0.005,0.075,0.020
granddaughter,0.000,0.003,1.000,0.005,0.075,0.020
uproariously,0.000,0.003,1.000,0.005,0.075,0.020
illegitimate,0.000,0.003,1.000,0.005,0.075,0.020
reflex,0.000,0.003,1.000,0.005,0.075,0.020
essayist,0.000,0.003,1.000,0.005,0.075,0.020
gluttony,0.000,0.003,1.000,0.005,0.075,0.020
wrath,0.000,0.003,1.000,0.005,0.075,0.020
deify,0.000,0.003,1.000,0.005,0.075,0.020
sufferer,0.000,0.003,1.000,0.005,0.075,0.020
manifold,0.000,0.003,1.000,0.005,0.075,0.020
contest,0.000,0.003,1.000,0.005,0.075,0.020
forebear,0.000,0.003,1.000,0.005,0.075,0.020
matthieu,0.000,0.003,1.000,0.005,0.075,0.020
ricard,0.000,0.003,1.000,0.005,0.075,0.020
link's,0.000,0.003,1.000,0.005,0.075,0.020
disinterest,0.000,0.005,1.000,0.011,0.037,0.020
impulsively,0.000,0.008,1.000,0.016,0.025,0.020
bummer-ness,0.000,0.005,1.000,0.011,0.037,0.020
wellings,0.000,0.003,1.000,0.005,0.074,0.020
numerical,0.000,0.003,1.000,0.005,0.074,0.020
subtitled,0.000,0.003,1.000,0.005,0.074,0.020
tumultuous,0.000,0.003,1.000,0.005,0.074,0.020
grandparent's,0.000,0.005,1.000,0.011,0.037,0.020
fast-forwarding,0.000,0.003,1.000,0.005,0.074,0.020
mid-conversation,0.000,0.003,1.000,0.005,0.074,0.020
finger-wagging,0.000,0.003,1.000,0.005,0.074,0.020
seven-year-old,0.000,0.003,1.000,0.005,0.074,0.020
excess,0.000,0.003,1.000,0.005,0.074,0.020
surya,0.000,0.003,1.000,0.005,0.074,0.020
da,0.000,0.003,1.000,0.005,0.074,0.020
keener,0.000,0.003,1.000,0.005,0.074,0.020
whole-making,0.000,0.003,1.000,0.005,0.074,0.020
action-reflection-action,0.000,0.003,1.000,0.005,0.074,0.020
punished,0.000,0.003,1.000,0.005,0.074,0.020
chronological,0.000,0.003,1.000,0.005,0.074,0.020
publish,0.000,0.005,1.000,0.011,0.037,0.020
nighttime,0.000,0.003,1.000,0.005,0.074,0.020
attendee,0.000,0.003,1.000,0.005,0.074,0.020
passover,0.000,0.003,1.000,0.005,0.074,0.020
nationally,0.000,0.005,1.000,0.011,0.037,0.020
armstrong,0.000,0.005,1.000,0.011,0.037,0.020
obscure,0.000,0.008,1.000,0.016,0.025,0.020
looseness,0.000,0.003,1.000,0.005,0.074,0.020
kornfield's,0.000,0.003,1.000,0.005,0.074,0.020
furious,0.000,0.003,1.000,0.005,0.074,0.020
entree,0.000,0.003,1.000,0.005,0.074,0.020
retreated,0.000,0.003,1.000,0.005,0.074,0.020
condemned,0.000,0.003,1.000,0.005,0.074,0.020
baye,0.000,0.003,1.000,0.005,0.074,0.020
shohaku,0.000,0.003,1.000,0.005,0.074,0.020
okumura,0.000,0.003,1.000,0.005,0.074,0.020
stalking,0.000,0.005,1.000,0.011,0.037,0.020
meandering,0.000,0.003,1.000,0.005,0.074,0.020
inconsiderate,0.000,0.003,1.000,0.005,0.074,0.020
legible,0.000,0.005,1.000,0.011,0.037,0.020
foray,0.000,0.005,1.000,0.011,0.037,0.020
briefing,0.000,0.003,1.000,0.005,0.074,0.020
coffer,0.000,0.003,1.000,0.005,0.074,0.020
optical,0.000,0.003,1.000,0.005,0.074,0.020
exceptionalism,0.000,0.003,1.000,0.005,0.074,0.020
criminal,0.000,0.008,1.000,0.016,0.025,0.020
one-to-one,0.000,0.005,1.000,0.011,0.037,0.020
mormon,0.000,0.003,1.000,0.005,0.074,0.020
div,0.000,0.003,1.000,0.005,0.074,0.020
violate,0.000,0.003,1.000,0.005,0.074,0.020
forfeit,0.000,0.003,1.000,0.005,0.074,0.020
hastily,0.000,0.003,1.000,0.005,0.074,0.020
powerless,0.000,0.005,1.000,0.011,0.037,0.020
sanghas,0.000,0.005,1.000,0.011,0.037,0.020
coaching,0.000,0.003,1.000,0.005,0.074,0.020
friday's,0.000,0.003,1.000,0.005,0.074,0.020
self-coaching,0.000,0.003,1.000,0.005,0.074,0.020
lateness,0.000,0.003,1.000,0.005,0.074,0.020
incarceration,0.000,0.005,1.000,0.011,0.037,0.020
abused,0.000,0.005,1.000,0.011,0.037,0.020
expound,0.000,0.005,1.000,0.011,0.037,0.020
saluted,0.000,0.005,1.000,0.011,0.037,0.020
uncontrollability,0.000,0.008,1.000,0.016,0.024,0.020
correlation,0.000,0.005,1.000,0.011,0.037,0.020
gauge,0.000,0.005,1.000,0.011,0.037,0.020
thrilled,0.000,0.008,1.000,0.016,0.024,0.020
ordaining,0.000,0.005,1.000,0.011,0.037,0.020
mouthful,0.000,0.005,1.000,0.011,0.037,0.020
amplifier,0.000,0.003,1.000,0.005,0.073,0.020
rewind,0.000,0.003,1.000,0.005,0.073,0.020
mini-arc,0.000,0.003,1.000,0.005,0.073,0.020
downpour,0.000,0.003,1.000,0.005,0.073,0.020
aggravating,0.000,0.003,1.000,0.005,0.073,0.020
blossoming,0.000,0.005,1.000,0.011,0.037,0.020
emojis,0.000,0.003,1.000,0.005,0.073,0.020
complementary,0.000,0.003,1.000,0.005,0.073,0.020
surging,0.000,0.003,1.000,0.005,0.073,0.020
gravitating,0.000,0.003,1.000,0.005,0.073,0.020
escort,0.000,0.003,1.000,0.005,0.073,0.020
one-sentence,0.000,0.003,1.000,0.005,0.073,0.020
long-winded,0.000,0.003,1.000,0.005,0.073,0.020
dawned,0.000,0.003,1.000,0.005,0.073,0.020
juicier,0.000,0.003,1.000,0.005,0.073,0.020
toothbrush,0.000,0.003,1.000,0.005,0.073,0.020
comb,0.000,0.003,1.000,0.005,0.073,0.020
leaflet,0.000,0.003,1.000,0.005,0.073,0.020
twisted,0.000,0.005,1.000,0.011,0.037,0.020
barre,0.000,0.008,1.000,0.016,0.024,0.020
punitive,0.000,0.003,1.000,0.005,0.073,0.020
re-member,0.000,0.003,1.000,0.005,0.073,0.020
cognate,0.000,0.003,1.000,0.005,0.073,0.020
belonger,0.000,0.003,1.000,0.005,0.073,0.020
anyways,0.000,0.005,1.000,0.011,0.037,0.020
sugar,0.000,0.003,1.000,0.005,0.073,0.020
stroll,0.000,0.003,1.000,0.005,0.073,0.020
overtly,0.000,0.003,1.000,0.005,0.073,0.020
reword,0.000,0.003,1.000,0.005,0.073,0.020
devoting,0.000,0.003,1.000,0.005,0.073,0.020
gullible,0.000,0.003,1.000,0.005,0.073,0.020
mind-constructed,0.000,0.003,1.000,0.005,0.073,0.020
oliver's,0.000,0.003,1.000,0.005,0.073,0.020
psychic,0.000,0.008,1.000,0.016,0.024,0.020
fallout,0.000,0.005,1.000,0.011,0.036,0.020
clod,0.000,0.005,1.000,0.011,0.036,0.020
typology,0.000,0.005,1.000,0.011,0.036,0.020
gladden,0.000,0.003,1.000,0.005,0.073,0.020
pulsate,0.000,0.003,1.000,0.005,0.073,0.020
trudge,0.000,0.003,1.000,0.005,0.073,0.020
despondently,0.000,0.003,1.000,0.005,0.073,0.020
trudging,0.000,0.003,1.000,0.005,0.073,0.020
daniel,0.000,0.003,1.000,0.005,0.073,0.020
kahneman,0.000,0.003,1.000,0.005,0.073,0.020
score,0.000,0.003,1.000,0.005,0.073,0.020
slammed,0.000,0.003,1.000,0.005,0.073,0.020
researching,0.000,0.003,1.000,0.005,0.073,0.020
instituting,0.000,0.005,1.000,0.011,0.036,0.020
expensive,0.000,0.005,1.000,0.011,0.036,0.020
two-day,0.000,0.005,1.000,0.011,0.036,0.020
anybody's,0.000,0.008,1.000,0.016,0.024,0.020
practitioner's,0.000,0.005,1.000,0.011,0.036,0.020
deceased,0.000,0.005,1.000,0.011,0.036,0.020
surfacing,0.000,0.005,1.000,0.011,0.036,0.020
ventana,0.000,0.005,1.000,0.011,0.036,0.020
fled,0.000,0.008,1.000,0.016,0.024,0.020
directs,0.000,0.005,1.000,0.011,0.036,0.020
tony,0.000,0.003,1.000,0.005,0.072,0.020
hoagland,0.000,0.003,1.000,0.005,0.072,0.020
maxine,0.000,0.003,1.000,0.005,0.072,0.020
conjugated,0.000,0.003,1.000,0.005,0.072,0.020
geranium,0.000,0.003,1.000,0.005,0.072,0.020
buzz,0.000,0.003,1.000,0.005,0.072,0.020
corona,0.000,0.003,1.000,0.005,0.072,0.020
fermenting,0.000,0.003,1.000,0.005,0.072,0.020
listlessness,0.000,0.003,1.000,0.005,0.072,0.020
sympathy,0.000,0.003,1.000,0.005,0.072,0.020
van,0.000,0.003,1.000,0.005,0.072,0.020
eyed,0.000,0.003,1.000,0.005,0.072,0.020
outbuilding,0.000,0.003,1.000,0.005,0.072,0.020
overjoyed,0.000,0.003,1.000,0.005,0.072,0.020
untrimmable,0.000,0.003,1.000,0.005,0.072,0.020
predisposes,0.000,0.005,1.000,0.011,0.036,0.020
heed,0.000,0.005,1.000,0.011,0.036,0.020
skyline,0.000,0.005,1.000,0.011,0.036,0.020
barking,0.000,0.005,1.000,0.011,0.036,0.020
bandage,0.000,0.005,1.000,0.011,0.036,0.020
drum,0.000,0.008,1.000,0.016,0.024,0.020
overeating,0.000,0.005,1.000,0.011,0.036,0.020
rectifying,0.000,0.003,1.000,0.005,0.072,0.020
non-event,0.000,0.003,1.000,0.005,0.072,0.020
hairstyle,0.000,0.003,1.000,0.005,0.072,0.020
woodpecker,0.000,0.003,1.000,0.005,0.072,0.020
mathematician,0.000,0.005,1.000,0.011,0.036,0.020
gen,0.000,0.005,1.000,0.011,0.036,0.020
viewpoint,0.000,0.005,1.000,0.011,0.036,0.020
activist,0.000,0.005,1.000,0.011,0.036,0.020
enacted,0.000,0.008,1.000,0.016,0.024,0.020
rip,0.000,0.008,1.000,0.016,0.024,0.020
smarter,0.000,0.005,1.000,0.011,0.036,0.020
arched,0.000,0.005,1.000,0.011,0.036,0.020
vocation,0.000,0.008,1.000,0.016,0.024,0.020
worded,0.000,0.005,1.000,0.011,0.036,0.020
violating,0.000,0.005,1.000,0.011,0.036,0.020
reassure,0.000,0.005,1.000,0.011,0.036,0.020
passenger,0.000,0.005,1.000,0.011,0.036,0.020
achieves,0.000,0.005,1.000,0.011,0.036,0.020
questionable,0.000,0.005,1.000,0.011,0.036,0.020
thunderstorm,0.000,0.003,1.000,0.005,0.072,0.020
spider's,0.000,0.003,1.000,0.005,0.072,0.020
blog,0.000,0.005,1.000,0.011,0.036,0.020
farmed,0.000,0.005,1.000,0.011,0.036,0.020
truth-telling,0.000,0.005,1.000,0.011,0.036,0.020
buddhism's,0.000,0.005,1.000,0.011,0.036,0.020
jumpy,0.000,0.005,1.000,0.011,0.036,0.020
proponent,0.000,0.005,1.000,0.011,0.036,0.020
briefest,0.000,0.003,1.000,0.005,0.071,0.020
s-u-k-h-a,0.000,0.003,1.000,0.005,0.071,0.020
renuncient,0.000,0.003,1.000,0.005,0.071,0.020
excitation,0.000,0.003,1.000,0.005,0.071,0.020
conservative,0.000,0.005,1.000,0.011,0.036,0.020
mariel,0.000,0.003,1.000,0.005,0.071,0.020
stman,0.000,0.003,1.000,0.005,0.071,0.020
unselfish,0.000,0.003,1.000,0.005,0.071,0.020
hysteresis,0.000,0.003,1.000,0.005,0.071,0.020
procedure,0.000,0.003,1.000,0.005,0.071,0.020
forster,0.000,0.003,1.000,0.005,0.071,0.020
horribly,0.000,0.003,1.000,0.005,0.071,0.020
dreamy,0.000,0.003,1.000,0.005,0.071,0.020
craves,0.000,0.003,1.000,0.005,0.071,0.020
all-inclusive,0.000,0.003,1.000,0.005,0.071,0.020
undeserving,0.000,0.003,1.000,0.005,0.071,0.020
self-critical,0.000,0.005,1.000,0.011,0.036,0.020
morphs,0.000,0.005,1.000,0.011,0.036,0.020
champagne,0.000,0.005,1.000,0.011,0.036,0.020
impure,0.000,0.003,1.000,0.005,0.071,0.020
splendorizing,0.000,0.003,1.000,0.005,0.071,0.020
alcoholic,0.000,0.003,1.000,0.005,0.071,0.020
conjecture,0.000,0.005,1.000,0.011,0.036,0.020
elected,0.000,0.005,1.000,0.011,0.036,0.020
opulence,0.000,0.003,1.000,0.005,0.071,0.020
groomed,0.000,0.003,1.000,0.005,0.071,0.020
childbirth,0.000,0.003,1.000,0.005,0.071,0.020
deadheaded,0.000,0.003,1.000,0.005,0.071,0.020
charioteer,0.000,0.003,1.000,0.005,0.071,0.020
sadhu,0.000,0.003,1.000,0.005,0.071,0.020
fomo,0.000,0.003,1.000,0.005,0.071,0.020
verdict,0.000,0.003,1.000,0.005,0.071,0.020
underrated,0.000,0.003,1.000,0.005,0.071,0.020
mongoose,0.000,0.003,1.000,0.005,0.071,0.020
likening,0.000,0.003,1.000,0.005,0.071,0.020
counterproductive,0.000,0.005,1.000,0.011,0.035,0.020
baker,0.000,0.005,1.000,0.011,0.035,0.020
tennis,0.000,0.005,1.000,0.011,0.035,0.020
sanctum,0.000,0.003,1.000,0.005,0.071,0.020
alternation,0.000,0.003,1.000,0.005,0.071,0.020
sandy,0.000,0.003,1.000,0.005,0.071,0.020
contraindicated,0.000,0.003,1.000,0.005,0.071,0.020
predominating,0.000,0.003,1.000,0.005,0.071,0.020
trustingly,0.000,0.003,1.000,0.005,0.071,0.020
renewing,0.000,0.003,1.000,0.005,0.071,0.020
zeroing-in,0.000,0.003,1.000,0.005,0.071,0.020
convenience,0.000,0.005,1.000,0.011,0.035,0.020
inflating,0.000,0.005,1.000,0.011,0.035,0.020
suspending,0.000,0.005,1.000,0.011,0.035,0.020
inconvenience,0.000,0.005,1.000,0.011,0.035,0.020
instagram,0.000,0.005,1.000,0.011,0.035,0.020
lockdown,0.000,0.003,1.000,0.005,0.071,0.020
warm-up,0.000,0.003,1.000,0.005,0.071,0.020
passa,0.000,0.003,1.000,0.005,0.071,0.020
mast,0.000,0.003,1.000,0.005,0.071,0.020
unarmored,0.000,0.003,1.000,0.005,0.071,0.020
darting,0.000,0.003,1.000,0.005,0.071,0.020
watery,0.000,0.003,1.000,0.005,0.071,0.020
overflowed,0.000,0.003,1.000,0.005,0.071,0.020
scriptural,0.000,0.003,1.000,0.005,0.071,0.020
underpinnings,0.000,0.003,1.000,0.005,0.071,0.020
kayagatasati,0.000,0.003,1.000,0.005,0.071,0.020
asthma,0.000,0.003,1.000,0.005,0.071,0.020
orthodoxy,0.000,0.003,1.000,0.005,0.071,0.020
pretense,0.000,0.003,1.000,0.005,0.071,0.020
painfully,0.000,0.008,1.000,0.016,0.024,0.020
beer,0.000,0.003,1.000,0.005,0.071,0.020
doodle,0.000,0.003,1.000,0.005,0.071,0.020
irksome,0.000,0.003,1.000,0.005,0.071,0.020
keel,0.000,0.003,1.000,0.005,0.071,0.020
fin,0.000,0.003,1.000,0.005,0.071,0.020
cereal,0.000,0.003,1.000,0.005,0.071,0.020
spelling,0.000,0.003,1.000,0.005,0.071,0.020
positivity,0.000,0.008,1.000,0.016,0.024,0.020
anushka,0.000,0.003,1.000,0.005,0.071,0.020
retelling,0.000,0.003,1.000,0.005,0.071,0.020
allison,0.000,0.003,1.000,0.005,0.071,0.020
hollow,0.000,0.005,1.000,0.011,0.035,0.020
lunar,0.000,0.005,1.000,0.011,0.035,0.020
paternal,0.000,0.005,1.000,0.011,0.035,0.020
unkindness,0.000,0.005,1.000,0.011,0.035,0.020
kansa,0.000,0.005,1.000,0.011,0.035,0.020
funeral,0.000,0.008,1.000,0.016,0.023,0.020
minority,0.000,0.008,1.000,0.016,0.023,0.020
bereavement,0.000,0.005,1.000,0.011,0.035,0.020
peed,0.000,0.005,1.000,0.011,0.035,0.020
well-directed,0.000,0.005,1.000,0.011,0.035,0.020
transitory,0.000,0.005,1.000,0.011,0.035,0.020
bombarded,0.000,0.005,1.000,0.011,0.035,0.020
middle-sized,0.000,0.003,1.000,0.005,0.070,0.020
cavity,0.000,0.003,1.000,0.005,0.070,0.020
constricting,0.000,0.003,1.000,0.005,0.070,0.020
illogical,0.000,0.003,1.000,0.005,0.070,0.020
youngest,0.000,0.008,1.000,0.016,0.023,0.020
filial,0.000,0.005,1.000,0.011,0.035,0.020
correctional,0.000,0.005,1.000,0.011,0.035,0.020
mellow,0.000,0.005,1.000,0.011,0.035,0.020
critique,0.000,0.011,1.000,0.022,0.018,0.020
futility,0.000,0.005,1.000,0.011,0.035,0.020
digging,0.000,0.005,1.000,0.011,0.035,0.020
waypoints,0.000,0.003,1.000,0.005,0.070,0.020
pressured,0.000,0.003,1.000,0.005,0.070,0.020
circulating,0.000,0.003,1.000,0.005,0.070,0.020
sophistication,0.000,0.003,1.000,0.005,0.070,0.020
imposition,0.000,0.003,1.000,0.005,0.070,0.020
matter-of-factly,0.000,0.003,1.000,0.005,0.070,0.020
tottering,0.000,0.003,1.000,0.005,0.070,0.020
self-idea,0.000,0.003,1.000,0.005,0.070,0.020
shoe-chooser,0.000,0.003,1.000,0.005,0.070,0.020
attribution,0.000,0.003,1.000,0.005,0.070,0.020
decorating,0.000,0.005,1.000,0.011,0.035,0.020
apologized,0.000,0.008,1.000,0.016,0.023,0.020
nearing,0.000,0.005,1.000,0.011,0.035,0.020
weeping,0.000,0.005,1.000,0.011,0.035,0.020
reconstruct,0.000,0.005,1.000,0.011,0.035,0.020
jumble,0.000,0.003,1.000,0.005,0.070,0.020
unbind,0.000,0.003,1.000,0.005,0.070,0.020
imprisoning,0.000,0.003,1.000,0.005,0.070,0.020
improving,0.000,0.008,1.000,0.016,0.023,0.020
partway,0.000,0.008,1.000,0.016,0.023,0.020
deceitful,0.000,0.005,1.000,0.011,0.035,0.020
parse,0.000,0.005,1.000,0.011,0.035,0.020
subsiding,0.000,0.005,1.000,0.011,0.035,0.020
extroverted,0.000,0.008,1.000,0.016,0.023,0.019
sankhara,0.000,0.005,1.000,0.011,0.035,0.019
civic,0.000,0.005,1.000,0.011,0.035,0.019
befriend,0.000,0.005,1.000,0.011,0.035,0.019
gentler,0.000,0.005,1.000,0.011,0.035,0.019
applauded,0.000,0.003,1.000,0.005,0.070,0.019
destroys,0.000,0.005,1.000,0.011,0.035,0.019
psychotherapist,0.000,0.005,1.000,0.011,0.035,0.019
recipe,0.000,0.008,1.000,0.016,0.023,0.019
grievance,0.000,0.005,1.000,0.011,0.035,0.019
millisecond,0.000,0.005,1.000,0.011,0.035,0.019
checkout,0.000,0.005,1.000,0.011,0.035,0.019
withdrawing,0.000,0.003,1.000,0.005,0.069,0.019
buddham,0.000,0.003,1.000,0.005,0.069,0.019
saranam,0.000,0.003,1.000,0.005,0.069,0.019
gachhami,0.000,0.003,1.000,0.005,0.069,0.019
encompassed,0.000,0.003,1.000,0.005,0.069,0.019
berry,0.000,0.003,1.000,0.005,0.069,0.019
storti,0.000,0.003,1.000,0.005,0.069,0.019
etched,0.000,0.003,1.000,0.005,0.069,0.019
remedy,0.000,0.003,1.000,0.005,0.069,0.019
burnish,0.000,0.003,1.000,0.005,0.069,0.019
gracing,0.000,0.003,1.000,0.005,0.069,0.019
hieroglyph,0.000,0.003,1.000,0.005,0.069,0.019
souvenir,0.000,0.003,1.000,0.005,0.069,0.019
facile,0.000,0.003,1.000,0.005,0.069,0.019
lashed,0.000,0.003,1.000,0.005,0.069,0.019
gornstein,0.000,0.003,1.000,0.005,0.069,0.019
littering,0.000,0.003,1.000,0.005,0.069,0.019
dizziness,0.000,0.003,1.000,0.005,0.069,0.019
venom,0.000,0.003,1.000,0.005,0.069,0.019
snoring,0.000,0.003,1.000,0.005,0.069,0.019
bleak,0.000,0.003,1.000,0.005,0.069,0.019
stepfather,0.000,0.003,1.000,0.005,0.069,0.019
grill,0.000,0.003,1.000,0.005,0.069,0.019
gunpoint,0.000,0.005,1.000,0.011,0.035,0.019
seep,0.000,0.005,1.000,0.011,0.035,0.019
straw,0.000,0.008,1.000,0.016,0.023,0.019
sleeve,0.000,0.005,1.000,0.011,0.035,0.019
slice,0.000,0.005,1.000,0.011,0.035,0.019
woo-woo,0.000,0.005,1.000,0.011,0.035,0.019
asserted,0.000,0.005,1.000,0.011,0.035,0.019
ceo,0.000,0.005,1.000,0.011,0.035,0.019
clear-eyed,0.000,0.003,1.000,0.005,0.069,0.019
aversion's,0.000,0.003,1.000,0.005,0.069,0.019
self-monitoring,0.000,0.003,1.000,0.005,0.069,0.019
clear-headed,0.000,0.003,1.000,0.005,0.069,0.019
clear-minded,0.000,0.003,1.000,0.005,0.069,0.019
unwilling,0.000,0.003,1.000,0.005,0.069,0.019
medicate,0.000,0.003,1.000,0.005,0.069,0.019
charred,0.000,0.003,1.000,0.005,0.069,0.019
level-headed,0.000,0.003,1.000,0.005,0.069,0.019
despaired,0.000,0.003,1.000,0.005,0.069,0.019
saddened,0.000,0.003,1.000,0.005,0.069,0.019
expansively,0.000,0.005,1.000,0.011,0.035,0.019
stabilizes,0.000,0.005,1.000,0.011,0.034,0.019
addictive,0.000,0.005,1.000,0.011,0.034,0.019
experiencers,0.000,0.003,1.000,0.005,0.069,0.019
amplify,0.000,0.003,1.000,0.005,0.069,0.019
non-activity,0.000,0.003,1.000,0.005,0.069,0.019
homeopathic,0.000,0.003,1.000,0.005,0.069,0.019
dosage,0.000,0.003,1.000,0.005,0.069,0.019
marginalized,0.000,0.003,1.000,0.005,0.069,0.019
detracts,0.000,0.003,1.000,0.005,0.069,0.019
garbled,0.000,0.003,1.000,0.005,0.069,0.019
de-armor,0.000,0.003,1.000,0.005,0.069,0.019
chipmunk,0.000,0.003,1.000,0.005,0.069,0.019
self-speech,0.000,0.003,1.000,0.005,0.069,0.019
owes,0.000,0.003,1.000,0.005,0.069,0.019
disenfranchised,0.000,0.003,1.000,0.005,0.069,0.019
submission,0.000,0.003,1.000,0.005,0.069,0.019
shin,0.000,0.003,1.000,0.005,0.069,0.019
appreciatively,0.000,0.003,1.000,0.005,0.069,0.019
pre-story,0.000,0.003,1.000,0.005,0.069,0.019
stared,0.000,0.003,1.000,0.005,0.069,0.019
depersonify,0.000,0.003,1.000,0.005,0.069,0.019
utilized,0.000,0.003,1.000,0.005,0.069,0.019
army's,0.000,0.003,1.000,0.005,0.069,0.019
protracted,0.000,0.003,1.000,0.005,0.069,0.019
berate,0.000,0.005,1.000,0.011,0.034,0.019
announcing,0.000,0.005,1.000,0.011,0.034,0.019
lobha,0.000,0.003,1.000,0.005,0.069,0.019
janussoni,0.000,0.003,1.000,0.005,0.069,0.019
hair-raising,0.000,0.003,1.000,0.005,0.069,0.019
shrine,0.000,0.003,1.000,0.005,0.069,0.019
deactivation,0.000,0.003,1.000,0.005,0.069,0.019
exhibit,0.000,0.005,1.000,0.011,0.034,0.019
anupassi,0.000,0.003,1.000,0.005,0.069,0.019
unworthy,0.000,0.003,1.000,0.005,0.069,0.019
mu,0.000,0.003,1.000,0.005,0.069,0.019
musculus,0.000,0.003,1.000,0.005,0.069,0.019
scuttle,0.000,0.003,1.000,0.005,0.069,0.019
nibble,0.000,0.003,1.000,0.005,0.069,0.019
gnaws,0.000,0.003,1.000,0.005,0.069,0.019
coating,0.000,0.003,1.000,0.005,0.069,0.019
circuitry,0.000,0.003,1.000,0.005,0.069,0.019
badger,0.000,0.003,1.000,0.005,0.069,0.019
wolverine,0.000,0.003,1.000,0.005,0.069,0.019
scamper,0.000,0.003,1.000,0.005,0.069,0.019
pattering,0.000,0.003,1.000,0.005,0.069,0.019
portfolio,0.000,0.003,1.000,0.005,0.069,0.019
muddle,0.000,0.003,1.000,0.005,0.069,0.019
renunciant,0.000,0.005,1.000,0.011,0.034,0.019
forgiving,0.000,0.005,1.000,0.011,0.034,0.019
plurality,0.000,0.005,1.000,0.011,0.034,0.019
ineffable,0.000,0.005,1.000,0.011,0.034,0.019
negotiating,0.000,0.005,1.000,0.011,0.034,0.019
kurt,0.000,0.005,1.000,0.011,0.034,0.019
red-eyed,0.000,0.005,1.000,0.011,0.034,0.019
nugent,0.000,0.003,1.000,0.005,0.069,0.019
ficus,0.000,0.003,1.000,0.005,0.069,0.019
benjamina,0.000,0.003,1.000,0.005,0.069,0.019
quarter-inch,0.000,0.003,1.000,0.005,0.069,0.019
nonsensically,0.000,0.003,1.000,0.005,0.069,0.019
half-breath,0.000,0.003,1.000,0.005,0.069,0.019
aided,0.000,0.003,1.000,0.005,0.069,0.019
o'clock,0.000,0.003,1.000,0.005,0.069,0.019
board-certified,0.000,0.005,1.000,0.011,0.034,0.019
vigil,0.000,0.005,1.000,0.011,0.034,0.019
australia,0.000,0.005,1.000,0.011,0.034,0.019
tangibles,0.000,0.005,1.000,0.011,0.034,0.019
wakeup,0.000,0.005,1.000,0.011,0.034,0.019
ordered,0.000,0.008,1.000,0.016,0.023,0.019
moore,0.000,0.003,1.000,0.005,0.068,0.019
incarcerate,0.000,0.003,1.000,0.005,0.068,0.019
offender,0.000,0.003,1.000,0.005,0.068,0.019
bloody-handed,0.000,0.003,1.000,0.005,0.068,0.019
angulimala's,0.000,0.003,1.000,0.005,0.068,0.019
doormat,0.000,0.005,1.000,0.011,0.034,0.019
shunryu,0.000,0.005,1.000,0.011,0.034,0.019
vibe,0.000,0.005,1.000,0.011,0.034,0.019
ditch,0.000,0.005,1.000,0.011,0.034,0.019
inextricably,0.000,0.005,1.000,0.011,0.034,0.019
replaying,0.000,0.005,1.000,0.011,0.034,0.019
burnout,0.000,0.005,1.000,0.011,0.034,0.019
scare,0.000,0.008,1.000,0.016,0.023,0.019
100-pound,0.000,0.003,1.000,0.005,0.068,0.019
mandela,0.000,0.003,1.000,0.005,0.068,0.019
robben,0.000,0.003,1.000,0.005,0.068,0.019
craig,0.000,0.003,1.000,0.005,0.068,0.019
lamented,0.000,0.005,1.000,0.011,0.034,0.019
recovery,0.000,0.008,1.000,0.016,0.023,0.019
strict,0.000,0.008,1.000,0.016,0.023,0.019
pun,0.000,0.005,1.000,0.011,0.034,0.019
humanitarian,0.000,0.008,1.000,0.016,0.023,0.019
ramification,0.000,0.005,1.000,0.011,0.034,0.019
athens,0.000,0.003,1.000,0.005,0.068,0.019
arendt,0.000,0.003,1.000,0.005,0.068,0.019
unfinished,0.000,0.005,1.000,0.011,0.034,0.019
hail,0.000,0.005,1.000,0.011,0.034,0.019
one-one,0.000,0.003,1.000,0.005,0.068,0.019
two-two,0.000,0.003,1.000,0.005,0.068,0.019
three-three,0.000,0.003,1.000,0.005,0.068,0.019
decreasing,0.000,0.003,1.000,0.005,0.068,0.019
prolongs,0.000,0.005,1.000,0.011,0.034,0.019
one-hour,0.000,0.005,1.000,0.011,0.034,0.019
captivated,0.000,0.005,1.000,0.011,0.034,0.019
proliferating,0.000,0.005,1.000,0.011,0.034,0.019
seven-year,0.000,0.005,1.000,0.011,0.034,0.019
backpack,0.000,0.003,1.000,0.005,0.068,0.019
hydroelectric,0.000,0.003,1.000,0.005,0.068,0.019
eight-hour,0.000,0.003,1.000,0.005,0.068,0.019
solo,0.000,0.003,1.000,0.005,0.068,0.019
abortion,0.000,0.005,1.000,0.011,0.034,0.019
bravely,0.000,0.005,1.000,0.011,0.034,0.019
pardon,0.000,0.003,1.000,0.005,0.067,0.019
unearthing,0.000,0.003,1.000,0.005,0.067,0.019
janaka,0.000,0.003,1.000,0.005,0.067,0.019
toss-away,0.000,0.003,1.000,0.005,0.067,0.019
comprised,0.000,0.003,1.000,0.005,0.067,0.019
pre-hindu,0.000,0.003,1.000,0.005,0.067,0.019
pre-brahmanical,0.000,0.003,1.000,0.005,0.067,0.019
brahmana,0.000,0.003,1.000,0.005,0.067,0.019
interoception,0.000,0.003,1.000,0.005,0.067,0.019
decentering,0.000,0.003,1.000,0.005,0.067,0.019
kaya,0.000,0.003,1.000,0.005,0.067,0.019
mythopoetic,0.000,0.003,1.000,0.005,0.067,0.019
assailed,0.000,0.003,1.000,0.005,0.067,0.019
skeleton,0.000,0.003,1.000,0.005,0.067,0.019
wiki,0.000,0.003,1.000,0.005,0.067,0.019
informally,0.000,0.003,1.000,0.005,0.067,0.019
contagious,0.000,0.003,1.000,0.005,0.067,0.019
depended,0.000,0.003,1.000,0.005,0.067,0.019
immaculately,0.000,0.003,1.000,0.005,0.067,0.019
sperm,0.000,0.003,1.000,0.005,0.067,0.019
undervalued,0.000,0.003,1.000,0.005,0.067,0.019
amino,0.000,0.003,1.000,0.005,0.067,0.019
replicating,0.000,0.003,1.000,0.005,0.067,0.019
injure,0.000,0.003,1.000,0.005,0.067,0.019
chemoreceptor,0.000,0.003,1.000,0.005,0.067,0.019
user,0.000,0.003,1.000,0.005,0.067,0.019
layout,0.000,0.003,1.000,0.005,0.067,0.019
non-deliberately,0.000,0.003,1.000,0.005,0.067,0.019
impregnated,0.000,0.003,1.000,0.005,0.067,0.019
catalyst,0.000,0.003,1.000,0.005,0.067,0.019
parted,0.000,0.003,1.000,0.005,0.067,0.019
counteracts,0.000,0.003,1.000,0.005,0.067,0.019
overcharging,0.000,0.003,1.000,0.005,0.067,0.019
screwed,0.000,0.005,1.000,0.011,0.034,0.019
erect,0.000,0.005,1.000,0.011,0.034,0.019
udana,0.000,0.005,1.000,0.011,0.034,0.019
asserts,0.000,0.005,1.000,0.011,0.034,0.019
viewfinder,0.000,0.003,1.000,0.005,0.067,0.019
grinder,0.000,0.003,1.000,0.005,0.067,0.019
grr,0.000,0.003,1.000,0.005,0.067,0.019
overtaken,0.000,0.003,1.000,0.005,0.067,0.019
whither,0.000,0.005,1.000,0.011,0.034,0.019
darkish,0.000,0.003,1.000,0.005,0.067,0.019
mediocreness,0.000,0.003,1.000,0.005,0.067,0.019
oscillating,0.000,0.003,1.000,0.005,0.067,0.019
unagitated,0.000,0.003,1.000,0.005,0.067,0.019
forecaster,0.000,0.003,1.000,0.005,0.067,0.019
self-clinging,0.000,0.003,1.000,0.005,0.067,0.019
positing,0.000,0.003,1.000,0.005,0.067,0.019
wither,0.000,0.005,1.000,0.011,0.034,0.019
exhaustion,0.000,0.005,1.000,0.011,0.034,0.019
preserving,0.000,0.005,1.000,0.011,0.034,0.019
sprained,0.000,0.005,1.000,0.011,0.034,0.019
self-correcting,0.000,0.005,1.000,0.011,0.034,0.019
dismay,0.000,0.005,1.000,0.011,0.034,0.019
provoke,0.000,0.005,1.000,0.011,0.034,0.019
spends,0.000,0.008,1.000,0.016,0.022,0.019
conceptualize,0.000,0.003,1.000,0.005,0.067,0.019
miserably,0.000,0.005,1.000,0.011,0.033,0.019
anyhow,0.000,0.008,1.000,0.016,0.022,0.019
guy's,0.000,0.005,1.000,0.011,0.033,0.019
adversity,0.000,0.005,1.000,0.011,0.033,0.019
half-caf,0.000,0.003,1.000,0.005,0.067,0.019
pumpkin,0.000,0.003,1.000,0.005,0.067,0.019
spice,0.000,0.003,1.000,0.005,0.067,0.019
rewrite,0.000,0.005,1.000,0.011,0.033,0.019
matara,0.000,0.003,1.000,0.005,0.067,0.019
eastward,0.000,0.003,1.000,0.005,0.067,0.019
lankan,0.000,0.003,1.000,0.005,0.067,0.019
mercantile,0.000,0.003,1.000,0.005,0.067,0.019
incursion,0.000,0.003,1.000,0.005,0.067,0.019
indo-european,0.000,0.003,1.000,0.005,0.067,0.019
large-scale,0.000,0.003,1.000,0.005,0.067,0.019
aniconic,0.000,0.003,1.000,0.005,0.067,0.019
grandest,0.000,0.003,1.000,0.005,0.067,0.019
borobudur,0.000,0.003,1.000,0.005,0.067,0.019
indonesia,0.000,0.003,1.000,0.005,0.067,0.019
colonel,0.000,0.003,1.000,0.005,0.067,0.019
olcott,0.000,0.003,1.000,0.005,0.067,0.019
madame,0.000,0.003,1.000,0.005,0.067,0.019
blavatsky,0.000,0.003,1.000,0.005,0.067,0.019
reigning,0.000,0.003,1.000,0.005,0.067,0.019
iniquity,0.000,0.003,1.000,0.005,0.067,0.019
penny,0.000,0.003,1.000,0.005,0.067,0.019
suspected,0.000,0.003,1.000,0.005,0.067,0.019
priest's,0.000,0.003,1.000,0.005,0.067,0.019
brahman's,0.000,0.003,1.000,0.005,0.067,0.019
ordeal,0.000,0.003,1.000,0.005,0.067,0.019
manipulated,0.000,0.005,1.000,0.011,0.033,0.019
renewal,0.000,0.005,1.000,0.011,0.033,0.019
samadhi's,0.000,0.003,1.000,0.005,0.067,0.019
flippant,0.000,0.003,1.000,0.005,0.067,0.019
all-self,0.000,0.003,1.000,0.005,0.067,0.019
untense,0.000,0.003,1.000,0.005,0.067,0.019
tuere,0.000,0.003,1.000,0.005,0.067,0.019
sala,0.000,0.003,1.000,0.005,0.067,0.019
darra,0.000,0.003,1.000,0.005,0.067,0.019
williams,0.000,0.003,1.000,0.005,0.067,0.019
bird's-eye,0.000,0.003,1.000,0.005,0.067,0.019
well-aligned,0.000,0.003,1.000,0.005,0.067,0.019
carefulness,0.000,0.003,1.000,0.005,0.067,0.019
liveliness,0.000,0.003,1.000,0.005,0.067,0.019
adamantine,0.000,0.003,1.000,0.005,0.067,0.019
embarked,0.000,0.008,1.000,0.016,0.022,0.019
afterward,0.000,0.005,1.000,0.011,0.033,0.019
boston,0.000,0.005,1.000,0.011,0.033,0.019
considerably,0.000,0.003,1.000,0.005,0.067,0.019
air-conditioned,0.000,0.003,1.000,0.005,0.067,0.019
horn,0.000,0.005,1.000,0.011,0.033,0.019
rosemary's,0.000,0.005,1.000,0.011,0.033,0.019
luckily,0.000,0.005,1.000,0.011,0.033,0.019
toronto,0.000,0.005,1.000,0.011,0.033,0.019
mailing,0.000,0.005,1.000,0.011,0.033,0.019
mapped,0.000,0.003,1.000,0.005,0.066,0.019
diligently,0.000,0.003,1.000,0.005,0.066,0.019
openheartedness,0.000,0.003,1.000,0.005,0.066,0.019
procrastinating,0.000,0.003,1.000,0.005,0.066,0.019
coordinate,0.000,0.005,1.000,0.011,0.033,0.019
victorian,0.000,0.005,1.000,0.011,0.033,0.019
unlikely,0.000,0.011,1.000,0.022,0.017,0.019
disdain,0.000,0.005,1.000,0.011,0.033,0.019
mitigates,0.000,0.005,1.000,0.011,0.033,0.019
ripen,0.000,0.005,1.000,0.011,0.033,0.019
top-level,0.000,0.005,1.000,0.011,0.033,0.019
hateful,0.000,0.005,1.000,0.011,0.033,0.019
removal,0.000,0.005,1.000,0.011,0.033,0.019
elicited,0.000,0.003,1.000,0.005,0.066,0.019
rattled,0.000,0.003,1.000,0.005,0.066,0.019
hearness,0.000,0.003,1.000,0.005,0.066,0.019
person-dependent,0.000,0.003,1.000,0.005,0.066,0.019
hyper-vigilant,0.000,0.003,1.000,0.005,0.066,0.019
volcanic,0.000,0.003,1.000,0.005,0.066,0.019
influencable,0.000,0.003,1.000,0.005,0.066,0.019
individuality,0.000,0.005,1.000,0.011,0.033,0.019
modernity,0.000,0.003,1.000,0.005,0.066,0.019
cultured,0.000,0.003,1.000,0.005,0.066,0.019
confucianist,0.000,0.003,1.000,0.005,0.066,0.019
randomness,0.000,0.003,1.000,0.005,0.066,0.019
accretion,0.000,0.003,1.000,0.005,0.066,0.019
byung-chul,0.000,0.003,1.000,0.005,0.066,0.019
han,0.000,0.003,1.000,0.005,0.066,0.019
martine's,0.000,0.003,1.000,0.005,0.066,0.019
fourfold,0.000,0.003,1.000,0.005,0.066,0.019
statistic,0.000,0.003,1.000,0.005,0.066,0.019
reappearance,0.000,0.005,1.000,0.011,0.033,0.019
acknowledges,0.000,0.008,1.000,0.016,0.022,0.019
headphone,0.000,0.003,1.000,0.005,0.066,0.019
sighing,0.000,0.003,1.000,0.005,0.066,0.019
reverent,0.000,0.005,1.000,0.011,0.033,0.019
over-selecting,0.000,0.003,1.000,0.005,0.066,0.019
over-focusing,0.000,0.003,1.000,0.005,0.066,0.019
swelling,0.000,0.003,1.000,0.005,0.066,0.019
obscures,0.000,0.003,1.000,0.005,0.066,0.019
long-sleeve,0.000,0.003,1.000,0.005,0.066,0.019
wrinkled,0.000,0.003,1.000,0.005,0.066,0.019
clamped,0.000,0.003,1.000,0.005,0.066,0.019
selects,0.000,0.003,1.000,0.005,0.066,0.019
minutely,0.000,0.003,1.000,0.005,0.066,0.019
institute,0.000,0.008,1.000,0.016,0.022,0.019
davis,0.000,0.003,1.000,0.005,0.066,0.019
botany,0.000,0.003,1.000,0.005,0.066,0.019
kidney,0.000,0.003,1.000,0.005,0.066,0.019
leakey,0.000,0.003,1.000,0.005,0.066,0.019
overspecialized,0.000,0.003,1.000,0.005,0.066,0.019
olive,0.000,0.003,1.000,0.005,0.066,0.019
overfarmed,0.000,0.003,1.000,0.005,0.066,0.019
regeneration,0.000,0.003,1.000,0.005,0.066,0.019
burial,0.000,0.003,1.000,0.005,0.066,0.019
wasting,0.000,0.005,1.000,0.011,0.033,0.019
tracing,0.000,0.005,1.000,0.011,0.033,0.019
performed,0.000,0.008,1.000,0.016,0.022,0.019
reacquainted,0.000,0.003,1.000,0.005,0.066,0.019
propel,0.000,0.003,1.000,0.005,0.066,0.019
basal,0.000,0.003,1.000,0.005,0.066,0.019
aspirin,0.000,0.005,1.000,0.011,0.033,0.019
provision,0.000,0.008,1.000,0.016,0.022,0.019
longer-than-usual,0.000,0.003,1.000,0.005,0.066,0.019
40th,0.000,0.003,1.000,0.005,0.066,0.019
recognizable,0.000,0.003,1.000,0.005,0.066,0.019
additionally,0.000,0.005,1.000,0.011,0.033,0.019
beneficiary,0.000,0.005,1.000,0.011,0.033,0.019
hilarious,0.000,0.005,1.000,0.011,0.033,0.019
keyboard,0.000,0.003,1.000,0.005,0.065,0.019
bandwidth,0.000,0.003,1.000,0.005,0.065,0.019
grind,0.000,0.005,1.000,0.011,0.033,0.019
kondanna,0.000,0.005,1.000,0.011,0.033,0.019
harm's,0.000,0.005,1.000,0.011,0.033,0.019
donated,0.000,0.005,1.000,0.011,0.033,0.019
declaration,0.000,0.005,1.000,0.011,0.033,0.019
rosy,0.000,0.005,1.000,0.011,0.033,0.019
somatically,0.000,0.005,1.000,0.011,0.033,0.019
non-harm,0.000,0.003,1.000,0.005,0.065,0.019
ginormous,0.000,0.005,1.000,0.011,0.033,0.019
jitteriness,0.000,0.005,1.000,0.011,0.033,0.019
coincidentally,0.000,0.003,1.000,0.005,0.065,0.019
undocumented,0.000,0.003,1.000,0.005,0.065,0.019
devolves,0.000,0.003,1.000,0.005,0.065,0.019
unnatural,0.000,0.003,1.000,0.005,0.065,0.019
devolving,0.000,0.003,1.000,0.005,0.065,0.019
malevolence,0.000,0.003,1.000,0.005,0.065,0.019
sensitize,0.000,0.005,1.000,0.011,0.033,0.019
uneven,0.000,0.003,1.000,0.005,0.065,0.019
superego,0.000,0.003,1.000,0.005,0.065,0.019
aronson,0.000,0.003,1.000,0.005,0.065,0.019
gatha,0.000,0.003,1.000,0.005,0.065,0.019
prevading,0.000,0.003,1.000,0.005,0.065,0.019
elongates,0.000,0.003,1.000,0.005,0.065,0.019
hyper-focused,0.000,0.003,1.000,0.005,0.065,0.019
crest,0.000,0.003,1.000,0.005,0.065,0.019
fire's,0.000,0.003,1.000,0.005,0.065,0.019
interlude,0.000,0.003,1.000,0.005,0.065,0.019
rainfall,0.000,0.005,1.000,0.011,0.033,0.019
ferry,0.000,0.005,1.000,0.011,0.033,0.019
dichotomous,0.000,0.003,1.000,0.005,0.065,0.019
prion,0.000,0.003,1.000,0.005,0.065,0.019
pest,0.000,0.003,1.000,0.005,0.065,0.019
fashion,0.000,0.005,1.000,0.011,0.032,0.019
utah,0.000,0.003,1.000,0.005,0.065,0.019
largeness,0.000,0.003,1.000,0.005,0.065,0.019
boundlessly,0.000,0.003,1.000,0.005,0.065,0.019
occupies,0.000,0.003,1.000,0.005,0.065,0.019
orifice,0.000,0.003,1.000,0.005,0.065,0.019
timber,0.000,0.003,1.000,0.005,0.065,0.019
creeper,0.000,0.003,1.000,0.005,0.065,0.019
ancientness,0.000,0.003,1.000,0.005,0.065,0.019
allude,0.000,0.003,1.000,0.005,0.065,0.019
interpenetrates,0.000,0.003,1.000,0.005,0.065,0.019
echoed,0.000,0.003,1.000,0.005,0.065,0.019
inseparability,0.000,0.003,1.000,0.005,0.065,0.019
flare,0.000,0.003,1.000,0.005,0.065,0.019
improbable,0.000,0.003,1.000,0.005,0.065,0.019
almost-metaphor,0.000,0.003,1.000,0.005,0.065,0.019
32nd,0.000,0.003,1.000,0.005,0.065,0.019
powder,0.000,0.003,1.000,0.005,0.065,0.019
10-20,0.000,0.003,1.000,0.005,0.065,0.019
enthusiastic,0.000,0.008,1.000,0.016,0.022,0.019
booby,0.000,0.005,1.000,0.011,0.032,0.019
brownie,0.000,0.005,1.000,0.011,0.032,0.019
historic,0.000,0.005,1.000,0.011,0.032,0.019
metabolism,0.000,0.005,1.000,0.011,0.032,0.019
impress,0.000,0.005,1.000,0.011,0.032,0.019
enslaved,0.000,0.003,1.000,0.005,0.065,0.019
jain,0.000,0.003,1.000,0.005,0.065,0.019
husband's,0.000,0.005,1.000,0.011,0.032,0.019
scarce,0.000,0.005,1.000,0.011,0.032,0.019
concluded,0.000,0.005,1.000,0.011,0.032,0.019
conceivings,0.000,0.003,1.000,0.005,0.065,0.019
valuings,0.000,0.003,1.000,0.005,0.065,0.019
prioritizings,0.000,0.003,1.000,0.005,0.065,0.019
subvocally,0.000,0.003,1.000,0.005,0.065,0.019
insurmountable,0.000,0.003,1.000,0.005,0.065,0.019
a-n-i-c-c-a,0.000,0.003,1.000,0.005,0.065,0.019
thought-about,0.000,0.003,1.000,0.005,0.065,0.019
subjectification,0.000,0.003,1.000,0.005,0.065,0.019
dharmete,0.000,0.003,1.000,0.005,0.065,0.019
bhagavato,0.000,0.005,1.000,0.011,0.032,0.019
arahato,0.000,0.005,1.000,0.011,0.032,0.019
sammasambuddhassa,0.000,0.005,1.000,0.011,0.032,0.019
rededicating,0.000,0.003,1.000,0.005,0.064,0.019
hair's,0.000,0.003,1.000,0.005,0.064,0.019
well-to-do,0.000,0.003,1.000,0.005,0.064,0.019
self-punishment,0.000,0.003,1.000,0.005,0.064,0.019
milder,0.000,0.003,1.000,0.005,0.064,0.019
bereft,0.000,0.003,1.000,0.005,0.064,0.019
muck,0.000,0.003,1.000,0.005,0.064,0.019
lionized,0.000,0.003,1.000,0.005,0.064,0.019
narration,0.000,0.003,1.000,0.005,0.064,0.019
retroactive,0.000,0.003,1.000,0.005,0.064,0.019
structuring,0.000,0.003,1.000,0.005,0.064,0.019
sai,0.000,0.003,1.000,0.005,0.064,0.019
proliferated,0.000,0.005,1.000,0.011,0.032,0.019
boulevard,0.000,0.005,1.000,0.011,0.032,0.019
singled,0.000,0.005,1.000,0.011,0.032,0.019
announce,0.000,0.005,1.000,0.011,0.032,0.019
oz,0.000,0.003,1.000,0.005,0.064,0.019
emerald,0.000,0.003,1.000,0.005,0.064,0.019
booming,0.000,0.003,1.000,0.005,0.064,0.019
harmless-looking,0.000,0.003,1.000,0.005,0.064,0.019
condensation,0.000,0.003,1.000,0.005,0.064,0.019
dialect,0.000,0.003,1.000,0.005,0.064,0.019
enactor,0.000,0.003,1.000,0.005,0.064,0.019
realness,0.000,0.003,1.000,0.005,0.064,0.019
figment,0.000,0.003,1.000,0.005,0.064,0.019
three-minute,0.000,0.003,1.000,0.005,0.064,0.019
expertise,0.000,0.005,1.000,0.011,0.032,0.019
35th,0.000,0.003,1.000,0.005,0.064,0.019
socialized,0.000,0.005,1.000,0.011,0.032,0.019
extolling,0.000,0.005,1.000,0.011,0.032,0.019
munindra-ji,0.000,0.005,1.000,0.011,0.032,0.019
ugh,0.000,0.005,1.000,0.011,0.032,0.019
sunbeam,0.000,0.005,1.000,0.011,0.032,0.019
objectify,0.000,0.003,1.000,0.005,0.064,0.019
five-year,0.000,0.003,1.000,0.005,0.064,0.019
averting,0.000,0.003,1.000,0.005,0.064,0.019
love-making,0.000,0.003,1.000,0.005,0.064,0.019
vacillating,0.000,0.005,1.000,0.011,0.032,0.019
non-strain,0.000,0.003,1.000,0.005,0.064,0.019
non-resisting,0.000,0.003,1.000,0.005,0.064,0.019
caught-up-ness,0.000,0.003,1.000,0.005,0.064,0.019
carves,0.000,0.003,1.000,0.005,0.064,0.019
slate,0.000,0.003,1.000,0.005,0.064,0.019
garage,0.000,0.005,1.000,0.011,0.032,0.019
overpower,0.000,0.003,1.000,0.005,0.064,0.019
open-handedness,0.000,0.003,1.000,0.005,0.064,0.019
open-hearted,0.000,0.003,1.000,0.005,0.064,0.019
multi-billion,0.000,0.003,1.000,0.005,0.064,0.019
giddiness,0.000,0.003,1.000,0.005,0.064,0.019
diaper,0.000,0.003,1.000,0.005,0.064,0.019
rash,0.000,0.003,1.000,0.005,0.064,0.019
tizzy,0.000,0.003,1.000,0.005,0.064,0.019
obscurity,0.000,0.003,1.000,0.005,0.064,0.019
pettiness,0.000,0.003,1.000,0.005,0.064,0.019
disperse,0.000,0.003,1.000,0.005,0.064,0.019
unspoken,0.000,0.005,1.000,0.011,0.032,0.019
mystifying,0.000,0.005,1.000,0.011,0.032,0.019
tinted,0.000,0.003,1.000,0.005,0.064,0.019
nearsighted,0.000,0.003,1.000,0.005,0.064,0.019
vigilant,0.000,0.003,1.000,0.005,0.064,0.019
domanassa,0.000,0.003,1.000,0.005,0.064,0.019
somanassa,0.000,0.003,1.000,0.005,0.064,0.019
blandness,0.000,0.003,1.000,0.005,0.064,0.019
self-involvement,0.000,0.003,1.000,0.005,0.064,0.019
religiosity,0.000,0.005,1.000,0.011,0.032,0.019
descended,0.000,0.005,1.000,0.011,0.032,0.019
prompted,0.000,0.005,1.000,0.011,0.032,0.019
follow-on,0.000,0.005,1.000,0.011,0.032,0.019
000-foot,0.000,0.005,1.000,0.011,0.032,0.019
soapbox,0.000,0.005,1.000,0.011,0.032,0.019
unfairly,0.000,0.005,1.000,0.011,0.032,0.019
gizmo,0.000,0.003,1.000,0.005,0.063,0.019
solver,0.000,0.003,1.000,0.005,0.063,0.019
greeter,0.000,0.003,1.000,0.005,0.063,0.019
congealing,0.000,0.003,1.000,0.005,0.063,0.019
densing,0.000,0.003,1.000,0.005,0.063,0.019
guru,0.000,0.008,1.000,0.016,0.021,0.019
cox,0.000,0.003,1.000,0.005,0.063,0.019
engrossed,0.000,0.003,1.000,0.005,0.063,0.019
munched,0.000,0.003,1.000,0.005,0.063,0.019
gutsy,0.000,0.003,1.000,0.005,0.063,0.019
blacken,0.000,0.003,1.000,0.005,0.063,0.019
snatched,0.000,0.003,1.000,0.005,0.063,0.019
galled,0.000,0.003,1.000,0.005,0.063,0.019
thieving,0.000,0.003,1.000,0.005,0.063,0.019
boarded,0.000,0.003,1.000,0.005,0.063,0.019
moaned,0.000,0.003,1.000,0.005,0.063,0.019
batting,0.000,0.003,1.000,0.005,0.063,0.019
rethink,0.000,0.008,1.000,0.016,0.021,0.019
abstains,0.000,0.005,1.000,0.011,0.032,0.019
microcosm,0.000,0.005,1.000,0.011,0.032,0.019
lily,0.000,0.005,1.000,0.011,0.032,0.019
ingrained,0.000,0.005,1.000,0.011,0.031,0.019
pig,0.000,0.005,1.000,0.011,0.031,0.019
tack,0.000,0.003,1.000,0.005,0.063,0.019
thru-hikes,0.000,0.003,1.000,0.005,0.063,0.019
ounce,0.000,0.003,1.000,0.005,0.063,0.019
boot,0.000,0.003,1.000,0.005,0.063,0.019
luggage,0.000,0.003,1.000,0.005,0.063,0.019
mired,0.000,0.003,1.000,0.005,0.063,0.019
self-consumed,0.000,0.003,1.000,0.005,0.063,0.019
opinionatedness,0.000,0.003,1.000,0.005,0.063,0.019
self-study,0.000,0.003,1.000,0.005,0.063,0.019
community-based,0.000,0.005,1.000,0.011,0.031,0.019
advocating,0.000,0.005,1.000,0.011,0.031,0.019
monterey,0.000,0.003,1.000,0.005,0.063,0.019
inscribe,0.000,0.003,1.000,0.005,0.063,0.019
inscribed,0.000,0.003,1.000,0.005,0.063,0.019
despondent,0.000,0.003,1.000,0.005,0.063,0.019
reforming,0.000,0.003,1.000,0.005,0.063,0.019
reshaping,0.000,0.003,1.000,0.005,0.063,0.019
contended,0.000,0.003,1.000,0.005,0.063,0.019
self-standing,0.000,0.003,1.000,0.005,0.063,0.019
demotes,0.000,0.003,1.000,0.005,0.063,0.019
stressfulness,0.000,0.003,1.000,0.005,0.063,0.019
tenseness,0.000,0.003,1.000,0.005,0.063,0.019
de-stress,0.000,0.003,1.000,0.005,0.063,0.019
shapeshift,0.000,0.003,1.000,0.005,0.063,0.018
pliable,0.000,0.003,1.000,0.005,0.063,0.018
knotted-up,0.000,0.003,1.000,0.005,0.063,0.018
zapped,0.000,0.003,1.000,0.005,0.063,0.018
fought,0.000,0.008,1.000,0.016,0.021,0.018
gradation,0.000,0.005,1.000,0.011,0.031,0.018
stalwart,0.000,0.005,1.000,0.011,0.031,0.018
heavily,0.000,0.008,1.000,0.016,0.021,0.018
stagehand,0.000,0.005,1.000,0.011,0.031,0.018
injected,0.000,0.005,1.000,0.011,0.031,0.018
renowned,0.000,0.008,1.000,0.016,0.021,0.018
downer,0.000,0.005,1.000,0.011,0.031,0.018
irrational,0.000,0.005,1.000,0.011,0.031,0.018
horoscope,0.000,0.003,1.000,0.005,0.063,0.018
myers-briggs,0.000,0.003,1.000,0.005,0.063,0.018
proton,0.000,0.003,1.000,0.005,0.063,0.018
reincarnates,0.000,0.003,1.000,0.005,0.063,0.018
verbing,0.000,0.003,1.000,0.005,0.063,0.018
chairing,0.000,0.003,1.000,0.005,0.063,0.018
pasta,0.000,0.003,1.000,0.005,0.063,0.018
fronsdal's,0.000,0.003,1.000,0.005,0.063,0.018
takeaway,0.000,0.003,1.000,0.005,0.063,0.018
outbreath,0.000,0.003,1.000,0.005,0.063,0.018
pulsating,0.000,0.003,1.000,0.005,0.063,0.018
scintillating,0.000,0.003,1.000,0.005,0.063,0.018
co-leading,0.000,0.003,1.000,0.005,0.063,0.018
lomond,0.000,0.003,1.000,0.005,0.063,0.018
fact-check,0.000,0.003,1.000,0.005,0.063,0.018
substack,0.000,0.003,1.000,0.005,0.063,0.018
tl,0.000,0.003,1.000,0.005,0.063,0.018
potassium,0.000,0.003,1.000,0.005,0.063,0.018
plasma,0.000,0.003,1.000,0.005,0.063,0.018
salinity,0.000,0.003,1.000,0.005,0.063,0.018
bloodstream,0.000,0.003,1.000,0.005,0.063,0.018
seaside,0.000,0.003,1.000,0.005,0.063,0.018
internal-external,0.000,0.003,1.000,0.005,0.063,0.018
synovial,0.000,0.003,1.000,0.005,0.063,0.018
stahl,0.000,0.003,1.000,0.005,0.063,0.018
prized,0.000,0.003,1.000,0.005,0.063,0.018
mcclennon,0.000,0.003,1.000,0.005,0.063,0.018
mesozoic,0.000,0.003,1.000,0.005,0.063,0.018
urinated,0.000,0.003,1.000,0.005,0.063,0.018
planet's,0.000,0.003,1.000,0.005,0.063,0.018
thirstier,0.000,0.003,1.000,0.005,0.063,0.018
aquifer,0.000,0.003,1.000,0.005,0.063,0.018
interpenetrating,0.000,0.003,1.000,0.005,0.063,0.018
ion,0.000,0.003,1.000,0.005,0.063,0.018
evaporation,0.000,0.003,1.000,0.005,0.063,0.018
shapeshifter,0.000,0.003,1.000,0.005,0.063,0.018
oceanic,0.000,0.003,1.000,0.005,0.063,0.018
dhamma-vinaya,0.000,0.003,1.000,0.005,0.063,0.018
sweaty,0.000,0.003,1.000,0.005,0.063,0.018
swam,0.000,0.003,1.000,0.005,0.063,0.018
recollects,0.000,0.005,1.000,0.011,0.031,0.018
pertinent,0.000,0.005,1.000,0.011,0.031,0.018
descriptive,0.000,0.005,1.000,0.011,0.031,0.018
prescriptive,0.000,0.005,1.000,0.011,0.031,0.018
witnessing,0.000,0.005,1.000,0.011,0.031,0.018
blackbird,0.000,0.003,1.000,0.005,0.062,0.018
craftsperson,0.000,0.003,1.000,0.005,0.062,0.018
establishment,0.000,0.005,1.000,0.011,0.031,0.018
plunged,0.000,0.005,1.000,0.011,0.031,0.018
finalized,0.000,0.005,1.000,0.011,0.031,0.018
reframe,0.000,0.011,1.000,0.022,0.016,0.018
orderly,0.000,0.003,1.000,0.005,0.062,0.018
over-prioritized,0.000,0.003,1.000,0.005,0.062,0.018
unenthusiastically,0.000,0.003,1.000,0.005,0.062,0.018
committedly,0.000,0.003,1.000,0.005,0.062,0.018
transportation,0.000,0.003,1.000,0.005,0.062,0.018
shaky,0.000,0.003,1.000,0.005,0.062,0.018
biking,0.000,0.003,1.000,0.005,0.062,0.018
relisten,0.000,0.003,1.000,0.005,0.062,0.018
exceeded,0.000,0.003,1.000,0.005,0.062,0.018
recovers,0.000,0.005,1.000,0.011,0.031,0.018
rectangle,0.000,0.005,1.000,0.011,0.031,0.018
minus,0.000,0.005,1.000,0.011,0.031,0.018
vinaya,0.000,0.011,1.000,0.022,0.016,0.018
half-an-hour,0.000,0.003,1.000,0.005,0.062,0.018
non-compulsive,0.000,0.003,1.000,0.005,0.062,0.018
non-forceful,0.000,0.003,1.000,0.005,0.062,0.018
disassociation,0.000,0.003,1.000,0.005,0.062,0.018
fistedness,0.000,0.003,1.000,0.005,0.062,0.018
17-year-old,0.000,0.005,1.000,0.011,0.031,0.018
winded,0.000,0.003,1.000,0.005,0.062,0.018
tendering,0.000,0.003,1.000,0.005,0.062,0.018
exhaled,0.000,0.003,1.000,0.005,0.062,0.018
self-reference,0.000,0.003,1.000,0.005,0.062,0.018
precondition,0.000,0.003,1.000,0.005,0.062,0.018
hustle,0.000,0.003,1.000,0.005,0.062,0.018
bustle,0.000,0.003,1.000,0.005,0.062,0.018
catherine,0.000,0.003,1.000,0.005,0.062,0.018
lou,0.000,0.003,1.000,0.005,0.062,0.018
majjhattata,0.000,0.003,1.000,0.005,0.062,0.018
karissa,0.000,0.003,1.000,0.005,0.062,0.018
hub,0.000,0.005,1.000,0.011,0.031,0.018
hindu,0.000,0.008,1.000,0.016,0.021,0.018
wallet,0.000,0.005,1.000,0.011,0.031,0.018
twain,0.000,0.005,1.000,0.011,0.031,0.018
comradeship,0.000,0.003,1.000,0.005,0.062,0.018
acoustic,0.000,0.003,1.000,0.005,0.062,0.018
waitlist,0.000,0.003,1.000,0.005,0.062,0.018
ick,0.000,0.003,1.000,0.005,0.062,0.018
wavering,0.000,0.003,1.000,0.005,0.062,0.018
flutter,0.000,0.003,1.000,0.005,0.062,0.018
domesticated,0.000,0.003,1.000,0.005,0.062,0.018
handled,0.000,0.003,1.000,0.005,0.062,0.018
independent-minded,0.000,0.003,1.000,0.005,0.062,0.018
nivapa,0.000,0.003,1.000,0.005,0.062,0.018
meditator's,0.000,0.003,1.000,0.005,0.062,0.018
unwittingly,0.000,0.003,1.000,0.005,0.062,0.018
unmindful,0.000,0.003,1.000,0.005,0.062,0.018
outsmart,0.000,0.003,1.000,0.005,0.062,0.018
fiddle,0.000,0.003,1.000,0.005,0.062,0.018
hunter's,0.000,0.003,1.000,0.005,0.062,0.018
unworried,0.000,0.003,1.000,0.005,0.062,0.018
steve,0.000,0.005,1.000,0.011,0.031,0.018
capitalism,0.000,0.005,1.000,0.011,0.031,0.018
nexus,0.000,0.003,1.000,0.005,0.062,0.018
j-h-a-n-a,0.000,0.003,1.000,0.005,0.062,0.018
luxuriating,0.000,0.003,1.000,0.005,0.062,0.018
screw,0.000,0.005,1.000,0.011,0.031,0.018
molasses,0.000,0.005,1.000,0.011,0.031,0.018
italian,0.000,0.003,1.000,0.005,0.062,0.018
heart-to-heart,0.000,0.003,1.000,0.005,0.062,0.018
privy,0.000,0.003,1.000,0.005,0.062,0.018
sasana,0.000,0.003,1.000,0.005,0.062,0.018
remarked,0.000,0.003,1.000,0.005,0.062,0.018
mittata,0.000,0.003,1.000,0.005,0.062,0.018
co-regulation,0.000,0.003,1.000,0.005,0.062,0.018
regulate,0.000,0.003,1.000,0.005,0.062,0.018
proximity,0.000,0.003,1.000,0.005,0.062,0.018
fowler,0.000,0.003,1.000,0.005,0.062,0.018
christakis,0.000,0.003,1.000,0.005,0.062,0.018
synchrony,0.000,0.003,1.000,0.005,0.062,0.018
seamlessly,0.000,0.003,1.000,0.005,0.062,0.018
educated,0.000,0.011,1.000,0.022,0.015,0.018
compact,0.000,0.005,1.000,0.011,0.031,0.018
emote,0.000,0.005,1.000,0.011,0.031,0.018
disengaged,0.000,0.005,1.000,0.011,0.031,0.018
bedside,0.000,0.005,1.000,0.011,0.031,0.018
outreach,0.000,0.005,1.000,0.011,0.031,0.018
visualizes,0.000,0.003,1.000,0.005,0.061,0.018
wherewithal,0.000,0.003,1.000,0.005,0.061,0.018
yama,0.000,0.003,1.000,0.005,0.061,0.018
tusita,0.000,0.003,1.000,0.005,0.061,0.018
integrally,0.000,0.003,1.000,0.005,0.061,0.018
self-forgetting,0.000,0.003,1.000,0.005,0.061,0.018
free-floating,0.000,0.003,1.000,0.005,0.061,0.018
caught-up,0.000,0.003,1.000,0.005,0.061,0.018
non-preoccupation,0.000,0.003,1.000,0.005,0.061,0.018
leeway,0.000,0.003,1.000,0.005,0.061,0.018
solidly,0.000,0.003,1.000,0.005,0.061,0.018
devaluing,0.000,0.003,1.000,0.005,0.061,0.018
self-rumination,0.000,0.003,1.000,0.005,0.061,0.018
vortex,0.000,0.003,1.000,0.005,0.061,0.018
eater,0.000,0.003,1.000,0.005,0.061,0.018
talker,0.000,0.003,1.000,0.005,0.061,0.018
airline,0.000,0.005,1.000,0.011,0.031,0.018
biologically,0.000,0.005,1.000,0.011,0.031,0.018
encyclopedia,0.000,0.003,1.000,0.005,0.061,0.018
aaa,0.000,0.003,1.000,0.005,0.061,0.018
toughing,0.000,0.003,1.000,0.005,0.061,0.018
brushed,0.000,0.003,1.000,0.005,0.061,0.018
boxed,0.000,0.003,1.000,0.005,0.061,0.018
respective,0.000,0.003,1.000,0.005,0.061,0.018
sweeper,0.000,0.003,1.000,0.005,0.061,0.018
partiality,0.000,0.003,1.000,0.005,0.061,0.018
de-escalate,0.000,0.005,1.000,0.011,0.031,0.018
buzzing,0.000,0.003,1.000,0.005,0.061,0.018
compulsively,0.000,0.003,1.000,0.005,0.061,0.018
needless,0.000,0.003,1.000,0.005,0.061,0.018
forehead's,0.000,0.003,1.000,0.005,0.061,0.018
unclean,0.000,0.005,1.000,0.011,0.031,0.018
marginal,0.000,0.005,1.000,0.011,0.031,0.018
water-like,0.000,0.003,1.000,0.005,0.061,0.018
minimal,0.000,0.003,1.000,0.005,0.061,0.018
grating,0.000,0.003,1.000,0.005,0.061,0.018
considers,0.000,0.005,1.000,0.011,0.031,0.018
morose,0.000,0.003,1.000,0.005,0.061,0.018
magician,0.000,0.003,1.000,0.005,0.061,0.018
vitalized,0.000,0.003,1.000,0.005,0.061,0.018
bellowing,0.000,0.003,1.000,0.005,0.061,0.018
fishy,0.000,0.003,1.000,0.005,0.061,0.018
shark,0.000,0.003,1.000,0.005,0.061,0.018
well-wishes,0.000,0.003,1.000,0.005,0.061,0.018
shrimp,0.000,0.003,1.000,0.005,0.061,0.018
eel,0.000,0.003,1.000,0.005,0.061,0.018
orb,0.000,0.003,1.000,0.005,0.061,0.018
enthusiastically,0.000,0.003,1.000,0.005,0.061,0.018
semi-truck,0.000,0.003,1.000,0.005,0.061,0.018
tinkerbell,0.000,0.003,1.000,0.005,0.061,0.018
popping,0.000,0.005,1.000,0.011,0.031,0.018
foresee,0.000,0.003,1.000,0.005,0.061,0.018
reflux,0.000,0.003,1.000,0.005,0.061,0.018
mind-twister,0.000,0.003,1.000,0.005,0.061,0.018
drowned,0.000,0.003,1.000,0.005,0.061,0.018
earache,0.000,0.003,1.000,0.005,0.061,0.018
spaghetti,0.000,0.003,1.000,0.005,0.061,0.018
facetime,0.000,0.003,1.000,0.005,0.061,0.018
nicholas,0.000,0.003,1.000,0.005,0.061,0.018
warped,0.000,0.003,1.000,0.005,0.061,0.018
three-person,0.000,0.003,1.000,0.005,0.061,0.018
lakshmi,0.000,0.003,1.000,0.005,0.061,0.018
top-heavy,0.000,0.003,1.000,0.005,0.061,0.018
vicki,0.000,0.003,1.000,0.005,0.061,0.018
audrey,0.000,0.003,1.000,0.005,0.061,0.018
rolfing,0.000,0.003,1.000,0.005,0.061,0.018
defiled,0.000,0.005,1.000,0.011,0.031,0.018
mixing,0.000,0.005,1.000,0.011,0.031,0.018
existentially,0.000,0.003,1.000,0.005,0.061,0.018
ontologically,0.000,0.003,1.000,0.005,0.061,0.018
sub-theme,0.000,0.003,1.000,0.005,0.061,0.018
thingness,0.000,0.003,1.000,0.005,0.061,0.018
unshifting,0.000,0.003,1.000,0.005,0.061,0.018
undertaking,0.000,0.005,1.000,0.011,0.031,0.018
gauging,0.000,0.003,1.000,0.005,0.061,0.018
awareing,0.000,0.003,1.000,0.005,0.061,0.018
limber,0.000,0.003,1.000,0.005,0.061,0.018
attender,0.000,0.003,1.000,0.005,0.061,0.018
appreciator,0.000,0.003,1.000,0.005,0.061,0.018
unresponsive,0.000,0.003,1.000,0.005,0.061,0.018
astounded,0.000,0.003,1.000,0.005,0.061,0.018
nationality,0.000,0.003,1.000,0.005,0.061,0.018
this-ness,0.000,0.003,1.000,0.005,0.061,0.018
plumber,0.000,0.003,1.000,0.005,0.061,0.018
sew,0.000,0.003,1.000,0.005,0.061,0.018
reworded,0.000,0.003,1.000,0.005,0.061,0.018
planner,0.000,0.005,1.000,0.011,0.030,0.018
vinnana,0.000,0.005,1.000,0.011,0.030,0.018
hyphen,0.000,0.003,1.000,0.005,0.061,0.018
dis,0.000,0.003,1.000,0.005,0.061,0.018
heirloom,0.000,0.003,1.000,0.005,0.061,0.018
shatters,0.000,0.003,1.000,0.005,0.061,0.018
rapid-fire,0.000,0.003,1.000,0.005,0.061,0.018
eleventh,0.000,0.003,1.000,0.005,0.061,0.018
loudly,0.000,0.003,1.000,0.005,0.061,0.018
slinging,0.000,0.003,1.000,0.005,0.061,0.018
punctuation,0.000,0.003,1.000,0.005,0.061,0.018
shielding,0.000,0.003,1.000,0.005,0.061,0.018
infotainment,0.000,0.003,1.000,0.005,0.061,0.018
10-foot,0.000,0.003,1.000,0.005,0.061,0.018
greener,0.000,0.003,1.000,0.005,0.061,0.018
bluer,0.000,0.003,1.000,0.005,0.061,0.018
unduly,0.000,0.003,1.000,0.005,0.061,0.018
aggressiveness,0.000,0.003,1.000,0.005,0.061,0.018
de-nourishing,0.000,0.003,1.000,0.005,0.061,0.018
enlivens,0.000,0.003,1.000,0.005,0.061,0.018
dhammic,0.000,0.003,1.000,0.005,0.061,0.018
gestational,0.000,0.003,1.000,0.005,0.061,0.018
thriving,0.000,0.003,1.000,0.005,0.061,0.018
consummation,0.000,0.003,1.000,0.005,0.061,0.018
7th,0.000,0.003,1.000,0.005,0.061,0.018
lexicon,0.000,0.005,1.000,0.011,0.030,0.018
severely,0.000,0.005,1.000,0.011,0.030,0.018
sylvia,0.000,0.005,1.000,0.011,0.030,0.018
boorstein,0.000,0.005,1.000,0.011,0.030,0.018
co-joined,0.000,0.003,1.000,0.005,0.061,0.018
settlement,0.000,0.003,1.000,0.005,0.061,0.018
jhanic-like,0.000,0.003,1.000,0.005,0.061,0.018
brain-mind,0.000,0.003,1.000,0.005,0.061,0.018
infinitesimal,0.000,0.003,1.000,0.005,0.061,0.018
20-30,0.000,0.003,1.000,0.005,0.061,0.018
strainful,0.000,0.003,1.000,0.005,0.061,0.018
bottlenecked,0.000,0.003,1.000,0.005,0.061,0.018
refreshes,0.000,0.003,1.000,0.005,0.061,0.018
proceeds,0.000,0.005,1.000,0.011,0.030,0.018
betterment,0.000,0.003,1.000,0.005,0.061,0.018
gravitate,0.000,0.005,1.000,0.011,0.030,0.018
utilizes,0.000,0.003,1.000,0.005,0.061,0.018
multitracking,0.000,0.003,1.000,0.005,0.061,0.018
uninfluenced,0.000,0.003,1.000,0.005,0.061,0.018
non-hesitation,0.000,0.003,1.000,0.005,0.061,0.018
mailbox,0.000,0.003,1.000,0.005,0.061,0.018
choppiness,0.000,0.003,1.000,0.005,0.061,0.018
uncontracted,0.000,0.003,1.000,0.005,0.061,0.018
untight,0.000,0.003,1.000,0.005,0.061,0.018
suffusion,0.000,0.005,1.000,0.011,0.030,0.018
replan,0.000,0.003,1.000,0.005,0.060,0.018
compulsiveness,0.000,0.003,1.000,0.005,0.060,0.018
unfiltered,0.000,0.003,1.000,0.005,0.060,0.018
recipient's,0.000,0.003,1.000,0.005,0.060,0.018
employee,0.000,0.003,1.000,0.005,0.060,0.018
darkens,0.000,0.003,1.000,0.005,0.060,0.018
merged,0.000,0.005,1.000,0.011,0.030,0.018
over-striving,0.000,0.005,1.000,0.011,0.030,0.018
casualness,0.000,0.003,1.000,0.005,0.060,0.018
full-participation,0.000,0.003,1.000,0.005,0.060,0.018
non-straining,0.000,0.003,1.000,0.005,0.060,0.018
non-forcefulness,0.000,0.003,1.000,0.005,0.060,0.018
porousness,0.000,0.003,1.000,0.005,0.060,0.018
multicolored,0.000,0.003,1.000,0.005,0.060,0.018
self-congratulations,0.000,0.003,1.000,0.005,0.060,0.018
touchstone,0.000,0.003,1.000,0.005,0.060,0.018
algorithm,0.000,0.003,1.000,0.005,0.060,0.018
agricultural,0.000,0.003,1.000,0.005,0.060,0.018
breasted,0.000,0.003,1.000,0.005,0.060,0.018
bullock,0.000,0.003,1.000,0.005,0.060,0.018
heifer,0.000,0.003,1.000,0.005,0.060,0.018
swimmer,0.000,0.003,1.000,0.005,0.060,0.018
cheered,0.000,0.003,1.000,0.005,0.060,0.018
self-deprecation,0.000,0.003,1.000,0.005,0.060,0.018
fondness,0.000,0.003,1.000,0.005,0.060,0.018
progressed,0.000,0.005,1.000,0.011,0.030,0.018
algae,0.000,0.003,1.000,0.005,0.060,0.018
nozzle,0.000,0.003,1.000,0.005,0.060,0.018
hybrid,0.000,0.005,1.000,0.011,0.030,0.018
authorized,0.000,0.005,1.000,0.011,0.030,0.018
traumatic,0.000,0.005,1.000,0.011,0.030,0.018
digest,0.000,0.005,1.000,0.011,0.030,0.018
othered,0.000,0.005,1.000,0.011,0.030,0.018
care-feeling,0.000,0.003,1.000,0.005,0.060,0.018
conjoined,0.000,0.003,1.000,0.005,0.060,0.018
golly,0.000,0.003,1.000,0.005,0.060,0.018
disassociating,0.000,0.003,1.000,0.005,0.060,0.018
non-contentious,0.000,0.003,1.000,0.005,0.060,0.018
incense,0.000,0.003,1.000,0.005,0.060,0.018
ritualistically,0.000,0.003,1.000,0.005,0.060,0.018
19th,0.000,0.005,1.000,0.011,0.030,0.018
orin,0.000,0.003,1.000,0.005,0.060,0.018
sofer,0.000,0.003,1.000,0.005,0.060,0.018
maker,0.000,0.005,1.000,0.011,0.030,0.018
furrowed,0.000,0.003,1.000,0.005,0.060,0.018
cozier,0.000,0.003,1.000,0.005,0.060,0.018
sangahavatthuni,0.000,0.003,1.000,0.005,0.060,0.018
helpfully,0.000,0.003,1.000,0.005,0.060,0.018
aiding,0.000,0.003,1.000,0.005,0.060,0.018
happenstance,0.000,0.003,1.000,0.005,0.060,0.018
timeliness,0.000,0.003,1.000,0.005,0.060,0.018
endears,0.000,0.003,1.000,0.005,0.060,0.018
obtuse,0.000,0.003,1.000,0.005,0.060,0.018
favoritism,0.000,0.003,1.000,0.005,0.060,0.018
even-minded,0.000,0.003,1.000,0.005,0.060,0.018
unshaken,0.000,0.003,1.000,0.005,0.060,0.018
untouchable,0.000,0.003,1.000,0.005,0.060,0.018
banish,0.000,0.003,1.000,0.005,0.060,0.018
thought-maker,0.000,0.003,1.000,0.005,0.060,0.018
rain-maker,0.000,0.003,1.000,0.005,0.060,0.018
damp,0.000,0.003,1.000,0.005,0.060,0.018
breathlessly,0.000,0.003,1.000,0.005,0.060,0.018
cooperation,0.000,0.003,1.000,0.005,0.060,0.018
unjudged,0.000,0.003,1.000,0.005,0.060,0.018
localized,0.000,0.003,1.000,0.005,0.060,0.018
width,0.000,0.003,1.000,0.005,0.060,0.018
samadhi-type,0.000,0.003,1.000,0.005,0.060,0.018
two-thirds,0.000,0.003,1.000,0.005,0.060,0.018
surpass,0.000,0.003,1.000,0.005,0.060,0.018
bled,0.000,0.005,1.000,0.011,0.030,0.018
disharmony,0.000,0.005,1.000,0.011,0.030,0.018
four-letter,0.000,0.005,1.000,0.011,0.030,0.018
inserting,0.000,0.005,1.000,0.011,0.030,0.018
abstinence,0.000,0.003,1.000,0.005,0.060,0.018
well-spoken,0.000,0.003,1.000,0.005,0.060,0.018
juncture,0.000,0.005,1.000,0.011,0.030,0.018
marveling,0.000,0.003,1.000,0.005,0.060,0.018
five-foot,0.000,0.003,1.000,0.005,0.060,0.018
fear-driven,0.000,0.003,1.000,0.005,0.060,0.018
duty-bound,0.000,0.003,1.000,0.005,0.060,0.018
plateau,0.000,0.003,1.000,0.005,0.060,0.018
unresisting,0.000,0.003,1.000,0.005,0.060,0.018
over-prioritize,0.000,0.003,1.000,0.005,0.060,0.018
oscillate,0.000,0.003,1.000,0.005,0.060,0.018
spun,0.000,0.003,1.000,0.005,0.059,0.018
fast-moving,0.000,0.003,1.000,0.005,0.059,0.018
distractible,0.000,0.003,1.000,0.005,0.059,0.018
fore,0.000,0.005,1.000,0.011,0.030,0.018
luang,0.000,0.005,1.000,0.011,0.030,0.018
por,0.000,0.005,1.000,0.011,0.030,0.018
behooves,0.000,0.005,1.000,0.011,0.030,0.018
gluttonous,0.000,0.005,1.000,0.011,0.030,0.018
pasanno,0.000,0.005,1.000,0.011,0.030,0.018
neurotransmitter,0.000,0.005,1.000,0.011,0.030,0.018
hurricane,0.000,0.005,1.000,0.011,0.030,0.018
pleases,0.000,0.003,1.000,0.005,0.059,0.018
seuss,0.000,0.003,1.000,0.005,0.059,0.018
archive,0.000,0.003,1.000,0.005,0.059,0.018
humongous,0.000,0.003,1.000,0.005,0.059,0.018
investigator,0.000,0.003,1.000,0.005,0.059,0.018
prismatic,0.000,0.003,1.000,0.005,0.059,0.018
proverbially,0.000,0.003,1.000,0.005,0.059,0.018
digesting,0.000,0.003,1.000,0.005,0.059,0.018
lighthearted,0.000,0.003,1.000,0.005,0.059,0.018
respite,0.000,0.003,1.000,0.005,0.059,0.018
ilk,0.000,0.003,1.000,0.005,0.059,0.018
hobby,0.000,0.005,1.000,0.011,0.030,0.018
proposal,0.000,0.005,1.000,0.011,0.030,0.018
deficient,0.000,0.005,1.000,0.011,0.030,0.018
clear-cut,0.000,0.005,1.000,0.011,0.030,0.018
accidental,0.000,0.005,1.000,0.011,0.030,0.018
fleshed,0.000,0.005,1.000,0.011,0.030,0.018
enabled,0.000,0.005,1.000,0.011,0.030,0.018
unravel,0.000,0.005,1.000,0.011,0.030,0.018
physique,0.000,0.005,1.000,0.011,0.030,0.018
unexpecting,0.000,0.003,1.000,0.005,0.059,0.018
image-making,0.000,0.003,1.000,0.005,0.059,0.018
crunching,0.000,0.003,1.000,0.005,0.059,0.018
lighten,0.000,0.003,1.000,0.005,0.059,0.018
non-strife,0.000,0.003,1.000,0.005,0.059,0.018
accentuated,0.000,0.003,1.000,0.005,0.059,0.018
micro-muscles,0.000,0.003,1.000,0.005,0.059,0.018
s-a-m-a-t-h-a,0.000,0.003,1.000,0.005,0.059,0.018
spittoon,0.000,0.003,1.000,0.005,0.059,0.018
conceptualized,0.000,0.003,1.000,0.005,0.059,0.018
netting,0.000,0.003,1.000,0.005,0.059,0.018
uncharacterized,0.000,0.003,1.000,0.005,0.059,0.018
conceptualizes,0.000,0.003,1.000,0.005,0.059,0.018
overthinking,0.000,0.003,1.000,0.005,0.059,0.018
overreacting,0.000,0.003,1.000,0.005,0.059,0.018
over-involved,0.000,0.003,1.000,0.005,0.059,0.018
immigration,0.000,0.005,1.000,0.011,0.029,0.018
lunchtime,0.000,0.003,1.000,0.005,0.059,0.018
peasant,0.000,0.003,1.000,0.005,0.059,0.018
cottage,0.000,0.003,1.000,0.005,0.059,0.018
esp,0.000,0.003,1.000,0.005,0.059,0.018
navigation,0.000,0.005,1.000,0.011,0.029,0.018
glove,0.000,0.003,1.000,0.005,0.059,0.018
chuckle,0.000,0.003,1.000,0.005,0.059,0.018
author's,0.000,0.003,1.000,0.005,0.059,0.018
hospitable,0.000,0.003,1.000,0.005,0.059,0.018
harangued,0.000,0.003,1.000,0.005,0.059,0.018
boldly,0.000,0.003,1.000,0.005,0.059,0.018
closed-mindedness,0.000,0.003,1.000,0.005,0.059,0.018
teresa,0.000,0.003,1.000,0.005,0.059,0.018
waterskied,0.000,0.003,1.000,0.005,0.059,0.018
not-so-obvious,0.000,0.005,1.000,0.011,0.029,0.018
governs,0.000,0.003,1.000,0.005,0.059,0.018
kara,0.000,0.003,1.000,0.005,0.059,0.018
manasi,0.000,0.003,1.000,0.005,0.059,0.018
aquatic,0.000,0.003,1.000,0.005,0.059,0.018
stark,0.000,0.003,1.000,0.005,0.059,0.018
not-source-of-life,0.000,0.003,1.000,0.005,0.059,0.018
urban,0.000,0.003,1.000,0.005,0.059,0.018
hardware,0.000,0.003,1.000,0.005,0.059,0.018
built-in,0.000,0.003,1.000,0.005,0.059,0.018
resembled,0.000,0.003,1.000,0.005,0.059,0.018
think-ativity,0.000,0.003,1.000,0.005,0.059,0.018
powered,0.000,0.003,1.000,0.005,0.059,0.018
body-fullness,0.000,0.003,1.000,0.005,0.059,0.018
condemning,0.000,0.003,1.000,0.005,0.059,0.018
morton,0.000,0.003,1.000,0.005,0.059,0.018
unsettledness,0.000,0.005,1.000,0.011,0.029,0.018
fetal,0.000,0.005,1.000,0.011,0.029,0.018
placement,0.000,0.005,1.000,0.011,0.029,0.018
diverged,0.000,0.003,1.000,0.005,0.059,0.018
weeklong,0.000,0.003,1.000,0.005,0.059,0.018
ego-driven,0.000,0.003,1.000,0.005,0.059,0.018
builder,0.000,0.003,1.000,0.005,0.059,0.018
rafter,0.000,0.003,1.000,0.005,0.059,0.018
rebuilt,0.000,0.003,1.000,0.005,0.059,0.018
germinates,0.000,0.003,1.000,0.005,0.059,0.018
bhavana,0.000,0.003,1.000,0.005,0.059,0.018
distinctively,0.000,0.003,1.000,0.005,0.059,0.018
lumping,0.000,0.003,1.000,0.005,0.059,0.018
figuring-out,0.000,0.003,1.000,0.005,0.059,0.018
catastrophizing,0.000,0.003,1.000,0.005,0.059,0.018
slew,0.000,0.003,1.000,0.005,0.059,0.018
salt-free,0.000,0.003,1.000,0.005,0.059,0.018
skyscraper,0.000,0.003,1.000,0.005,0.059,0.018
self-understandings,0.000,0.003,1.000,0.005,0.059,0.018
jotted,0.000,0.003,1.000,0.005,0.059,0.018
dreamscape,0.000,0.003,1.000,0.005,0.059,0.018
medha,0.000,0.003,1.000,0.005,0.059,0.018
nandi,0.000,0.003,1.000,0.005,0.059,0.018
10-precept,0.000,0.003,1.000,0.005,0.059,0.018
taiwan,0.000,0.003,1.000,0.005,0.059,0.018
hermitage,0.000,0.003,1.000,0.005,0.059,0.018
ontario,0.000,0.003,1.000,0.005,0.059,0.018
proto-hinduism,0.000,0.003,1.000,0.005,0.059,0.018
redefining,0.000,0.003,1.000,0.005,0.059,0.018
fresh-baked,0.000,0.003,1.000,0.005,0.059,0.018
winced,0.000,0.005,1.000,0.011,0.029,0.018
no-pressure,0.000,0.003,1.000,0.005,0.059,0.018
58th,0.000,0.003,1.000,0.005,0.059,0.018
kilter,0.000,0.003,1.000,0.005,0.059,0.018
gung-ho,0.000,0.003,1.000,0.005,0.059,0.018
evaporating,0.000,0.003,1.000,0.005,0.059,0.018
well-established,0.000,0.003,1.000,0.005,0.059,0.018
taxpayer,0.000,0.005,1.000,0.011,0.029,0.018
minded,0.000,0.005,1.000,0.011,0.029,0.018
spanish,0.000,0.005,1.000,0.011,0.029,0.018
intemperie,0.000,0.003,1.000,0.005,0.059,0.018
doorknob,0.000,0.003,1.000,0.005,0.059,0.018
non-theistic,0.000,0.003,1.000,0.005,0.059,0.018
decaying,0.000,0.003,1.000,0.005,0.059,0.018
tittha,0.000,0.003,1.000,0.005,0.059,0.018
tathagata,0.000,0.005,1.000,0.011,0.029,0.018
roshi's,0.000,0.005,1.000,0.011,0.029,0.018
wipe,0.000,0.008,1.000,0.016,0.019,0.018
advocated,0.000,0.008,1.000,0.016,0.019,0.018
broadness,0.000,0.003,1.000,0.005,0.058,0.018
holistically,0.000,0.003,1.000,0.005,0.058,0.018
oscillation,0.000,0.003,1.000,0.005,0.058,0.018
angling,0.000,0.003,1.000,0.005,0.058,0.018
well-oiled,0.000,0.003,1.000,0.005,0.058,0.018
bleeds,0.000,0.005,1.000,0.011,0.029,0.018
undermined,0.000,0.003,1.000,0.005,0.058,0.018
pain-pain,0.000,0.003,1.000,0.005,0.058,0.018
old-age,0.000,0.003,1.000,0.005,0.058,0.018
resenting,0.000,0.005,1.000,0.011,0.029,0.018
crown,0.000,0.005,1.000,0.011,0.029,0.018
literacy,0.000,0.003,1.000,0.005,0.058,0.018
supervisor,0.000,0.003,1.000,0.005,0.058,0.018
intersecting,0.000,0.003,1.000,0.005,0.058,0.018
magnified,0.000,0.003,1.000,0.005,0.058,0.018
bookend,0.000,0.003,1.000,0.005,0.058,0.018
hamster,0.000,0.003,1.000,0.005,0.058,0.018
inmate,0.000,0.003,1.000,0.005,0.058,0.018
workplace,0.000,0.008,1.000,0.016,0.019,0.018
unintentionally,0.000,0.003,1.000,0.005,0.058,0.018
bookworm,0.000,0.003,1.000,0.005,0.058,0.018
matured,0.000,0.003,1.000,0.005,0.058,0.018
violated,0.000,0.003,1.000,0.005,0.058,0.018
violation,0.000,0.003,1.000,0.005,0.058,0.018
justifies,0.000,0.003,1.000,0.005,0.058,0.018
treatise,0.000,0.003,1.000,0.005,0.058,0.018
fullest,0.000,0.003,1.000,0.005,0.058,0.018
setavya,0.000,0.003,1.000,0.005,0.058,0.018
trumpeter,0.000,0.003,1.000,0.005,0.058,0.018
shameful,0.000,0.005,1.000,0.011,0.029,0.018
elicits,0.000,0.005,1.000,0.011,0.029,0.018
subservient,0.000,0.003,1.000,0.005,0.058,0.018
non-assertive,0.000,0.003,1.000,0.005,0.058,0.018
sled,0.000,0.003,1.000,0.005,0.058,0.018
poetically,0.000,0.003,1.000,0.005,0.058,0.018
elizabeth,0.000,0.005,1.000,0.011,0.029,0.018
egotistical,0.000,0.005,1.000,0.011,0.029,0.018
objectifies,0.000,0.003,1.000,0.005,0.058,0.018
non-self-preoccupied,0.000,0.003,1.000,0.005,0.058,0.018
mistrust,0.000,0.003,1.000,0.005,0.058,0.018
reluctance,0.000,0.003,1.000,0.005,0.058,0.018
steeper,0.000,0.003,1.000,0.005,0.058,0.018
eka,0.000,0.003,1.000,0.005,0.058,0.018
odi,0.000,0.003,1.000,0.005,0.058,0.018
coarseness,0.000,0.003,1.000,0.005,0.058,0.018
sparking,0.000,0.003,1.000,0.005,0.058,0.018
countryside,0.000,0.003,1.000,0.005,0.058,0.018
prefixed,0.000,0.003,1.000,0.005,0.058,0.018
unpredictability,0.000,0.008,1.000,0.016,0.019,0.018
tank,0.000,0.005,1.000,0.011,0.029,0.018
swallowed,0.000,0.005,1.000,0.011,0.029,0.018
prestigious,0.000,0.005,1.000,0.011,0.029,0.018
sagging,0.000,0.003,1.000,0.005,0.058,0.018
43rd,0.000,0.003,1.000,0.005,0.058,0.018
quantumly,0.000,0.003,1.000,0.005,0.058,0.018
ekka,0.000,0.003,1.000,0.005,0.058,0.018
gata,0.000,0.003,1.000,0.005,0.058,0.018
fastidious,0.000,0.003,1.000,0.005,0.058,0.018
minimizing,0.000,0.005,1.000,0.011,0.029,0.018
reorganizing,0.000,0.005,1.000,0.011,0.029,0.018
loom,0.000,0.003,1.000,0.005,0.058,0.018
ambience,0.000,0.003,1.000,0.005,0.058,0.018
morphing,0.000,0.003,1.000,0.005,0.058,0.018
tilting,0.000,0.005,1.000,0.011,0.029,0.018
imprisonment,0.000,0.005,1.000,0.011,0.029,0.018
non-relational,0.000,0.003,1.000,0.005,0.058,0.018
cooperate,0.000,0.003,1.000,0.005,0.058,0.018
object-free,0.000,0.003,1.000,0.005,0.058,0.018
self-responsibility,0.000,0.003,1.000,0.005,0.058,0.018
vagary,0.000,0.003,1.000,0.005,0.058,0.018
dross,0.000,0.003,1.000,0.005,0.058,0.018
sickened,0.000,0.003,1.000,0.005,0.058,0.018
over-identification,0.000,0.003,1.000,0.005,0.058,0.018
objectless,0.000,0.003,1.000,0.005,0.058,0.018
efficiency,0.000,0.005,1.000,0.011,0.029,0.018
unofficial,0.000,0.003,1.000,0.005,0.057,0.018
wisp,0.000,0.003,1.000,0.005,0.057,0.018
ethereal,0.000,0.003,1.000,0.005,0.057,0.018
diego,0.000,0.005,1.000,0.011,0.029,0.018
sag,0.000,0.003,1.000,0.005,0.057,0.018
inverse,0.000,0.003,1.000,0.005,0.057,0.018
inhibit,0.000,0.003,1.000,0.005,0.057,0.018
ungrounded,0.000,0.003,1.000,0.005,0.057,0.018
alienates,0.000,0.003,1.000,0.005,0.057,0.018
plexus,0.000,0.003,1.000,0.005,0.057,0.018
much,0.003,0.937,0.997,0.125,0.002,0.018
gum,0.000,0.003,1.000,0.005,0.057,0.018
earth-like,0.000,0.003,1.000,0.005,0.057,0.018
over-preoccupied,0.000,0.003,1.000,0.005,0.057,0.018
gloomy,0.000,0.003,1.000,0.005,0.057,0.018
over-preoccupation,0.000,0.003,1.000,0.005,0.057,0.018
willed,0.000,0.003,1.000,0.005,0.057,0.018
turtle,0.000,0.003,1.000,0.005,0.057,0.018
richest,0.000,0.003,1.000,0.005,0.057,0.018
clothe,0.000,0.003,1.000,0.005,0.057,0.018
anonymously,0.000,0.005,1.000,0.011,0.029,0.018
associating,0.000,0.003,1.000,0.005,0.057,0.018
vision-making,0.000,0.003,1.000,0.005,0.057,0.018
abate,0.000,0.003,1.000,0.005,0.057,0.018
bookstore,0.000,0.005,1.000,0.011,0.029,0.018
chess,0.000,0.003,1.000,0.005,0.057,0.018
protested,0.000,0.005,1.000,0.011,0.029,0.018
unflinchingly,0.000,0.003,1.000,0.005,0.057,0.018
stillest,0.000,0.003,1.000,0.005,0.057,0.018
non-moving,0.000,0.003,1.000,0.005,0.057,0.018
windless,0.000,0.003,1.000,0.005,0.057,0.018
non-reactively,0.000,0.003,1.000,0.005,0.057,0.018
dissipates,0.000,0.003,1.000,0.005,0.057,0.018
pecking,0.000,0.003,1.000,0.005,0.057,0.018
three-story,0.000,0.003,1.000,0.005,0.057,0.018
lace,0.000,0.003,1.000,0.005,0.057,0.018
crocheted,0.000,0.003,1.000,0.005,0.057,0.018
180-degree,0.000,0.003,1.000,0.005,0.057,0.018
dining,0.000,0.005,1.000,0.011,0.029,0.018
validating,0.000,0.005,1.000,0.011,0.029,0.018
uninterested,0.000,0.005,1.000,0.011,0.029,0.018
dukkha-sukha,0.000,0.003,1.000,0.005,0.057,0.018
lapping,0.000,0.003,1.000,0.005,0.057,0.018
somalia,0.000,0.003,1.000,0.005,0.057,0.018
multi-page,0.000,0.003,1.000,0.005,0.057,0.018
bombing,0.000,0.003,1.000,0.005,0.057,0.018
mediterranean,0.000,0.003,1.000,0.005,0.057,0.018
yugoslavia,0.000,0.003,1.000,0.005,0.057,0.018
trieste,0.000,0.003,1.000,0.005,0.057,0.018
correspondence,0.000,0.003,1.000,0.005,0.057,0.018
bottled,0.000,0.003,1.000,0.005,0.057,0.018
presbyterian,0.000,0.005,1.000,0.011,0.029,0.018
participated,0.000,0.005,1.000,0.011,0.028,0.018
communicating,0.000,0.005,1.000,0.011,0.028,0.018
multiplied,0.000,0.005,1.000,0.011,0.028,0.018
affinity,0.000,0.008,1.000,0.016,0.019,0.018
surveyed,0.000,0.005,1.000,0.011,0.028,0.018
chief,0.000,0.005,1.000,0.011,0.028,0.018
prosperous,0.000,0.005,1.000,0.011,0.028,0.018
dissipated,0.000,0.005,1.000,0.011,0.028,0.018
whimsical,0.000,0.005,1.000,0.011,0.028,0.018
outrageous,0.000,0.005,1.000,0.011,0.028,0.018
uprooted,0.000,0.005,1.000,0.011,0.028,0.018
luminously,0.000,0.003,1.000,0.005,0.057,0.018
bigness,0.000,0.003,1.000,0.005,0.057,0.018
self-imagination,0.000,0.003,1.000,0.005,0.057,0.018
heavy-duty,0.000,0.003,1.000,0.005,0.057,0.018
un-tarnished,0.000,0.003,1.000,0.005,0.057,0.018
body-mind-heart,0.000,0.003,1.000,0.005,0.057,0.018
furrowing,0.000,0.005,1.000,0.011,0.028,0.018
slogan,0.000,0.005,1.000,0.011,0.028,0.018
consisted,0.000,0.005,1.000,0.011,0.028,0.018
compacted,0.000,0.005,1.000,0.011,0.028,0.018
week-long,0.000,0.003,1.000,0.005,0.057,0.018
curling,0.000,0.003,1.000,0.005,0.057,0.018
draping,0.000,0.003,1.000,0.005,0.057,0.018
knead,0.000,0.003,1.000,0.005,0.057,0.018
disorganized,0.000,0.005,1.000,0.011,0.028,0.018
swooping,0.000,0.005,1.000,0.011,0.028,0.018
pitfall,0.000,0.008,1.000,0.016,0.019,0.018
pierce,0.000,0.005,1.000,0.011,0.028,0.018
biked,0.000,0.003,1.000,0.005,0.056,0.018
crispness,0.000,0.003,1.000,0.005,0.056,0.018
littlest,0.000,0.003,1.000,0.005,0.056,0.018
preferring,0.000,0.003,1.000,0.005,0.056,0.018
distaste,0.000,0.003,1.000,0.005,0.056,0.018
eye-opening,0.000,0.003,1.000,0.005,0.056,0.018
impersonality,0.000,0.003,1.000,0.005,0.056,0.018
galloped,0.000,0.003,1.000,0.005,0.056,0.018
gallop,0.000,0.003,1.000,0.005,0.056,0.018
offspring,0.000,0.005,1.000,0.011,0.028,0.018
innocuous,0.000,0.005,1.000,0.011,0.028,0.018
ecumenical,0.000,0.005,1.000,0.011,0.028,0.018
buongiorno,0.000,0.003,1.000,0.005,0.056,0.017
buonasera,0.000,0.003,1.000,0.005,0.056,0.017
earthed,0.000,0.003,1.000,0.005,0.056,0.017
humbly,0.000,0.003,1.000,0.005,0.056,0.017
priming,0.000,0.003,1.000,0.005,0.056,0.017
being's,0.000,0.003,1.000,0.005,0.056,0.017
toggle,0.000,0.003,1.000,0.005,0.056,0.017
nalaka,0.000,0.003,1.000,0.005,0.056,0.017
insula,0.000,0.003,1.000,0.005,0.056,0.017
cingulate,0.000,0.003,1.000,0.005,0.056,0.017
udayi,0.000,0.003,1.000,0.005,0.056,0.017
reflexive,0.000,0.003,1.000,0.005,0.056,0.017
realistically,0.000,0.005,1.000,0.011,0.028,0.017
snowing,0.000,0.003,1.000,0.005,0.056,0.017
compromising,0.000,0.003,1.000,0.005,0.056,0.017
biosphere,0.000,0.003,1.000,0.005,0.056,0.017
constitution,0.000,0.003,1.000,0.005,0.056,0.017
subsection,0.000,0.003,1.000,0.005,0.056,0.017
airing,0.000,0.003,1.000,0.005,0.056,0.017
intrusion,0.000,0.003,1.000,0.005,0.056,0.017
overcomplicate,0.000,0.003,1.000,0.005,0.056,0.017
forbade,0.000,0.003,1.000,0.005,0.056,0.017
disharmonious,0.000,0.003,1.000,0.005,0.056,0.017
slept,0.000,0.003,1.000,0.005,0.056,0.017
individualist,0.000,0.003,1.000,0.005,0.056,0.017
collectivist,0.000,0.003,1.000,0.005,0.056,0.017
conditional,0.000,0.003,1.000,0.005,0.056,0.017
crocodile,0.000,0.005,1.000,0.011,0.028,0.017
photographer,0.000,0.003,1.000,0.005,0.056,0.017
unstuck,0.000,0.003,1.000,0.005,0.056,0.017
tech-advanced,0.000,0.003,1.000,0.005,0.056,0.017
admire,0.000,0.003,1.000,0.005,0.056,0.017
cringes,0.000,0.003,1.000,0.005,0.056,0.017
guinness,0.000,0.003,1.000,0.005,0.056,0.017
decisiveness,0.000,0.003,1.000,0.005,0.056,0.017
day-long,0.000,0.005,1.000,0.011,0.028,0.017
vipallasa,0.000,0.003,1.000,0.005,0.056,0.017
maximizing,0.000,0.003,1.000,0.005,0.056,0.017
hereness,0.000,0.003,1.000,0.005,0.056,0.017
emergent,0.000,0.003,1.000,0.005,0.056,0.017
overturned,0.000,0.003,1.000,0.005,0.056,0.017
unbalanced,0.000,0.003,1.000,0.005,0.056,0.017
hoti,0.000,0.003,1.000,0.005,0.056,0.017
retrain,0.000,0.003,1.000,0.005,0.056,0.017
keeper,0.000,0.003,1.000,0.005,0.056,0.017
tusker,0.000,0.003,1.000,0.005,0.056,0.017
taming,0.000,0.003,1.000,0.005,0.056,0.017
serpent-like,0.000,0.003,1.000,0.005,0.056,0.017
craziness,0.000,0.003,1.000,0.005,0.056,0.017
pedigreed,0.000,0.003,1.000,0.005,0.056,0.017
battle-hardened,0.000,0.003,1.000,0.005,0.056,0.017
delectable,0.000,0.003,1.000,0.005,0.056,0.017
menagerie,0.000,0.003,1.000,0.005,0.056,0.017
tailor-made,0.000,0.003,1.000,0.005,0.056,0.017
tabletop,0.000,0.003,1.000,0.005,0.056,0.017
pong,0.000,0.003,1.000,0.005,0.056,0.017
pan,0.000,0.003,1.000,0.005,0.056,0.017
artifice,0.000,0.003,1.000,0.005,0.056,0.017
unappealing,0.000,0.005,1.000,0.011,0.028,0.017
puzzled,0.000,0.005,1.000,0.011,0.028,0.017
multi-week,0.000,0.003,1.000,0.005,0.056,0.017
assertively,0.000,0.003,1.000,0.005,0.056,0.017
enraptured,0.000,0.003,1.000,0.005,0.056,0.017
provokes,0.000,0.003,1.000,0.005,0.056,0.017
over-identified,0.000,0.003,1.000,0.005,0.056,0.017
rarefied,0.000,0.003,1.000,0.005,0.056,0.017
predisposing,0.000,0.003,1.000,0.005,0.056,0.017
non-continuity,0.000,0.003,1.000,0.005,0.056,0.017
glommed,0.000,0.003,1.000,0.005,0.056,0.017
seizes,0.000,0.003,1.000,0.005,0.056,0.017
balm,0.000,0.003,1.000,0.005,0.056,0.017
near-synonyms,0.000,0.003,1.000,0.005,0.056,0.017
campaign,0.000,0.003,1.000,0.005,0.056,0.017
eventual,0.000,0.003,1.000,0.005,0.056,0.017
spasming,0.000,0.003,1.000,0.005,0.056,0.017
locked-in-ness,0.000,0.003,1.000,0.005,0.056,0.017
artificially,0.000,0.003,1.000,0.005,0.056,0.017
alphabet,0.000,0.003,1.000,0.005,0.056,0.017
anava,0.000,0.003,1.000,0.005,0.056,0.017
11-month,0.000,0.003,1.000,0.005,0.056,0.017
contradict,0.000,0.005,1.000,0.011,0.028,0.017
counteract,0.000,0.005,1.000,0.011,0.028,0.017
ponder,0.000,0.005,1.000,0.011,0.028,0.017
ohlone,0.000,0.003,1.000,0.005,0.056,0.017
hugh,0.000,0.003,1.000,0.005,0.056,0.017
richmond,0.000,0.003,1.000,0.005,0.056,0.017
hampshire,0.000,0.003,1.000,0.005,0.056,0.017
yucca,0.000,0.003,1.000,0.005,0.056,0.017
belmont,0.000,0.003,1.000,0.005,0.056,0.017
happiest,0.000,0.003,1.000,0.005,0.056,0.017
amelia,0.000,0.003,1.000,0.005,0.056,0.017
sara,0.000,0.003,1.000,0.005,0.056,0.017
snowy,0.000,0.003,1.000,0.005,0.056,0.017
sophia,0.000,0.003,1.000,0.005,0.056,0.017
jeff,0.000,0.003,1.000,0.005,0.056,0.017
montclair,0.000,0.003,1.000,0.005,0.056,0.017
stomping,0.000,0.003,1.000,0.005,0.056,0.017
posting,0.000,0.003,1.000,0.005,0.056,0.017
low-traffic,0.000,0.003,1.000,0.005,0.056,0.017
high-in-heart,0.000,0.003,1.000,0.005,0.056,0.017
backbone,0.000,0.003,1.000,0.005,0.056,0.017
well-grounded,0.000,0.003,1.000,0.005,0.056,0.017
dearly,0.000,0.003,1.000,0.005,0.056,0.017
mentoring,0.000,0.003,1.000,0.005,0.056,0.017
concisely,0.000,0.003,1.000,0.005,0.056,0.017
boing,0.000,0.003,1.000,0.005,0.056,0.017
unsee,0.000,0.003,1.000,0.005,0.056,0.017
delayed,0.000,0.005,1.000,0.011,0.028,0.017
predicated,0.000,0.005,1.000,0.011,0.028,0.017
ado,0.000,0.003,1.000,0.005,0.055,0.017
indra's,0.000,0.003,1.000,0.005,0.055,0.017
heart-expanding,0.000,0.003,1.000,0.005,0.055,0.017
piyavaca,0.000,0.003,1.000,0.005,0.055,0.017
equitable,0.000,0.003,1.000,0.005,0.055,0.017
kayakamma,0.000,0.003,1.000,0.005,0.055,0.017
vacikamma,0.000,0.003,1.000,0.005,0.055,0.017
manokamma,0.000,0.003,1.000,0.005,0.055,0.017
sadharana-bhogita,0.000,0.003,1.000,0.005,0.055,0.017
diacritic,0.000,0.003,1.000,0.005,0.055,0.017
non-possessiveness,0.000,0.003,1.000,0.005,0.055,0.017
non-jealousy,0.000,0.003,1.000,0.005,0.055,0.017
sila-samannata,0.000,0.003,1.000,0.005,0.055,0.017
ditthi-samannata,0.000,0.003,1.000,0.005,0.055,0.017
ditthi,0.000,0.003,1.000,0.005,0.055,0.017
samannata,0.000,0.003,1.000,0.005,0.055,0.017
upholds,0.000,0.003,1.000,0.005,0.055,0.017
til,0.000,0.003,1.000,0.005,0.055,0.017
small-minded,0.000,0.003,1.000,0.005,0.055,0.017
non-visible,0.000,0.003,1.000,0.005,0.055,0.017
gail,0.000,0.003,1.000,0.005,0.055,0.017
sample,0.000,0.005,1.000,0.011,0.028,0.017
family's,0.000,0.005,1.000,0.011,0.028,0.017
profit,0.000,0.008,1.000,0.016,0.018,0.017
predisposition,0.000,0.003,1.000,0.005,0.055,0.017
tejaniya,0.000,0.003,1.000,0.005,0.055,0.017
margo,0.000,0.003,1.000,0.005,0.055,0.017
medieval,0.000,0.005,1.000,0.011,0.028,0.017
advancement,0.000,0.003,1.000,0.005,0.055,0.017
non-clinical,0.000,0.003,1.000,0.005,0.055,0.017
dean,0.000,0.003,1.000,0.005,0.055,0.017
late-stage,0.000,0.003,1.000,0.005,0.055,0.017
psych,0.000,0.003,1.000,0.005,0.055,0.017
non-clinically,0.000,0.003,1.000,0.005,0.055,0.017
latina,0.000,0.003,1.000,0.005,0.055,0.017
roi,0.000,0.003,1.000,0.005,0.055,0.017
stanford's,0.000,0.003,1.000,0.005,0.055,0.017
mit,0.000,0.003,1.000,0.005,0.055,0.017
unveil,0.000,0.005,1.000,0.011,0.028,0.017
legitimizes,0.000,0.003,1.000,0.005,0.055,0.017
brach's,0.000,0.003,1.000,0.005,0.055,0.017
brach,0.000,0.003,1.000,0.005,0.055,0.017
aww,0.000,0.003,1.000,0.005,0.055,0.017
mini,0.000,0.003,1.000,0.005,0.055,0.017
uneasy,0.000,0.003,1.000,0.005,0.055,0.017
psychiatrist,0.000,0.005,1.000,0.011,0.028,0.017
tigress,0.000,0.003,1.000,0.005,0.055,0.017
rafe,0.000,0.003,1.000,0.005,0.055,0.017
beater,0.000,0.003,1.000,0.005,0.055,0.017
horseback,0.000,0.003,1.000,0.005,0.055,0.017
trample,0.000,0.003,1.000,0.005,0.055,0.017
courtier,0.000,0.003,1.000,0.005,0.055,0.017
dispatched,0.000,0.003,1.000,0.005,0.055,0.017
cairn,0.000,0.003,1.000,0.005,0.055,0.017
plaque,0.000,0.003,1.000,0.005,0.055,0.017
freaked,0.000,0.003,1.000,0.005,0.055,0.017
even-mindedness,0.000,0.003,1.000,0.005,0.055,0.017
over-exuberant,0.000,0.003,1.000,0.005,0.055,0.017
expressly,0.000,0.003,1.000,0.005,0.055,0.017
aced,0.000,0.003,1.000,0.005,0.055,0.017
phlegm,0.000,0.005,1.000,0.011,0.027,0.017
stickier,0.000,0.005,1.000,0.011,0.027,0.017
uncover,0.000,0.005,1.000,0.011,0.027,0.017
pollution,0.000,0.003,1.000,0.005,0.055,0.017
tilling,0.000,0.003,1.000,0.005,0.055,0.017
thought-construct,0.000,0.003,1.000,0.005,0.055,0.017
covet,0.000,0.003,1.000,0.005,0.055,0.017
externalizing,0.000,0.003,1.000,0.005,0.055,0.017
touchness,0.000,0.003,1.000,0.005,0.055,0.017
whack-a-mole,0.000,0.005,1.000,0.011,0.027,0.017
upside-down,0.000,0.005,1.000,0.011,0.027,0.017
boil,0.000,0.005,1.000,0.011,0.027,0.017
mentioning,0.000,0.008,1.000,0.016,0.018,0.017
footstep,0.000,0.005,1.000,0.011,0.027,0.017
flipped,0.000,0.005,1.000,0.011,0.027,0.017
ascended,0.000,0.003,1.000,0.005,0.054,0.017
clockwise,0.000,0.003,1.000,0.005,0.054,0.017
forsaken,0.000,0.003,1.000,0.005,0.054,0.017
sprang,0.000,0.003,1.000,0.005,0.054,0.017
cubit,0.000,0.003,1.000,0.005,0.054,0.017
ablest,0.000,0.003,1.000,0.005,0.054,0.017
sculptor,0.000,0.003,1.000,0.005,0.054,0.017
girimekhala,0.000,0.003,1.000,0.005,0.054,0.017
yojanas,0.000,0.003,1.000,0.005,0.054,0.017
yojana,0.000,0.003,1.000,0.005,0.054,0.017
guise,0.000,0.003,1.000,0.005,0.054,0.017
beholding,0.000,0.003,1.000,0.005,0.054,0.017
hem,0.000,0.003,1.000,0.005,0.054,0.017
hurl,0.000,0.003,1.000,0.005,0.054,0.017
disc,0.000,0.003,1.000,0.005,0.054,0.017
canopy,0.000,0.003,1.000,0.005,0.054,0.017
sub-perfections,0.000,0.003,1.000,0.005,0.054,0.017
non-sentient,0.000,0.003,1.000,0.005,0.054,0.017
extricating,0.000,0.003,1.000,0.005,0.054,0.017
triumphed,0.000,0.003,1.000,0.005,0.054,0.017
illustrious,0.000,0.003,1.000,0.005,0.054,0.017
penetrative,0.000,0.003,1.000,0.005,0.054,0.017
rhetorical,0.000,0.003,1.000,0.005,0.054,0.017
competing,0.000,0.003,1.000,0.005,0.054,0.017
religion's,0.000,0.003,1.000,0.005,0.054,0.017
jive,0.000,0.003,1.000,0.005,0.054,0.017
steadfastness,0.000,0.003,1.000,0.005,0.054,0.017
saboteur,0.000,0.003,1.000,0.005,0.054,0.017
vanquished,0.000,0.003,1.000,0.005,0.054,0.017
itivuttaka,0.000,0.003,1.000,0.005,0.054,0.017
flounder,0.000,0.003,1.000,0.005,0.054,0.017
retreating,0.000,0.003,1.000,0.005,0.054,0.017
self-growing,0.000,0.003,1.000,0.005,0.054,0.017
two-step,0.000,0.003,1.000,0.005,0.054,0.017
fixates,0.000,0.003,1.000,0.005,0.054,0.017
disposes,0.000,0.003,1.000,0.005,0.054,0.017
constructor,0.000,0.003,1.000,0.005,0.054,0.017
playwright,0.000,0.003,1.000,0.005,0.054,0.017
heidegger,0.000,0.003,1.000,0.005,0.054,0.017
waldorf,0.000,0.003,1.000,0.005,0.054,0.017
anew,0.000,0.005,1.000,0.011,0.027,0.017
plot,0.000,0.005,1.000,0.011,0.027,0.017
story's,0.000,0.005,1.000,0.011,0.027,0.017
precede,0.000,0.005,1.000,0.011,0.027,0.017
proselytize,0.000,0.005,1.000,0.011,0.027,0.017
katthahari-jataka,0.000,0.003,1.000,0.005,0.054,0.017
argued,0.000,0.003,1.000,0.005,0.054,0.017
indriya-jataka,0.000,0.003,1.000,0.005,0.054,0.017
abduction,0.000,0.003,1.000,0.005,0.054,0.017
containing,0.000,0.003,1.000,0.005,0.054,0.017
profess,0.000,0.003,1.000,0.005,0.054,0.017
upbraid,0.000,0.003,1.000,0.005,0.054,0.017
debtor,0.000,0.003,1.000,0.005,0.054,0.017
fetch,0.000,0.003,1.000,0.005,0.054,0.017
sailed,0.000,0.003,1.000,0.005,0.054,0.017
wind's,0.000,0.003,1.000,0.005,0.054,0.017
jambu,0.000,0.003,1.000,0.005,0.054,0.017
plum,0.000,0.003,1.000,0.005,0.054,0.017
shipwrecked,0.000,0.003,1.000,0.005,0.054,0.017
therein,0.000,0.003,1.000,0.005,0.054,0.017
yonder,0.000,0.003,1.000,0.005,0.054,0.017
disembarked,0.000,0.003,1.000,0.005,0.054,0.017
castaway,0.000,0.003,1.000,0.005,0.054,0.017
glistened,0.000,0.003,1.000,0.005,0.054,0.017
utterance,0.000,0.003,1.000,0.005,0.054,0.017
scout,0.000,0.003,1.000,0.005,0.054,0.017
horrified,0.000,0.003,1.000,0.005,0.054,0.017
pleasantly,0.000,0.003,1.000,0.005,0.054,0.017
newcomer,0.000,0.003,1.000,0.005,0.054,0.017
first-rate,0.000,0.003,1.000,0.005,0.054,0.017
excretion,0.000,0.003,1.000,0.005,0.054,0.017
relieve,0.000,0.003,1.000,0.005,0.054,0.017
workman,0.000,0.003,1.000,0.005,0.054,0.017
merry,0.000,0.003,1.000,0.005,0.054,0.017
toddy,0.000,0.003,1.000,0.005,0.054,0.017
sported,0.000,0.003,1.000,0.005,0.054,0.017
deliberated,0.000,0.003,1.000,0.005,0.054,0.017
moon's,0.000,0.003,1.000,0.005,0.054,0.017
hearken,0.000,0.003,1.000,0.005,0.054,0.017
ark,0.000,0.003,1.000,0.005,0.054,0.017
incontinently,0.000,0.003,1.000,0.005,0.054,0.017
spake,0.000,0.003,1.000,0.005,0.054,0.017
hie,0.000,0.003,1.000,0.005,0.054,0.017
whoso,0.000,0.003,1.000,0.005,0.054,0.017
harborage,0.000,0.003,1.000,0.005,0.054,0.017
choicest,0.000,0.003,1.000,0.005,0.054,0.017
aboard,0.000,0.003,1.000,0.005,0.054,0.017
carpenter's,0.000,0.003,1.000,0.005,0.054,0.017
waist-deep,0.000,0.003,1.000,0.005,0.054,0.017
man-deep,0.000,0.003,1.000,0.005,0.054,0.017
ensnared,0.000,0.003,1.000,0.005,0.054,0.017
kokalika,0.000,0.003,1.000,0.005,0.054,0.017
unrighteous,0.000,0.003,1.000,0.005,0.054,0.017
alpha,0.000,0.003,1.000,0.005,0.054,0.017
decentered,0.000,0.003,1.000,0.005,0.054,0.017
disjointed,0.000,0.003,1.000,0.005,0.054,0.017
well-tuned,0.000,0.003,1.000,0.005,0.054,0.017
well-centered,0.000,0.003,1.000,0.005,0.054,0.017
weighing,0.000,0.003,1.000,0.005,0.054,0.017
outermost,0.000,0.003,1.000,0.005,0.054,0.017
pinched,0.000,0.003,1.000,0.005,0.054,0.017
scrunched,0.000,0.003,1.000,0.005,0.054,0.017
emanating,0.000,0.003,1.000,0.005,0.054,0.017
neediness,0.000,0.003,1.000,0.005,0.054,0.017
mahita,0.000,0.003,1.000,0.005,0.054,0.017
desire-driven,0.000,0.003,1.000,0.005,0.054,0.017
7-day,0.000,0.003,1.000,0.005,0.054,0.017
sesshin,0.000,0.003,1.000,0.005,0.054,0.017
update,0.000,0.005,1.000,0.011,0.027,0.017
implicitly,0.000,0.008,1.000,0.016,0.018,0.017
decouple,0.000,0.003,1.000,0.005,0.054,0.017
untaught,0.000,0.003,1.000,0.005,0.054,0.017
instrumentalist,0.000,0.003,1.000,0.005,0.054,0.017
mallet,0.000,0.003,1.000,0.005,0.054,0.017
doan,0.000,0.003,1.000,0.005,0.054,0.017
x-type,0.000,0.003,1.000,0.005,0.054,0.017
fever-pitch,0.000,0.003,1.000,0.005,0.054,0.017
welwood's,0.000,0.005,1.000,0.011,0.027,0.017
riddled,0.000,0.008,1.000,0.016,0.018,0.017
scalp,0.000,0.003,1.000,0.005,0.054,0.017
three-dimensionality,0.000,0.003,1.000,0.005,0.054,0.017
question-asking,0.000,0.003,1.000,0.005,0.054,0.017
re-evoke,0.000,0.003,1.000,0.005,0.054,0.017
realign,0.000,0.003,1.000,0.005,0.054,0.017
reluctant,0.000,0.003,1.000,0.005,0.054,0.017
previewed,0.000,0.003,1.000,0.005,0.054,0.017
fascination,0.000,0.003,1.000,0.005,0.054,0.017
predictability,0.000,0.003,1.000,0.005,0.054,0.017
chasm,0.000,0.003,1.000,0.005,0.054,0.017
rediscovering,0.000,0.003,1.000,0.005,0.054,0.017
scrunch,0.000,0.003,1.000,0.005,0.054,0.017
enjoyer,0.000,0.003,1.000,0.005,0.054,0.017
directedness,0.000,0.003,1.000,0.005,0.054,0.017
curved,0.000,0.003,1.000,0.005,0.054,0.017
pickup,0.000,0.003,1.000,0.005,0.054,0.017
rowboat,0.000,0.003,1.000,0.005,0.054,0.017
ongoingly,0.000,0.003,1.000,0.005,0.054,0.017
knowledgeably,0.000,0.003,1.000,0.005,0.054,0.017
paddle,0.000,0.003,1.000,0.005,0.054,0.017
paraphrased,0.000,0.005,1.000,0.011,0.027,0.017
prep,0.000,0.005,1.000,0.011,0.027,0.017
consistently,0.000,0.005,1.000,0.011,0.027,0.017
evaporated,0.000,0.005,1.000,0.011,0.027,0.017
pie,0.000,0.005,1.000,0.011,0.027,0.017
tray,0.000,0.005,1.000,0.011,0.027,0.017
correcting,0.000,0.005,1.000,0.011,0.027,0.017
graduation,0.000,0.005,1.000,0.011,0.027,0.017
broadway,0.000,0.003,1.000,0.005,0.053,0.017
recliner,0.000,0.003,1.000,0.005,0.053,0.017
indulgent,0.000,0.003,1.000,0.005,0.053,0.017
contradictory,0.000,0.003,1.000,0.005,0.053,0.017
poignantly,0.000,0.003,1.000,0.005,0.053,0.017
flush,0.000,0.005,1.000,0.011,0.027,0.017
investigates,0.000,0.003,1.000,0.005,0.053,0.017
zip,0.000,0.003,1.000,0.005,0.053,0.017
neuroscientific,0.000,0.003,1.000,0.005,0.053,0.017
scrutinize,0.000,0.003,1.000,0.005,0.053,0.017
dharmettes,0.000,0.003,1.000,0.005,0.053,0.017
reckon,0.000,0.003,1.000,0.005,0.053,0.017
shakyamuni,0.000,0.003,1.000,0.005,0.053,0.017
pluralism,0.000,0.003,1.000,0.005,0.053,0.017
printing,0.000,0.003,1.000,0.005,0.053,0.017
approximately,0.000,0.003,1.000,0.005,0.053,0.017
body-wide,0.000,0.003,1.000,0.005,0.053,0.017
overturn,0.000,0.003,1.000,0.005,0.053,0.017
loch,0.000,0.003,1.000,0.005,0.053,0.017
underpassing,0.000,0.003,1.000,0.005,0.053,0.017
hazard,0.000,0.003,1.000,0.005,0.053,0.017
hearer,0.000,0.003,1.000,0.005,0.053,0.017
tread,0.000,0.005,1.000,0.011,0.027,0.017
caveat,0.000,0.005,1.000,0.011,0.027,0.017
tiniest,0.000,0.005,1.000,0.011,0.027,0.017
intrigued,0.000,0.005,1.000,0.011,0.027,0.017
imitate,0.000,0.005,1.000,0.011,0.027,0.017
stuffed,0.000,0.005,1.000,0.011,0.027,0.017
illustrating,0.000,0.008,1.000,0.016,0.018,0.017
ceremonial,0.000,0.005,1.000,0.011,0.026,0.017
materialism,0.000,0.003,1.000,0.005,0.053,0.017
hummingbird,0.000,0.003,1.000,0.005,0.053,0.017
alison,0.000,0.003,1.000,0.005,0.053,0.017
junction,0.000,0.003,1.000,0.005,0.053,0.017
recoil,0.000,0.003,1.000,0.005,0.053,0.017
healthily,0.000,0.003,1.000,0.005,0.053,0.017
thawed,0.000,0.003,1.000,0.005,0.053,0.017
gestates,0.000,0.003,1.000,0.005,0.053,0.017
utensil,0.000,0.003,1.000,0.005,0.053,0.017
offhand,0.000,0.003,1.000,0.005,0.053,0.017
half-consciously,0.000,0.003,1.000,0.005,0.053,0.017
elite,0.000,0.005,1.000,0.011,0.026,0.017
self-definition,0.000,0.003,1.000,0.005,0.053,0.017
self-embarrassment,0.000,0.003,1.000,0.005,0.053,0.017
replaces,0.000,0.003,1.000,0.005,0.053,0.017
undefined,0.000,0.003,1.000,0.005,0.053,0.017
grant,0.000,0.003,1.000,0.005,0.053,0.017
underscore,0.000,0.003,1.000,0.005,0.053,0.017
denounce,0.000,0.003,1.000,0.005,0.053,0.017
invent,0.000,0.003,1.000,0.005,0.053,0.017
lovemaking,0.000,0.003,1.000,0.005,0.053,0.017
disconcerting,0.000,0.003,1.000,0.005,0.053,0.017
self-concept,0.000,0.003,1.000,0.005,0.053,0.017
imputing,0.000,0.003,1.000,0.005,0.053,0.017
self-creation,0.000,0.003,1.000,0.005,0.053,0.017
popped,0.000,0.005,1.000,0.011,0.026,0.017
sliver,0.000,0.003,1.000,0.005,0.053,0.017
cresting,0.000,0.003,1.000,0.005,0.053,0.017
intruder,0.000,0.003,1.000,0.005,0.053,0.017
of5,0.000,0.003,1.000,0.005,0.053,0.017
groundwork,0.000,0.003,1.000,0.005,0.053,0.017
nicca,0.000,0.003,1.000,0.005,0.053,0.017
dominated,0.000,0.003,1.000,0.005,0.053,0.017
unsupportive,0.000,0.003,1.000,0.005,0.053,0.017
calcify,0.000,0.003,1.000,0.005,0.053,0.017
paradise,0.000,0.003,1.000,0.005,0.053,0.017
rooftop,0.000,0.003,1.000,0.005,0.053,0.017
snapshot,0.000,0.003,1.000,0.005,0.053,0.017
monolith,0.000,0.003,1.000,0.005,0.053,0.017
swiss,0.000,0.003,1.000,0.005,0.053,0.017
punctuated,0.000,0.003,1.000,0.005,0.053,0.017
inextricable,0.000,0.003,1.000,0.005,0.053,0.017
immutable,0.000,0.003,1.000,0.005,0.053,0.017
metropolitan,0.000,0.003,1.000,0.005,0.052,0.017
jumped,0.000,0.003,1.000,0.005,0.052,0.017
n-i-m-i-t-t-a,0.000,0.003,1.000,0.005,0.052,0.017
healthfulness,0.000,0.003,1.000,0.005,0.052,0.017
congratulating,0.000,0.003,1.000,0.005,0.052,0.017
whole-minded,0.000,0.003,1.000,0.005,0.052,0.017
pouncing,0.000,0.003,1.000,0.005,0.052,0.017
modestly,0.000,0.003,1.000,0.005,0.052,0.017
undercut,0.000,0.005,1.000,0.011,0.026,0.017
snore,0.000,0.005,1.000,0.011,0.026,0.017
bookshelf,0.000,0.005,1.000,0.011,0.026,0.017
mahacitta,0.000,0.003,1.000,0.005,0.052,0.017
probability,0.000,0.005,1.000,0.011,0.026,0.017
distribution,0.000,0.005,1.000,0.011,0.026,0.017
billboard,0.000,0.003,1.000,0.005,0.052,0.017
slump,0.000,0.003,1.000,0.005,0.052,0.017
facelift,0.000,0.003,1.000,0.005,0.052,0.017
calculating,0.000,0.003,1.000,0.005,0.052,0.017
depresses,0.000,0.003,1.000,0.005,0.052,0.017
bracket,0.000,0.005,1.000,0.011,0.026,0.017
ethos,0.000,0.005,1.000,0.011,0.026,0.017
unstructured,0.000,0.005,1.000,0.011,0.026,0.017
successive,0.000,0.005,1.000,0.011,0.026,0.017
prevalent,0.000,0.005,1.000,0.011,0.026,0.017
shaved,0.000,0.005,1.000,0.011,0.026,0.017
convinces,0.000,0.005,1.000,0.011,0.026,0.017
long-standing,0.000,0.005,1.000,0.011,0.026,0.017
wantings,0.000,0.003,1.000,0.005,0.052,0.017
globed,0.000,0.003,1.000,0.005,0.052,0.017
sunbathe,0.000,0.003,1.000,0.005,0.052,0.017
universalization,0.000,0.003,1.000,0.005,0.052,0.017
vipassana-jhana,0.000,0.003,1.000,0.005,0.052,0.017
sya,0.000,0.003,1.000,0.005,0.052,0.017
temperament,0.000,0.005,1.000,0.011,0.026,0.017
identifiable,0.000,0.005,1.000,0.011,0.026,0.017
three-year-old,0.000,0.005,1.000,0.011,0.026,0.017
sect,0.000,0.005,1.000,0.011,0.026,0.017
hugging,0.000,0.005,1.000,0.011,0.026,0.017
rampant,0.000,0.005,1.000,0.011,0.026,0.017
cocooning,0.000,0.003,1.000,0.005,0.051,0.017
mirroring,0.000,0.003,1.000,0.005,0.051,0.017
constipates,0.000,0.003,1.000,0.005,0.051,0.017
constipation,0.000,0.003,1.000,0.005,0.051,0.017
undamned,0.000,0.003,1.000,0.005,0.051,0.017
miranda,0.000,0.003,1.000,0.005,0.051,0.017
miranda's,0.000,0.003,1.000,0.005,0.051,0.017
beginningless,0.000,0.005,1.000,0.011,0.026,0.017
campbell,0.000,0.005,1.000,0.011,0.026,0.017
deliver,0.000,0.005,1.000,0.011,0.026,0.017
wendy,0.000,0.005,1.000,0.011,0.026,0.017
10-day,0.000,0.003,1.000,0.005,0.051,0.017
reeling,0.000,0.003,1.000,0.005,0.051,0.017
gallery,0.000,0.003,1.000,0.005,0.051,0.017
nikki's,0.000,0.003,1.000,0.005,0.051,0.017
undone,0.000,0.005,1.000,0.011,0.026,0.017
sunnier,0.000,0.003,1.000,0.005,0.051,0.017
interplay,0.000,0.003,1.000,0.005,0.051,0.017
elaborating,0.000,0.003,1.000,0.005,0.051,0.017
indoors,0.000,0.003,1.000,0.005,0.051,0.017
unworldly,0.000,0.003,1.000,0.005,0.051,0.017
latent,0.000,0.003,1.000,0.005,0.051,0.017
uninstructed,0.000,0.003,1.000,0.005,0.051,0.017
dispassionate,0.000,0.003,1.000,0.005,0.051,0.017
snare,0.000,0.003,1.000,0.005,0.051,0.017
recommends,0.000,0.005,1.000,0.011,0.026,0.017
plowed,0.000,0.005,1.000,0.011,0.026,0.017
chanda,0.000,0.005,1.000,0.011,0.025,0.017
nine-fold,0.000,0.003,1.000,0.005,0.051,0.017
500-something,0.000,0.003,1.000,0.005,0.051,0.017
altogether,0.000,0.003,1.000,0.005,0.051,0.017
cinderella,0.000,0.003,1.000,0.005,0.051,0.017
adult-oriented,0.000,0.003,1.000,0.005,0.051,0.017
unfit,0.000,0.003,1.000,0.005,0.051,0.017
novel-like,0.000,0.003,1.000,0.005,0.051,0.017
semi-randomly,0.000,0.003,1.000,0.005,0.051,0.017
illustration,0.000,0.003,1.000,0.005,0.051,0.017
tangential,0.000,0.003,1.000,0.005,0.051,0.017
bowl-like,0.000,0.003,1.000,0.005,0.051,0.017
katagaha,0.000,0.003,1.000,0.005,0.051,0.017
kata,0.000,0.003,1.000,0.005,0.051,0.017
kaligaha,0.000,0.003,1.000,0.005,0.051,0.017
pannaka,0.000,0.003,1.000,0.005,0.051,0.017
panha,0.000,0.003,1.000,0.005,0.051,0.017
precedent,0.000,0.003,1.000,0.005,0.051,0.017
wreathed,0.000,0.003,1.000,0.005,0.051,0.017
swiftly,0.000,0.003,1.000,0.005,0.051,0.017
caravan's,0.000,0.003,1.000,0.005,0.051,0.017
nonhuman,0.000,0.003,1.000,0.005,0.051,0.017
underway,0.000,0.003,1.000,0.005,0.051,0.017
restarted,0.000,0.003,1.000,0.005,0.051,0.017
merchandise,0.000,0.003,1.000,0.005,0.051,0.017
astute,0.000,0.003,1.000,0.005,0.051,0.017
baranasi,0.000,0.003,1.000,0.005,0.051,0.017
kasi,0.000,0.003,1.000,0.005,0.051,0.017
reigned,0.000,0.003,1.000,0.005,0.051,0.017
merchant's,0.000,0.003,1.000,0.005,0.051,0.017
second-mover,0.000,0.003,1.000,0.005,0.051,0.017
depriving,0.000,0.003,1.000,0.005,0.051,0.017
non-humans,0.000,0.003,1.000,0.005,0.051,0.017
tradesman,0.000,0.003,1.000,0.005,0.051,0.017
devadatta's,0.000,0.003,1.000,0.005,0.051,0.017
teamed,0.000,0.003,1.000,0.005,0.051,0.017
corruptible,0.000,0.003,1.000,0.005,0.051,0.017
ajatasattu,0.000,0.003,1.000,0.005,0.051,0.017
nemesis,0.000,0.003,1.000,0.005,0.051,0.017
originate,0.000,0.003,1.000,0.005,0.051,0.017
sanchi,0.000,0.003,1.000,0.005,0.051,0.017
dated,0.000,0.003,1.000,0.005,0.051,0.017
backdated,0.000,0.003,1.000,0.005,0.051,0.017
socio-political,0.000,0.003,1.000,0.005,0.051,0.017
pertained,0.000,0.003,1.000,0.005,0.051,0.017
pre-buddhist,0.000,0.003,1.000,0.005,0.051,0.017
doctrine-heavy,0.000,0.003,1.000,0.005,0.051,0.017
reprimanding,0.000,0.003,1.000,0.005,0.051,0.017
redirected,0.000,0.003,1.000,0.005,0.051,0.017
deviation,0.000,0.003,1.000,0.005,0.051,0.017
achievable,0.000,0.003,1.000,0.005,0.051,0.017
one-month,0.000,0.003,1.000,0.005,0.051,0.017
well-articulated,0.000,0.003,1.000,0.005,0.051,0.017
intertwining,0.000,0.003,1.000,0.005,0.051,0.017
present-oriented,0.000,0.003,1.000,0.005,0.051,0.017
concretize,0.000,0.005,1.000,0.011,0.025,0.017
ukiah,0.000,0.003,1.000,0.005,0.051,0.017
disco,0.000,0.003,1.000,0.005,0.051,0.017
hardwood,0.000,0.003,1.000,0.005,0.051,0.017
10-15,0.000,0.003,1.000,0.005,0.051,0.017
lamenting,0.000,0.003,1.000,0.005,0.051,0.017
osho,0.000,0.003,1.000,0.005,0.051,0.017
miga-sangha,0.000,0.003,1.000,0.005,0.051,0.017
kaka-sangha,0.000,0.003,1.000,0.005,0.051,0.017
deva-sangha,0.000,0.003,1.000,0.005,0.051,0.017
robed,0.000,0.003,1.000,0.005,0.051,0.017
donned,0.000,0.003,1.000,0.005,0.051,0.017
soft-shell,0.000,0.003,1.000,0.005,0.051,0.017
taco,0.000,0.003,1.000,0.005,0.051,0.017
70-plus,0.000,0.003,1.000,0.005,0.051,0.017
percent,0.000,0.003,1.000,0.005,0.051,0.017
lame,0.000,0.003,1.000,0.005,0.051,0.017
voluntary,0.000,0.003,1.000,0.005,0.051,0.017
beautification,0.000,0.003,1.000,0.005,0.051,0.017
adornment,0.000,0.003,1.000,0.005,0.051,0.017
nun's,0.000,0.003,1.000,0.005,0.051,0.017
knock-on,0.000,0.003,1.000,0.005,0.051,0.017
non-backsliding,0.000,0.003,1.000,0.005,0.051,0.017
once-return,0.000,0.003,1.000,0.005,0.051,0.017
non-return,0.000,0.003,1.000,0.005,0.051,0.017
arahatship,0.000,0.003,1.000,0.005,0.051,0.017
obstructive,0.000,0.003,1.000,0.005,0.051,0.017
arahat,0.000,0.003,1.000,0.005,0.051,0.017
healthfully,0.000,0.003,1.000,0.005,0.051,0.017
disrobe,0.000,0.003,1.000,0.005,0.051,0.017
monasticism,0.000,0.003,1.000,0.005,0.051,0.017
proximal,0.000,0.003,1.000,0.005,0.051,0.017
flailing,0.000,0.003,1.000,0.005,0.051,0.017
warsan,0.000,0.003,1.000,0.005,0.051,0.017
feast,0.000,0.003,1.000,0.005,0.051,0.017
platter,0.000,0.003,1.000,0.005,0.051,0.017
festive,0.000,0.003,1.000,0.005,0.051,0.017
fern,0.000,0.003,1.000,0.005,0.051,0.017
vonnegut,0.000,0.003,1.000,0.005,0.051,0.017
olympic-level,0.000,0.003,1.000,0.005,0.051,0.017
arranged,0.000,0.005,1.000,0.011,0.025,0.017
negation,0.000,0.005,1.000,0.011,0.025,0.017
absorbs,0.000,0.003,1.000,0.005,0.051,0.017
stroked,0.000,0.003,1.000,0.005,0.051,0.017
funded,0.000,0.003,1.000,0.005,0.051,0.017
sharpen,0.000,0.005,1.000,0.011,0.025,0.017
employing,0.000,0.003,1.000,0.005,0.051,0.017
aloft,0.000,0.003,1.000,0.005,0.051,0.017
obedient,0.000,0.003,1.000,0.005,0.051,0.017
liberates,0.000,0.003,1.000,0.005,0.051,0.017
far-reaching,0.000,0.003,1.000,0.005,0.051,0.017
suspense,0.000,0.003,1.000,0.005,0.051,0.017
thriller,0.000,0.003,1.000,0.005,0.051,0.017
flurrying,0.000,0.003,1.000,0.005,0.051,0.017
hushed,0.000,0.003,1.000,0.005,0.051,0.017
snow-blanketed,0.000,0.003,1.000,0.005,0.051,0.017
quaint,0.000,0.003,1.000,0.005,0.051,0.017
cheesy,0.000,0.003,1.000,0.005,0.051,0.017
pinball,0.000,0.003,1.000,0.005,0.051,0.017
inherit,0.000,0.003,1.000,0.005,0.050,0.017
dominates,0.000,0.003,1.000,0.005,0.050,0.017
self-becoming,0.000,0.003,1.000,0.005,0.050,0.017
self-construct,0.000,0.003,1.000,0.005,0.050,0.017
editing,0.000,0.003,1.000,0.005,0.050,0.017
heartfully,0.000,0.003,1.000,0.005,0.050,0.017
donor,0.000,0.003,1.000,0.005,0.050,0.017
stern,0.000,0.005,1.000,0.011,0.025,0.017
leaned,0.000,0.005,1.000,0.011,0.025,0.017
archaeological,0.000,0.005,1.000,0.011,0.025,0.017
faulty,0.000,0.003,1.000,0.005,0.050,0.017
suffusive,0.000,0.003,1.000,0.005,0.050,0.017
weightlessness,0.000,0.003,1.000,0.005,0.050,0.017
mingles,0.000,0.003,1.000,0.005,0.050,0.017
technique-focused,0.000,0.003,1.000,0.005,0.050,0.017
pleasure's,0.000,0.003,1.000,0.005,0.050,0.017
joy's,0.000,0.003,1.000,0.005,0.050,0.017
unobtrusive,0.000,0.003,1.000,0.005,0.050,0.017
incisively,0.000,0.003,1.000,0.005,0.050,0.017
penetratingly,0.000,0.003,1.000,0.005,0.050,0.017
diluted,0.000,0.005,1.000,0.011,0.025,0.017
orleans,0.000,0.005,1.000,0.011,0.025,0.017
separateness,0.000,0.005,1.000,0.011,0.025,0.017
futile,0.000,0.005,1.000,0.011,0.025,0.017
tactually,0.000,0.003,1.000,0.005,0.050,0.017
sabba,0.000,0.003,1.000,0.005,0.050,0.017
samyojana,0.000,0.003,1.000,0.005,0.050,0.017
birder,0.000,0.003,1.000,0.005,0.050,0.017
falcon's,0.000,0.003,1.000,0.005,0.050,0.017
falconry,0.000,0.003,1.000,0.005,0.050,0.017
zen-style,0.000,0.003,1.000,0.005,0.050,0.017
sunshiny,0.000,0.003,1.000,0.005,0.050,0.017
south-facing,0.000,0.003,1.000,0.005,0.050,0.017
ticking,0.000,0.003,1.000,0.005,0.050,0.017
assigns,0.000,0.003,1.000,0.005,0.050,0.017
skidding,0.000,0.003,1.000,0.005,0.050,0.017
car's,0.000,0.003,1.000,0.005,0.050,0.017
loudspeaker,0.000,0.003,1.000,0.005,0.050,0.017
livid,0.000,0.003,1.000,0.005,0.050,0.017
stormed,0.000,0.003,1.000,0.005,0.050,0.017
ceased,0.000,0.003,1.000,0.005,0.050,0.017
vastly,0.000,0.003,1.000,0.005,0.050,0.017
rooting,0.000,0.003,1.000,0.005,0.050,0.017
kalyana-mittata,0.000,0.003,1.000,0.005,0.050,0.017
good-hearted,0.000,0.003,1.000,0.005,0.050,0.017
sigala,0.000,0.003,1.000,0.005,0.050,0.017
suhada,0.000,0.003,1.000,0.005,0.050,0.017
counterfeit,0.000,0.003,1.000,0.005,0.050,0.017
beware,0.000,0.003,1.000,0.005,0.050,0.017
taker,0.000,0.003,1.000,0.005,0.050,0.017
sweet-talker,0.000,0.003,1.000,0.005,0.050,0.017
flatterer,0.000,0.003,1.000,0.005,0.050,0.017
reckless,0.000,0.003,1.000,0.005,0.050,0.017
ego-based,0.000,0.003,1.000,0.005,0.050,0.017
attachment-based,0.000,0.003,1.000,0.005,0.050,0.017
clinginess,0.000,0.003,1.000,0.005,0.050,0.017
craving-based,0.000,0.003,1.000,0.005,0.050,0.017
flatters,0.000,0.003,1.000,0.005,0.050,0.017
corrects,0.000,0.003,1.000,0.005,0.050,0.017
caga,0.000,0.003,1.000,0.005,0.050,0.017
non-conversational,0.000,0.003,1.000,0.005,0.050,0.017
commentating,0.000,0.003,1.000,0.005,0.050,0.017
silenced,0.000,0.003,1.000,0.005,0.050,0.017
music-making,0.000,0.003,1.000,0.005,0.050,0.017
seashore,0.000,0.003,1.000,0.005,0.050,0.017
snorkel,0.000,0.003,1.000,0.005,0.050,0.017
hugged,0.000,0.003,1.000,0.005,0.050,0.017
comforter-filled,0.000,0.003,1.000,0.005,0.050,0.017
thousand-year-old,0.000,0.003,1.000,0.005,0.050,0.017
standpoint,0.000,0.008,1.000,0.016,0.017,0.017
prolific,0.000,0.005,1.000,0.011,0.025,0.017
isolating,0.000,0.005,1.000,0.011,0.025,0.017
mind,0.008,0.965,0.992,0.071,0.004,0.017
checkbook,0.000,0.005,1.000,0.011,0.025,0.017
schema,0.000,0.005,1.000,0.011,0.025,0.017
analyst,0.000,0.005,1.000,0.011,0.025,0.017
double,0.000,0.005,1.000,0.011,0.025,0.016
justly,0.000,0.005,1.000,0.011,0.025,0.016
five-minute,0.000,0.005,1.000,0.011,0.025,0.016
four-year,0.000,0.003,1.000,0.005,0.050,0.016
hostage,0.000,0.003,1.000,0.005,0.050,0.016
tracked,0.000,0.003,1.000,0.005,0.050,0.016
grammatical,0.000,0.003,1.000,0.005,0.050,0.016
tablet,0.000,0.003,1.000,0.005,0.050,0.016
economics,0.000,0.003,1.000,0.005,0.050,0.016
unavailable,0.000,0.003,1.000,0.005,0.050,0.016
serotonin,0.000,0.003,1.000,0.005,0.050,0.016
dopamine,0.000,0.003,1.000,0.005,0.050,0.016
overactivity,0.000,0.003,1.000,0.005,0.050,0.016
4th,0.000,0.005,1.000,0.011,0.025,0.016
conquered,0.000,0.005,1.000,0.011,0.025,0.016
3rd,0.000,0.005,1.000,0.011,0.025,0.016
sustenance,0.000,0.005,1.000,0.011,0.025,0.016
opponent,0.000,0.005,1.000,0.011,0.025,0.016
finishing,0.000,0.005,1.000,0.011,0.025,0.016
over-orientation,0.000,0.003,1.000,0.005,0.050,0.016
pounce,0.000,0.003,1.000,0.005,0.050,0.016
pervasion,0.000,0.003,1.000,0.005,0.050,0.016
disarms,0.000,0.003,1.000,0.005,0.050,0.016
de-emphasized,0.000,0.003,1.000,0.005,0.050,0.016
de-emphasizing,0.000,0.003,1.000,0.005,0.050,0.016
supportingly,0.000,0.003,1.000,0.005,0.050,0.016
reconditions,0.000,0.003,1.000,0.005,0.050,0.016
reshapes,0.000,0.003,1.000,0.005,0.050,0.016
re-orientation,0.000,0.003,1.000,0.005,0.050,0.016
non-grateful,0.000,0.003,1.000,0.005,0.050,0.016
pollyanna-ing,0.000,0.003,1.000,0.005,0.050,0.016
unsafety,0.000,0.003,1.000,0.005,0.050,0.016
admitted,0.000,0.005,1.000,0.011,0.025,0.016
kindle,0.000,0.005,1.000,0.011,0.025,0.016
tamper,0.000,0.003,1.000,0.005,0.049,0.016
sparkling,0.000,0.003,1.000,0.005,0.049,0.016
divest,0.000,0.003,1.000,0.005,0.049,0.016
point-blank,0.000,0.003,1.000,0.005,0.049,0.016
murky,0.000,0.003,1.000,0.005,0.049,0.016
geographic,0.000,0.003,1.000,0.005,0.049,0.016
discounting,0.000,0.003,1.000,0.005,0.049,0.016
reputation,0.000,0.003,1.000,0.005,0.049,0.016
extinguish,0.000,0.003,1.000,0.005,0.049,0.016
wraith,0.000,0.003,1.000,0.005,0.049,0.016
weaponize,0.000,0.003,1.000,0.005,0.049,0.016
insightretreatcenter,0.000,0.003,1.000,0.005,0.049,0.016
drop-down,0.000,0.003,1.000,0.005,0.049,0.016
villa,0.000,0.003,1.000,0.005,0.049,0.016
tiptoe,0.000,0.005,1.000,0.011,0.025,0.016
disparage,0.000,0.003,1.000,0.005,0.049,0.016
credential,0.000,0.003,1.000,0.005,0.049,0.016
pub,0.000,0.003,1.000,0.005,0.049,0.016
puritanical,0.000,0.003,1.000,0.005,0.049,0.016
skillfulness,0.000,0.003,1.000,0.005,0.049,0.016
grandmother's,0.000,0.003,1.000,0.005,0.049,0.016
vega,0.000,0.003,1.000,0.005,0.049,0.016
guardrail,0.000,0.003,1.000,0.005,0.049,0.016
strife,0.000,0.003,1.000,0.005,0.049,0.016
election,0.000,0.003,1.000,0.005,0.049,0.016
well-thought-out,0.000,0.003,1.000,0.005,0.049,0.016
electoral,0.000,0.003,1.000,0.005,0.049,0.016
master's,0.000,0.008,1.000,0.016,0.016,0.016
methodist,0.000,0.003,1.000,0.005,0.049,0.016
equivalency,0.000,0.003,1.000,0.005,0.049,0.016
gadget,0.000,0.005,1.000,0.011,0.025,0.016
spelled,0.000,0.005,1.000,0.011,0.025,0.016
cupcake,0.000,0.005,1.000,0.011,0.025,0.016
paddock,0.000,0.003,1.000,0.005,0.049,0.016
conscripting,0.000,0.003,1.000,0.005,0.049,0.016
crucible,0.000,0.003,1.000,0.005,0.049,0.016
detritus,0.000,0.003,1.000,0.005,0.049,0.016
theragatha,0.000,0.003,1.000,0.005,0.049,0.016
subhuti's,0.000,0.003,1.000,0.005,0.049,0.016
sheltered,0.000,0.003,1.000,0.005,0.049,0.016
ya,0.000,0.003,1.000,0.005,0.049,0.016
granular,0.000,0.005,1.000,0.011,0.025,0.016
three-year,0.000,0.005,1.000,0.011,0.025,0.016
empire,0.000,0.005,1.000,0.011,0.024,0.016
adopted,0.000,0.005,1.000,0.011,0.024,0.016
egypt,0.000,0.005,1.000,0.011,0.024,0.016
suffice,0.000,0.005,1.000,0.011,0.024,0.016
fluttering,0.000,0.005,1.000,0.011,0.024,0.016
cement,0.000,0.003,1.000,0.005,0.048,0.016
r-a-f-t,0.000,0.003,1.000,0.005,0.048,0.016
sneaking,0.000,0.003,1.000,0.005,0.048,0.016
upfront,0.000,0.003,1.000,0.005,0.048,0.016
onlooker,0.000,0.003,1.000,0.005,0.048,0.016
investing,0.000,0.003,1.000,0.005,0.048,0.016
crummy,0.000,0.003,1.000,0.005,0.048,0.016
rustic,0.000,0.003,1.000,0.005,0.048,0.016
multi-hour,0.000,0.003,1.000,0.005,0.048,0.016
digestive,0.000,0.003,1.000,0.005,0.048,0.016
incredulous,0.000,0.003,1.000,0.005,0.048,0.016
r-a-f,0.000,0.003,1.000,0.005,0.048,0.016
facade,0.000,0.003,1.000,0.005,0.048,0.016
arrayed,0.000,0.003,1.000,0.005,0.048,0.016
palate,0.000,0.003,1.000,0.005,0.048,0.016
tingly,0.000,0.003,1.000,0.005,0.048,0.016
fettering,0.000,0.003,1.000,0.005,0.048,0.016
mindfulness-based,0.000,0.003,1.000,0.005,0.048,0.016
exhilaration,0.000,0.003,1.000,0.005,0.048,0.016
overcautious,0.000,0.003,1.000,0.005,0.048,0.016
symptomatic,0.000,0.003,1.000,0.005,0.048,0.016
inhaled,0.000,0.003,1.000,0.005,0.048,0.016
paperback,0.000,0.003,1.000,0.005,0.048,0.016
ebbed,0.000,0.003,1.000,0.005,0.048,0.016
sublimely,0.000,0.003,1.000,0.005,0.048,0.016
roadblock,0.000,0.003,1.000,0.005,0.048,0.016
biggie,0.000,0.003,1.000,0.005,0.048,0.016
abrahamic,0.000,0.005,1.000,0.011,0.024,0.016
concentric,0.000,0.005,1.000,0.011,0.024,0.016
debriefing,0.000,0.005,1.000,0.011,0.024,0.016
imbalance,0.000,0.003,1.000,0.005,0.048,0.016
in-and-out,0.000,0.003,1.000,0.005,0.048,0.016
endanger,0.000,0.003,1.000,0.005,0.048,0.016
i'vechosen,0.000,0.003,1.000,0.005,0.048,0.016
figurative,0.000,0.003,1.000,0.005,0.048,0.016
rotted,0.000,0.003,1.000,0.005,0.048,0.016
fortitude,0.000,0.003,1.000,0.005,0.048,0.016
storing,0.000,0.003,1.000,0.005,0.048,0.016
not-of-the-best-sort,0.000,0.003,1.000,0.005,0.048,0.016
waffle,0.000,0.003,1.000,0.005,0.048,0.016
falter,0.000,0.003,1.000,0.005,0.048,0.016
cower,0.000,0.003,1.000,0.005,0.048,0.016
swooped,0.000,0.003,1.000,0.005,0.048,0.016
unlucky,0.000,0.003,1.000,0.005,0.048,0.016
straying,0.000,0.003,1.000,0.005,0.048,0.016
mocking,0.000,0.003,1.000,0.005,0.048,0.016
overconfident,0.000,0.003,1.000,0.005,0.048,0.016
tantalizing,0.000,0.003,1.000,0.005,0.048,0.016
remembers,0.000,0.003,1.000,0.005,0.048,0.016
overboard,0.000,0.005,1.000,0.011,0.024,0.016
relies,0.000,0.005,1.000,0.011,0.024,0.016
greece,0.000,0.005,1.000,0.011,0.024,0.016
bout,0.000,0.005,1.000,0.011,0.024,0.016
quivering,0.000,0.005,1.000,0.011,0.024,0.016
caution,0.000,0.003,1.000,0.005,0.048,0.016
subject-verb-object,0.000,0.003,1.000,0.005,0.048,0.016
demarcation,0.000,0.003,1.000,0.005,0.048,0.016
falsify,0.000,0.003,1.000,0.005,0.048,0.016
defer,0.000,0.003,1.000,0.005,0.048,0.016
rupert,0.000,0.003,1.000,0.005,0.048,0.016
spira,0.000,0.003,1.000,0.005,0.048,0.016
diversity,0.000,0.003,1.000,0.005,0.048,0.016
indivisible,0.000,0.003,1.000,0.005,0.048,0.016
coextensive,0.000,0.003,1.000,0.005,0.048,0.016
comedian,0.000,0.003,1.000,0.005,0.048,0.016
pete,0.000,0.003,1.000,0.005,0.048,0.016
holmes,0.000,0.003,1.000,0.005,0.048,0.016
undying,0.000,0.003,1.000,0.005,0.048,0.016
approximation,0.000,0.003,1.000,0.005,0.048,0.016
stridently,0.000,0.003,1.000,0.005,0.048,0.016
anam,0.000,0.003,1.000,0.005,0.048,0.016
thubten,0.000,0.003,1.000,0.005,0.048,0.016
intangible,0.000,0.003,1.000,0.005,0.048,0.016
non-directed,0.000,0.003,1.000,0.005,0.048,0.016
vanishes,0.000,0.003,1.000,0.005,0.048,0.016
imaginatively,0.000,0.003,1.000,0.005,0.048,0.016
bishop,0.000,0.003,1.000,0.005,0.048,0.016
immodest,0.000,0.003,1.000,0.005,0.048,0.016
baffle,0.000,0.003,1.000,0.005,0.048,0.016
wallace,0.000,0.003,1.000,0.005,0.048,0.016
stevens,0.000,0.003,1.000,0.005,0.048,0.016
inescapable,0.000,0.003,1.000,0.005,0.048,0.016
stafford,0.000,0.003,1.000,0.005,0.048,0.016
rochester,0.000,0.003,1.000,0.005,0.048,0.016
minnesota,0.000,0.003,1.000,0.005,0.048,0.016
twilight,0.000,0.003,1.000,0.005,0.048,0.016
pony,0.000,0.003,1.000,0.005,0.048,0.016
willow,0.000,0.003,1.000,0.005,0.048,0.016
barbed,0.000,0.003,1.000,0.005,0.048,0.016
grazing,0.000,0.003,1.000,0.005,0.048,0.016
tensely,0.000,0.003,1.000,0.005,0.048,0.016
munching,0.000,0.003,1.000,0.005,0.048,0.016
tuft,0.000,0.003,1.000,0.005,0.048,0.016
slenderer,0.000,0.003,1.000,0.005,0.048,0.016
nuzzled,0.000,0.003,1.000,0.005,0.048,0.016
mane,0.000,0.003,1.000,0.005,0.048,0.016
caress,0.000,0.003,1.000,0.005,0.048,0.016
sonnet,0.000,0.003,1.000,0.005,0.048,0.016
orpheus,0.000,0.003,1.000,0.005,0.048,0.016
wilting,0.000,0.003,1.000,0.005,0.048,0.016
devouring,0.000,0.003,1.000,0.005,0.048,0.016
tossing,0.000,0.003,1.000,0.005,0.048,0.016
prosper,0.000,0.005,1.000,0.011,0.024,0.016
unexpectedly,0.000,0.005,1.000,0.011,0.024,0.016
iconography,0.000,0.005,1.000,0.011,0.024,0.016
abated,0.000,0.003,1.000,0.005,0.048,0.016
choicelessness,0.000,0.003,1.000,0.005,0.048,0.016
p-i-t-i,0.000,0.003,1.000,0.005,0.048,0.016
consensus,0.000,0.005,1.000,0.011,0.024,0.016
locating,0.000,0.003,1.000,0.005,0.048,0.016
shorter-term,0.000,0.003,1.000,0.005,0.048,0.016
heartful,0.000,0.003,1.000,0.005,0.048,0.016
gamut,0.000,0.003,1.000,0.005,0.048,0.016
reinvoke,0.000,0.003,1.000,0.005,0.048,0.016
caught-upness,0.000,0.003,1.000,0.005,0.048,0.016
50-year,0.000,0.003,1.000,0.005,0.048,0.016
culminates,0.000,0.003,1.000,0.005,0.048,0.016
over-consuming,0.000,0.003,1.000,0.005,0.048,0.016
contour,0.000,0.003,1.000,0.005,0.048,0.016
self-betrayal,0.000,0.003,1.000,0.005,0.048,0.016
punchline,0.000,0.005,1.000,0.011,0.024,0.016
cancel,0.000,0.005,1.000,0.011,0.024,0.016
scream,0.000,0.005,1.000,0.011,0.024,0.016
transmuted,0.000,0.005,1.000,0.011,0.024,0.016
fleeing,0.000,0.005,1.000,0.011,0.024,0.016
alligator,0.000,0.003,1.000,0.005,0.048,0.016
scheme,0.000,0.005,1.000,0.011,0.024,0.016
foreshadowing,0.000,0.005,1.000,0.011,0.024,0.016
batter,0.000,0.003,1.000,0.005,0.048,0.016
zealand,0.000,0.003,1.000,0.005,0.048,0.016
wellington,0.000,0.003,1.000,0.005,0.048,0.016
interrelational,0.000,0.003,1.000,0.005,0.048,0.016
8-foot,0.000,0.003,1.000,0.005,0.048,0.016
gown,0.000,0.003,1.000,0.005,0.048,0.016
crooked,0.000,0.003,1.000,0.005,0.048,0.016
pianist,0.000,0.003,1.000,0.005,0.048,0.016
keyed,0.000,0.003,1.000,0.005,0.048,0.016
workaholic,0.000,0.003,1.000,0.005,0.048,0.016
racquetball,0.000,0.003,1.000,0.005,0.048,0.016
piano,0.000,0.003,1.000,0.005,0.048,0.016
niels,0.000,0.003,1.000,0.005,0.048,0.016
bohr,0.000,0.003,1.000,0.005,0.048,0.016
adventurous,0.000,0.003,1.000,0.005,0.048,0.016
eight-foot,0.000,0.003,1.000,0.005,0.048,0.016
puffing,0.000,0.003,1.000,0.005,0.048,0.016
brag,0.000,0.003,1.000,0.005,0.048,0.016
olympic,0.000,0.003,1.000,0.005,0.048,0.016
nerd,0.000,0.003,1.000,0.005,0.048,0.016
10th-century,0.000,0.003,1.000,0.005,0.048,0.016
statesman,0.000,0.003,1.000,0.005,0.048,0.016
hand-carry,0.000,0.003,1.000,0.005,0.048,0.016
manuscript,0.000,0.003,1.000,0.005,0.048,0.016
door's,0.000,0.003,1.000,0.005,0.048,0.016
put-down,0.000,0.003,1.000,0.005,0.048,0.016
copy,0.000,0.008,1.000,0.016,0.016,0.016
october,0.000,0.003,1.000,0.005,0.047,0.016
amiss,0.000,0.003,1.000,0.005,0.047,0.016
bap,0.000,0.003,1.000,0.005,0.047,0.016
exemplify,0.000,0.003,1.000,0.005,0.047,0.016
food-wise,0.000,0.003,1.000,0.005,0.047,0.016
renting,0.000,0.003,1.000,0.005,0.047,0.016
employment,0.000,0.003,1.000,0.005,0.047,0.016
outsourcing,0.000,0.003,1.000,0.005,0.047,0.016
outsourced,0.000,0.003,1.000,0.005,0.047,0.016
truncating,0.000,0.003,1.000,0.005,0.047,0.016
truncate,0.000,0.003,1.000,0.005,0.047,0.016
spa,0.000,0.003,1.000,0.005,0.047,0.016
chilly,0.000,0.003,1.000,0.005,0.047,0.016
over-controlled,0.000,0.003,1.000,0.005,0.047,0.016
outset,0.000,0.003,1.000,0.005,0.047,0.016
over-efforting,0.000,0.003,1.000,0.005,0.047,0.016
viriya,0.000,0.003,1.000,0.005,0.047,0.016
tendon,0.000,0.003,1.000,0.005,0.047,0.016
unexcelled,0.000,0.003,1.000,0.005,0.047,0.016
after-lunch,0.000,0.003,1.000,0.005,0.047,0.016
vigorous,0.000,0.003,1.000,0.005,0.047,0.016
bleeding,0.000,0.003,1.000,0.005,0.047,0.016
playable,0.000,0.003,1.000,0.005,0.047,0.016
rev,0.000,0.003,1.000,0.005,0.047,0.016
uniform,0.000,0.003,1.000,0.005,0.047,0.016
instigation,0.000,0.003,1.000,0.005,0.047,0.016
unremitting,0.000,0.003,1.000,0.005,0.047,0.016
oar,0.000,0.003,1.000,0.005,0.047,0.016
averted,0.000,0.005,1.000,0.011,0.024,0.016
proposition,0.000,0.003,1.000,0.005,0.047,0.016
trapezius,0.000,0.003,1.000,0.005,0.047,0.016
foundationally,0.000,0.003,1.000,0.005,0.047,0.016
explicate,0.000,0.003,1.000,0.005,0.047,0.016
enigmatic,0.000,0.003,1.000,0.005,0.047,0.016
conceiver,0.000,0.003,1.000,0.005,0.047,0.016
convoluted,0.000,0.003,1.000,0.005,0.047,0.016
obstructed,0.000,0.003,1.000,0.005,0.047,0.016
name-and-form,0.000,0.003,1.000,0.005,0.047,0.016
ananda's,0.000,0.003,1.000,0.005,0.047,0.016
tropical,0.000,0.003,1.000,0.005,0.047,0.016
wafting,0.000,0.003,1.000,0.005,0.047,0.016
brochure,0.000,0.003,1.000,0.005,0.047,0.016
squinting,0.000,0.003,1.000,0.005,0.047,0.016
experimented,0.000,0.003,1.000,0.005,0.047,0.016
liquidity,0.000,0.005,1.000,0.011,0.024,0.016
ardency,0.000,0.005,1.000,0.011,0.024,0.016
wag,0.000,0.005,1.000,0.011,0.024,0.016
recrimination,0.000,0.005,1.000,0.011,0.024,0.016
adept,0.000,0.005,1.000,0.011,0.024,0.016
archer,0.000,0.005,1.000,0.011,0.024,0.016
exposing,0.000,0.005,1.000,0.011,0.024,0.016
analyzes,0.000,0.005,1.000,0.011,0.024,0.016
potsherd,0.000,0.005,1.000,0.011,0.024,0.016
segregated,0.000,0.003,1.000,0.005,0.047,0.016
procession,0.000,0.003,1.000,0.005,0.047,0.016
population-wise,0.000,0.003,1.000,0.005,0.047,0.016
yuba,0.000,0.003,1.000,0.005,0.047,0.016
mountainside,0.000,0.003,1.000,0.005,0.047,0.016
sloped,0.000,0.003,1.000,0.005,0.047,0.016
outcrop,0.000,0.003,1.000,0.005,0.047,0.016
cub,0.000,0.003,1.000,0.005,0.047,0.016
dormant,0.000,0.003,1.000,0.005,0.047,0.016
regrown,0.000,0.003,1.000,0.005,0.047,0.016
regrowing,0.000,0.003,1.000,0.005,0.047,0.016
ultrasound,0.000,0.003,1.000,0.005,0.047,0.016
restrain,0.000,0.003,1.000,0.005,0.047,0.016
swearing,0.000,0.003,1.000,0.005,0.047,0.016
deviating,0.000,0.003,1.000,0.005,0.047,0.016
subsumed,0.000,0.003,1.000,0.005,0.047,0.016
deviate,0.000,0.003,1.000,0.005,0.047,0.016
opanayiko,0.000,0.003,1.000,0.005,0.047,0.016
regurgitated,0.000,0.003,1.000,0.005,0.047,0.016
self-absorbed,0.000,0.003,1.000,0.005,0.047,0.016
prompting,0.000,0.005,1.000,0.011,0.024,0.016
pioneer,0.000,0.003,1.000,0.005,0.047,0.016
insightful,0.000,0.003,1.000,0.005,0.047,0.016
well-balanced,0.000,0.003,1.000,0.005,0.047,0.016
street-smart,0.000,0.003,1.000,0.005,0.047,0.016
40-year,0.000,0.003,1.000,0.005,0.047,0.016
pane,0.000,0.003,1.000,0.005,0.047,0.016
iii,0.000,0.003,1.000,0.005,0.047,0.016
deck,0.000,0.003,1.000,0.005,0.047,0.016
titanic,0.000,0.003,1.000,0.005,0.047,0.016
quaker,0.000,0.003,1.000,0.005,0.047,0.016
accepts,0.000,0.008,1.000,0.016,0.016,0.016
predispose,0.000,0.003,1.000,0.005,0.047,0.016
reaction-response,0.000,0.003,1.000,0.005,0.047,0.016
reapplication,0.000,0.003,1.000,0.005,0.047,0.016
reapply,0.000,0.003,1.000,0.005,0.047,0.016
predominates,0.000,0.003,1.000,0.005,0.047,0.016
gopher,0.000,0.003,1.000,0.005,0.047,0.016
upacara,0.000,0.003,1.000,0.005,0.047,0.016
cara,0.000,0.003,1.000,0.005,0.047,0.016
envelops,0.000,0.003,1.000,0.005,0.047,0.016
unwavering,0.000,0.003,1.000,0.005,0.047,0.016
through-line,0.000,0.005,1.000,0.011,0.023,0.016
template,0.000,0.005,1.000,0.011,0.023,0.016
asuba,0.000,0.003,1.000,0.005,0.047,0.016
unmetabolized,0.000,0.003,1.000,0.005,0.047,0.016
ida,0.000,0.003,1.000,0.005,0.047,0.016
paccayata,0.000,0.003,1.000,0.005,0.047,0.016
this-that,0.000,0.003,1.000,0.005,0.047,0.016
acknowledgement,0.000,0.003,1.000,0.005,0.047,0.016
concurrent,0.000,0.003,1.000,0.005,0.047,0.016
fractal,0.000,0.003,1.000,0.005,0.047,0.016
mandelbrot,0.000,0.003,1.000,0.005,0.047,0.016
macrocosm,0.000,0.003,1.000,0.005,0.047,0.016
berating,0.000,0.003,1.000,0.005,0.047,0.016
petavatthu,0.000,0.003,1.000,0.005,0.047,0.016
supramundane,0.000,0.003,1.000,0.005,0.047,0.016
jayasaro,0.000,0.003,1.000,0.005,0.047,0.016
tucker,0.000,0.003,1.000,0.005,0.047,0.016
virginia,0.000,0.003,1.000,0.005,0.047,0.016
verifying,0.000,0.003,1.000,0.005,0.047,0.016
gati,0.000,0.003,1.000,0.005,0.047,0.016
mahadukkhakkhandha,0.000,0.003,1.000,0.005,0.047,0.016
charcoal,0.000,0.003,1.000,0.005,0.047,0.016
cesspit,0.000,0.003,1.000,0.005,0.047,0.016
scanty,0.000,0.003,1.000,0.005,0.047,0.016
dappled,0.000,0.003,1.000,0.005,0.047,0.016
jetsunma,0.000,0.003,1.000,0.005,0.047,0.016
tenzin,0.000,0.003,1.000,0.005,0.047,0.016
palmo,0.000,0.003,1.000,0.005,0.047,0.016
basement,0.000,0.003,1.000,0.005,0.047,0.016
penthouse,0.000,0.003,1.000,0.005,0.047,0.016
partying,0.000,0.003,1.000,0.005,0.047,0.016
z-axis,0.000,0.003,1.000,0.005,0.047,0.016
oasis,0.000,0.003,1.000,0.005,0.047,0.016
depict,0.000,0.003,1.000,0.005,0.047,0.016
discernible,0.000,0.003,1.000,0.005,0.047,0.016
psychedelically,0.000,0.003,1.000,0.005,0.047,0.016
crescendo,0.000,0.003,1.000,0.005,0.047,0.016
petas,0.000,0.003,1.000,0.005,0.047,0.016
pinhole,0.000,0.003,1.000,0.005,0.047,0.016
dedicates,0.000,0.003,1.000,0.005,0.047,0.016
lateral,0.000,0.003,1.000,0.005,0.047,0.016
bbc,0.000,0.003,1.000,0.005,0.047,0.016
on-ramp,0.000,0.003,1.000,0.005,0.047,0.016
regains,0.000,0.003,1.000,0.005,0.047,0.016
hm,0.000,0.005,1.000,0.011,0.023,0.016
rick,0.000,0.005,1.000,0.011,0.023,0.016
instantly,0.000,0.005,1.000,0.011,0.023,0.016
pagoda,0.000,0.003,1.000,0.005,0.047,0.016
intends,0.000,0.003,1.000,0.005,0.047,0.016
skirt,0.000,0.003,1.000,0.005,0.047,0.016
achievement,0.000,0.003,1.000,0.005,0.047,0.016
digested,0.000,0.003,1.000,0.005,0.047,0.016
theo,0.000,0.003,1.000,0.005,0.047,0.016
celeration,0.000,0.003,1.000,0.005,0.047,0.016
anthem,0.000,0.003,1.000,0.005,0.047,0.016
stately,0.000,0.003,1.000,0.005,0.047,0.016
self-flagellation,0.000,0.003,1.000,0.005,0.047,0.016
self-denial,0.000,0.003,1.000,0.005,0.047,0.016
fanning,0.000,0.003,1.000,0.005,0.047,0.016
surfacy,0.000,0.003,1.000,0.005,0.047,0.016
bathe,0.000,0.003,1.000,0.005,0.047,0.016
pertain,0.000,0.003,1.000,0.005,0.047,0.016
advertised,0.000,0.003,1.000,0.005,0.047,0.016
pericope,0.000,0.003,1.000,0.005,0.047,0.016
dhammam,0.000,0.003,1.000,0.005,0.047,0.016
concise,0.000,0.003,1.000,0.005,0.047,0.016
speculating,0.000,0.003,1.000,0.005,0.047,0.016
shortened,0.000,0.003,1.000,0.005,0.047,0.016
chides,0.000,0.003,1.000,0.005,0.047,0.016
pith,0.000,0.003,1.000,0.005,0.047,0.016
zapping,0.000,0.003,1.000,0.005,0.047,0.016
advocate,0.000,0.003,1.000,0.005,0.047,0.016
sloping,0.000,0.003,1.000,0.005,0.047,0.016
non-delighting,0.000,0.003,1.000,0.005,0.047,0.016
non-delight,0.000,0.003,1.000,0.005,0.047,0.016
controllability,0.000,0.003,1.000,0.005,0.047,0.016
vexed,0.000,0.003,1.000,0.005,0.047,0.016
exhortation,0.000,0.003,1.000,0.005,0.047,0.016
execute,0.000,0.003,1.000,0.005,0.047,0.016
malunkyaputta's,0.000,0.003,1.000,0.005,0.047,0.016
muddled,0.000,0.003,1.000,0.005,0.047,0.016
ruminate,0.000,0.003,1.000,0.005,0.047,0.016
layperson's,0.000,0.003,1.000,0.005,0.047,0.016
religiously,0.000,0.005,1.000,0.011,0.023,0.016
scientifically,0.000,0.005,1.000,0.011,0.023,0.016
waited,0.000,0.005,1.000,0.011,0.023,0.016
gotta,0.000,0.005,1.000,0.011,0.023,0.016
starvation,0.000,0.005,1.000,0.011,0.023,0.016
thing,0.009,0.965,0.991,0.071,0.004,0.016
instinctive,0.000,0.005,1.000,0.011,0.023,0.016
immune,0.000,0.005,1.000,0.011,0.023,0.016
woundedness,0.000,0.005,1.000,0.011,0.023,0.016
longs,0.000,0.005,1.000,0.011,0.023,0.016
legit,0.000,0.003,1.000,0.005,0.045,0.016
bounced,0.000,0.003,1.000,0.005,0.045,0.016
lecturing,0.000,0.003,1.000,0.005,0.045,0.016
unreality,0.000,0.003,1.000,0.005,0.045,0.016
malignant,0.000,0.003,1.000,0.005,0.045,0.016
catapult,0.000,0.003,1.000,0.005,0.045,0.016
out-of-hand,0.000,0.003,1.000,0.005,0.045,0.016
incapacity,0.000,0.003,1.000,0.005,0.045,0.016
news-lite,0.000,0.003,1.000,0.005,0.045,0.016
people-pleaser,0.000,0.003,1.000,0.005,0.045,0.016
birthday's,0.000,0.003,1.000,0.005,0.045,0.016
florida,0.000,0.003,1.000,0.005,0.045,0.016
jury's,0.000,0.003,1.000,0.005,0.045,0.016
egotism,0.000,0.003,1.000,0.005,0.045,0.016
overhead,0.000,0.003,1.000,0.005,0.045,0.016
academia,0.000,0.003,1.000,0.005,0.045,0.016
ajiva,0.000,0.003,1.000,0.005,0.045,0.016
five-point,0.000,0.003,1.000,0.005,0.045,0.016
cheesemonger,0.000,0.003,1.000,0.005,0.045,0.016
revising,0.000,0.003,1.000,0.005,0.045,0.016
unprocessed,0.000,0.003,1.000,0.005,0.045,0.016
unproductive,0.000,0.003,1.000,0.005,0.045,0.016
graf,0.000,0.003,1.000,0.005,0.045,0.016
for-profit,0.000,0.003,1.000,0.005,0.045,0.016
high-end,0.000,0.003,1.000,0.005,0.045,0.016
butcher,0.000,0.003,1.000,0.005,0.045,0.016
outage,0.000,0.003,1.000,0.005,0.045,0.016
competition,0.000,0.003,1.000,0.005,0.045,0.016
mortifying,0.000,0.003,1.000,0.005,0.045,0.016
humiliating,0.000,0.003,1.000,0.005,0.045,0.016
mortify,0.000,0.003,1.000,0.005,0.045,0.016
jailer,0.000,0.003,1.000,0.005,0.045,0.016
flattery,0.000,0.003,1.000,0.005,0.045,0.016
hinting,0.000,0.003,1.000,0.005,0.045,0.016
belittling,0.000,0.003,1.000,0.005,0.045,0.016
disingenuous,0.000,0.003,1.000,0.005,0.045,0.016
archery,0.000,0.003,1.000,0.005,0.045,0.016
fester,0.000,0.003,1.000,0.005,0.045,0.016
anavakula,0.000,0.003,1.000,0.005,0.045,0.016
ca,0.000,0.003,1.000,0.005,0.045,0.016
kammanta,0.000,0.003,1.000,0.005,0.045,0.016
sujato's,0.000,0.003,1.000,0.005,0.045,0.016
narada,0.000,0.003,1.000,0.005,0.045,0.016
thera's,0.000,0.003,1.000,0.005,0.045,0.016
imposter,0.000,0.003,1.000,0.005,0.045,0.016
syndrome,0.000,0.003,1.000,0.005,0.045,0.016
yearly,0.000,0.003,1.000,0.005,0.045,0.016
boo-boo,0.000,0.003,1.000,0.005,0.045,0.016
kammaramata,0.000,0.003,1.000,0.005,0.045,0.016
covetous,0.000,0.003,1.000,0.005,0.045,0.016
medicant,0.000,0.003,1.000,0.005,0.045,0.016
sketch,0.000,0.005,1.000,0.011,0.023,0.016
daunting,0.000,0.005,1.000,0.011,0.023,0.016
unwisely,0.000,0.005,1.000,0.011,0.023,0.016
dragging,0.000,0.005,1.000,0.011,0.023,0.016
holiness,0.000,0.005,1.000,0.011,0.022,0.016
informing,0.000,0.005,1.000,0.011,0.022,0.016
a's,0.000,0.005,1.000,0.011,0.022,0.016
francis,0.000,0.005,1.000,0.011,0.022,0.016
pavarika's,0.000,0.003,1.000,0.005,0.045,0.016
unbeliever,0.000,0.003,1.000,0.005,0.045,0.016
gandharan,0.000,0.003,1.000,0.005,0.045,0.016
manika,0.000,0.003,1.000,0.005,0.045,0.016
tathagata's,0.000,0.003,1.000,0.005,0.045,0.016
flake,0.000,0.003,1.000,0.005,0.045,0.016
land-finding,0.000,0.003,1.000,0.005,0.045,0.016
liberal,0.000,0.003,1.000,0.005,0.045,0.016
insightworldaid,0.000,0.003,1.000,0.005,0.045,0.016
rahm,0.000,0.003,1.000,0.005,0.045,0.016
coordinator,0.000,0.003,1.000,0.005,0.045,0.016
broach,0.000,0.003,1.000,0.005,0.045,0.016
dissipating,0.000,0.003,1.000,0.005,0.045,0.016
nuisance,0.000,0.003,1.000,0.005,0.045,0.016
birkenstocks,0.000,0.003,1.000,0.005,0.045,0.016
not-soul,0.000,0.003,1.000,0.005,0.045,0.016
phenomenologist,0.000,0.003,1.000,0.005,0.045,0.016
stats,0.000,0.003,1.000,0.005,0.045,0.016
inhibited,0.000,0.003,1.000,0.005,0.045,0.016
insomniac,0.000,0.003,1.000,0.005,0.045,0.016
not-sleeping,0.000,0.003,1.000,0.005,0.045,0.016
cured,0.000,0.003,1.000,0.005,0.045,0.016
wept,0.000,0.005,1.000,0.011,0.022,0.016
sinhala,0.000,0.003,1.000,0.005,0.044,0.016
katahaka,0.000,0.003,1.000,0.005,0.044,0.016
1880-something,0.000,0.003,1.000,0.005,0.044,0.016
villain,0.000,0.003,1.000,0.005,0.044,0.016
punch,0.000,0.003,1.000,0.005,0.044,0.016
yam,0.000,0.003,1.000,0.005,0.044,0.016
brahmano,0.000,0.003,1.000,0.005,0.044,0.016
jatakam,0.000,0.003,1.000,0.005,0.044,0.016
forbore,0.000,0.003,1.000,0.005,0.044,0.016
duta,0.000,0.003,1.000,0.005,0.044,0.016
infancy,0.000,0.003,1.000,0.005,0.044,0.016
encapsulating,0.000,0.003,1.000,0.005,0.044,0.016
mnemonic,0.000,0.003,1.000,0.005,0.044,0.016
confederate,0.000,0.003,1.000,0.005,0.044,0.016
hid,0.000,0.003,1.000,0.005,0.044,0.016
thine,0.000,0.003,1.000,0.005,0.044,0.016
falsehood,0.000,0.003,1.000,0.005,0.044,0.016
aseveration,0.000,0.003,1.000,0.005,0.044,0.016
dawdling,0.000,0.003,1.000,0.005,0.044,0.016
ostriched,0.000,0.003,1.000,0.005,0.044,0.016
off-balance,0.000,0.003,1.000,0.005,0.044,0.016
probing,0.000,0.003,1.000,0.005,0.044,0.016
deluge,0.000,0.003,1.000,0.005,0.044,0.016
patterned,0.000,0.003,1.000,0.005,0.044,0.016
unchanged,0.000,0.003,1.000,0.005,0.044,0.016
faltering,0.000,0.003,1.000,0.005,0.044,0.016
delineation,0.000,0.003,1.000,0.005,0.044,0.016
well-ingrained,0.000,0.003,1.000,0.005,0.044,0.016
retrospectively,0.000,0.003,1.000,0.005,0.044,0.016
instructor,0.000,0.003,1.000,0.005,0.044,0.016
skied,0.000,0.003,1.000,0.005,0.044,0.016
stewing,0.000,0.003,1.000,0.005,0.044,0.016
scribbled,0.000,0.003,1.000,0.005,0.044,0.016
islam,0.000,0.003,1.000,0.005,0.044,0.016
tranquilizer,0.000,0.003,1.000,0.005,0.044,0.016
thievery,0.000,0.003,1.000,0.005,0.044,0.016
neighborly,0.000,0.003,1.000,0.005,0.044,0.016
lemonade,0.000,0.003,1.000,0.005,0.044,0.016
mannerism,0.000,0.003,1.000,0.005,0.044,0.016
profundity,0.000,0.003,1.000,0.005,0.044,0.016
surface-sensing,0.000,0.003,1.000,0.005,0.044,0.016
cross-purpose,0.000,0.003,1.000,0.005,0.044,0.016
hollywood,0.000,0.003,1.000,0.005,0.044,0.016
ketchup,0.000,0.003,1.000,0.005,0.044,0.016
pushover,0.000,0.003,1.000,0.005,0.044,0.016
enriching,0.000,0.003,1.000,0.005,0.044,0.016
synopsis,0.000,0.003,1.000,0.005,0.044,0.016
deathbed,0.000,0.005,1.000,0.011,0.022,0.016
attha,0.000,0.005,1.000,0.011,0.022,0.015
unrelatable,0.000,0.003,1.000,0.005,0.044,0.015
exasperating,0.000,0.003,1.000,0.005,0.044,0.015
nyanatiloka's,0.000,0.003,1.000,0.005,0.044,0.015
mid-90s,0.000,0.003,1.000,0.005,0.044,0.015
enmesh,0.000,0.003,1.000,0.005,0.044,0.015
plonk,0.000,0.003,1.000,0.005,0.044,0.015
bhikkhuni,0.000,0.003,1.000,0.005,0.044,0.015
fudge,0.000,0.003,1.000,0.005,0.044,0.015
sundae,0.000,0.003,1.000,0.005,0.044,0.015
recount,0.000,0.003,1.000,0.005,0.044,0.015
nigrodha's,0.000,0.003,1.000,0.005,0.044,0.015
wagged,0.000,0.003,1.000,0.005,0.044,0.015
stick-in-hand,0.000,0.003,1.000,0.005,0.044,0.015
sided,0.000,0.003,1.000,0.005,0.044,0.015
schism,0.000,0.003,1.000,0.005,0.044,0.015
impolite,0.000,0.003,1.000,0.005,0.044,0.015
teaching's,0.000,0.003,1.000,0.005,0.044,0.015
khandhas,0.000,0.003,1.000,0.005,0.044,0.015
nanusenti,0.000,0.003,1.000,0.005,0.044,0.015
furrow,0.000,0.003,1.000,0.005,0.044,0.015
malice,0.000,0.003,1.000,0.005,0.044,0.015
purisa,0.000,0.003,1.000,0.005,0.044,0.015
eradicating,0.000,0.003,1.000,0.005,0.044,0.015
mind-objects,0.000,0.003,1.000,0.005,0.044,0.015
besetting,0.000,0.003,1.000,0.005,0.044,0.015
254-255,0.000,0.003,1.000,0.005,0.044,0.015
nippapanca,0.000,0.003,1.000,0.005,0.044,0.015
non-proliferation,0.000,0.003,1.000,0.005,0.044,0.015
sakka's,0.000,0.003,1.000,0.005,0.044,0.015
prejudiced,0.000,0.003,1.000,0.005,0.044,0.015
proclivity,0.000,0.005,1.000,0.011,0.022,0.015
slob,0.000,0.005,1.000,0.011,0.022,0.015
eliminating,0.000,0.003,1.000,0.005,0.044,0.015
unbeneficial,0.000,0.003,1.000,0.005,0.044,0.015
gunaratna,0.000,0.003,1.000,0.005,0.044,0.015
overabundance,0.000,0.003,1.000,0.005,0.044,0.015
fortran,0.000,0.003,1.000,0.005,0.044,0.015
termination,0.000,0.003,1.000,0.005,0.044,0.015
terminated,0.000,0.003,1.000,0.005,0.044,0.015
aghast,0.000,0.003,1.000,0.005,0.044,0.015
plumbing,0.000,0.003,1.000,0.005,0.044,0.015
obsess,0.000,0.003,1.000,0.005,0.044,0.015
five-element,0.000,0.003,1.000,0.005,0.044,0.015
blankety-blank,0.000,0.003,1.000,0.005,0.044,0.015
concourse,0.000,0.003,1.000,0.005,0.044,0.015
stent,0.000,0.003,1.000,0.005,0.044,0.015
erratic,0.000,0.003,1.000,0.005,0.044,0.015
take-home,0.000,0.003,1.000,0.005,0.044,0.015
unison,0.000,0.003,1.000,0.005,0.044,0.015
chernobyl,0.000,0.003,1.000,0.005,0.044,0.015
elixir,0.000,0.003,1.000,0.005,0.044,0.015
compounded,0.000,0.003,1.000,0.005,0.044,0.015
clan,0.000,0.003,1.000,0.005,0.044,0.015
flail,0.000,0.003,1.000,0.005,0.044,0.015
nonreactive,0.000,0.003,1.000,0.005,0.044,0.015
overeager,0.000,0.003,1.000,0.005,0.044,0.015
self-tension,0.000,0.003,1.000,0.005,0.044,0.015
self-pressure,0.000,0.003,1.000,0.005,0.044,0.015
self-agitation,0.000,0.003,1.000,0.005,0.044,0.015
inquisitiveness,0.000,0.003,1.000,0.005,0.044,0.015
harvesting,0.000,0.003,1.000,0.005,0.044,0.015
reoccurring,0.000,0.003,1.000,0.005,0.044,0.015
inappropriately,0.000,0.003,1.000,0.005,0.044,0.015
disarm,0.000,0.003,1.000,0.005,0.044,0.015
ibuprofen,0.000,0.003,1.000,0.005,0.044,0.015
issuing,0.000,0.003,1.000,0.005,0.044,0.015
donating,0.000,0.003,1.000,0.005,0.044,0.015
fee,0.000,0.003,1.000,0.005,0.044,0.015
reinvigorate,0.000,0.003,1.000,0.005,0.044,0.015
resourcing,0.000,0.003,1.000,0.005,0.044,0.015
numbed-out,0.000,0.003,1.000,0.005,0.044,0.015
obstruct,0.000,0.003,1.000,0.005,0.044,0.015
predisposed,0.000,0.003,1.000,0.005,0.044,0.015
ramana,0.000,0.003,1.000,0.005,0.044,0.015
maharshi,0.000,0.003,1.000,0.005,0.044,0.015
weeded,0.000,0.003,1.000,0.005,0.044,0.015
sentimentality,0.000,0.003,1.000,0.005,0.044,0.015
optimistic,0.000,0.003,1.000,0.005,0.044,0.015
kindfulness,0.000,0.003,1.000,0.005,0.044,0.015
heartfulness,0.000,0.003,1.000,0.005,0.044,0.015
unlovely,0.000,0.003,1.000,0.005,0.044,0.015
descending,0.000,0.003,1.000,0.005,0.044,0.015
well-wisher,0.000,0.003,1.000,0.005,0.044,0.015
unfeasibly,0.000,0.003,1.000,0.005,0.044,0.015
well-nourished,0.000,0.003,1.000,0.005,0.044,0.015
benefactor's,0.000,0.003,1.000,0.005,0.044,0.015
medium-sized,0.000,0.003,1.000,0.005,0.044,0.015
kaylin,0.000,0.003,1.000,0.005,0.044,0.015
haught,0.000,0.003,1.000,0.005,0.044,0.015
sweetcakes,0.000,0.003,1.000,0.005,0.044,0.015
enliven,0.000,0.003,1.000,0.005,0.044,0.015
vividness,0.000,0.003,1.000,0.005,0.044,0.015
chatty,0.000,0.003,1.000,0.005,0.044,0.015
scaffolding,0.000,0.003,1.000,0.005,0.044,0.015
outhouse,0.000,0.003,1.000,0.005,0.044,0.015
accused,0.000,0.003,1.000,0.005,0.044,0.015
faction,0.000,0.003,1.000,0.005,0.044,0.015
voted,0.000,0.003,1.000,0.005,0.044,0.015
starve,0.000,0.003,1.000,0.005,0.044,0.015
parents-in-law,0.000,0.003,1.000,0.005,0.044,0.015
germany,0.000,0.003,1.000,0.005,0.044,0.015
father-in-law,0.000,0.003,1.000,0.005,0.044,0.015
armenian,0.000,0.003,1.000,0.005,0.044,0.015
genocide,0.000,0.003,1.000,0.005,0.044,0.015
1910s,0.000,0.003,1.000,0.005,0.044,0.015
amiability,0.000,0.003,1.000,0.005,0.044,0.015
when's,0.000,0.003,1.000,0.005,0.044,0.015
unmottled,0.000,0.003,1.000,0.005,0.044,0.015
commended,0.000,0.003,1.000,0.005,0.044,0.015
litmus,0.000,0.003,1.000,0.005,0.044,0.015
obsessiveness,0.000,0.003,1.000,0.005,0.044,0.015
harm-making,0.000,0.003,1.000,0.005,0.044,0.015
courtesy,0.000,0.003,1.000,0.005,0.044,0.015
massager,0.000,0.003,1.000,0.005,0.044,0.015
falconer's,0.000,0.003,1.000,0.005,0.044,0.015
hardwired,0.000,0.003,1.000,0.005,0.044,0.015
beef,0.000,0.003,1.000,0.005,0.044,0.015
barbecue,0.000,0.003,1.000,0.005,0.044,0.015
gravy,0.000,0.003,1.000,0.005,0.044,0.015
spud,0.000,0.003,1.000,0.005,0.044,0.015
dried,0.000,0.003,1.000,0.005,0.044,0.015
cranberry,0.000,0.003,1.000,0.005,0.044,0.015
taste-smell,0.000,0.003,1.000,0.005,0.044,0.015
ceanothus,0.000,0.003,1.000,0.005,0.044,0.015
marcel,0.000,0.003,1.000,0.005,0.044,0.015
proust,0.000,0.003,1.000,0.005,0.044,0.015
madeleine,0.000,0.003,1.000,0.005,0.044,0.015
usefulness,0.000,0.003,1.000,0.005,0.044,0.015
splitting,0.000,0.003,1.000,0.005,0.044,0.015
dissecting,0.000,0.003,1.000,0.005,0.044,0.015
misconstrued,0.000,0.003,1.000,0.005,0.044,0.015
georgia,0.000,0.003,1.000,0.005,0.044,0.015
o'keeffe,0.000,0.003,1.000,0.005,0.044,0.015
leah,0.000,0.003,1.000,0.005,0.044,0.015
purpura,0.000,0.003,1.000,0.005,0.044,0.015
apprehending,0.000,0.003,1.000,0.005,0.044,0.015
interrelationship,0.000,0.003,1.000,0.005,0.044,0.015
restoring,0.000,0.003,1.000,0.005,0.044,0.015
jonah,0.000,0.003,1.000,0.005,0.044,0.015
lehrer,0.000,0.003,1.000,0.005,0.044,0.015
henri,0.000,0.003,1.000,0.005,0.044,0.015
bergson,0.000,0.003,1.000,0.005,0.044,0.015
tricycle,0.000,0.003,1.000,0.005,0.044,0.015
synthesized,0.000,0.003,1.000,0.005,0.044,0.015
constraint,0.000,0.003,1.000,0.005,0.044,0.015
recreate,0.000,0.003,1.000,0.005,0.044,0.015
transubstantiation,0.000,0.003,1.000,0.005,0.044,0.015
tinge,0.000,0.003,1.000,0.005,0.044,0.015
haunting,0.000,0.003,1.000,0.005,0.044,0.015
composting,0.000,0.003,1.000,0.005,0.044,0.015
transmutes,0.000,0.003,1.000,0.005,0.044,0.015
blocker,0.000,0.003,1.000,0.005,0.044,0.015
shamed,0.000,0.003,1.000,0.005,0.044,0.015
offset,0.000,0.005,1.000,0.011,0.022,0.015
synchronize,0.000,0.003,1.000,0.005,0.043,0.015
powering,0.000,0.003,1.000,0.005,0.043,0.015
cloudiness,0.000,0.003,1.000,0.005,0.043,0.015
off-kilter,0.000,0.003,1.000,0.005,0.043,0.015
auspicious,0.000,0.003,1.000,0.005,0.043,0.015
terrence,0.000,0.003,1.000,0.005,0.043,0.015
jog,0.000,0.003,1.000,0.005,0.043,0.015
unsurprising,0.000,0.003,1.000,0.005,0.043,0.015
adoration,0.000,0.003,1.000,0.005,0.043,0.015
cockatiel,0.000,0.003,1.000,0.005,0.043,0.015
adorable,0.000,0.003,1.000,0.005,0.043,0.015
amy's,0.000,0.003,1.000,0.005,0.043,0.015
licking,0.000,0.003,1.000,0.005,0.043,0.015
head's,0.000,0.003,1.000,0.005,0.043,0.015
wildest,0.000,0.003,1.000,0.005,0.043,0.015
poofed,0.000,0.003,1.000,0.005,0.043,0.015
piffle,0.000,0.003,1.000,0.005,0.043,0.015
leapfrog,0.000,0.003,1.000,0.005,0.043,0.015
thirdly,0.000,0.003,1.000,0.005,0.043,0.015
directive,0.000,0.003,1.000,0.005,0.043,0.015
psycho-emotional,0.000,0.003,1.000,0.005,0.043,0.015
tulku,0.000,0.003,1.000,0.005,0.043,0.015
nepal,0.000,0.003,1.000,0.005,0.043,0.015
transcending,0.000,0.003,1.000,0.005,0.043,0.015
scour,0.000,0.003,1.000,0.005,0.043,0.015
scoop,0.000,0.005,1.000,0.011,0.022,0.015
fails,0.000,0.005,1.000,0.011,0.022,0.015
emoji,0.000,0.005,1.000,0.011,0.022,0.015
racial,0.000,0.005,1.000,0.011,0.022,0.015
enclave,0.000,0.003,1.000,0.005,0.043,0.015
humanistic,0.000,0.003,1.000,0.005,0.043,0.015
detrimental,0.000,0.003,1.000,0.005,0.043,0.015
blaster-away,0.000,0.003,1.000,0.005,0.043,0.015
over-prioritizing,0.000,0.003,1.000,0.005,0.043,0.015
unfragmented,0.000,0.003,1.000,0.005,0.043,0.015
synthesize,0.000,0.003,1.000,0.005,0.043,0.015
whololeness,0.000,0.003,1.000,0.005,0.043,0.015
delusional,0.000,0.005,1.000,0.011,0.022,0.015
filtered,0.000,0.005,1.000,0.011,0.022,0.015
ceramic,0.000,0.003,1.000,0.005,0.043,0.015
oriental,0.000,0.003,1.000,0.005,0.043,0.015
glaze,0.000,0.003,1.000,0.005,0.043,0.015
pyramid-like,0.000,0.003,1.000,0.005,0.043,0.015
artist's,0.000,0.003,1.000,0.005,0.043,0.015
kina,0.000,0.003,1.000,0.005,0.043,0.015
yang,0.000,0.003,1.000,0.005,0.043,0.015
hobbyist,0.000,0.003,1.000,0.005,0.043,0.015
ceramicist,0.000,0.003,1.000,0.005,0.043,0.015
discarded,0.000,0.003,1.000,0.005,0.043,0.015
nice-looking,0.000,0.003,1.000,0.005,0.043,0.015
alan,0.000,0.003,1.000,0.005,0.043,0.015
watt,0.000,0.003,1.000,0.005,0.043,0.015
payoff,0.000,0.003,1.000,0.005,0.043,0.015
geared,0.000,0.003,1.000,0.005,0.043,0.015
istanbul,0.000,0.003,1.000,0.005,0.043,0.015
low-windowed,0.000,0.003,1.000,0.005,0.043,0.015
slat-shingled,0.000,0.003,1.000,0.005,0.043,0.015
rivet,0.000,0.003,1.000,0.005,0.043,0.015
ruby,0.000,0.003,1.000,0.005,0.043,0.015
triangulation,0.000,0.003,1.000,0.005,0.043,0.015
quantify,0.000,0.003,1.000,0.005,0.043,0.015
knowledgeable,0.000,0.003,1.000,0.005,0.043,0.015
misread,0.000,0.003,1.000,0.005,0.043,0.015
ambiguous,0.000,0.003,1.000,0.005,0.043,0.015
forfeited,0.000,0.003,1.000,0.005,0.043,0.015
domineering,0.000,0.003,1.000,0.005,0.043,0.015
contextualize,0.000,0.003,1.000,0.005,0.043,0.015
sly,0.000,0.003,1.000,0.005,0.043,0.015
overshare,0.000,0.003,1.000,0.005,0.043,0.015
stoked,0.000,0.005,1.000,0.011,0.022,0.015
ala,0.000,0.005,1.000,0.011,0.022,0.015
interior,0.000,0.005,1.000,0.011,0.022,0.015
incarnation,0.000,0.005,1.000,0.011,0.022,0.015
gobbledygook,0.000,0.003,1.000,0.005,0.043,0.015
mara-vijaya,0.000,0.003,1.000,0.005,0.043,0.015
semester-long,0.000,0.003,1.000,0.005,0.043,0.015
neranjara,0.000,0.003,1.000,0.005,0.043,0.015
confronts,0.000,0.003,1.000,0.005,0.043,0.015
ensues,0.000,0.003,1.000,0.005,0.043,0.015
powerpoint,0.000,0.003,1.000,0.005,0.043,0.015
factually,0.000,0.003,1.000,0.005,0.043,0.015
tempt,0.000,0.003,1.000,0.005,0.043,0.015
disguised,0.000,0.003,1.000,0.005,0.043,0.015
dissuade,0.000,0.003,1.000,0.005,0.043,0.015
frighten,0.000,0.003,1.000,0.005,0.043,0.015
stomp,0.000,0.003,1.000,0.005,0.043,0.015
annotation,0.000,0.003,1.000,0.005,0.043,0.015
suta,0.000,0.003,1.000,0.005,0.043,0.015
niranjara,0.000,0.003,1.000,0.005,0.043,0.015
strenuously,0.000,0.003,1.000,0.005,0.043,0.015
verge,0.000,0.003,1.000,0.005,0.043,0.015
fraction,0.000,0.003,1.000,0.005,0.043,0.015
devote,0.000,0.003,1.000,0.005,0.043,0.015
systematized,0.000,0.003,1.000,0.005,0.043,0.015
codified,0.000,0.003,1.000,0.005,0.043,0.015
tenth,0.000,0.003,1.000,0.005,0.043,0.015
extols,0.000,0.003,1.000,0.005,0.043,0.015
squadron,0.000,0.003,1.000,0.005,0.043,0.015
weakling,0.000,0.003,1.000,0.005,0.043,0.015
re-emphasizes,0.000,0.003,1.000,0.005,0.043,0.015
wretched,0.000,0.003,1.000,0.005,0.043,0.015
engulfed,0.000,0.003,1.000,0.005,0.043,0.015
bannered,0.000,0.003,1.000,0.005,0.043,0.015
dislodge,0.000,0.003,1.000,0.005,0.043,0.015
unambiguous,0.000,0.003,1.000,0.005,0.043,0.015
heedful,0.000,0.003,1.000,0.005,0.043,0.015
purview,0.000,0.003,1.000,0.005,0.043,0.015
trailing,0.000,0.003,1.000,0.005,0.043,0.015
circled,0.000,0.003,1.000,0.005,0.043,0.015
fat,0.000,0.003,1.000,0.005,0.043,0.015
stricken,0.000,0.003,1.000,0.005,0.043,0.015
armpit,0.000,0.003,1.000,0.005,0.043,0.015
thereupon,0.000,0.003,1.000,0.005,0.043,0.015
sullen,0.000,0.003,1.000,0.005,0.043,0.015
sung,0.000,0.003,1.000,0.005,0.043,0.015
papima,0.000,0.003,1.000,0.005,0.043,0.015
wicked,0.000,0.003,1.000,0.005,0.043,0.015
shroud,0.000,0.003,1.000,0.005,0.043,0.015
goblin,0.000,0.003,1.000,0.005,0.043,0.015
troll,0.000,0.003,1.000,0.005,0.043,0.015
conquering,0.000,0.003,1.000,0.005,0.043,0.015
resonant,0.000,0.003,1.000,0.005,0.043,0.015
disarray,0.000,0.003,1.000,0.005,0.043,0.015
practice,0.006,0.962,0.994,0.076,0.003,0.015
tossed,0.000,0.005,1.000,0.011,0.021,0.015
exclamation,0.000,0.003,1.000,0.005,0.043,0.015
seizing,0.000,0.003,1.000,0.005,0.043,0.015
draught,0.000,0.003,1.000,0.005,0.043,0.015
proffering,0.000,0.003,1.000,0.005,0.043,0.015
incubating,0.000,0.003,1.000,0.005,0.043,0.015
midwife,0.000,0.003,1.000,0.005,0.043,0.015
ramayana,0.000,0.003,1.000,0.005,0.043,0.015
faintly,0.000,0.003,1.000,0.005,0.043,0.015
museum,0.000,0.003,1.000,0.005,0.043,0.015
half-asleep,0.000,0.003,1.000,0.005,0.043,0.015
pop-psychology,0.000,0.003,1.000,0.005,0.043,0.015
whitman's,0.000,0.003,1.000,0.005,0.043,0.015
escalate,0.000,0.005,1.000,0.011,0.021,0.015
culminating,0.000,0.005,1.000,0.011,0.021,0.015
fourthly,0.000,0.005,1.000,0.011,0.021,0.015
centrally,0.000,0.005,1.000,0.011,0.021,0.015
well-loved,0.000,0.003,1.000,0.005,0.043,0.015
slim,0.000,0.003,1.000,0.005,0.043,0.015
three-month,0.000,0.003,1.000,0.005,0.043,0.015
apparition,0.000,0.003,1.000,0.005,0.043,0.015
non-canonical,0.000,0.003,1.000,0.005,0.043,0.015
straightish,0.000,0.003,1.000,0.005,0.043,0.015
symmetric,0.000,0.003,1.000,0.005,0.043,0.015
integrative,0.000,0.003,1.000,0.005,0.043,0.015
unintegrated,0.000,0.003,1.000,0.005,0.043,0.015
samma-sati,0.000,0.003,1.000,0.005,0.043,0.015
discount,0.000,0.003,1.000,0.005,0.043,0.015
participant's,0.000,0.003,1.000,0.005,0.043,0.015
longtime,0.000,0.005,1.000,0.011,0.021,0.015
speculative,0.000,0.005,1.000,0.011,0.021,0.015
prohibition,0.000,0.005,1.000,0.011,0.021,0.015
permeating,0.000,0.003,1.000,0.005,0.042,0.015
straightness,0.000,0.003,1.000,0.005,0.042,0.015
circulates,0.000,0.003,1.000,0.005,0.042,0.015
boundlessness,0.000,0.003,1.000,0.005,0.042,0.015
permeation,0.000,0.003,1.000,0.005,0.042,0.015
enrichment,0.000,0.003,1.000,0.005,0.042,0.015
oncoming,0.000,0.003,1.000,0.005,0.042,0.015
lane,0.000,0.003,1.000,0.005,0.042,0.015
finer,0.000,0.003,1.000,0.005,0.042,0.015
transfiguring,0.000,0.003,1.000,0.005,0.042,0.015
ill-will-related,0.000,0.003,1.000,0.005,0.042,0.015
gulch,0.000,0.005,1.000,0.011,0.021,0.015
enobling,0.000,0.003,1.000,0.005,0.042,0.015
tangibly,0.000,0.003,1.000,0.005,0.042,0.015
40-plus-year,0.000,0.003,1.000,0.005,0.042,0.015
documented,0.000,0.003,1.000,0.005,0.042,0.015
creed,0.000,0.003,1.000,0.005,0.042,0.015
articulating,0.000,0.003,1.000,0.005,0.042,0.015
ironic,0.000,0.003,1.000,0.005,0.042,0.015
detail-oriented,0.000,0.003,1.000,0.005,0.042,0.015
real-world,0.000,0.003,1.000,0.005,0.042,0.015
drilled,0.000,0.003,1.000,0.005,0.042,0.015
higher-level,0.000,0.003,1.000,0.005,0.042,0.015
game-changing,0.000,0.003,1.000,0.005,0.042,0.015
tinkling,0.000,0.003,1.000,0.005,0.042,0.015
unconsidered,0.000,0.003,1.000,0.005,0.042,0.015
reconsidered,0.000,0.003,1.000,0.005,0.042,0.015
charlotte's,0.000,0.003,1.000,0.005,0.042,0.015
selection,0.000,0.003,1.000,0.005,0.042,0.015
poorer,0.000,0.003,1.000,0.005,0.042,0.015
camino,0.000,0.003,1.000,0.005,0.042,0.015
heliotropism,0.000,0.003,1.000,0.005,0.042,0.015
imbibe,0.000,0.003,1.000,0.005,0.042,0.015
deflating,0.000,0.003,1.000,0.005,0.042,0.015
monopoly,0.000,0.003,1.000,0.005,0.042,0.015
insource,0.000,0.003,1.000,0.005,0.042,0.015
mediating,0.000,0.003,1.000,0.005,0.042,0.015
inexpensive,0.000,0.003,1.000,0.005,0.042,0.015
mediator,0.000,0.003,1.000,0.005,0.042,0.015
funnest,0.000,0.003,1.000,0.005,0.042,0.015
soviet,0.000,0.003,1.000,0.005,0.042,0.015
anti-religion,0.000,0.003,1.000,0.005,0.042,0.015
upswelling,0.000,0.003,1.000,0.005,0.042,0.015
unhealthily,0.000,0.003,1.000,0.005,0.042,0.015
over-doers,0.000,0.003,1.000,0.005,0.042,0.015
anjali,0.000,0.003,1.000,0.005,0.042,0.015
glaringly,0.000,0.003,1.000,0.005,0.042,0.015
lustful,0.000,0.003,1.000,0.005,0.042,0.015
self-attachment,0.000,0.003,1.000,0.005,0.042,0.015
expressivity,0.000,0.003,1.000,0.005,0.042,0.015
inhibition,0.000,0.003,1.000,0.005,0.042,0.015
de-stressed,0.000,0.003,1.000,0.005,0.042,0.015
birthplace,0.000,0.003,1.000,0.005,0.042,0.015
10-minute,0.000,0.003,1.000,0.005,0.042,0.015
conversing,0.000,0.003,1.000,0.005,0.042,0.015
dreamt,0.000,0.003,1.000,0.005,0.042,0.015
incubates,0.000,0.003,1.000,0.005,0.042,0.015
military-industrial,0.000,0.003,1.000,0.005,0.042,0.015
corrupt,0.000,0.003,1.000,0.005,0.042,0.015
aggadhamma,0.000,0.003,1.000,0.005,0.042,0.015
heated,0.000,0.005,1.000,0.011,0.021,0.015
drinker,0.000,0.005,1.000,0.011,0.021,0.015
instability,0.000,0.005,1.000,0.011,0.021,0.015
kidding,0.000,0.003,1.000,0.005,0.042,0.015
tome,0.000,0.003,1.000,0.005,0.042,0.015
tedious,0.000,0.003,1.000,0.005,0.042,0.015
face-up,0.000,0.003,1.000,0.005,0.042,0.015
discriminating,0.000,0.003,1.000,0.005,0.042,0.015
birch,0.000,0.003,1.000,0.005,0.042,0.015
stripe,0.000,0.003,1.000,0.005,0.042,0.015
beak,0.000,0.003,1.000,0.005,0.042,0.015
puzzle-doing,0.000,0.003,1.000,0.005,0.042,0.015
300-piece,0.000,0.003,1.000,0.005,0.042,0.015
grouping,0.000,0.003,1.000,0.005,0.042,0.015
right-and-wrong,0.000,0.003,1.000,0.005,0.042,0.015
escher,0.000,0.003,1.000,0.005,0.042,0.015
negotiates,0.000,0.003,1.000,0.005,0.042,0.015
purposive,0.000,0.003,1.000,0.005,0.042,0.015
accrued,0.000,0.003,1.000,0.005,0.042,0.015
agrarian,0.000,0.003,1.000,0.005,0.042,0.015
denote,0.000,0.003,1.000,0.005,0.042,0.015
reclaim,0.000,0.003,1.000,0.005,0.042,0.015
humanizes,0.000,0.003,1.000,0.005,0.042,0.015
easy-looking,0.000,0.003,1.000,0.005,0.042,0.015
scramble,0.000,0.003,1.000,0.005,0.042,0.015
littered,0.000,0.003,1.000,0.005,0.042,0.015
affirming,0.000,0.003,1.000,0.005,0.042,0.015
wiggly,0.000,0.003,1.000,0.005,0.042,0.015
relatable,0.000,0.003,1.000,0.005,0.042,0.015
derives,0.000,0.003,1.000,0.005,0.042,0.015
wade,0.000,0.003,1.000,0.005,0.042,0.015
compute,0.000,0.003,1.000,0.005,0.042,0.015
astonishing,0.000,0.005,1.000,0.011,0.021,0.015
dismounted,0.000,0.005,1.000,0.011,0.021,0.015
bullet,0.000,0.005,1.000,0.011,0.021,0.015
plead,0.000,0.005,1.000,0.011,0.021,0.015
paramitas,0.000,0.005,1.000,0.011,0.021,0.015
venue,0.000,0.005,1.000,0.011,0.021,0.015
woodstock,0.000,0.005,1.000,0.011,0.021,0.015
aristotle,0.000,0.005,1.000,0.011,0.021,0.015
reductive,0.000,0.005,1.000,0.011,0.021,0.015
unitarian,0.000,0.003,1.000,0.005,0.041,0.015
sugatis,0.000,0.003,1.000,0.005,0.041,0.015
connote,0.000,0.003,1.000,0.005,0.041,0.015
buddhist-influenced,0.000,0.003,1.000,0.005,0.041,0.015
stand-in,0.000,0.003,1.000,0.005,0.041,0.015
akusala,0.000,0.003,1.000,0.005,0.041,0.015
ordains,0.000,0.003,1.000,0.005,0.041,0.015
angelic,0.000,0.003,1.000,0.005,0.041,0.015
attains,0.000,0.003,1.000,0.005,0.041,0.015
jhana-esque,0.000,0.003,1.000,0.005,0.041,0.015
mind-corrupted,0.000,0.003,1.000,0.005,0.041,0.015
nakula's,0.000,0.003,1.000,0.005,0.041,0.015
well-off,0.000,0.003,1.000,0.005,0.041,0.015
ornament,0.000,0.003,1.000,0.005,0.041,0.015
reappears,0.000,0.003,1.000,0.005,0.041,0.015
brahma's,0.000,0.003,1.000,0.005,0.041,0.015
diagnosed,0.000,0.005,1.000,0.011,0.020,0.015
drier,0.000,0.003,1.000,0.005,0.041,0.015
resigned,0.000,0.003,1.000,0.005,0.041,0.015
washer,0.000,0.003,1.000,0.005,0.041,0.015
curiously,0.000,0.003,1.000,0.005,0.041,0.015
not-thereness,0.000,0.003,1.000,0.005,0.041,0.015
tearing,0.000,0.003,1.000,0.005,0.041,0.015
heron,0.000,0.003,1.000,0.005,0.041,0.015
dyed,0.000,0.003,1.000,0.005,0.041,0.015
strolling,0.000,0.003,1.000,0.005,0.041,0.015
haha,0.000,0.003,1.000,0.005,0.041,0.015
waved,0.000,0.003,1.000,0.005,0.041,0.015
saintly,0.000,0.003,1.000,0.005,0.041,0.015
snapping,0.000,0.003,1.000,0.005,0.041,0.015
reframing,0.000,0.003,1.000,0.005,0.041,0.015
loaned,0.000,0.003,1.000,0.005,0.041,0.015
bully,0.000,0.003,1.000,0.005,0.041,0.015
henchman,0.000,0.003,1.000,0.005,0.041,0.015
terrorize,0.000,0.003,1.000,0.005,0.041,0.015
unload,0.000,0.003,1.000,0.005,0.041,0.015
bottomlessness,0.000,0.003,1.000,0.005,0.041,0.015
ii,0.000,0.003,1.000,0.005,0.041,0.015
60-some,0.000,0.003,1.000,0.005,0.041,0.015
lightened,0.000,0.003,1.000,0.005,0.041,0.015
pathology,0.000,0.003,1.000,0.005,0.041,0.015
icu,0.000,0.003,1.000,0.005,0.041,0.015
comic,0.000,0.003,1.000,0.005,0.041,0.015
alexander,0.000,0.003,1.000,0.005,0.041,0.015
credence,0.000,0.005,1.000,0.011,0.020,0.015
bi-plus,0.000,0.003,1.000,0.005,0.041,0.015
shamatha-vipassana,0.000,0.003,1.000,0.005,0.041,0.015
bachelor,0.000,0.003,1.000,0.005,0.041,0.015
muncie,0.000,0.003,1.000,0.005,0.041,0.015
indiana,0.000,0.003,1.000,0.005,0.041,0.015
michigan,0.000,0.003,1.000,0.005,0.041,0.015
nine-month-long,0.000,0.003,1.000,0.005,0.041,0.015
ucsf-sponsored,0.000,0.003,1.000,0.005,0.041,0.015
practice-pc,0.000,0.003,1.000,0.005,0.041,0.015
interprofessional,0.000,0.003,1.000,0.005,0.041,0.015
full-catastrophe,0.000,0.003,1.000,0.005,0.041,0.015
emily's,0.000,0.003,1.000,0.005,0.041,0.015
end-of-life,0.000,0.003,1.000,0.005,0.041,0.015
superstar,0.000,0.003,1.000,0.005,0.041,0.015
psychiatry,0.000,0.003,1.000,0.005,0.041,0.015
credited,0.000,0.003,1.000,0.005,0.041,0.015
dame,0.000,0.003,1.000,0.005,0.041,0.015
cicely,0.000,0.003,1.000,0.005,0.041,0.015
disease-modifying,0.000,0.003,1.000,0.005,0.041,0.015
family-centered,0.000,0.003,1.000,0.005,0.041,0.015
optimizes,0.000,0.003,1.000,0.005,0.041,0.015
npr,0.000,0.003,1.000,0.005,0.041,0.015
consulting,0.000,0.003,1.000,0.005,0.041,0.015
consult,0.000,0.003,1.000,0.005,0.041,0.015
dyspnea,0.000,0.003,1.000,0.005,0.041,0.015
bowel,0.000,0.003,1.000,0.005,0.041,0.015
regimen,0.000,0.003,1.000,0.005,0.041,0.015
truth-tellers,0.000,0.003,1.000,0.005,0.041,0.015
detach,0.000,0.003,1.000,0.005,0.041,0.015
now's,0.000,0.003,1.000,0.005,0.041,0.015
tenant,0.000,0.003,1.000,0.005,0.041,0.015
bernie,0.000,0.003,1.000,0.005,0.041,0.015
glassman,0.000,0.003,1.000,0.005,0.041,0.015
bipolar,0.000,0.003,1.000,0.005,0.041,0.015
tremor,0.000,0.003,1.000,0.005,0.041,0.015
elective,0.000,0.003,1.000,0.005,0.041,0.015
neurosurgery,0.000,0.003,1.000,0.005,0.041,0.015
transitioned,0.000,0.003,1.000,0.005,0.041,0.015
lucidity,0.000,0.003,1.000,0.005,0.041,0.015
non-palliative,0.000,0.003,1.000,0.005,0.041,0.015
consults,0.000,0.003,1.000,0.005,0.041,0.015
inpatient,0.000,0.003,1.000,0.005,0.041,0.015
christina,0.000,0.003,1.000,0.005,0.041,0.015
puchalski,0.000,0.003,1.000,0.005,0.041,0.015
transcendence,0.000,0.003,1.000,0.005,0.041,0.015
traummer,0.000,0.003,1.000,0.005,0.041,0.015
twenty,0.000,0.003,1.000,0.005,0.041,0.015
adequacy,0.000,0.003,1.000,0.005,0.041,0.015
traumer,0.000,0.003,1.000,0.005,0.041,0.015
scratchy,0.000,0.003,1.000,0.005,0.041,0.015
purchasing,0.000,0.003,1.000,0.005,0.041,0.015
reinterpretation,0.000,0.003,1.000,0.005,0.041,0.015
respectable,0.000,0.003,1.000,0.005,0.041,0.015
browbeat,0.000,0.003,1.000,0.005,0.041,0.015
closure,0.000,0.003,1.000,0.005,0.041,0.015
duckling,0.000,0.003,1.000,0.005,0.041,0.015
boyfriend-girlfriend,0.000,0.003,1.000,0.005,0.041,0.015
low-stakes,0.000,0.003,1.000,0.005,0.041,0.015
2nd,0.000,0.003,1.000,0.005,0.041,0.015
palatial,0.000,0.003,1.000,0.005,0.041,0.015
barrage,0.000,0.003,1.000,0.005,0.041,0.015
stolen,0.000,0.003,1.000,0.005,0.041,0.015
lunge,0.000,0.003,1.000,0.005,0.041,0.015
unfazed,0.000,0.003,1.000,0.005,0.041,0.015
opts,0.000,0.003,1.000,0.005,0.041,0.015
bulging,0.000,0.003,1.000,0.005,0.041,0.015
flaring,0.000,0.003,1.000,0.005,0.041,0.015
fang,0.000,0.003,1.000,0.005,0.041,0.015
demon's,0.000,0.003,1.000,0.005,0.041,0.015
mythologist,0.000,0.003,1.000,0.005,0.041,0.015
pursues,0.000,0.003,1.000,0.005,0.041,0.015
nayyirah,0.000,0.003,1.000,0.005,0.041,0.015
waheed,0.000,0.003,1.000,0.005,0.041,0.015
kahlil,0.000,0.003,1.000,0.005,0.041,0.015
gibran,0.000,0.003,1.000,0.005,0.041,0.015
alchemist,0.000,0.003,1.000,0.005,0.041,0.015
endeavored,0.000,0.003,1.000,0.005,0.041,0.015
11th-century,0.000,0.003,1.000,0.005,0.041,0.015
machig,0.000,0.003,1.000,0.005,0.041,0.015
labdron,0.000,0.003,1.000,0.005,0.041,0.015
tsultrim,0.000,0.003,1.000,0.005,0.041,0.015
allione,0.000,0.003,1.000,0.005,0.041,0.015
fanged,0.000,0.003,1.000,0.005,0.041,0.015
clawed,0.000,0.003,1.000,0.005,0.041,0.015
scary-looking,0.000,0.003,1.000,0.005,0.041,0.015
hunched,0.000,0.003,1.000,0.005,0.041,0.015
princess,0.000,0.003,1.000,0.005,0.041,0.015
frightens,0.000,0.003,1.000,0.005,0.041,0.015
untended,0.000,0.003,1.000,0.005,0.041,0.015
alliance,0.000,0.005,1.000,0.011,0.020,0.015
tent,0.000,0.003,1.000,0.005,0.040,0.015
corresponds,0.000,0.003,1.000,0.005,0.040,0.015
liturgy,0.000,0.003,1.000,0.005,0.040,0.015
sophisticatedly,0.000,0.003,1.000,0.005,0.040,0.015
artha,0.000,0.003,1.000,0.005,0.040,0.015
attha-veda,0.000,0.003,1.000,0.005,0.040,0.015
dharma-inspired,0.000,0.003,1.000,0.005,0.040,0.015
fjord,0.000,0.003,1.000,0.005,0.040,0.015
ledger,0.000,0.003,1.000,0.005,0.040,0.015
difficult-to-acquire,0.000,0.003,1.000,0.005,0.040,0.015
milked,0.000,0.003,1.000,0.005,0.040,0.015
welled,0.000,0.003,1.000,0.005,0.040,0.015
norwegian,0.000,0.003,1.000,0.005,0.040,0.015
miserly,0.000,0.003,1.000,0.005,0.040,0.015
bloody,0.000,0.003,1.000,0.005,0.040,0.015
unencumbered,0.000,0.003,1.000,0.005,0.040,0.015
re-experience,0.000,0.003,1.000,0.005,0.040,0.015
droning,0.000,0.003,1.000,0.005,0.040,0.015
50-minute,0.000,0.003,1.000,0.005,0.040,0.015
belittle,0.000,0.003,1.000,0.005,0.040,0.015
healer,0.000,0.003,1.000,0.005,0.040,0.015
lance,0.000,0.003,1.000,0.005,0.040,0.015
skipped,0.000,0.005,1.000,0.011,0.020,0.015
question-answer,0.000,0.003,1.000,0.005,0.040,0.015
stereotypical,0.000,0.003,1.000,0.005,0.040,0.015
hallmark-y,0.000,0.003,1.000,0.005,0.040,0.015
non-obligatory,0.000,0.003,1.000,0.005,0.040,0.015
rationality,0.000,0.003,1.000,0.005,0.040,0.015
obligatory,0.000,0.003,1.000,0.005,0.040,0.015
lightening,0.000,0.003,1.000,0.005,0.040,0.015
unvirtuous,0.000,0.003,1.000,0.005,0.040,0.015
fracturing,0.000,0.003,1.000,0.005,0.040,0.015
damaging,0.000,0.003,1.000,0.005,0.040,0.015
clearance,0.000,0.003,1.000,0.005,0.040,0.015
bordered,0.000,0.003,1.000,0.005,0.040,0.015
carpool,0.000,0.003,1.000,0.005,0.040,0.015
justifying,0.000,0.003,1.000,0.005,0.040,0.015
kuan,0.000,0.003,1.000,0.005,0.040,0.015
yin,0.000,0.003,1.000,0.005,0.040,0.015
unselfconsciously,0.000,0.003,1.000,0.005,0.040,0.015
rearranges,0.000,0.003,1.000,0.005,0.040,0.015
professionalism,0.000,0.003,1.000,0.005,0.040,0.015
unwaveringness,0.000,0.003,1.000,0.005,0.040,0.015
well-born,0.000,0.003,1.000,0.005,0.040,0.015
silicon,0.000,0.003,1.000,0.005,0.040,0.015
pointings,0.000,0.003,1.000,0.005,0.040,0.015
barricading,0.000,0.003,1.000,0.005,0.040,0.015
tucking,0.000,0.003,1.000,0.005,0.040,0.015
bonbon,0.000,0.003,1.000,0.005,0.040,0.015
nonstop,0.000,0.003,1.000,0.005,0.040,0.015
promoted,0.000,0.003,1.000,0.005,0.040,0.015
tolerating,0.000,0.003,1.000,0.005,0.040,0.015
cork,0.000,0.003,1.000,0.005,0.040,0.015
toll,0.000,0.003,1.000,0.005,0.040,0.015
parlance,0.000,0.003,1.000,0.005,0.040,0.015
cashier,0.000,0.003,1.000,0.005,0.040,0.015
subtract,0.000,0.003,1.000,0.005,0.040,0.015
marrying,0.000,0.003,1.000,0.005,0.040,0.015
discounted,0.000,0.003,1.000,0.005,0.040,0.015
complainer,0.000,0.003,1.000,0.005,0.040,0.015
self-actualized,0.000,0.003,1.000,0.005,0.040,0.015
stan,0.000,0.003,1.000,0.005,0.040,0.015
polarization,0.000,0.005,1.000,0.011,0.020,0.015
bolstering,0.000,0.005,1.000,0.011,0.020,0.015
freshman,0.000,0.005,1.000,0.011,0.020,0.015
vicikiccha,0.000,0.003,1.000,0.005,0.040,0.015
janna,0.000,0.003,1.000,0.005,0.040,0.015
nana,0.000,0.003,1.000,0.005,0.040,0.015
pa,0.000,0.003,1.000,0.005,0.040,0.015
sati-sampajanna,0.000,0.003,1.000,0.005,0.040,0.015
in-the-background,0.000,0.003,1.000,0.005,0.040,0.015
snacking,0.000,0.003,1.000,0.005,0.040,0.015
aining,0.000,0.003,1.000,0.005,0.040,0.015
aloe,0.000,0.003,1.000,0.005,0.040,0.015
vera,0.000,0.003,1.000,0.005,0.040,0.015
revisited,0.000,0.003,1.000,0.005,0.040,0.015
revisiting,0.000,0.003,1.000,0.005,0.040,0.015
gocara,0.000,0.003,1.000,0.005,0.040,0.015
story-ness,0.000,0.003,1.000,0.005,0.040,0.015
re-engaged,0.000,0.003,1.000,0.005,0.040,0.015
non-stuckness,0.000,0.003,1.000,0.005,0.040,0.015
interception,0.000,0.003,1.000,0.005,0.040,0.015
smacked,0.000,0.003,1.000,0.005,0.040,0.015
4-year,0.000,0.003,1.000,0.005,0.040,0.015
andrea's,0.000,0.003,1.000,0.005,0.040,0.015
heads-up,0.000,0.003,1.000,0.005,0.040,0.015
re-engage,0.000,0.003,1.000,0.005,0.040,0.015
offensiveness,0.000,0.003,1.000,0.005,0.040,0.015
investigatory,0.000,0.003,1.000,0.005,0.040,0.015
throughway,0.000,0.003,1.000,0.005,0.040,0.015
inbox,0.000,0.003,1.000,0.005,0.040,0.015
associative,0.000,0.003,1.000,0.005,0.040,0.015
patron,0.000,0.003,1.000,0.005,0.040,0.015
ingest,0.000,0.003,1.000,0.005,0.040,0.015
feldman,0.000,0.003,1.000,0.005,0.040,0.015
barrett,0.000,0.003,1.000,0.005,0.040,0.015
choicefully,0.000,0.003,1.000,0.005,0.040,0.015
unwillingly,0.000,0.003,1.000,0.005,0.040,0.015
blameable,0.000,0.003,1.000,0.005,0.040,0.015
la-la,0.000,0.003,1.000,0.005,0.040,0.015
stacking,0.000,0.003,1.000,0.005,0.040,0.015
tangled-up,0.000,0.003,1.000,0.005,0.040,0.015
replacement,0.000,0.003,1.000,0.005,0.040,0.015
antibiotic,0.000,0.003,1.000,0.005,0.039,0.015
fending,0.000,0.003,1.000,0.005,0.039,0.015
encumbered,0.000,0.003,1.000,0.005,0.039,0.015
unafflicted,0.000,0.003,1.000,0.005,0.039,0.015
rejoiced,0.000,0.003,1.000,0.005,0.039,0.015
sparkled,0.000,0.003,1.000,0.005,0.039,0.015
ignores,0.000,0.003,1.000,0.005,0.039,0.015
nauseous,0.000,0.003,1.000,0.005,0.039,0.015
succumbing,0.000,0.003,1.000,0.005,0.039,0.015
uncomplaining,0.000,0.003,1.000,0.005,0.039,0.015
non-affliction,0.000,0.003,1.000,0.005,0.039,0.015
non-hostility,0.000,0.003,1.000,0.005,0.039,0.015
alagaddupama,0.000,0.003,1.000,0.005,0.039,0.015
scooper,0.000,0.003,1.000,0.005,0.039,0.015
scooping,0.000,0.003,1.000,0.005,0.039,0.015
outrun,0.000,0.003,1.000,0.005,0.039,0.015
half-comatose,0.000,0.003,1.000,0.005,0.039,0.015
unbothered,0.000,0.003,1.000,0.005,0.039,0.015
wreaks,0.000,0.003,1.000,0.005,0.039,0.015
havoc,0.000,0.003,1.000,0.005,0.039,0.015
weirder,0.000,0.003,1.000,0.005,0.039,0.015
cul-de-sac,0.000,0.003,1.000,0.005,0.039,0.015
erroneous,0.000,0.003,1.000,0.005,0.039,0.015
residual,0.000,0.003,1.000,0.005,0.039,0.015
non-seeking,0.000,0.003,1.000,0.005,0.039,0.015
evasive,0.000,0.003,1.000,0.005,0.039,0.015
omitted,0.000,0.003,1.000,0.005,0.039,0.015
wincing,0.000,0.003,1.000,0.005,0.039,0.015
abbreviated,0.000,0.003,1.000,0.005,0.039,0.015
sit-walk-sit-walk,0.000,0.003,1.000,0.005,0.039,0.015
peet's,0.000,0.003,1.000,0.005,0.039,0.015
meetup,0.000,0.003,1.000,0.005,0.039,0.015
confidential,0.000,0.003,1.000,0.005,0.039,0.015
visually,0.000,0.003,1.000,0.005,0.039,0.015
ripened,0.000,0.003,1.000,0.005,0.039,0.015
abc,0.000,0.003,1.000,0.005,0.039,0.015
stultifying,0.000,0.003,1.000,0.005,0.039,0.015
damper,0.000,0.003,1.000,0.005,0.039,0.015
roasted,0.000,0.003,1.000,0.005,0.039,0.015
reticence,0.000,0.003,1.000,0.005,0.039,0.015
insightmeditationcenter,0.000,0.003,1.000,0.005,0.039,0.015
remnant,0.000,0.003,1.000,0.005,0.039,0.015
fortification,0.000,0.003,1.000,0.005,0.039,0.015
stationed,0.000,0.003,1.000,0.005,0.039,0.015
acrobatic,0.000,0.003,1.000,0.005,0.039,0.015
pondered,0.000,0.003,1.000,0.005,0.039,0.015
garment,0.000,0.003,1.000,0.005,0.039,0.015
alley,0.000,0.003,1.000,0.005,0.039,0.015
repairing,0.000,0.003,1.000,0.005,0.039,0.015
assassinated,0.000,0.003,1.000,0.005,0.039,0.015
chimney,0.000,0.003,1.000,0.005,0.039,0.015
wake-induced,0.000,0.003,1.000,0.005,0.039,0.015
ostracism,0.000,0.003,1.000,0.005,0.039,0.015
aircraft,0.000,0.003,1.000,0.005,0.039,0.015
squash,0.000,0.005,1.000,0.011,0.020,0.015
bottled-up,0.000,0.003,1.000,0.005,0.039,0.015
infantilize,0.000,0.003,1.000,0.005,0.039,0.015
cold-hearted,0.000,0.003,1.000,0.005,0.039,0.015
sensationalism,0.000,0.003,1.000,0.005,0.039,0.015
sensationalized,0.000,0.003,1.000,0.005,0.039,0.015
yikes,0.000,0.003,1.000,0.005,0.039,0.015
intake,0.000,0.003,1.000,0.005,0.039,0.015
yearns,0.000,0.003,1.000,0.005,0.039,0.015
exclaim,0.000,0.003,1.000,0.005,0.039,0.015
takeout,0.000,0.003,1.000,0.005,0.039,0.015
brigade,0.000,0.003,1.000,0.005,0.039,0.015
suzie,0.000,0.003,1.000,0.005,0.039,0.015
burramattagal,0.000,0.003,1.000,0.005,0.039,0.015
darug,0.000,0.003,1.000,0.005,0.039,0.015
australian,0.000,0.003,1.000,0.005,0.039,0.015
quasi-magical,0.000,0.003,1.000,0.005,0.039,0.015
kailash,0.000,0.003,1.000,0.005,0.039,0.015
unrelenting,0.000,0.003,1.000,0.005,0.039,0.015
restate,0.000,0.003,1.000,0.005,0.039,0.015
spying,0.000,0.003,1.000,0.005,0.039,0.015
denied,0.000,0.003,1.000,0.005,0.039,0.015
relent,0.000,0.003,1.000,0.005,0.039,0.015
transferring,0.000,0.003,1.000,0.005,0.039,0.015
paternity,0.000,0.003,1.000,0.005,0.039,0.015
unreasonable,0.000,0.003,1.000,0.005,0.039,0.015
twelfth,0.000,0.003,1.000,0.005,0.039,0.015
bhaddasala,0.000,0.003,1.000,0.005,0.039,0.015
intertextuality,0.000,0.003,1.000,0.005,0.039,0.015
mahanama,0.000,0.003,1.000,0.005,0.039,0.015
sakya,0.000,0.003,1.000,0.005,0.039,0.015
servile,0.000,0.003,1.000,0.005,0.039,0.015
rank,0.000,0.003,1.000,0.005,0.039,0.015
mahanama's,0.000,0.003,1.000,0.005,0.039,0.015
bygone,0.000,0.003,1.000,0.005,0.039,0.015
gatherer,0.000,0.003,1.000,0.005,0.039,0.015
sakyans,0.000,0.003,1.000,0.005,0.039,0.015
slighted,0.000,0.003,1.000,0.005,0.039,0.015
munda,0.000,0.003,1.000,0.005,0.039,0.015
non-indo-european,0.000,0.003,1.000,0.005,0.039,0.015
pre-vedic,0.000,0.003,1.000,0.005,0.039,0.015
anthropology,0.000,0.003,1.000,0.005,0.039,0.015
lower-caste,0.000,0.003,1.000,0.005,0.039,0.015
outcast,0.000,0.003,1.000,0.005,0.039,0.015
notoriously,0.000,0.003,1.000,0.005,0.039,0.015
fraught,0.000,0.003,1.000,0.005,0.039,0.015
no-father,0.000,0.003,1.000,0.005,0.039,0.015
boy's,0.000,0.003,1.000,0.005,0.039,0.015
bade,0.000,0.003,1.000,0.005,0.039,0.015
summoned,0.000,0.003,1.000,0.005,0.039,0.015
declaring,0.000,0.003,1.000,0.005,0.039,0.015
rear,0.000,0.003,1.000,0.005,0.039,0.015
seating,0.000,0.003,1.000,0.005,0.039,0.015
viceroy,0.000,0.003,1.000,0.005,0.039,0.015
stick-bearer,0.000,0.003,1.000,0.005,0.039,0.015
righteously,0.000,0.003,1.000,0.005,0.039,0.015
fare,0.000,0.003,1.000,0.005,0.039,0.015
mahamaya,0.000,0.003,1.000,0.005,0.039,0.015
suddhodana,0.000,0.003,1.000,0.005,0.039,0.015
disney,0.000,0.003,1.000,0.005,0.039,0.015
smiting,0.000,0.003,1.000,0.005,0.039,0.015
consent-wise,0.000,0.003,1.000,0.005,0.039,0.015
zeus,0.000,0.003,1.000,0.005,0.039,0.015
apollo,0.000,0.003,1.000,0.005,0.039,0.015
raped,0.000,0.003,1.000,0.005,0.039,0.015
decorate,0.000,0.003,1.000,0.005,0.039,0.015
caucasian,0.000,0.003,1.000,0.005,0.039,0.015
chalk,0.000,0.003,1.000,0.005,0.039,0.015
otherworldly,0.000,0.003,1.000,0.005,0.039,0.015
clothesline,0.000,0.003,1.000,0.005,0.039,0.015
tampon,0.000,0.003,1.000,0.005,0.039,0.015
marcello,0.000,0.003,1.000,0.005,0.039,0.015
aragorn,0.000,0.003,1.000,0.005,0.039,0.015
transgress,0.000,0.003,1.000,0.005,0.039,0.015
tolkien's,0.000,0.003,1.000,0.005,0.039,0.015
kensho,0.000,0.005,1.000,0.011,0.020,0.015
miniature,0.000,0.005,1.000,0.011,0.020,0.015
drunken,0.000,0.005,1.000,0.011,0.019,0.015
mahakassapa,0.000,0.003,1.000,0.005,0.039,0.015
kassapas,0.000,0.003,1.000,0.005,0.039,0.015
simsapa,0.000,0.003,1.000,0.005,0.039,0.015
frivolous,0.000,0.003,1.000,0.005,0.039,0.015
evildoer,0.000,0.003,1.000,0.005,0.039,0.015
evil-smelling,0.000,0.003,1.000,0.005,0.039,0.015
revolting,0.000,0.003,1.000,0.005,0.039,0.015
sloth-producing,0.000,0.003,1.000,0.005,0.039,0.015
gobbled,0.000,0.003,1.000,0.005,0.039,0.015
swineherd,0.000,0.003,1.000,0.005,0.039,0.015
oozing,0.000,0.003,1.000,0.005,0.039,0.015
flax,0.000,0.003,1.000,0.005,0.039,0.015
copper,0.000,0.003,1.000,0.005,0.039,0.015
stump,0.000,0.003,1.000,0.005,0.039,0.015
carelessly,0.000,0.003,1.000,0.005,0.039,0.015
depression-era,0.000,0.003,1.000,0.005,0.039,0.015
countenance,0.000,0.003,1.000,0.005,0.039,0.015
iraq,0.000,0.003,1.000,0.005,0.039,0.015
princely,0.000,0.003,1.000,0.005,0.039,0.015
queenly,0.000,0.003,1.000,0.005,0.039,0.015
kingly,0.000,0.003,1.000,0.005,0.039,0.015
andy,0.000,0.003,1.000,0.005,0.039,0.015
khantipalo,0.000,0.003,1.000,0.005,0.039,0.015
expelled,0.000,0.003,1.000,0.005,0.039,0.015
cheerful,0.000,0.003,1.000,0.005,0.039,0.015
giver,0.000,0.003,1.000,0.005,0.039,0.015
9-to-5,0.000,0.003,1.000,0.005,0.039,0.014
bald-pated,0.000,0.003,1.000,0.005,0.039,0.014
bald,0.000,0.003,1.000,0.005,0.039,0.014
shaveling,0.000,0.003,1.000,0.005,0.039,0.014
traditionalist,0.000,0.003,1.000,0.005,0.039,0.014
reasoner,0.000,0.003,1.000,0.005,0.039,0.014
logician,0.000,0.003,1.000,0.005,0.039,0.014
experientialists,0.000,0.003,1.000,0.005,0.039,0.014
colder,0.000,0.003,1.000,0.005,0.039,0.014
yathabhutananadassana,0.000,0.003,1.000,0.005,0.039,0.014
well-respected,0.000,0.003,1.000,0.005,0.039,0.014
controllable,0.000,0.003,1.000,0.005,0.039,0.014
prolong,0.000,0.003,1.000,0.005,0.039,0.014
homunculus,0.000,0.003,1.000,0.005,0.039,0.014
analytically,0.000,0.003,1.000,0.005,0.039,0.014
superstitious,0.000,0.003,1.000,0.005,0.039,0.014
sadly,0.000,0.003,1.000,0.005,0.039,0.014
vignette,0.000,0.003,1.000,0.005,0.039,0.014
dogmatic,0.000,0.003,1.000,0.005,0.039,0.014
rebellious,0.000,0.003,1.000,0.005,0.039,0.014
elena,0.000,0.003,1.000,0.005,0.039,0.014
combative,0.000,0.005,1.000,0.011,0.019,0.014
abhaya,0.000,0.003,1.000,0.005,0.038,0.014
hanuman,0.000,0.003,1.000,0.005,0.038,0.014
surfboard,0.000,0.005,1.000,0.011,0.019,0.014
longed,0.000,0.005,1.000,0.011,0.019,0.014
exchanging,0.000,0.005,1.000,0.011,0.019,0.014
facilitated,0.000,0.005,1.000,0.011,0.019,0.014
commentator,0.000,0.005,1.000,0.011,0.019,0.014
rilke's,0.000,0.003,1.000,0.005,0.037,0.014
temporally,0.000,0.003,1.000,0.005,0.037,0.014
19th-century,0.000,0.003,1.000,0.005,0.037,0.014
unflappable,0.000,0.003,1.000,0.005,0.037,0.014
switzerland,0.000,0.003,1.000,0.005,0.037,0.014
gesticulating,0.000,0.003,1.000,0.005,0.037,0.014
traded,0.000,0.003,1.000,0.005,0.037,0.014
enviable,0.000,0.003,1.000,0.005,0.037,0.014
notably,0.000,0.003,1.000,0.005,0.037,0.014
intellectualizing,0.000,0.003,1.000,0.005,0.037,0.014
rationalizing,0.000,0.003,1.000,0.005,0.037,0.014
timetable,0.000,0.003,1.000,0.005,0.037,0.014
communicates,0.000,0.003,1.000,0.005,0.037,0.014
parasympathetic,0.000,0.003,1.000,0.005,0.037,0.014
frantic,0.000,0.003,1.000,0.005,0.037,0.014
diane,0.000,0.003,1.000,0.005,0.037,0.014
bumper,0.000,0.003,1.000,0.005,0.037,0.014
life-affirming,0.000,0.005,1.000,0.011,0.019,0.014
underappreciated,0.000,0.003,1.000,0.005,0.037,0.014
recycle,0.000,0.003,1.000,0.005,0.037,0.014
microclimates,0.000,0.003,1.000,0.005,0.037,0.014
weeknight,0.000,0.003,1.000,0.005,0.037,0.014
shazam,0.000,0.003,1.000,0.005,0.037,0.014
invocation,0.000,0.003,1.000,0.005,0.037,0.014
deserving,0.000,0.003,1.000,0.005,0.037,0.014
bloodsucker,0.000,0.003,1.000,0.005,0.037,0.014
thrived,0.000,0.003,1.000,0.005,0.037,0.014
vilify,0.000,0.003,1.000,0.005,0.037,0.014
vile,0.000,0.003,1.000,0.005,0.037,0.014
vector,0.000,0.003,1.000,0.005,0.037,0.014
perverse,0.000,0.003,1.000,0.005,0.037,0.014
driver's,0.000,0.003,1.000,0.005,0.037,0.014
tangling,0.000,0.003,1.000,0.005,0.037,0.014
perennial,0.000,0.003,1.000,0.005,0.037,0.014
tightens,0.000,0.003,1.000,0.005,0.037,0.014
uncoil,0.000,0.003,1.000,0.005,0.037,0.014
slogging,0.000,0.003,1.000,0.005,0.037,0.014
doubter,0.000,0.003,1.000,0.005,0.037,0.014
fertilize,0.000,0.003,1.000,0.005,0.037,0.014
jen,0.000,0.003,1.000,0.005,0.037,0.014
slideshow,0.000,0.003,1.000,0.005,0.037,0.014
prohibited,0.000,0.003,1.000,0.005,0.037,0.014
proselytizing,0.000,0.003,1.000,0.005,0.037,0.014
companioning,0.000,0.003,1.000,0.005,0.037,0.014
breach,0.000,0.003,1.000,0.005,0.037,0.014
parliamentary,0.000,0.003,1.000,0.005,0.037,0.014
francsico,0.000,0.003,1.000,0.005,0.037,0.014
late-night,0.000,0.003,1.000,0.005,0.037,0.014
staffed,0.000,0.003,1.000,0.005,0.037,0.014
hopefulness,0.000,0.003,1.000,0.005,0.037,0.014
denomination,0.000,0.003,1.000,0.005,0.037,0.014
coalition,0.000,0.003,1.000,0.005,0.037,0.014
beckman,0.000,0.003,1.000,0.005,0.037,0.014
mcintyre,0.000,0.003,1.000,0.005,0.037,0.014
doughnut,0.000,0.003,1.000,0.005,0.037,0.014
server,0.000,0.003,1.000,0.005,0.037,0.014
bartender,0.000,0.003,1.000,0.005,0.037,0.014
mandate,0.000,0.003,1.000,0.005,0.037,0.014
runaway,0.000,0.003,1.000,0.005,0.037,0.014
mid-60s,0.000,0.003,1.000,0.005,0.037,0.014
larkin,0.000,0.003,1.000,0.005,0.037,0.014
estranged,0.000,0.003,1.000,0.005,0.037,0.014
stigma,0.000,0.003,1.000,0.005,0.037,0.014
destigmatize,0.000,0.003,1.000,0.005,0.037,0.014
startup,0.000,0.003,1.000,0.005,0.037,0.014
restarting,0.000,0.003,1.000,0.005,0.037,0.014
hosted,0.000,0.003,1.000,0.005,0.037,0.014
cassock,0.000,0.003,1.000,0.005,0.037,0.014
garb,0.000,0.003,1.000,0.005,0.037,0.014
gel,0.000,0.003,1.000,0.005,0.037,0.014
distributing,0.000,0.003,1.000,0.005,0.037,0.014
844-hope-sf,0.000,0.003,1.000,0.005,0.037,0.014
844-467-3734,0.000,0.003,1.000,0.005,0.037,0.014
contingency,0.000,0.003,1.000,0.005,0.037,0.014
bilingual,0.000,0.003,1.000,0.005,0.037,0.014
sro,0.000,0.003,1.000,0.005,0.037,0.014
usher,0.000,0.003,1.000,0.005,0.037,0.014
lutheran,0.000,0.003,1.000,0.005,0.037,0.014
ucc,0.000,0.003,1.000,0.005,0.037,0.014
mcc,0.000,0.003,1.000,0.005,0.037,0.014
unapologetically,0.000,0.003,1.000,0.005,0.037,0.014
baptism,0.000,0.003,1.000,0.005,0.037,0.014
gay,0.000,0.003,1.000,0.005,0.037,0.014
queering,0.000,0.003,1.000,0.005,0.037,0.014
open-air,0.000,0.003,1.000,0.005,0.037,0.014
hanukkah,0.000,0.003,1.000,0.005,0.037,0.014
funding,0.000,0.003,1.000,0.005,0.037,0.014
newest,0.000,0.003,1.000,0.005,0.037,0.014
well-received,0.000,0.003,1.000,0.005,0.037,0.014
cutting-edge,0.000,0.003,1.000,0.005,0.037,0.014
synagogue,0.000,0.003,1.000,0.005,0.037,0.014
24-hour,0.000,0.003,1.000,0.005,0.037,0.014
looping,0.000,0.003,1.000,0.005,0.037,0.014
re-establishing,0.000,0.003,1.000,0.005,0.037,0.014
suspendable,0.000,0.003,1.000,0.005,0.037,0.014
de-escalated,0.000,0.003,1.000,0.005,0.037,0.014
lurch,0.000,0.003,1.000,0.005,0.037,0.014
sauntering,0.000,0.003,1.000,0.005,0.037,0.014
sainte,0.000,0.003,1.000,0.005,0.037,0.014
terre,0.000,0.003,1.000,0.005,0.037,0.014
saunterer,0.000,0.003,1.000,0.005,0.037,0.014
saunter,0.000,0.003,1.000,0.005,0.037,0.014
hospitably,0.000,0.003,1.000,0.005,0.037,0.014
intrude,0.000,0.003,1.000,0.005,0.037,0.014
minister's,0.000,0.003,1.000,0.005,0.037,0.014
recruiting,0.000,0.003,1.000,0.005,0.037,0.014
reformed,0.000,0.003,1.000,0.005,0.037,0.014
cantor,0.000,0.003,1.000,0.005,0.037,0.014
ancillary,0.000,0.003,1.000,0.005,0.037,0.014
relationally,0.000,0.003,1.000,0.005,0.037,0.014
recharge,0.000,0.005,1.000,0.011,0.019,0.014
mind-reading,0.000,0.005,1.000,0.011,0.019,0.014
hermann,0.000,0.005,1.000,0.011,0.019,0.014
non-calm,0.000,0.003,1.000,0.005,0.037,0.014
non-mindfulness,0.000,0.003,1.000,0.005,0.037,0.014
non-settledness,0.000,0.003,1.000,0.005,0.037,0.014
rivulet,0.000,0.003,1.000,0.005,0.037,0.014
hydrodynamics,0.000,0.003,1.000,0.005,0.037,0.014
nivarana,0.000,0.003,1.000,0.005,0.037,0.014
in-depth,0.000,0.003,1.000,0.005,0.037,0.014
moralistically,0.000,0.003,1.000,0.005,0.037,0.014
frantically,0.000,0.003,1.000,0.005,0.037,0.014
aptitude,0.000,0.003,1.000,0.005,0.037,0.014
flare-up,0.000,0.003,1.000,0.005,0.037,0.014
exaggeration,0.000,0.003,1.000,0.005,0.037,0.014
disrespectfully,0.000,0.003,1.000,0.005,0.037,0.014
assembling,0.000,0.003,1.000,0.005,0.037,0.014
grid,0.000,0.003,1.000,0.005,0.037,0.014
preferentially,0.000,0.003,1.000,0.005,0.037,0.014
indented,0.000,0.003,1.000,0.005,0.037,0.014
desire's,0.000,0.003,1.000,0.005,0.037,0.014
olendzki's,0.000,0.003,1.000,0.005,0.037,0.014
derailed,0.000,0.003,1.000,0.005,0.037,0.014
brutally,0.000,0.003,1.000,0.005,0.037,0.014
righteousness,0.000,0.003,1.000,0.005,0.037,0.014
unraveling,0.000,0.003,1.000,0.005,0.037,0.014
untrue,0.000,0.003,1.000,0.005,0.037,0.014
endpoint,0.000,0.003,1.000,0.005,0.037,0.014
disentangles,0.000,0.003,1.000,0.005,0.037,0.014
programmed,0.000,0.003,1.000,0.005,0.037,0.014
telephone,0.000,0.003,1.000,0.005,0.037,0.014
deficit,0.000,0.003,1.000,0.005,0.037,0.014
leaning-into,0.000,0.003,1.000,0.005,0.037,0.014
jumping-out-of-my-skin,0.000,0.003,1.000,0.005,0.037,0.014
untruthful,0.000,0.003,1.000,0.005,0.037,0.014
unconventional,0.000,0.003,1.000,0.005,0.037,0.014
non-judgmentally,0.000,0.003,1.000,0.005,0.037,0.014
kowit,0.000,0.003,1.000,0.005,0.037,0.014
saffron-robed,0.000,0.003,1.000,0.005,0.037,0.014
jab,0.000,0.003,1.000,0.005,0.037,0.014
triumphantly,0.000,0.003,1.000,0.005,0.037,0.014
half-lotus,0.000,0.003,1.000,0.005,0.037,0.014
grimly,0.000,0.003,1.000,0.005,0.037,0.014
reining,0.000,0.003,1.000,0.005,0.037,0.014
hyperactive,0.000,0.003,1.000,0.005,0.037,0.014
incorrigible,0.000,0.003,1.000,0.005,0.037,0.014
brat,0.000,0.003,1.000,0.005,0.037,0.014
flinging,0.000,0.003,1.000,0.005,0.037,0.014
grinning,0.000,0.003,1.000,0.005,0.037,0.014
sensei,0.000,0.003,1.000,0.005,0.037,0.014
shapely,0.000,0.003,1.000,0.005,0.037,0.014
lubricious,0.000,0.003,1.000,0.005,0.037,0.014
zafus,0.000,0.003,1.000,0.005,0.037,0.014
fragmentary,0.000,0.003,1.000,0.005,0.037,0.014
wakeful,0.000,0.003,1.000,0.005,0.037,0.014
weekend-long,0.000,0.003,1.000,0.005,0.037,0.014
ached,0.000,0.003,1.000,0.005,0.037,0.014
scrabbled,0.000,0.003,1.000,0.005,0.037,0.014
pine,0.000,0.003,1.000,0.005,0.037,0.014
soul-wrenching,0.000,0.003,1.000,0.005,0.037,0.014
upending,0.000,0.003,1.000,0.005,0.037,0.014
antlike,0.000,0.003,1.000,0.005,0.037,0.014
fifty-odd,0.000,0.003,1.000,0.005,0.037,0.014
perched,0.000,0.003,1.000,0.005,0.037,0.014
raven-haired,0.000,0.003,1.000,0.005,0.037,0.014
crescent,0.000,0.003,1.000,0.005,0.037,0.014
katas,0.000,0.003,1.000,0.005,0.037,0.014
permutation,0.000,0.003,1.000,0.005,0.037,0.014
wobbling,0.000,0.003,1.000,0.005,0.037,0.014
prosperity,0.000,0.005,1.000,0.011,0.018,0.014
revive,0.000,0.005,1.000,0.011,0.018,0.014
alienate,0.000,0.003,1.000,0.005,0.037,0.014
championed,0.000,0.003,1.000,0.005,0.037,0.014
popularly,0.000,0.003,1.000,0.005,0.037,0.014
fury,0.000,0.003,1.000,0.005,0.037,0.014
loophole,0.000,0.003,1.000,0.005,0.037,0.014
unravels,0.000,0.003,1.000,0.005,0.037,0.014
hypocrite,0.000,0.003,1.000,0.005,0.037,0.014
counterculture,0.000,0.003,1.000,0.005,0.037,0.014
puritan,0.000,0.003,1.000,0.005,0.037,0.014
four-line,0.000,0.003,1.000,0.005,0.037,0.014
non-hate,0.000,0.003,1.000,0.005,0.037,0.014
seatbelt,0.000,0.003,1.000,0.005,0.037,0.014
cowardly,0.000,0.003,1.000,0.005,0.037,0.014
rationale,0.000,0.003,1.000,0.005,0.037,0.014
vicious,0.000,0.003,1.000,0.005,0.037,0.014
slander,0.000,0.003,1.000,0.005,0.037,0.014
tiananmen,0.000,0.003,1.000,0.005,0.037,0.014
sifts,0.000,0.003,1.000,0.005,0.037,0.014
chaff,0.000,0.003,1.000,0.005,0.037,0.014
frisbee,0.000,0.003,1.000,0.005,0.037,0.014
alabama,0.000,0.003,1.000,0.005,0.037,0.014
baton,0.000,0.003,1.000,0.005,0.037,0.014
concussion,0.000,0.003,1.000,0.005,0.037,0.014
congressman,0.000,0.003,1.000,0.005,0.037,0.014
ku,0.000,0.003,1.000,0.005,0.037,0.014
klux,0.000,0.003,1.000,0.005,0.037,0.014
klan,0.000,0.003,1.000,0.005,0.037,0.014
congress,0.000,0.003,1.000,0.005,0.037,0.014
boycott,0.000,0.003,1.000,0.005,0.037,0.014
gruel,0.000,0.005,1.000,0.011,0.018,0.014
vaguely,0.000,0.005,1.000,0.011,0.018,0.014
ana,0.000,0.003,1.000,0.005,0.037,0.014
sheer,0.000,0.005,1.000,0.011,0.018,0.014
brokenheartedness,0.000,0.003,1.000,0.005,0.036,0.014
paralyzed,0.000,0.003,1.000,0.005,0.036,0.014
courageously,0.000,0.003,1.000,0.005,0.036,0.014
workout,0.000,0.003,1.000,0.005,0.036,0.014
conjure,0.000,0.003,1.000,0.005,0.036,0.014
ragged,0.000,0.003,1.000,0.005,0.036,0.014
grumbliness,0.000,0.003,1.000,0.005,0.036,0.014
feckless,0.000,0.003,1.000,0.005,0.036,0.014
spiderweb,0.000,0.003,1.000,0.005,0.036,0.014
roaring,0.000,0.003,1.000,0.005,0.036,0.014
spiderwebs,0.000,0.003,1.000,0.005,0.036,0.014
non-metta,0.000,0.003,1.000,0.005,0.036,0.014
squeaky,0.000,0.003,1.000,0.005,0.036,0.014
robot,0.000,0.003,1.000,0.005,0.036,0.014
retraining,0.000,0.003,1.000,0.005,0.036,0.014
theistic,0.000,0.005,1.000,0.011,0.018,0.014
batted,0.000,0.003,1.000,0.005,0.036,0.014
purport,0.000,0.003,1.000,0.005,0.036,0.014
pali-english,0.000,0.003,1.000,0.005,0.036,0.014
visuddhi,0.000,0.003,1.000,0.005,0.036,0.014
excellency,0.000,0.003,1.000,0.005,0.036,0.014
setback,0.000,0.003,1.000,0.005,0.036,0.014
reminiscing,0.000,0.003,1.000,0.005,0.036,0.014
swerving,0.000,0.003,1.000,0.005,0.036,0.014
aesthetically,0.000,0.003,1.000,0.005,0.036,0.014
walker,0.000,0.003,1.000,0.005,0.036,0.014
troublemaker,0.000,0.003,1.000,0.005,0.036,0.014
algebra,0.000,0.003,1.000,0.005,0.036,0.014
diana-ism,0.000,0.003,1.000,0.005,0.036,0.014
carve,0.000,0.003,1.000,0.005,0.036,0.014
oppressing,0.000,0.003,1.000,0.005,0.036,0.014
de-emphasize,0.000,0.005,1.000,0.011,0.018,0.014
guessing,0.000,0.005,1.000,0.011,0.018,0.014
conviction,0.000,0.005,1.000,0.011,0.018,0.014
admirer,0.000,0.005,1.000,0.011,0.018,0.014
lemn,0.000,0.003,1.000,0.005,0.035,0.014
sissay,0.000,0.003,1.000,0.005,0.035,0.014
ex-addicts,0.000,0.003,1.000,0.005,0.035,0.014
ex-junkies,0.000,0.003,1.000,0.005,0.035,0.014
flunk,0.000,0.003,1.000,0.005,0.035,0.014
ex-flunkies,0.000,0.003,1.000,0.005,0.035,0.014
careerless,0.000,0.003,1.000,0.005,0.035,0.014
grate,0.000,0.003,1.000,0.005,0.035,0.014
laceless,0.000,0.003,1.000,0.005,0.035,0.014
cordless,0.000,0.003,1.000,0.005,0.035,0.014
one-bar,0.000,0.003,1.000,0.005,0.035,0.014
buttonless,0.000,0.003,1.000,0.005,0.035,0.014
rubbish,0.000,0.003,1.000,0.005,0.035,0.014
bitten,0.000,0.003,1.000,0.005,0.035,0.014
ashtray,0.000,0.003,1.000,0.005,0.035,0.014
jean,0.000,0.003,1.000,0.005,0.035,0.014
crease,0.000,0.003,1.000,0.005,0.035,0.014
irk,0.000,0.003,1.000,0.005,0.035,0.014
antarctica,0.000,0.003,1.000,0.005,0.035,0.014
colony,0.000,0.003,1.000,0.005,0.035,0.014
blubber,0.000,0.003,1.000,0.005,0.035,0.014
updated,0.000,0.003,1.000,0.005,0.035,0.014
skate,0.000,0.003,1.000,0.005,0.035,0.014
silliness,0.000,0.003,1.000,0.005,0.035,0.014
co-opt,0.000,0.003,1.000,0.005,0.035,0.014
broad-brush,0.000,0.003,1.000,0.005,0.035,0.014
stroller,0.000,0.003,1.000,0.005,0.035,0.014
crunch,0.000,0.003,1.000,0.005,0.035,0.014
peanut,0.000,0.003,1.000,0.005,0.035,0.014
hanson,0.000,0.003,1.000,0.005,0.035,0.014
velcro,0.000,0.003,1.000,0.005,0.035,0.014
teflon,0.000,0.003,1.000,0.005,0.035,0.014
industrial,0.000,0.003,1.000,0.005,0.035,0.014
closet,0.000,0.003,1.000,0.005,0.035,0.014
asano,0.000,0.003,1.000,0.005,0.035,0.014
first-grade,0.000,0.003,1.000,0.005,0.035,0.014
s-u-t-t-a,0.000,0.003,1.000,0.005,0.035,0.014
a-b-h-a-y-a-g-i-r-i,0.000,0.003,1.000,0.005,0.035,0.014
monopole,0.000,0.003,1.000,0.005,0.035,0.014
peggy,0.000,0.003,1.000,0.005,0.035,0.014
obliviousness,0.000,0.003,1.000,0.005,0.035,0.014
stockinged,0.000,0.003,1.000,0.005,0.035,0.014
oversimplified,0.000,0.003,1.000,0.005,0.035,0.014
grin,0.000,0.003,1.000,0.005,0.035,0.014
minorly,0.000,0.003,1.000,0.005,0.035,0.014
resentfully,0.000,0.003,1.000,0.005,0.035,0.014
potter,0.000,0.003,1.000,0.005,0.035,0.014
devilish-looking,0.000,0.003,1.000,0.005,0.035,0.014
mantle,0.000,0.003,1.000,0.005,0.035,0.014
disapprove,0.000,0.003,1.000,0.005,0.035,0.014
dusk,0.000,0.003,1.000,0.005,0.035,0.014
subsided,0.000,0.003,1.000,0.005,0.035,0.014
puttering,0.000,0.003,1.000,0.005,0.035,0.014
retell,0.000,0.003,1.000,0.005,0.035,0.014
improves,0.000,0.003,1.000,0.005,0.035,0.014
swami,0.000,0.003,1.000,0.005,0.035,0.014
satchidananda,0.000,0.003,1.000,0.005,0.035,0.014
subculture,0.000,0.003,1.000,0.005,0.035,0.014
yuman,0.000,0.003,1.000,0.005,0.035,0.014
attendance,0.000,0.005,1.000,0.011,0.018,0.014
upper-middle-class,0.000,0.005,1.000,0.011,0.018,0.014
weiser,0.000,0.003,1.000,0.005,0.035,0.014
ballpoint,0.000,0.003,1.000,0.005,0.035,0.014
tada,0.000,0.003,1.000,0.005,0.035,0.014
scissors,0.000,0.003,1.000,0.005,0.035,0.014
clicky,0.000,0.003,1.000,0.005,0.035,0.014
ink,0.000,0.003,1.000,0.005,0.035,0.014
proclaimed,0.000,0.003,1.000,0.005,0.035,0.014
reinterpret,0.000,0.003,1.000,0.005,0.035,0.014
scanner,0.000,0.003,1.000,0.005,0.035,0.014
technician,0.000,0.003,1.000,0.005,0.035,0.014
nodding,0.000,0.003,1.000,0.005,0.035,0.014
pleural,0.000,0.003,1.000,0.005,0.035,0.014
cram,0.000,0.003,1.000,0.005,0.035,0.014
gps,0.000,0.003,1.000,0.005,0.035,0.014
academically,0.000,0.003,1.000,0.005,0.035,0.014
unlimiting,0.000,0.003,1.000,0.005,0.035,0.014
choke,0.000,0.003,1.000,0.005,0.035,0.014
veritable,0.000,0.003,1.000,0.005,0.035,0.014
fountainhead,0.000,0.003,1.000,0.005,0.035,0.014
conjured,0.000,0.003,1.000,0.005,0.035,0.014
modifier,0.000,0.003,1.000,0.005,0.035,0.014
conjuring,0.000,0.003,1.000,0.005,0.035,0.014
unfettered,0.000,0.003,1.000,0.005,0.035,0.014
punched,0.000,0.003,1.000,0.005,0.035,0.014
hiri,0.000,0.003,1.000,0.005,0.035,0.014
derivation,0.000,0.003,1.000,0.005,0.035,0.014
judged,0.000,0.003,1.000,0.005,0.035,0.014
unsuccessfully,0.000,0.003,1.000,0.005,0.035,0.014
sliced,0.000,0.003,1.000,0.005,0.035,0.014
profusely,0.000,0.003,1.000,0.005,0.035,0.014
untrimable,0.000,0.003,1.000,0.005,0.035,0.014
chewed,0.000,0.003,1.000,0.005,0.035,0.014
distasteful,0.000,0.003,1.000,0.005,0.035,0.014
abhorrent,0.000,0.003,1.000,0.005,0.035,0.014
bombed,0.000,0.003,1.000,0.005,0.035,0.014
objecting,0.000,0.003,1.000,0.005,0.035,0.014
spray,0.000,0.003,1.000,0.005,0.035,0.014
harmfulness,0.000,0.005,1.000,0.011,0.017,0.014
demonic,0.000,0.003,1.000,0.005,0.035,0.014
embroiled,0.000,0.003,1.000,0.005,0.035,0.014
undergirding,0.000,0.003,1.000,0.005,0.035,0.014
assembled,0.000,0.003,1.000,0.005,0.035,0.014
drastic,0.000,0.003,1.000,0.005,0.035,0.014
restrains,0.000,0.003,1.000,0.005,0.035,0.014
applaud,0.000,0.003,1.000,0.005,0.035,0.014
flees,0.000,0.003,1.000,0.005,0.035,0.014
brew,0.000,0.003,1.000,0.005,0.035,0.014
escalates,0.000,0.003,1.000,0.005,0.035,0.014
clapped,0.000,0.003,1.000,0.005,0.035,0.014
escalating,0.000,0.003,1.000,0.005,0.035,0.014
irrationally,0.000,0.003,1.000,0.005,0.035,0.014
stubbornness,0.000,0.003,1.000,0.005,0.035,0.014
masking,0.000,0.003,1.000,0.005,0.035,0.014
nike,0.000,0.003,1.000,0.005,0.035,0.014
good's,0.000,0.003,1.000,0.005,0.035,0.014
sambara's,0.000,0.003,1.000,0.005,0.035,0.014
sambara,0.000,0.003,1.000,0.005,0.035,0.014
purgatory,0.000,0.003,1.000,0.005,0.035,0.014
paintbrush,0.000,0.003,1.000,0.005,0.035,0.014
screwdriver,0.000,0.003,1.000,0.005,0.035,0.014
talmud,0.000,0.003,1.000,0.005,0.035,0.014
reagan,0.000,0.003,1.000,0.005,0.035,0.014
gorbachev,0.000,0.003,1.000,0.005,0.035,0.014
dn,0.000,0.003,1.000,0.005,0.035,0.014
sn,0.000,0.003,1.000,0.005,0.035,0.014
conflict-free,0.000,0.003,1.000,0.005,0.035,0.014
desensitizing,0.000,0.005,1.000,0.011,0.017,0.014
actualize,0.000,0.005,1.000,0.011,0.017,0.014
exhaustive,0.000,0.005,1.000,0.011,0.017,0.014
brahmacharya,0.000,0.005,1.000,0.011,0.017,0.014
posturing,0.000,0.005,1.000,0.011,0.017,0.014
misusing,0.000,0.005,1.000,0.011,0.017,0.014
diet,0.000,0.005,1.000,0.011,0.017,0.014
harvey,0.000,0.005,1.000,0.011,0.017,0.014
vajra,0.000,0.005,1.000,0.011,0.017,0.014
surmise,0.000,0.005,1.000,0.011,0.017,0.014
jungian,0.000,0.005,1.000,0.011,0.017,0.014
earnest,0.000,0.003,1.000,0.005,0.035,0.014
dumping,0.000,0.003,1.000,0.005,0.035,0.014
pedestrian,0.000,0.003,1.000,0.005,0.035,0.014
grammatically,0.000,0.003,1.000,0.005,0.035,0.014
rebelling,0.000,0.003,1.000,0.005,0.035,0.014
chipping,0.000,0.003,1.000,0.005,0.035,0.014
liner,0.000,0.003,1.000,0.005,0.035,0.014
truer,0.000,0.003,1.000,0.005,0.035,0.014
multi-year,0.000,0.003,1.000,0.005,0.035,0.014
doubted,0.000,0.003,1.000,0.005,0.035,0.014
manzanita,0.000,0.003,1.000,0.005,0.035,0.014
drill,0.000,0.003,1.000,0.005,0.035,0.014
bracelet,0.000,0.003,1.000,0.005,0.035,0.014
apprehended,0.000,0.003,1.000,0.005,0.035,0.014
heck,0.000,0.003,1.000,0.005,0.035,0.014
overwhelms,0.000,0.003,1.000,0.005,0.035,0.014
unplanned,0.000,0.003,1.000,0.005,0.035,0.014
synonymously,0.000,0.003,1.000,0.005,0.035,0.014
genetics,0.000,0.003,1.000,0.005,0.035,0.014
weakening,0.000,0.003,1.000,0.005,0.035,0.014
redirection,0.000,0.003,1.000,0.005,0.035,0.014
deluding,0.000,0.003,1.000,0.005,0.035,0.014
co-producing,0.000,0.003,1.000,0.005,0.034,0.014
prequel,0.000,0.003,1.000,0.005,0.034,0.014
teaser,0.000,0.003,1.000,0.005,0.034,0.014
pomo,0.000,0.003,1.000,0.005,0.034,0.014
prana,0.000,0.003,1.000,0.005,0.034,0.014
invokes,0.000,0.003,1.000,0.005,0.034,0.014
atapi,0.000,0.003,1.000,0.005,0.034,0.014
perfected,0.000,0.003,1.000,0.005,0.034,0.014
x3,0.000,0.003,1.000,0.005,0.034,0.014
post-european,0.000,0.003,1.000,0.005,0.034,0.014
cross-tradition,0.000,0.003,1.000,0.005,0.034,0.014
autonomic,0.000,0.003,1.000,0.005,0.034,0.014
neurobiological,0.000,0.003,1.000,0.005,0.034,0.014
approach-avoidance,0.000,0.003,1.000,0.005,0.034,0.014
neurobiology,0.000,0.003,1.000,0.005,0.034,0.014
proposing,0.000,0.003,1.000,0.005,0.034,0.014
physiologically,0.000,0.003,1.000,0.005,0.034,0.014
instinctually,0.000,0.003,1.000,0.005,0.034,0.014
floated,0.000,0.003,1.000,0.005,0.034,0.014
expose,0.000,0.003,1.000,0.005,0.034,0.014
somaticized,0.000,0.003,1.000,0.005,0.034,0.014
structurally,0.000,0.003,1.000,0.005,0.034,0.014
unawakened,0.000,0.003,1.000,0.005,0.034,0.014
unpurified,0.000,0.003,1.000,0.005,0.034,0.014
summon,0.000,0.003,1.000,0.005,0.034,0.014
unethically,0.000,0.003,1.000,0.005,0.034,0.014
specially,0.000,0.003,1.000,0.005,0.034,0.014
portentous,0.000,0.003,1.000,0.005,0.034,0.014
14th,0.000,0.003,1.000,0.005,0.034,0.014
8th,0.000,0.003,1.000,0.005,0.034,0.014
uposatha,0.000,0.003,1.000,0.005,0.034,0.014
peacock,0.000,0.003,1.000,0.005,0.034,0.014
rustled,0.000,0.003,1.000,0.005,0.034,0.014
misinformation,0.000,0.003,1.000,0.005,0.034,0.014
november,0.000,0.005,1.000,0.011,0.017,0.014
cheer,0.000,0.005,1.000,0.011,0.017,0.014
anatomical,0.000,0.003,1.000,0.005,0.034,0.014
x-ray,0.000,0.003,1.000,0.005,0.034,0.014
injecting,0.000,0.003,1.000,0.005,0.034,0.014
tar-baby,0.000,0.003,1.000,0.005,0.034,0.014
mph,0.000,0.003,1.000,0.005,0.034,0.014
laced,0.000,0.003,1.000,0.005,0.034,0.014
dictated,0.000,0.003,1.000,0.005,0.034,0.014
circuitous,0.000,0.003,1.000,0.005,0.034,0.014
shoving,0.000,0.003,1.000,0.005,0.034,0.014
jiu-jitsu,0.000,0.003,1.000,0.005,0.034,0.014
anti-aversion,0.000,0.003,1.000,0.005,0.034,0.014
brick,0.000,0.003,1.000,0.005,0.034,0.014
clumsy,0.000,0.005,1.000,0.011,0.017,0.014
angst,0.000,0.003,1.000,0.005,0.034,0.014
unclear,0.000,0.003,1.000,0.005,0.034,0.014
flat-out,0.000,0.003,1.000,0.005,0.034,0.014
bruising,0.000,0.003,1.000,0.005,0.034,0.014
tweaked,0.000,0.003,1.000,0.005,0.034,0.014
bruise,0.000,0.003,1.000,0.005,0.034,0.014
asanka,0.000,0.003,1.000,0.005,0.034,0.014
attainable,0.000,0.003,1.000,0.005,0.034,0.014
three-month-long,0.000,0.003,1.000,0.005,0.034,0.014
perilousness,0.000,0.003,1.000,0.005,0.034,0.014
curated,0.000,0.003,1.000,0.005,0.034,0.014
grumpiness,0.000,0.003,1.000,0.005,0.034,0.014
crankiness,0.000,0.003,1.000,0.005,0.034,0.014
chemist,0.000,0.003,1.000,0.005,0.034,0.014
aggravation,0.000,0.003,1.000,0.005,0.034,0.014
validates,0.000,0.003,1.000,0.005,0.034,0.014
wallow,0.000,0.003,1.000,0.005,0.034,0.014
kim's,0.000,0.003,1.000,0.005,0.034,0.014
subsequently,0.000,0.003,1.000,0.005,0.034,0.014
soledad,0.000,0.003,1.000,0.005,0.034,0.014
co-founded,0.000,0.003,1.000,0.005,0.034,0.014
americorps,0.000,0.003,1.000,0.005,0.034,0.014
affordable,0.000,0.003,1.000,0.005,0.034,0.014
tutorial,0.000,0.003,1.000,0.005,0.034,0.014
awkwardness,0.000,0.003,1.000,0.005,0.034,0.014
rustling,0.000,0.003,1.000,0.005,0.034,0.014
104-hour,0.000,0.003,1.000,0.005,0.034,0.014
14-month,0.000,0.003,1.000,0.005,0.034,0.014
gang,0.000,0.003,1.000,0.005,0.034,0.014
antisocial,0.000,0.003,1.000,0.005,0.034,0.014
max-level,0.000,0.003,1.000,0.005,0.034,0.014
parole,0.000,0.003,1.000,0.005,0.034,0.014
contributor,0.000,0.003,1.000,0.005,0.034,0.014
recidivism,0.000,0.003,1.000,0.005,0.034,0.014
pledge,0.000,0.003,1.000,0.005,0.034,0.014
organizer,0.000,0.003,1.000,0.005,0.034,0.014
grassroots,0.000,0.003,1.000,0.005,0.034,0.014
terrell,0.000,0.003,1.000,0.005,0.034,0.014
merritt,0.000,0.003,1.000,0.005,0.034,0.014
trainee,0.000,0.003,1.000,0.005,0.034,0.014
venn,0.000,0.003,1.000,0.005,0.034,0.014
savior-like,0.000,0.003,1.000,0.005,0.034,0.014
geographically,0.000,0.003,1.000,0.005,0.034,0.014
merciless,0.000,0.003,1.000,0.005,0.034,0.014
murdering,0.000,0.003,1.000,0.005,0.034,0.014
victimized,0.000,0.003,1.000,0.005,0.034,0.014
buckled,0.000,0.003,1.000,0.005,0.034,0.014
paranormal,0.000,0.003,1.000,0.005,0.034,0.014
pasenadi's,0.000,0.003,1.000,0.005,0.034,0.014
cavalry,0.000,0.003,1.000,0.005,0.034,0.014
immoral,0.000,0.003,1.000,0.005,0.034,0.014
tame,0.000,0.003,1.000,0.005,0.034,0.014
retribution,0.000,0.003,1.000,0.005,0.034,0.014
savatthi,0.000,0.003,1.000,0.005,0.034,0.014
predator,0.000,0.003,1.000,0.005,0.034,0.014
state's,0.000,0.003,1.000,0.005,0.034,0.014
bug,0.000,0.005,1.000,0.011,0.017,0.014
tzu's,0.000,0.003,1.000,0.005,0.034,0.014
bridge-building,0.000,0.003,1.000,0.005,0.034,0.014
underestimated,0.000,0.003,1.000,0.005,0.034,0.014
misassociation,0.000,0.003,1.000,0.005,0.034,0.014
backseat,0.000,0.003,1.000,0.005,0.034,0.014
time-based,0.000,0.003,1.000,0.005,0.034,0.014
microwave,0.000,0.003,1.000,0.005,0.034,0.014
oatmeal,0.000,0.003,1.000,0.005,0.034,0.014
five-pound,0.000,0.003,1.000,0.005,0.034,0.014
future-tripping,0.000,0.003,1.000,0.005,0.034,0.014
ecologist,0.000,0.003,1.000,0.005,0.034,0.014
bright-eyed,0.000,0.003,1.000,0.005,0.034,0.014
dad's,0.000,0.003,1.000,0.005,0.034,0.014
whining,0.000,0.003,1.000,0.005,0.034,0.014
parenthood,0.000,0.003,1.000,0.005,0.034,0.014
knelt,0.000,0.003,1.000,0.005,0.034,0.014
soothingly,0.000,0.003,1.000,0.005,0.034,0.014
ironically,0.000,0.003,1.000,0.005,0.034,0.014
kogan,0.000,0.003,1.000,0.005,0.034,0.014
wry,0.000,0.003,1.000,0.005,0.034,0.014
enactment,0.000,0.003,1.000,0.005,0.034,0.014
conflated,0.000,0.003,1.000,0.005,0.034,0.014
one-day,0.000,0.003,1.000,0.005,0.034,0.014
render,0.000,0.003,1.000,0.005,0.034,0.014
personified,0.000,0.003,1.000,0.005,0.034,0.014
anti-apartheid,0.000,0.003,1.000,0.005,0.034,0.014
iceberg,0.000,0.003,1.000,0.005,0.034,0.014
one-word,0.000,0.003,1.000,0.005,0.034,0.014
relabel,0.000,0.003,1.000,0.005,0.034,0.014
polar,0.000,0.003,1.000,0.005,0.034,0.014
xinxin,0.000,0.003,1.000,0.005,0.034,0.014
ming,0.000,0.003,1.000,0.005,0.034,0.014
gravitation,0.000,0.003,1.000,0.005,0.034,0.014
rightfully,0.000,0.003,1.000,0.005,0.034,0.014
mural,0.000,0.003,1.000,0.005,0.034,0.014
refurbished,0.000,0.003,1.000,0.005,0.034,0.014
redone,0.000,0.003,1.000,0.005,0.034,0.014
refurbishment,0.000,0.003,1.000,0.005,0.034,0.014
rebuilding,0.000,0.003,1.000,0.005,0.034,0.014
elementary,0.000,0.003,1.000,0.005,0.034,0.014
tego,0.000,0.003,1.000,0.005,0.034,0.014
inculcating,0.000,0.003,1.000,0.005,0.034,0.014
adapter,0.000,0.003,1.000,0.005,0.034,0.014
accommodating,0.000,0.003,1.000,0.005,0.034,0.014
8th-century,0.000,0.003,1.000,0.005,0.034,0.014
electricity,0.000,0.003,1.000,0.005,0.034,0.014
tourism,0.000,0.003,1.000,0.005,0.034,0.014
utopian,0.000,0.003,1.000,0.005,0.034,0.014
piero,0.000,0.003,1.000,0.005,0.034,0.014
ferrucci,0.000,0.003,1.000,0.005,0.034,0.014
rereading,0.000,0.003,1.000,0.005,0.034,0.014
indebted,0.000,0.003,1.000,0.005,0.034,0.014
condescending,0.000,0.003,1.000,0.005,0.034,0.014
witty,0.000,0.003,1.000,0.005,0.034,0.014
measurable,0.000,0.003,1.000,0.005,0.034,0.014
fountain,0.000,0.003,1.000,0.005,0.034,0.014
khenpo,0.000,0.003,1.000,0.005,0.034,0.014
thimphu,0.000,0.003,1.000,0.005,0.034,0.014
watcher,0.000,0.003,1.000,0.005,0.034,0.014
buzzword,0.000,0.003,1.000,0.005,0.034,0.014
tm,0.000,0.003,1.000,0.005,0.034,0.014
nam,0.000,0.003,1.000,0.005,0.034,0.014
myoho,0.000,0.003,1.000,0.005,0.034,0.014
renge,0.000,0.003,1.000,0.005,0.034,0.014
kyo,0.000,0.003,1.000,0.005,0.034,0.014
bum,0.000,0.003,1.000,0.005,0.034,0.014
acl,0.000,0.003,1.000,0.005,0.034,0.014
cartilage,0.000,0.003,1.000,0.005,0.034,0.014
shredded,0.000,0.003,1.000,0.005,0.034,0.014
meniscus,0.000,0.003,1.000,0.005,0.034,0.014
self-protection,0.000,0.003,1.000,0.005,0.034,0.014
irritates,0.000,0.003,1.000,0.005,0.034,0.014
tamp,0.000,0.003,1.000,0.005,0.034,0.014
overwrought,0.000,0.003,1.000,0.005,0.034,0.014
bemoaning,0.000,0.003,1.000,0.005,0.034,0.014
personnel,0.000,0.003,1.000,0.005,0.034,0.014
retaining,0.000,0.003,1.000,0.005,0.034,0.014
work-life,0.000,0.003,1.000,0.005,0.034,0.014
four-hour,0.000,0.003,1.000,0.005,0.034,0.014
uncle's,0.000,0.003,1.000,0.005,0.034,0.014
overextension,0.000,0.003,1.000,0.005,0.034,0.014
dhi,0.000,0.003,1.000,0.005,0.034,0.014
druk,0.000,0.003,1.000,0.005,0.034,0.014
outlined,0.000,0.003,1.000,0.005,0.034,0.014
gelephu,0.000,0.003,1.000,0.005,0.034,0.014
hong,0.000,0.003,1.000,0.005,0.034,0.014
kong,0.000,0.003,1.000,0.005,0.034,0.014
singapore,0.000,0.003,1.000,0.005,0.034,0.014
mastermind,0.000,0.003,1.000,0.005,0.034,0.014
diplomatic,0.000,0.003,1.000,0.005,0.034,0.014
vassal,0.000,0.003,1.000,0.005,0.034,0.014
atheist,0.000,0.005,1.000,0.011,0.017,0.014
co-managing,0.000,0.003,1.000,0.005,0.034,0.014
bruni,0.000,0.003,1.000,0.005,0.034,0.014
spiel,0.000,0.003,1.000,0.005,0.034,0.014
clock's,0.000,0.003,1.000,0.005,0.034,0.014
giggle,0.000,0.003,1.000,0.005,0.034,0.014
30-something,0.000,0.003,1.000,0.005,0.034,0.014
time-honored,0.000,0.003,1.000,0.005,0.034,0.014
preface,0.000,0.003,1.000,0.005,0.034,0.014
astronomy,0.000,0.003,1.000,0.005,0.034,0.014
enthusiast,0.000,0.003,1.000,0.005,0.034,0.014
astral,0.000,0.003,1.000,0.005,0.034,0.014
haze,0.000,0.003,1.000,0.005,0.034,0.014
hazy,0.000,0.003,1.000,0.005,0.034,0.014
coffee's,0.000,0.003,1.000,0.005,0.034,0.014
dairy-free,0.000,0.003,1.000,0.005,0.034,0.014
creamer,0.000,0.003,1.000,0.005,0.034,0.014
three-week,0.000,0.003,1.000,0.005,0.034,0.014
pup,0.000,0.003,1.000,0.005,0.034,0.014
cabin,0.000,0.003,1.000,0.005,0.034,0.014
nudging,0.000,0.003,1.000,0.005,0.034,0.014
whisk,0.000,0.003,1.000,0.005,0.034,0.014
light-hearted,0.000,0.003,1.000,0.005,0.034,0.014
constitute,0.000,0.003,1.000,0.005,0.034,0.014
anticlimactic,0.000,0.003,1.000,0.005,0.034,0.014
enchanted,0.000,0.003,1.000,0.005,0.034,0.014
gil-ism,0.000,0.003,1.000,0.005,0.034,0.014
clause,0.000,0.003,1.000,0.005,0.034,0.014
impudent,0.000,0.003,1.000,0.005,0.034,0.014
swollen,0.000,0.003,1.000,0.005,0.034,0.014
passionless,0.000,0.003,1.000,0.005,0.034,0.014
me-ing,0.000,0.003,1.000,0.005,0.034,0.014
semi-adequate,0.000,0.003,1.000,0.005,0.034,0.014
year-round,0.000,0.003,1.000,0.005,0.033,0.013
clickity-click-click,0.000,0.003,1.000,0.005,0.033,0.013
valorization,0.000,0.003,1.000,0.005,0.033,0.013
rap,0.000,0.003,1.000,0.005,0.033,0.013
eliminated,0.000,0.003,1.000,0.005,0.033,0.013
rhizome,0.000,0.003,1.000,0.005,0.033,0.013
fungi,0.000,0.003,1.000,0.005,0.033,0.013
grande,0.000,0.003,1.000,0.005,0.033,0.013
burrito,0.000,0.003,1.000,0.005,0.033,0.013
financially,0.000,0.003,1.000,0.005,0.033,0.013
ecologically,0.000,0.003,1.000,0.005,0.033,0.013
electric,0.000,0.003,1.000,0.005,0.033,0.013
obtain,0.000,0.003,1.000,0.005,0.033,0.013
gregarious,0.000,0.003,1.000,0.005,0.033,0.013
fantastical,0.000,0.003,1.000,0.005,0.033,0.013
pejorative,0.000,0.003,1.000,0.005,0.033,0.013
unloved,0.000,0.003,1.000,0.005,0.033,0.013
shop's,0.000,0.003,1.000,0.005,0.033,0.013
gingerbread,0.000,0.003,1.000,0.005,0.033,0.013
not-so-wholesome,0.000,0.003,1.000,0.005,0.033,0.013
hurdle,0.000,0.003,1.000,0.005,0.033,0.013
25th,0.000,0.005,1.000,0.011,0.017,0.013
question-discussion,0.000,0.003,1.000,0.005,0.033,0.013
geographical,0.000,0.003,1.000,0.005,0.033,0.013
german,0.000,0.003,1.000,0.005,0.033,0.013
schadenfreude,0.000,0.003,1.000,0.005,0.033,0.013
drunkard's,0.000,0.003,1.000,0.005,0.033,0.013
mlodinow,0.000,0.003,1.000,0.005,0.033,0.013
agama,0.000,0.003,1.000,0.005,0.033,0.013
presupposition,0.000,0.003,1.000,0.005,0.033,0.013
colonial,0.000,0.003,1.000,0.005,0.033,0.013
confines,0.000,0.003,1.000,0.005,0.033,0.013
korean,0.000,0.003,1.000,0.005,0.033,0.013
dismemberment,0.000,0.003,1.000,0.005,0.033,0.013
forgetful,0.000,0.003,1.000,0.005,0.033,0.013
dante,0.000,0.003,1.000,0.005,0.033,0.013
bernhardt,0.000,0.003,1.000,0.005,0.033,0.013
entailed,0.000,0.003,1.000,0.005,0.033,0.013
repetitiveness,0.000,0.003,1.000,0.005,0.033,0.013
ritualistic,0.000,0.003,1.000,0.005,0.033,0.013
inferiority,0.000,0.003,1.000,0.005,0.033,0.013
modernization,0.000,0.003,1.000,0.005,0.033,0.013
secularization,0.000,0.003,1.000,0.005,0.033,0.013
super-duper,0.000,0.003,1.000,0.005,0.033,0.013
analytics,0.000,0.003,1.000,0.005,0.033,0.013
bernat's,0.000,0.003,1.000,0.005,0.033,0.013
secularizing,0.000,0.003,1.000,0.005,0.033,0.013
reductionism,0.000,0.003,1.000,0.005,0.033,0.013
cortisol,0.000,0.003,1.000,0.005,0.033,0.013
evan,0.000,0.003,1.000,0.005,0.033,0.013
thompson,0.000,0.003,1.000,0.005,0.033,0.013
denseness,0.000,0.003,1.000,0.005,0.033,0.013
pessimism,0.000,0.003,1.000,0.005,0.033,0.013
tugging,0.000,0.003,1.000,0.005,0.033,0.013
refusal,0.000,0.003,1.000,0.005,0.033,0.013
tinker,0.000,0.003,1.000,0.005,0.033,0.013
plastering,0.000,0.003,1.000,0.005,0.033,0.013
looped,0.000,0.003,1.000,0.005,0.033,0.013
sensitizes,0.000,0.003,1.000,0.005,0.033,0.013
amplifying,0.000,0.003,1.000,0.005,0.033,0.013
crafting,0.000,0.003,1.000,0.005,0.033,0.013
peer-reviewed,0.000,0.003,1.000,0.005,0.033,0.013
denigrate,0.000,0.003,1.000,0.005,0.033,0.013
drowns,0.000,0.003,1.000,0.005,0.033,0.013
terribleness,0.000,0.003,1.000,0.005,0.033,0.013
10-second,0.000,0.003,1.000,0.005,0.033,0.013
30-second,0.000,0.003,1.000,0.005,0.033,0.013
intensification,0.000,0.003,1.000,0.005,0.033,0.013
re-feel,0.000,0.003,1.000,0.005,0.033,0.013
chastising,0.000,0.003,1.000,0.005,0.033,0.013
beautifulness,0.000,0.003,1.000,0.005,0.033,0.013
admiral,0.000,0.003,1.000,0.005,0.033,0.013
vancouver,0.000,0.003,1.000,0.005,0.033,0.013
biochemical,0.000,0.003,1.000,0.005,0.033,0.013
blackboard,0.000,0.003,1.000,0.005,0.033,0.013
stunned,0.000,0.003,1.000,0.005,0.033,0.013
headland,0.000,0.003,1.000,0.005,0.033,0.013
tam,0.000,0.003,1.000,0.005,0.033,0.013
old-growth,0.000,0.003,1.000,0.005,0.033,0.013
muir,0.000,0.003,1.000,0.005,0.033,0.013
logged,0.000,0.003,1.000,0.005,0.033,0.013
spectacular,0.000,0.003,1.000,0.005,0.033,0.013
coastline,0.000,0.003,1.000,0.005,0.033,0.013
pulgas,0.000,0.003,1.000,0.005,0.033,0.013
depicts,0.000,0.003,1.000,0.005,0.033,0.013
drape,0.000,0.003,1.000,0.005,0.033,0.013
trickster,0.000,0.003,1.000,0.005,0.033,0.013
tempter,0.000,0.003,1.000,0.005,0.033,0.013
parental,0.000,0.003,1.000,0.005,0.033,0.013
survives,0.000,0.003,1.000,0.005,0.033,0.013
entourage,0.000,0.003,1.000,0.005,0.033,0.013
log,0.000,0.003,1.000,0.005,0.033,0.013
stab,0.000,0.003,1.000,0.005,0.033,0.013
stead,0.000,0.003,1.000,0.005,0.033,0.013
anthropologist,0.000,0.003,1.000,0.005,0.033,0.013
auditorium,0.000,0.003,1.000,0.005,0.033,0.013
overspecializes,0.000,0.003,1.000,0.005,0.033,0.013
woolly,0.000,0.003,1.000,0.005,0.033,0.013
mammoth,0.000,0.003,1.000,0.005,0.033,0.013
adriatic,0.000,0.003,1.000,0.005,0.033,0.013
starkness,0.000,0.003,1.000,0.005,0.033,0.013
orchard,0.000,0.003,1.000,0.005,0.033,0.013
vas,0.000,0.003,1.000,0.005,0.033,0.013
pottery,0.000,0.003,1.000,0.005,0.033,0.013
shard,0.000,0.003,1.000,0.005,0.033,0.013
vegetation,0.000,0.003,1.000,0.005,0.033,0.013
mesopotamia,0.000,0.003,1.000,0.005,0.033,0.013
overused,0.000,0.003,1.000,0.005,0.033,0.013
overspecialize,0.000,0.003,1.000,0.005,0.033,0.013
runny,0.000,0.003,1.000,0.005,0.033,0.013
catalytic,0.000,0.003,1.000,0.005,0.033,0.013
converter,0.000,0.003,1.000,0.005,0.033,0.013
metaphoric,0.000,0.003,1.000,0.005,0.033,0.013
self-replication,0.000,0.003,1.000,0.005,0.033,0.013
noodleman,0.000,0.003,1.000,0.005,0.033,0.013
ingrid,0.000,0.003,1.000,0.005,0.033,0.013
drake,0.000,0.003,1.000,0.005,0.033,0.013
rot,0.000,0.003,1.000,0.005,0.033,0.013
rust,0.000,0.003,1.000,0.005,0.033,0.013
fallopian,0.000,0.003,1.000,0.005,0.033,0.013
synthetically,0.000,0.003,1.000,0.005,0.033,0.013
womb-like,0.000,0.003,1.000,0.005,0.033,0.013
decoration,0.000,0.003,1.000,0.005,0.033,0.013
participatory,0.000,0.003,1.000,0.005,0.033,0.013
dominance,0.000,0.003,1.000,0.005,0.033,0.013
re-remember,0.000,0.003,1.000,0.005,0.033,0.013
residence,0.000,0.003,1.000,0.005,0.033,0.013
edgewood,0.000,0.003,1.000,0.005,0.033,0.013
cemetery,0.000,0.003,1.000,0.005,0.033,0.013
bury,0.000,0.003,1.000,0.005,0.033,0.013
tennessee,0.000,0.003,1.000,0.005,0.033,0.013
earworm,0.000,0.003,1.000,0.005,0.033,0.013
boiled,0.000,0.003,1.000,0.005,0.033,0.013
old-fashioned,0.000,0.003,1.000,0.005,0.033,0.013
x's,0.000,0.003,1.000,0.005,0.033,0.013
bulleted,0.000,0.003,1.000,0.005,0.033,0.013
margin,0.000,0.003,1.000,0.005,0.033,0.013
confrontational,0.000,0.003,1.000,0.005,0.033,0.013
transitioning,0.000,0.003,1.000,0.005,0.033,0.013
infield,0.000,0.003,1.000,0.005,0.033,0.013
thrashing,0.000,0.003,1.000,0.005,0.033,0.013
pomegranate,0.000,0.003,1.000,0.005,0.033,0.013
racket,0.000,0.003,1.000,0.005,0.033,0.013
wide-open,0.000,0.003,1.000,0.005,0.033,0.013
trojan,0.000,0.003,1.000,0.005,0.033,0.013
confessed,0.000,0.003,1.000,0.005,0.033,0.013
fluffy,0.000,0.003,1.000,0.005,0.033,0.013
slipper,0.000,0.003,1.000,0.005,0.033,0.013
cornered,0.000,0.003,1.000,0.005,0.033,0.013
whilst,0.000,0.003,1.000,0.005,0.033,0.013
demise,0.000,0.003,1.000,0.005,0.033,0.013
quick-witted,0.000,0.005,1.000,0.011,0.016,0.013
reputable,0.000,0.003,1.000,0.005,0.033,0.013
federal,0.000,0.003,1.000,0.005,0.033,0.013
cooperated,0.000,0.003,1.000,0.005,0.033,0.013
usaid,0.000,0.003,1.000,0.005,0.033,0.013
yearlong,0.000,0.003,1.000,0.005,0.033,0.013
year-and-a-half,0.000,0.003,1.000,0.005,0.033,0.013
chaplaincy-informed,0.000,0.003,1.000,0.005,0.033,0.013
publicized,0.000,0.003,1.000,0.005,0.033,0.013
dismayed,0.000,0.003,1.000,0.005,0.033,0.013
sophie's,0.000,0.003,1.000,0.005,0.033,0.013
walkout,0.000,0.003,1.000,0.005,0.033,0.013
alarming,0.000,0.003,1.000,0.005,0.033,0.013
underplaying,0.000,0.003,1.000,0.005,0.033,0.013
warfare,0.000,0.003,1.000,0.005,0.033,0.013
serenely,0.000,0.003,1.000,0.005,0.033,0.013
usurped,0.000,0.003,1.000,0.005,0.033,0.013
chiasmus,0.000,0.003,1.000,0.005,0.033,0.013
homer,0.000,0.003,1.000,0.005,0.033,0.013
myth-telling,0.000,0.003,1.000,0.005,0.033,0.013
woodworker,0.000,0.003,1.000,0.005,0.033,0.013
wealthiest,0.000,0.003,1.000,0.005,0.033,0.013
wheel-turning,0.000,0.003,1.000,0.005,0.033,0.013
venerate,0.000,0.003,1.000,0.005,0.033,0.013
aristocrat,0.000,0.003,1.000,0.005,0.033,0.013
prevail,0.000,0.003,1.000,0.005,0.033,0.013
disparaged,0.000,0.003,1.000,0.005,0.033,0.013
coveting,0.000,0.003,1.000,0.005,0.033,0.013
marriageable,0.000,0.003,1.000,0.005,0.033,0.013
tutor,0.000,0.003,1.000,0.005,0.033,0.013
dissolute,0.000,0.003,1.000,0.005,0.033,0.013
goat,0.000,0.003,1.000,0.005,0.033,0.013
sheep,0.000,0.003,1.000,0.005,0.033,0.013
jackal,0.000,0.003,1.000,0.005,0.033,0.013
limbo,0.000,0.003,1.000,0.005,0.033,0.013
interim,0.000,0.003,1.000,0.005,0.033,0.013
riverlands,0.000,0.003,1.000,0.005,0.033,0.013
non-violently,0.000,0.003,1.000,0.005,0.033,0.013
seven-day,0.000,0.003,1.000,0.005,0.033,0.013
undertook,0.000,0.003,1.000,0.005,0.033,0.013
poorest,0.000,0.003,1.000,0.005,0.033,0.013
governance,0.000,0.003,1.000,0.005,0.033,0.013
kingship,0.000,0.003,1.000,0.005,0.032,0.013
revolt,0.000,0.003,1.000,0.005,0.032,0.013
drastically,0.000,0.003,1.000,0.005,0.032,0.013
simpleness,0.000,0.003,1.000,0.005,0.032,0.013
wisest,0.000,0.003,1.000,0.005,0.032,0.013
shoved,0.000,0.003,1.000,0.005,0.032,0.013
propels,0.000,0.003,1.000,0.005,0.032,0.013
bifurcated,0.000,0.003,1.000,0.005,0.032,0.013
knucklehead,0.000,0.003,1.000,0.005,0.032,0.013
anxiousness,0.000,0.003,1.000,0.005,0.032,0.013
bifurcation,0.000,0.003,1.000,0.005,0.032,0.013
alt-middle,0.000,0.003,1.000,0.005,0.032,0.013
abreast,0.000,0.003,1.000,0.005,0.032,0.013
virus,0.000,0.003,1.000,0.005,0.032,0.013
bacteria,0.000,0.003,1.000,0.005,0.032,0.013
citing,0.000,0.003,1.000,0.005,0.032,0.013
pronouncing,0.000,0.003,1.000,0.005,0.032,0.013
byron,0.000,0.003,1.000,0.005,0.032,0.013
katie's,0.000,0.003,1.000,0.005,0.032,0.013
schoolyard,0.000,0.003,1.000,0.005,0.032,0.013
plant's,0.000,0.003,1.000,0.005,0.032,0.013
mlk,0.000,0.003,1.000,0.005,0.032,0.013
poster,0.000,0.003,1.000,0.005,0.032,0.013
albert,0.000,0.003,1.000,0.005,0.032,0.013
einstein,0.000,0.003,1.000,0.005,0.032,0.013
denotes,0.000,0.003,1.000,0.005,0.032,0.013
unscattered,0.000,0.003,1.000,0.005,0.032,0.013
ew,0.000,0.003,1.000,0.005,0.032,0.013
grease,0.000,0.003,1.000,0.005,0.032,0.013
dishwater,0.000,0.003,1.000,0.005,0.032,0.013
value-laden,0.000,0.003,1.000,0.005,0.032,0.013
forward-thinking,0.000,0.003,1.000,0.005,0.032,0.013
toxic,0.000,0.003,1.000,0.005,0.032,0.013
flitting,0.000,0.003,1.000,0.005,0.032,0.013
sleep-deprived,0.000,0.003,1.000,0.005,0.032,0.013
furtherance,0.000,0.003,1.000,0.005,0.032,0.013
poacher,0.000,0.003,1.000,0.005,0.032,0.013
enclosure,0.000,0.003,1.000,0.005,0.032,0.013
nekkhamma,0.000,0.003,1.000,0.005,0.032,0.013
anupubba,0.000,0.003,1.000,0.005,0.032,0.013
delivered,0.000,0.003,1.000,0.005,0.032,0.013
four-hour-long,0.000,0.003,1.000,0.005,0.032,0.013
declares,0.000,0.003,1.000,0.005,0.032,0.013
leper,0.000,0.003,1.000,0.005,0.032,0.013
upali's,0.000,0.003,1.000,0.005,0.032,0.013
indicative,0.000,0.003,1.000,0.005,0.032,0.013
encapsulate,0.000,0.003,1.000,0.005,0.032,0.013
expounds,0.000,0.003,1.000,0.005,0.032,0.013
labeled,0.000,0.003,1.000,0.005,0.032,0.013
non-intoxication,0.000,0.003,1.000,0.005,0.032,0.013
hawaii,0.000,0.003,1.000,0.005,0.032,0.013
frenetic,0.000,0.003,1.000,0.005,0.032,0.013
intrepidity,0.000,0.003,1.000,0.005,0.032,0.013
dustless,0.000,0.003,1.000,0.005,0.032,0.013
stainless,0.000,0.003,1.000,0.005,0.032,0.013
deduction,0.000,0.003,1.000,0.005,0.032,0.013
reverential,0.000,0.003,1.000,0.005,0.032,0.013
irrevocably,0.000,0.003,1.000,0.005,0.032,0.013
upalis,0.000,0.003,1.000,0.005,0.032,0.013
mahavira,0.000,0.003,1.000,0.005,0.032,0.013
hilariously,0.000,0.003,1.000,0.005,0.032,0.013
eulogy,0.000,0.003,1.000,0.005,0.032,0.013
buoyed,0.000,0.003,1.000,0.005,0.032,0.013
acquires,0.000,0.003,1.000,0.005,0.032,0.013
boost,0.000,0.003,1.000,0.005,0.032,0.013
janus,0.000,0.003,1.000,0.005,0.032,0.013
tally,0.000,0.003,1.000,0.005,0.032,0.013
ember,0.000,0.003,1.000,0.005,0.032,0.013
reaffirms,0.000,0.003,1.000,0.005,0.032,0.013
nicety,0.000,0.003,1.000,0.005,0.032,0.013
self-mortification,0.000,0.003,1.000,0.005,0.032,0.013
pleasantry,0.000,0.003,1.000,0.005,0.032,0.013
excerpting,0.000,0.003,1.000,0.005,0.032,0.013
proclaims,0.000,0.003,1.000,0.005,0.032,0.013
over-anchor,0.000,0.003,1.000,0.005,0.032,0.013
fallibility,0.000,0.003,1.000,0.005,0.032,0.013
pieced,0.000,0.003,1.000,0.005,0.032,0.013
conrad,0.000,0.003,1.000,0.005,0.032,0.013
snowman,0.000,0.003,1.000,0.005,0.032,0.013
squeaky-clean,0.000,0.003,1.000,0.005,0.032,0.013
robotic,0.000,0.003,1.000,0.005,0.032,0.013
sappy,0.000,0.003,1.000,0.005,0.032,0.013
sprouting,0.000,0.003,1.000,0.005,0.032,0.013
reprise,0.000,0.003,1.000,0.005,0.032,0.013
assassinate,0.000,0.003,1.000,0.005,0.032,0.013
terrorist,0.000,0.003,1.000,0.005,0.032,0.013
300th,0.000,0.003,1.000,0.005,0.032,0.013
dressing,0.000,0.003,1.000,0.005,0.032,0.013
paradoxically,0.000,0.003,1.000,0.005,0.032,0.013
lively,0.000,0.003,1.000,0.005,0.032,0.013
undeniably,0.000,0.003,1.000,0.005,0.032,0.013
bounteous,0.000,0.003,1.000,0.005,0.032,0.013
riotous,0.000,0.003,1.000,0.005,0.032,0.013
profusion,0.000,0.003,1.000,0.005,0.032,0.013
manages,0.000,0.003,1.000,0.005,0.032,0.013
replenishing,0.000,0.003,1.000,0.005,0.032,0.013
savage,0.000,0.003,1.000,0.005,0.032,0.013
sanitation,0.000,0.003,1.000,0.005,0.032,0.013
dunkin,0.000,0.003,1.000,0.005,0.032,0.013
donut,0.000,0.003,1.000,0.005,0.032,0.013
bro,0.000,0.003,1.000,0.005,0.032,0.013
leisure,0.000,0.003,1.000,0.005,0.032,0.013
variant,0.000,0.003,1.000,0.005,0.032,0.013
lantern,0.000,0.003,1.000,0.005,0.032,0.013
tuned-out,0.000,0.003,1.000,0.005,0.032,0.013
iconic,0.000,0.003,1.000,0.005,0.032,0.013
pediatrician,0.000,0.003,1.000,0.005,0.032,0.013
moffett,0.000,0.003,1.000,0.005,0.032,0.013
fixer,0.000,0.003,1.000,0.005,0.032,0.013
so-so,0.000,0.003,1.000,0.005,0.032,0.013
condoled,0.000,0.003,1.000,0.005,0.032,0.013
saddle,0.000,0.003,1.000,0.005,0.032,0.013
recovering,0.000,0.003,1.000,0.005,0.032,0.013
emperor's,0.000,0.003,1.000,0.005,0.032,0.013
conscripted,0.000,0.003,1.000,0.005,0.032,0.013
supplement,0.000,0.003,1.000,0.005,0.032,0.013
vigor,0.000,0.003,1.000,0.005,0.032,0.013
sobering,0.000,0.003,1.000,0.005,0.032,0.013
jolt,0.000,0.003,1.000,0.005,0.032,0.013
time's,0.000,0.003,1.000,0.005,0.032,0.013
dispensing,0.000,0.003,1.000,0.005,0.032,0.013
intensifies,0.000,0.003,1.000,0.005,0.032,0.013
manageable,0.000,0.003,1.000,0.005,0.032,0.013
impedes,0.000,0.003,1.000,0.005,0.032,0.013
mapping,0.000,0.003,1.000,0.005,0.032,0.013
implant,0.000,0.003,1.000,0.005,0.032,0.013
blanking,0.000,0.003,1.000,0.005,0.032,0.013
succinctly,0.000,0.003,1.000,0.005,0.032,0.013
manufacturer,0.000,0.003,1.000,0.005,0.032,0.013
barge,0.000,0.003,1.000,0.005,0.032,0.013
striver,0.000,0.003,1.000,0.005,0.032,0.013
overexert,0.000,0.003,1.000,0.005,0.032,0.013
wagoner,0.000,0.003,1.000,0.005,0.032,0.013
brood,0.000,0.003,1.000,0.005,0.032,0.013
mournfully,0.000,0.003,1.000,0.005,0.032,0.013
puffy,0.000,0.003,1.000,0.005,0.032,0.013
counterbalance,0.000,0.003,1.000,0.005,0.032,0.013
quantifiable,0.000,0.003,1.000,0.005,0.032,0.013
commodity,0.000,0.003,1.000,0.005,0.032,0.013
rummaging,0.000,0.003,1.000,0.005,0.032,0.013
purse,0.000,0.003,1.000,0.005,0.032,0.013
growling,0.000,0.003,1.000,0.005,0.032,0.013
flagellating,0.000,0.003,1.000,0.005,0.032,0.013
panacea,0.000,0.003,1.000,0.005,0.032,0.013
weighty,0.000,0.003,1.000,0.005,0.032,0.013
tunneling,0.000,0.003,1.000,0.005,0.032,0.013
wormlike,0.000,0.003,1.000,0.005,0.032,0.013
burrow,0.000,0.003,1.000,0.005,0.032,0.013
porosity,0.000,0.003,1.000,0.005,0.032,0.013
trodden,0.000,0.003,1.000,0.005,0.032,0.013
grayness,0.000,0.003,1.000,0.005,0.032,0.013
arduous,0.000,0.003,1.000,0.005,0.032,0.013
ticked,0.000,0.003,1.000,0.005,0.032,0.013
twas,0.000,0.003,1.000,0.005,0.032,0.013
ungrateful,0.000,0.003,1.000,0.005,0.032,0.013
dispelled,0.000,0.003,1.000,0.005,0.032,0.013
changeability,0.000,0.003,1.000,0.005,0.032,0.013
discarding,0.000,0.003,1.000,0.005,0.032,0.013
me-versus-you,0.000,0.003,1.000,0.005,0.032,0.013
accusing,0.000,0.003,1.000,0.005,0.032,0.013
fabricate,0.000,0.003,1.000,0.005,0.032,0.013
five-year-old,0.000,0.003,1.000,0.005,0.032,0.013
interacted,0.000,0.003,1.000,0.005,0.032,0.013
wronged,0.000,0.003,1.000,0.005,0.032,0.013
ufo,0.000,0.003,1.000,0.005,0.032,0.013
lena,0.000,0.003,1.000,0.005,0.032,0.013
grinding,0.000,0.003,1.000,0.005,0.032,0.013
misinterpreting,0.000,0.003,1.000,0.005,0.032,0.013
coworkers,0.000,0.003,1.000,0.005,0.032,0.013
progressing,0.000,0.005,1.000,0.011,0.016,0.013
hvac,0.000,0.003,1.000,0.005,0.031,0.013
system's,0.000,0.003,1.000,0.005,0.031,0.013
thing's,0.000,0.003,1.000,0.005,0.031,0.013
bozo,0.000,0.003,1.000,0.005,0.031,0.013
mini-daydream,0.000,0.003,1.000,0.005,0.031,0.013
sewing,0.000,0.003,1.000,0.005,0.031,0.013
countered,0.000,0.003,1.000,0.005,0.031,0.013
nucleus,0.000,0.003,1.000,0.005,0.031,0.013
stitching,0.000,0.003,1.000,0.005,0.031,0.013
metaphysically,0.000,0.003,1.000,0.005,0.031,0.013
ideological,0.000,0.003,1.000,0.005,0.031,0.013
ism,0.000,0.003,1.000,0.005,0.031,0.013
linguistics,0.000,0.003,1.000,0.005,0.031,0.013
shoreline,0.000,0.003,1.000,0.005,0.031,0.013
amphitheater,0.000,0.003,1.000,0.005,0.031,0.013
four-day,0.000,0.003,1.000,0.005,0.031,0.013
energize,0.000,0.003,1.000,0.005,0.031,0.013
intermission,0.000,0.003,1.000,0.005,0.031,0.013
sauce,0.000,0.003,1.000,0.005,0.031,0.013
long-time,0.000,0.003,1.000,0.005,0.031,0.013
best-rated,0.000,0.003,1.000,0.005,0.031,0.013
defunded,0.000,0.003,1.000,0.005,0.031,0.013
co-teacher,0.000,0.003,1.000,0.005,0.031,0.013
abel,0.000,0.003,1.000,0.005,0.031,0.013
alleviating,0.000,0.003,1.000,0.005,0.031,0.013
not-so-kind,0.000,0.003,1.000,0.005,0.031,0.013
hereditary,0.000,0.003,1.000,0.005,0.031,0.013
brahmin-hood,0.000,0.003,1.000,0.005,0.031,0.013
fray,0.000,0.003,1.000,0.005,0.031,0.013
canonized,0.000,0.003,1.000,0.005,0.031,0.013
endures,0.000,0.003,1.000,0.005,0.031,0.013
forbearance,0.000,0.003,1.000,0.005,0.031,0.013
shying,0.000,0.003,1.000,0.005,0.031,0.013
oppresses,0.000,0.003,1.000,0.005,0.031,0.013
complicatedly,0.000,0.003,1.000,0.005,0.031,0.013
volleyball,0.000,0.003,1.000,0.005,0.031,0.013
atta-bhava,0.000,0.003,1.000,0.005,0.031,0.013
clinger,0.000,0.003,1.000,0.005,0.031,0.013
demigod,0.000,0.003,1.000,0.005,0.031,0.013
demi-satan,0.000,0.003,1.000,0.005,0.031,0.013
personing,0.000,0.003,1.000,0.005,0.031,0.013
driveway,0.000,0.003,1.000,0.005,0.031,0.013
deaf,0.000,0.003,1.000,0.005,0.031,0.013
not-so-good,0.000,0.003,1.000,0.005,0.031,0.013
negate,0.000,0.003,1.000,0.005,0.031,0.013
typing,0.000,0.005,1.000,0.011,0.016,0.013
successfully,0.000,0.005,1.000,0.011,0.016,0.013
exam,0.000,0.005,1.000,0.011,0.016,0.013
colorado,0.000,0.003,1.000,0.005,0.031,0.013
action-related,0.000,0.003,1.000,0.005,0.031,0.013
charlie,0.000,0.003,1.000,0.005,0.031,0.013
lucy,0.000,0.003,1.000,0.005,0.031,0.013
senegal,0.000,0.003,1.000,0.005,0.031,0.013
atlantic,0.000,0.003,1.000,0.005,0.031,0.013
ingenuity,0.000,0.005,1.000,0.011,0.015,0.013
feminine,0.000,0.003,1.000,0.005,0.031,0.013
motherhood,0.000,0.003,1.000,0.005,0.031,0.013
victor,0.000,0.003,1.000,0.005,0.031,0.013
reinvent,0.000,0.003,1.000,0.005,0.031,0.013
subpersonality,0.000,0.003,1.000,0.005,0.031,0.013
distractedness,0.000,0.003,1.000,0.005,0.031,0.013
untold,0.000,0.003,1.000,0.005,0.031,0.013
philosophizing,0.000,0.003,1.000,0.005,0.031,0.013
hmph,0.000,0.003,1.000,0.005,0.031,0.013
kindhearted,0.000,0.003,1.000,0.005,0.031,0.013
non-truth,0.000,0.003,1.000,0.005,0.031,0.013
weingast's,0.000,0.003,1.000,0.005,0.031,0.013
fetishizes,0.000,0.003,1.000,0.005,0.031,0.013
ksanti,0.000,0.003,1.000,0.005,0.031,0.013
etymological,0.000,0.003,1.000,0.005,0.031,0.013
ksam,0.000,0.003,1.000,0.005,0.031,0.013
feces,0.000,0.003,1.000,0.005,0.031,0.013
pu,0.000,0.003,1.000,0.005,0.031,0.013
largess,0.000,0.003,1.000,0.005,0.031,0.013
earthlike,0.000,0.003,1.000,0.005,0.031,0.013
de-nourishes,0.000,0.003,1.000,0.005,0.031,0.013
stained,0.000,0.003,1.000,0.005,0.031,0.013
bleach,0.000,0.003,1.000,0.005,0.031,0.013
worked-up,0.000,0.003,1.000,0.005,0.031,0.013
redefine,0.000,0.003,1.000,0.005,0.031,0.013
stiffening,0.000,0.003,1.000,0.005,0.031,0.013
steeling,0.000,0.003,1.000,0.005,0.031,0.013
behaviorally,0.000,0.003,1.000,0.005,0.031,0.013
barrel,0.000,0.003,1.000,0.005,0.031,0.013
recreational,0.000,0.003,1.000,0.005,0.031,0.013
sweetly,0.000,0.003,1.000,0.005,0.030,0.013
humanizing,0.000,0.003,1.000,0.005,0.030,0.013
mucky,0.000,0.003,1.000,0.005,0.030,0.013
liven,0.000,0.003,1.000,0.005,0.030,0.013
non-contemplative,0.000,0.003,1.000,0.005,0.030,0.013
cynicism,0.000,0.003,1.000,0.005,0.030,0.013
vehement,0.000,0.003,1.000,0.005,0.030,0.013
effervescent,0.000,0.003,1.000,0.005,0.030,0.013
visibility,0.000,0.003,1.000,0.005,0.030,0.013
tautologically,0.000,0.003,1.000,0.005,0.030,0.013
togetherness,0.000,0.003,1.000,0.005,0.030,0.013
non-existent,0.000,0.003,1.000,0.005,0.030,0.013
caretake,0.000,0.003,1.000,0.005,0.030,0.013
sisyphus,0.000,0.003,1.000,0.005,0.030,0.013
revelatory,0.000,0.003,1.000,0.005,0.030,0.013
ambulance,0.000,0.003,1.000,0.005,0.030,0.013
sailboat's,0.000,0.003,1.000,0.005,0.030,0.013
entrapped,0.000,0.003,1.000,0.005,0.030,0.013
unveiling,0.000,0.003,1.000,0.005,0.030,0.013
reproducing,0.000,0.003,1.000,0.005,0.030,0.013
unconstructed,0.000,0.003,1.000,0.005,0.030,0.013
non-buddhists,0.000,0.005,1.000,0.011,0.015,0.013
portrait,0.000,0.005,1.000,0.011,0.015,0.013
piety,0.000,0.005,1.000,0.011,0.015,0.013
shantideva,0.000,0.005,1.000,0.011,0.015,0.013
alcove,0.000,0.003,1.000,0.005,0.030,0.013
buddhist-kind,0.000,0.003,1.000,0.005,0.030,0.013
stimulus-reaction,0.000,0.003,1.000,0.005,0.030,0.013
shyer,0.000,0.003,1.000,0.005,0.030,0.013
hyper-awake,0.000,0.003,1.000,0.005,0.030,0.013
hyper-alert,0.000,0.003,1.000,0.005,0.030,0.013
asynchronously,0.000,0.003,1.000,0.005,0.030,0.013
ride-shares,0.000,0.003,1.000,0.005,0.030,0.013
recapping,0.000,0.003,1.000,0.005,0.030,0.013
poodleish,0.000,0.003,1.000,0.005,0.030,0.013
pooping,0.000,0.003,1.000,0.005,0.030,0.013
remodel,0.000,0.003,1.000,0.005,0.030,0.013
mary's,0.000,0.003,1.000,0.005,0.030,0.013
sharon's,0.000,0.003,1.000,0.005,0.030,0.013
steamroll,0.000,0.003,1.000,0.005,0.030,0.013
opposing,0.000,0.003,1.000,0.005,0.030,0.013
machination,0.000,0.003,1.000,0.005,0.030,0.013
non-verbally,0.000,0.003,1.000,0.005,0.030,0.013
deceiver,0.000,0.003,1.000,0.005,0.030,0.013
non-deception,0.000,0.003,1.000,0.005,0.030,0.013
reconciling,0.000,0.003,1.000,0.005,0.030,0.013
cementing,0.000,0.003,1.000,0.005,0.030,0.013
irreproachable,0.000,0.003,1.000,0.005,0.030,0.013
excels,0.000,0.003,1.000,0.005,0.030,0.013
reproved,0.000,0.003,1.000,0.005,0.030,0.013
covert,0.000,0.003,1.000,0.005,0.030,0.013
disparages,0.000,0.003,1.000,0.005,0.030,0.013
hominem,0.000,0.003,1.000,0.005,0.030,0.013
passionately,0.000,0.005,1.000,0.011,0.015,0.013
circumscribed,0.000,0.003,1.000,0.005,0.029,0.013
geography,0.000,0.003,1.000,0.005,0.029,0.013
jargon,0.000,0.003,1.000,0.005,0.029,0.013
mini-gods,0.000,0.003,1.000,0.005,0.029,0.013
fatalistic,0.000,0.003,1.000,0.005,0.029,0.013
withered,0.000,0.003,1.000,0.005,0.029,0.013
wilted,0.000,0.003,1.000,0.005,0.029,0.013
waiter,0.000,0.003,1.000,0.005,0.029,0.013
yelp,0.000,0.003,1.000,0.005,0.029,0.013
toothache,0.000,0.003,1.000,0.005,0.029,0.013
devalues,0.000,0.003,1.000,0.005,0.029,0.013
world-denial,0.000,0.003,1.000,0.005,0.029,0.013
unreliability,0.000,0.003,1.000,0.005,0.029,0.013
inclemency,0.000,0.003,1.000,0.005,0.029,0.013
catalan,0.000,0.003,1.000,0.005,0.029,0.013
josep,0.000,0.003,1.000,0.005,0.029,0.013
esquirol,0.000,0.003,1.000,0.005,0.029,0.013
self-sustenance,0.000,0.003,1.000,0.005,0.029,0.013
eternally,0.000,0.003,1.000,0.005,0.029,0.013
timelessness,0.000,0.003,1.000,0.005,0.029,0.013
buddha-like,0.000,0.003,1.000,0.005,0.029,0.013
un-buddha-like,0.000,0.003,1.000,0.005,0.029,0.013
un-grasping,0.000,0.003,1.000,0.005,0.029,0.013
hesitates,0.000,0.003,1.000,0.005,0.029,0.013
mediate,0.000,0.003,1.000,0.005,0.029,0.013
serial,0.000,0.003,1.000,0.005,0.029,0.013
killer,0.000,0.003,1.000,0.005,0.029,0.013
module,0.000,0.003,1.000,0.005,0.029,0.013
patterning,0.000,0.003,1.000,0.005,0.029,0.013
overeat,0.000,0.003,1.000,0.005,0.029,0.013
bua,0.000,0.003,1.000,0.005,0.029,0.013
hardening,0.000,0.003,1.000,0.005,0.029,0.013
at-risk,0.000,0.003,1.000,0.005,0.029,0.013
differently-abled,0.000,0.003,1.000,0.005,0.029,0.013
rehabilitative,0.000,0.003,1.000,0.005,0.029,0.013
voeg,0.000,0.003,1.000,0.005,0.029,0.013
mainline,0.000,0.003,1.000,0.005,0.029,0.013
orca,0.000,0.003,1.000,0.005,0.029,0.013
sukhasiddhi,0.000,0.003,1.000,0.005,0.029,0.013
inhabits,0.000,0.003,1.000,0.005,0.029,0.013
cadence,0.000,0.003,1.000,0.005,0.029,0.013
visuals,0.000,0.003,1.000,0.005,0.029,0.013
dakinis,0.000,0.003,1.000,0.005,0.029,0.013
totem,0.000,0.003,1.000,0.005,0.029,0.013
altruism,0.000,0.003,1.000,0.005,0.029,0.013
ailing,0.000,0.003,1.000,0.005,0.029,0.013
magnifies,0.000,0.003,1.000,0.005,0.029,0.013
sangha's,0.000,0.003,1.000,0.005,0.029,0.013
chiropractic,0.000,0.003,1.000,0.005,0.029,0.013
accelerated,0.000,0.003,1.000,0.005,0.029,0.013
royalty,0.000,0.003,1.000,0.005,0.029,0.013
kalu,0.000,0.003,1.000,0.005,0.029,0.013
paramita,0.000,0.003,1.000,0.005,0.029,0.013
interdependence,0.000,0.003,1.000,0.005,0.029,0.013
teacher-student,0.000,0.003,1.000,0.005,0.029,0.013
spacing,0.000,0.003,1.000,0.005,0.029,0.013
stitch,0.000,0.003,1.000,0.005,0.029,0.013
haul,0.000,0.003,1.000,0.005,0.029,0.013
consumerism,0.000,0.003,1.000,0.005,0.029,0.013
commodification,0.000,0.003,1.000,0.005,0.029,0.013
fissure,0.000,0.003,1.000,0.005,0.029,0.013
trillion,0.000,0.003,1.000,0.005,0.029,0.013
counter-transference,0.000,0.003,1.000,0.005,0.029,0.013
mandala,0.000,0.003,1.000,0.005,0.029,0.013
unfair,0.000,0.003,1.000,0.005,0.029,0.013
unjust,0.000,0.003,1.000,0.005,0.029,0.013
unconscionable,0.000,0.003,1.000,0.005,0.029,0.013
erupts,0.000,0.003,1.000,0.005,0.029,0.013
mom's,0.000,0.003,1.000,0.005,0.029,0.013
24-year,0.000,0.003,1.000,0.005,0.029,0.013
veteran,0.000,0.003,1.000,0.005,0.029,0.013
out-of-the-box,0.000,0.003,1.000,0.005,0.029,0.013
curled,0.000,0.003,1.000,0.005,0.029,0.013
enhances,0.000,0.003,1.000,0.005,0.029,0.013
nicu,0.000,0.003,1.000,0.005,0.029,0.013
on-calls,0.000,0.003,1.000,0.005,0.029,0.013
looming,0.000,0.003,1.000,0.005,0.029,0.013
kundalini,0.000,0.003,1.000,0.005,0.029,0.013
scaffold,0.000,0.003,1.000,0.005,0.029,0.013
tapa,0.000,0.003,1.000,0.005,0.029,0.013
curing,0.000,0.003,1.000,0.005,0.029,0.013
empaths,0.000,0.003,1.000,0.005,0.029,0.013
deterrence,0.000,0.003,1.000,0.005,0.029,0.013
encased,0.000,0.003,1.000,0.005,0.029,0.013
two-triangle,0.000,0.003,1.000,0.005,0.029,0.013
secretary,0.000,0.003,1.000,0.005,0.029,0.013
petri,0.000,0.003,1.000,0.005,0.029,0.013
blasted,0.000,0.003,1.000,0.005,0.029,0.013
non-arising,0.000,0.003,1.000,0.005,0.029,0.013
forward-looking,0.000,0.003,1.000,0.005,0.029,0.013
daishan,0.000,0.003,1.000,0.005,0.029,0.013
clashing,0.000,0.003,1.000,0.005,0.029,0.013
lashing,0.000,0.003,1.000,0.005,0.029,0.013
dhammachanda,0.000,0.003,1.000,0.005,0.029,0.013
kamachanda,0.000,0.003,1.000,0.005,0.029,0.013
amok,0.000,0.003,1.000,0.005,0.029,0.013
replicated,0.000,0.003,1.000,0.005,0.029,0.013
proclaiming,0.000,0.003,1.000,0.005,0.029,0.013
anathapindika's,0.000,0.003,1.000,0.005,0.029,0.013
offending,0.000,0.003,1.000,0.005,0.029,0.013
palihawadana,0.000,0.003,1.000,0.005,0.029,0.013
causation,0.000,0.003,1.000,0.005,0.029,0.013
pdf,0.000,0.003,1.000,0.005,0.029,0.013
unawareness,0.000,0.003,1.000,0.005,0.029,0.013
principled,0.000,0.003,1.000,0.005,0.029,0.013
grok,0.000,0.003,1.000,0.005,0.029,0.013
retina,0.000,0.003,1.000,0.005,0.029,0.013
recreating,0.000,0.003,1.000,0.005,0.029,0.013
virtualization,0.000,0.003,1.000,0.005,0.029,0.013
alumnus,0.000,0.005,1.000,0.011,0.014,0.013
unguided,0.000,0.003,1.000,0.005,0.029,0.013
freeze-framed,0.000,0.003,1.000,0.005,0.029,0.013
projector,0.000,0.003,1.000,0.005,0.029,0.013
perching,0.000,0.003,1.000,0.005,0.029,0.013
baraz,0.000,0.003,1.000,0.005,0.029,0.013
custody,0.000,0.003,1.000,0.005,0.029,0.013
complains,0.000,0.003,1.000,0.005,0.029,0.013
obnoxious,0.000,0.003,1.000,0.005,0.029,0.013
munindra's,0.000,0.003,1.000,0.005,0.029,0.013
flimsy,0.000,0.003,1.000,0.005,0.029,0.013
evanescent,0.000,0.003,1.000,0.005,0.029,0.013
dictate,0.000,0.003,1.000,0.005,0.029,0.013
bossed,0.000,0.003,1.000,0.005,0.029,0.013
enticed,0.000,0.003,1.000,0.005,0.029,0.013
diaphanous,0.000,0.003,1.000,0.005,0.029,0.013
pinned,0.000,0.003,1.000,0.005,0.029,0.013
silo,0.000,0.003,1.000,0.005,0.029,0.013
whisked,0.000,0.003,1.000,0.005,0.029,0.013
zoo,0.000,0.003,1.000,0.005,0.029,0.013
handwritten,0.000,0.003,1.000,0.005,0.029,0.013
gut's,0.000,0.003,1.000,0.005,0.029,0.013
plush,0.000,0.003,1.000,0.005,0.029,0.013
leather,0.000,0.003,1.000,0.005,0.029,0.013
squeezed,0.000,0.003,1.000,0.005,0.029,0.013
sighed,0.000,0.003,1.000,0.005,0.029,0.013
relatedly,0.000,0.003,1.000,0.005,0.029,0.013
non-practitioner,0.000,0.003,1.000,0.005,0.029,0.013
renew,0.000,0.003,1.000,0.005,0.029,0.013
leslie,0.000,0.003,1.000,0.005,0.029,0.013
cheeky,0.000,0.003,1.000,0.005,0.029,0.013
r-o-e-d-e-l,0.000,0.003,1.000,0.005,0.029,0.013
oversimplification,0.000,0.003,1.000,0.005,0.029,0.013
deterministic,0.000,0.003,1.000,0.005,0.029,0.012
mozart,0.000,0.003,1.000,0.005,0.029,0.012
aggravate,0.000,0.003,1.000,0.005,0.029,0.012
mannequin,0.000,0.003,1.000,0.005,0.029,0.012
khon,0.000,0.003,1.000,0.005,0.029,0.012
don't,0.006,0.967,0.994,0.065,0.002,0.012
desired,0.000,0.005,1.000,0.011,0.014,0.012
ignorant,0.000,0.005,1.000,0.011,0.014,0.012
underlies,0.000,0.003,1.000,0.005,0.028,0.012
howl,0.000,0.003,1.000,0.005,0.028,0.012
brooding,0.000,0.003,1.000,0.005,0.028,0.012
pendulum,0.000,0.003,1.000,0.005,0.028,0.012
shortest,0.000,0.003,1.000,0.005,0.028,0.012
blake,0.000,0.003,1.000,0.005,0.028,0.012
obscuration,0.000,0.003,1.000,0.005,0.028,0.012
dour,0.000,0.003,1.000,0.005,0.028,0.012
undistort,0.000,0.003,1.000,0.005,0.028,0.012
corresponding,0.000,0.003,1.000,0.005,0.028,0.012
comply,0.000,0.003,1.000,0.005,0.028,0.012
avoidable,0.000,0.003,1.000,0.005,0.028,0.012
shortcoming,0.000,0.003,1.000,0.005,0.028,0.012
neatly,0.000,0.003,1.000,0.005,0.028,0.012
anattalakkhana,0.000,0.003,1.000,0.005,0.028,0.012
confine,0.000,0.003,1.000,0.005,0.028,0.012
obscurations,0.000,0.003,1.000,0.005,0.028,0.012
burdensome,0.000,0.003,1.000,0.005,0.028,0.012
compressing,0.000,0.003,1.000,0.005,0.028,0.012
multicellular,0.000,0.003,1.000,0.005,0.028,0.012
dinosaur,0.000,0.003,1.000,0.005,0.028,0.012
extinction,0.000,0.003,1.000,0.005,0.028,0.012
plummet,0.000,0.003,1.000,0.005,0.028,0.012
uh-huh,0.000,0.003,1.000,0.005,0.028,0.012
definable,0.000,0.003,1.000,0.005,0.028,0.012
di,0.000,0.003,1.000,0.005,0.028,0.012
real-time,0.000,0.003,1.000,0.005,0.028,0.012
dutifully,0.000,0.003,1.000,0.005,0.028,0.012
dearth,0.000,0.003,1.000,0.005,0.028,0.012
antic,0.000,0.003,1.000,0.005,0.028,0.012
springing,0.000,0.003,1.000,0.005,0.028,0.012
inculcated,0.000,0.003,1.000,0.005,0.028,0.012
eradicated,0.000,0.003,1.000,0.005,0.028,0.012
charging,0.000,0.003,1.000,0.005,0.028,0.012
offstage,0.000,0.003,1.000,0.005,0.028,0.012
muddiness,0.000,0.003,1.000,0.005,0.028,0.012
orderliness,0.000,0.003,1.000,0.005,0.028,0.012
bonded,0.000,0.003,1.000,0.005,0.028,0.012
reflectively,0.000,0.003,1.000,0.005,0.028,0.012
durable,0.000,0.003,1.000,0.005,0.028,0.012
not-very-safe,0.000,0.003,1.000,0.005,0.028,0.012
cost-benefit,0.000,0.003,1.000,0.005,0.028,0.012
self-identification,0.000,0.003,1.000,0.005,0.028,0.012
precision,0.000,0.003,1.000,0.005,0.028,0.012
distancing,0.000,0.003,1.000,0.005,0.028,0.012
superimposed,0.000,0.003,1.000,0.005,0.028,0.012
superposition,0.000,0.003,1.000,0.005,0.028,0.012
arbitrarily,0.000,0.003,1.000,0.005,0.028,0.012
self-loathing,0.000,0.003,1.000,0.005,0.028,0.012
enacting,0.000,0.003,1.000,0.005,0.028,0.012
interwoven,0.000,0.003,1.000,0.005,0.028,0.012
tejaniya's,0.000,0.003,1.000,0.005,0.028,0.012
operationalized,0.000,0.003,1.000,0.005,0.028,0.012
counterprogram,0.000,0.003,1.000,0.005,0.028,0.012
p-a-i-r-s,0.000,0.003,1.000,0.005,0.028,0.012
joy-making,0.000,0.003,1.000,0.005,0.028,0.012
care-making,0.000,0.003,1.000,0.005,0.028,0.012
muse,0.000,0.003,1.000,0.005,0.028,0.012
experimental,0.000,0.003,1.000,0.005,0.028,0.012
chisel,0.000,0.003,1.000,0.005,0.028,0.012
sutta-based,0.000,0.003,1.000,0.005,0.028,0.012
meta-level,0.000,0.003,1.000,0.005,0.028,0.012
mini-talk,0.000,0.003,1.000,0.005,0.028,0.012
30-ish,0.000,0.003,1.000,0.005,0.028,0.012
afterglow,0.000,0.003,1.000,0.005,0.028,0.012
neural,0.000,0.003,1.000,0.005,0.028,0.012
cottoned,0.000,0.003,1.000,0.005,0.028,0.012
efficacious,0.000,0.003,1.000,0.005,0.028,0.012
honorific,0.000,0.003,1.000,0.005,0.028,0.012
sunglass,0.000,0.003,1.000,0.005,0.028,0.012
soundtrack,0.000,0.003,1.000,0.005,0.028,0.012
coloration,0.000,0.003,1.000,0.005,0.028,0.012
illustrated,0.000,0.003,1.000,0.005,0.028,0.012
hauling,0.000,0.003,1.000,0.005,0.028,0.012
dorm,0.000,0.003,1.000,0.005,0.028,0.012
excruciating,0.000,0.003,1.000,0.005,0.028,0.012
rinse,0.000,0.003,1.000,0.005,0.028,0.012
suppressed,0.000,0.005,1.000,0.011,0.014,0.012
sunnyvale,0.000,0.003,1.000,0.005,0.028,0.012
award-winning,0.000,0.003,1.000,0.005,0.028,0.012
ambie-nominated,0.000,0.003,1.000,0.005,0.028,0.012
prx,0.000,0.003,1.000,0.005,0.028,0.012
templeton,0.000,0.003,1.000,0.005,0.028,0.012
doula,0.000,0.003,1.000,0.005,0.028,0.012
uc,0.000,0.003,1.000,0.005,0.028,0.012
facilitation,0.000,0.003,1.000,0.005,0.028,0.012
pre-vaccine,0.000,0.003,1.000,0.005,0.028,0.012
dormitory,0.000,0.003,1.000,0.005,0.028,0.012
glo,0.000,0.003,1.000,0.005,0.028,0.012
touchpoints,0.000,0.003,1.000,0.005,0.028,0.012
demographic,0.000,0.003,1.000,0.005,0.028,0.012
lgbtq,0.000,0.003,1.000,0.005,0.028,0.012
self-determination,0.000,0.003,1.000,0.005,0.028,0.012
internship,0.000,0.003,1.000,0.005,0.028,0.012
disqualify,0.000,0.003,1.000,0.005,0.028,0.012
referral,0.000,0.003,1.000,0.005,0.028,0.012
ptsd,0.000,0.003,1.000,0.005,0.028,0.012
recover,0.000,0.003,1.000,0.005,0.028,0.012
reenacting,0.000,0.003,1.000,0.005,0.028,0.012
multi-disciplinary,0.000,0.003,1.000,0.005,0.028,0.012
student's,0.000,0.003,1.000,0.005,0.028,0.012
garner,0.000,0.003,1.000,0.005,0.028,0.012
capitalist,0.000,0.003,1.000,0.005,0.028,0.012
latino,0.000,0.003,1.000,0.005,0.028,0.012
quad,0.000,0.003,1.000,0.005,0.028,0.012
admin,0.000,0.003,1.000,0.005,0.028,0.012
petty,0.000,0.003,1.000,0.005,0.028,0.012
dissent,0.000,0.003,1.000,0.005,0.028,0.012
multidisciplinary,0.000,0.003,1.000,0.005,0.028,0.012
tenure,0.000,0.003,1.000,0.005,0.028,0.012
geopolitical,0.000,0.003,1.000,0.005,0.028,0.012
parish,0.000,0.003,1.000,0.005,0.028,0.012
crude,0.000,0.003,1.000,0.005,0.028,0.012
stressor,0.000,0.003,1.000,0.005,0.028,0.012
wheelhouse,0.000,0.003,1.000,0.005,0.028,0.012
hospital-worthy,0.000,0.003,1.000,0.005,0.028,0.012
networker,0.000,0.003,1.000,0.005,0.028,0.012
networking,0.000,0.003,1.000,0.005,0.028,0.012
harvard's,0.000,0.003,1.000,0.005,0.028,0.012
catering,0.000,0.003,1.000,0.005,0.028,0.012
cater,0.000,0.003,1.000,0.005,0.028,0.012
sophomore,0.000,0.003,1.000,0.005,0.028,0.012
africana,0.000,0.003,1.000,0.005,0.028,0.012
homie,0.000,0.003,1.000,0.005,0.028,0.012
academic's,0.000,0.003,1.000,0.005,0.028,0.012
professor's,0.000,0.003,1.000,0.005,0.028,0.012
rocked,0.000,0.003,1.000,0.005,0.028,0.012
millennial,0.000,0.003,1.000,0.005,0.028,0.012
socialization,0.000,0.003,1.000,0.005,0.028,0.012
technologically,0.000,0.003,1.000,0.005,0.028,0.012
chatgpt,0.000,0.003,1.000,0.005,0.028,0.012
acuho,0.000,0.003,1.000,0.005,0.028,0.012
academy-driven,0.000,0.003,1.000,0.005,0.028,0.012
legitimacy,0.000,0.003,1.000,0.005,0.028,0.012
princeton,0.000,0.003,1.000,0.005,0.028,0.012
yale,0.000,0.003,1.000,0.005,0.028,0.012
void,0.000,0.003,1.000,0.005,0.028,0.012
unsatisfied,0.000,0.003,1.000,0.005,0.028,0.012
qual,0.000,0.003,1.000,0.005,0.028,0.012
irb,0.000,0.003,1.000,0.005,0.028,0.012
israel-palestine,0.000,0.003,1.000,0.005,0.028,0.012
nerdly,0.000,0.003,1.000,0.005,0.028,0.012
augusta,0.000,0.003,1.000,0.005,0.028,0.012
well-educated,0.000,0.003,1.000,0.005,0.028,0.012
financial,0.000,0.003,1.000,0.005,0.028,0.012
opioid,0.000,0.003,1.000,0.005,0.028,0.012
millennials,0.000,0.003,1.000,0.005,0.028,0.012
bipartisan,0.000,0.003,1.000,0.005,0.028,0.012
terminal,0.000,0.005,1.000,0.011,0.014,0.012
remen,0.000,0.005,1.000,0.011,0.014,0.012
hypothetically,0.000,0.005,1.000,0.011,0.014,0.012
aspired,0.000,0.005,1.000,0.011,0.014,0.012
co-opted,0.000,0.003,1.000,0.005,0.028,0.012
prowess,0.000,0.003,1.000,0.005,0.028,0.012
dale,0.000,0.003,1.000,0.005,0.028,0.012
genteel,0.000,0.003,1.000,0.005,0.028,0.012
reluctantly,0.000,0.003,1.000,0.005,0.028,0.012
slamming,0.000,0.003,1.000,0.005,0.028,0.012
lethality,0.000,0.003,1.000,0.005,0.028,0.012
spotted,0.000,0.003,1.000,0.005,0.028,0.012
unstrung,0.000,0.003,1.000,0.005,0.028,0.012
supper,0.000,0.003,1.000,0.005,0.028,0.012
herd's,0.000,0.003,1.000,0.005,0.028,0.012
wean,0.000,0.003,1.000,0.005,0.028,0.012
plight,0.000,0.003,1.000,0.005,0.028,0.012
prerogative,0.000,0.003,1.000,0.005,0.028,0.012
dungeon,0.000,0.003,1.000,0.005,0.028,0.012
nah,0.000,0.003,1.000,0.005,0.028,0.012
magnificence,0.000,0.003,1.000,0.005,0.028,0.012
flabbergasted,0.000,0.003,1.000,0.005,0.028,0.012
four-legged,0.000,0.003,1.000,0.005,0.028,0.012
pheasant,0.000,0.003,1.000,0.005,0.028,0.012
transpired,0.000,0.003,1.000,0.005,0.028,0.012
decree,0.000,0.003,1.000,0.005,0.028,0.012
proclamation,0.000,0.003,1.000,0.005,0.028,0.012
erected,0.000,0.003,1.000,0.005,0.028,0.012
philos,0.000,0.003,1.000,0.005,0.028,0.012
brotherly,0.000,0.003,1.000,0.005,0.028,0.012
sub-commentaries,0.000,0.003,1.000,0.005,0.028,0.012
seven-minute,0.000,0.003,1.000,0.005,0.028,0.012
freaking,0.000,0.003,1.000,0.005,0.028,0.012
over-exuberance,0.000,0.003,1.000,0.005,0.028,0.012
martin's,0.000,0.003,1.000,0.005,0.028,0.012
jivaka,0.000,0.003,1.000,0.005,0.028,0.012
squawking,0.000,0.003,1.000,0.005,0.028,0.012
populace,0.000,0.003,1.000,0.005,0.028,0.012
vegetarianism,0.000,0.003,1.000,0.005,0.028,0.012
parting,0.000,0.003,1.000,0.005,0.028,0.012
parsing,0.000,0.003,1.000,0.005,0.028,0.012
reptile,0.000,0.003,1.000,0.005,0.028,0.012
amphibian,0.000,0.003,1.000,0.005,0.028,0.012
maitripa,0.000,0.003,1.000,0.005,0.027,0.012
dispense,0.000,0.003,1.000,0.005,0.027,0.012
cohort,0.000,0.003,1.000,0.005,0.027,0.012
ventilator,0.000,0.003,1.000,0.005,0.027,0.012
tracheotomy,0.000,0.003,1.000,0.005,0.027,0.012
patient's,0.000,0.003,1.000,0.005,0.027,0.012
addict,0.000,0.003,1.000,0.005,0.027,0.012
peership,0.000,0.003,1.000,0.005,0.027,0.012
gwen,0.000,0.003,1.000,0.005,0.027,0.012
cadge,0.000,0.003,1.000,0.005,0.027,0.012
catholicism,0.000,0.003,1.000,0.005,0.027,0.012
screening,0.000,0.003,1.000,0.005,0.027,0.012
hellenistic,0.000,0.003,1.000,0.005,0.027,0.012
skeptic,0.000,0.003,1.000,0.005,0.027,0.012
dating,0.000,0.003,1.000,0.005,0.027,0.012
rhys,0.000,0.003,1.000,0.005,0.027,0.012
legalistic,0.000,0.003,1.000,0.005,0.027,0.012
socrates's,0.000,0.003,1.000,0.005,0.027,0.012
abhidhamma,0.000,0.003,1.000,0.005,0.027,0.012
appamada,0.000,0.003,1.000,0.005,0.027,0.012
cody,0.000,0.003,1.000,0.005,0.027,0.012
afghanistan,0.000,0.003,1.000,0.005,0.027,0.012
pakistan,0.000,0.003,1.000,0.005,0.027,0.012
democritus,0.000,0.003,1.000,0.005,0.027,0.012
animism,0.000,0.003,1.000,0.005,0.027,0.012
darlene,0.000,0.003,1.000,0.005,0.027,0.012
dunker,0.000,0.003,1.000,0.005,0.027,0.012
diogenes,0.000,0.003,1.000,0.005,0.027,0.012
laertius,0.000,0.003,1.000,0.005,0.027,0.012
tragedian,0.000,0.003,1.000,0.005,0.027,0.012
fleshly,0.000,0.003,1.000,0.005,0.027,0.012
schooling,0.000,0.003,1.000,0.005,0.027,0.012
moderately,0.000,0.003,1.000,0.005,0.027,0.012
camille,0.000,0.003,1.000,0.005,0.027,0.012
fifth-century,0.000,0.003,1.000,0.005,0.027,0.012
buddhaghosa,0.000,0.003,1.000,0.005,0.027,0.012
geologic,0.000,0.003,1.000,0.005,0.027,0.012
unentanglement,0.000,0.003,1.000,0.005,0.027,0.012
neutrality,0.000,0.003,1.000,0.005,0.027,0.012
airtime,0.000,0.003,1.000,0.005,0.027,0.012
unchained,0.000,0.003,1.000,0.005,0.027,0.012
unhooked,0.000,0.003,1.000,0.005,0.027,0.012
anesthesia,0.000,0.003,1.000,0.005,0.027,0.012
fainted,0.000,0.003,1.000,0.005,0.027,0.012
high-ticket,0.000,0.003,1.000,0.005,0.027,0.012
coveted,0.000,0.003,1.000,0.005,0.027,0.012
amused,0.000,0.003,1.000,0.005,0.027,0.012
almond,0.000,0.003,1.000,0.005,0.027,0.012
introspective,0.000,0.003,1.000,0.005,0.027,0.012
mokugyo,0.000,0.003,1.000,0.005,0.027,0.012
lacquered,0.000,0.003,1.000,0.005,0.027,0.012
hartman,0.000,0.003,1.000,0.005,0.027,0.012
officiating,0.000,0.003,1.000,0.005,0.027,0.012
choreographed,0.000,0.003,1.000,0.005,0.027,0.012
facial,0.000,0.003,1.000,0.005,0.027,0.012
damn,0.000,0.003,1.000,0.005,0.027,0.012
incorrect,0.000,0.003,1.000,0.005,0.027,0.012
decoupling,0.000,0.003,1.000,0.005,0.027,0.012
shockingly,0.000,0.003,1.000,0.005,0.027,0.012
v-e-d-a-n-a,0.000,0.003,1.000,0.005,0.027,0.012
v's,0.000,0.003,1.000,0.005,0.027,0.012
w's,0.000,0.003,1.000,0.005,0.027,0.012
wedana,0.000,0.003,1.000,0.005,0.027,0.012
adjunct,0.000,0.003,1.000,0.005,0.027,0.012
graced,0.000,0.003,1.000,0.005,0.027,0.012
undergoes,0.000,0.003,1.000,0.005,0.027,0.012
microsecond,0.000,0.003,1.000,0.005,0.027,0.012
memorizes,0.000,0.003,1.000,0.005,0.027,0.012
examines,0.000,0.003,1.000,0.005,0.027,0.012
scrutinizes,0.000,0.003,1.000,0.005,0.027,0.012
strives,0.000,0.003,1.000,0.005,0.027,0.012
displaying,0.000,0.003,1.000,0.005,0.027,0.012
abstractly,0.000,0.003,1.000,0.005,0.027,0.012
scrutiny,0.000,0.003,1.000,0.005,0.027,0.012
debating,0.000,0.003,1.000,0.005,0.027,0.012
peeked,0.000,0.003,1.000,0.005,0.027,0.012
recited,0.000,0.003,1.000,0.005,0.027,0.012
cut-and-paste,0.000,0.003,1.000,0.005,0.027,0.012
substituting,0.000,0.003,1.000,0.005,0.027,0.012
daring,0.000,0.003,1.000,0.005,0.027,0.012
differs,0.000,0.003,1.000,0.005,0.027,0.012
perceptive,0.000,0.003,1.000,0.005,0.027,0.012
sutamaya,0.000,0.003,1.000,0.005,0.027,0.012
cintamaya,0.000,0.003,1.000,0.005,0.027,0.012
bhavanamaya,0.000,0.003,1.000,0.005,0.027,0.012
hark,0.000,0.003,1.000,0.005,0.027,0.012
haphazard,0.000,0.003,1.000,0.005,0.027,0.012
not-very-useful,0.000,0.003,1.000,0.005,0.027,0.012
blurted,0.000,0.003,1.000,0.005,0.027,0.012
clocking,0.000,0.003,1.000,0.005,0.027,0.012
abby,0.000,0.003,1.000,0.005,0.027,0.012
long-distance,0.000,0.003,1.000,0.005,0.027,0.012
silo-based,0.000,0.003,1.000,0.005,0.027,0.012
shinto,0.000,0.003,1.000,0.005,0.027,0.012
well-designed,0.000,0.003,1.000,0.005,0.027,0.012
pluralistic,0.000,0.003,1.000,0.005,0.027,0.012
systems-based,0.000,0.003,1.000,0.005,0.027,0.012
oppositional,0.000,0.003,1.000,0.005,0.027,0.012
politic,0.000,0.003,1.000,0.005,0.027,0.012
1640s,0.000,0.003,1.000,0.005,0.027,0.012
cheap,0.000,0.003,1.000,0.005,0.027,0.012
pamphlet,0.000,0.003,1.000,0.005,0.027,0.012
ferment,0.000,0.003,1.000,0.005,0.027,0.012
invention,0.000,0.003,1.000,0.005,0.027,0.012
fascism,0.000,0.003,1.000,0.005,0.027,0.012
belligerent,0.000,0.003,1.000,0.005,0.027,0.012
plugged,0.000,0.003,1.000,0.005,0.027,0.012
reclining,0.000,0.003,1.000,0.005,0.027,0.012
humane,0.000,0.003,1.000,0.005,0.027,0.012
nidra,0.000,0.003,1.000,0.005,0.027,0.012
albeit,0.000,0.003,1.000,0.005,0.027,0.012
unsupported,0.000,0.003,1.000,0.005,0.027,0.012
comfortableness,0.000,0.003,1.000,0.005,0.027,0.012
jawbone,0.000,0.003,1.000,0.005,0.027,0.012
mandible,0.000,0.003,1.000,0.005,0.027,0.012
wilt,0.000,0.003,1.000,0.005,0.027,0.012
floppy,0.000,0.003,1.000,0.005,0.027,0.012
fro,0.000,0.003,1.000,0.005,0.027,0.012
icon,0.000,0.003,1.000,0.005,0.027,0.012
wraparound,0.000,0.003,1.000,0.005,0.027,0.012
basking,0.000,0.003,1.000,0.005,0.027,0.012
well-attested,0.000,0.003,1.000,0.005,0.027,0.012
redeemed,0.000,0.003,1.000,0.005,0.027,0.012
redeem,0.000,0.003,1.000,0.005,0.027,0.012
accreted,0.000,0.003,1.000,0.005,0.027,0.012
habituated,0.000,0.003,1.000,0.005,0.027,0.012
shunyata,0.000,0.003,1.000,0.005,0.027,0.012
plunge,0.000,0.003,1.000,0.005,0.027,0.012
document,0.000,0.003,1.000,0.005,0.027,0.012
sencho,0.000,0.003,1.000,0.005,0.027,0.012
daoist,0.000,0.003,1.000,0.005,0.027,0.012
programmatic,0.000,0.003,1.000,0.005,0.027,0.012
packet,0.000,0.003,1.000,0.005,0.027,0.012
fine-grained,0.000,0.003,1.000,0.005,0.027,0.012
clump,0.000,0.003,1.000,0.005,0.027,0.012
unlocked,0.000,0.003,1.000,0.005,0.027,0.012
unraveled,0.000,0.003,1.000,0.005,0.027,0.012
epiphany,0.000,0.003,1.000,0.005,0.027,0.012
chandogya,0.000,0.003,1.000,0.005,0.027,0.012
turiya,0.000,0.003,1.000,0.005,0.027,0.012
wellwood,0.000,0.003,1.000,0.005,0.027,0.012
overpassing,0.000,0.003,1.000,0.005,0.027,0.012
firstly,0.000,0.003,1.000,0.005,0.027,0.012
antithetical,0.000,0.003,1.000,0.005,0.027,0.012
grievously,0.000,0.003,1.000,0.005,0.027,0.012
hazardous,0.000,0.003,1.000,0.005,0.027,0.012
unloading,0.000,0.003,1.000,0.005,0.027,0.012
aitken,0.000,0.003,1.000,0.005,0.027,0.012
accident-prone,0.000,0.003,1.000,0.005,0.027,0.012
mini-breakthroughs,0.000,0.003,1.000,0.005,0.027,0.012
all-in,0.000,0.003,1.000,0.005,0.027,0.012
occlude,0.000,0.003,1.000,0.005,0.027,0.012
horizontal,0.000,0.003,1.000,0.005,0.027,0.012
micro-movements,0.000,0.003,1.000,0.005,0.027,0.012
drilling,0.000,0.003,1.000,0.005,0.027,0.012
lengthening,0.000,0.003,1.000,0.005,0.027,0.012
hoisting,0.000,0.003,1.000,0.005,0.027,0.012
dangling,0.000,0.003,1.000,0.005,0.027,0.012
intermittent,0.000,0.003,1.000,0.005,0.027,0.012
stratum,0.000,0.003,1.000,0.005,0.027,0.012
hiss,0.000,0.003,1.000,0.005,0.027,0.012
self-attacking,0.000,0.003,1.000,0.005,0.027,0.012
redress,0.000,0.003,1.000,0.005,0.027,0.012
assisted,0.000,0.003,1.000,0.005,0.027,0.012
fruitfully,0.000,0.003,1.000,0.005,0.027,0.012
unlocking,0.000,0.003,1.000,0.005,0.027,0.012
rewriting,0.000,0.003,1.000,0.005,0.027,0.012
non-perception,0.000,0.005,1.000,0.011,0.013,0.012
no-brainer,0.000,0.005,1.000,0.011,0.013,0.012
shire,0.000,0.003,1.000,0.005,0.025,0.012
atlas,0.000,0.003,1.000,0.005,0.025,0.012
acquiesce,0.000,0.003,1.000,0.005,0.025,0.012
bone-deep,0.000,0.003,1.000,0.005,0.025,0.012
angie,0.000,0.003,1.000,0.005,0.025,0.012
documentation,0.000,0.003,1.000,0.005,0.025,0.012
downfall,0.000,0.003,1.000,0.005,0.025,0.012
lama's,0.000,0.003,1.000,0.005,0.025,0.012
reunited,0.000,0.003,1.000,0.005,0.025,0.012
grave,0.000,0.003,1.000,0.005,0.025,0.012
captor,0.000,0.003,1.000,0.005,0.025,0.012
revise,0.000,0.003,1.000,0.005,0.025,0.012
hysterically,0.000,0.003,1.000,0.005,0.025,0.012
novik,0.000,0.003,1.000,0.005,0.025,0.012
ham,0.000,0.003,1.000,0.005,0.025,0.012
kasha,0.000,0.003,1.000,0.005,0.025,0.012
stewed,0.000,0.003,1.000,0.005,0.025,0.012
shimmered,0.000,0.003,1.000,0.005,0.025,0.012
roast,0.000,0.003,1.000,0.005,0.025,0.012
pork,0.000,0.003,1.000,0.005,0.025,0.012
hooted,0.000,0.003,1.000,0.005,0.025,0.012
wheat,0.000,0.003,1.000,0.005,0.025,0.012
brand-new,0.000,0.003,1.000,0.005,0.025,0.012
pea,0.000,0.003,1.000,0.005,0.025,0.012
headwoman's,0.000,0.003,1.000,0.005,0.025,0.012
glazed,0.000,0.003,1.000,0.005,0.025,0.012
crammed,0.000,0.003,1.000,0.005,0.025,0.012
stinging,0.000,0.003,1.000,0.005,0.025,0.012
absurdly,0.000,0.003,1.000,0.005,0.025,0.012
solnit,0.000,0.003,1.000,0.005,0.025,0.012
aspires,0.000,0.003,1.000,0.005,0.025,0.012
insurrection,0.000,0.003,1.000,0.005,0.025,0.012
bestowed,0.000,0.003,1.000,0.005,0.025,0.012
earned,0.000,0.003,1.000,0.005,0.025,0.012
bernstein,0.000,0.003,1.000,0.005,0.025,0.012
devotedly,0.000,0.003,1.000,0.005,0.025,0.012
screwtape,0.000,0.003,1.000,0.005,0.025,0.012
acceleration,0.000,0.003,1.000,0.005,0.025,0.012
froth,0.000,0.003,1.000,0.005,0.025,0.012
purpose-built,0.000,0.003,1.000,0.005,0.025,0.012
kit,0.000,0.003,1.000,0.005,0.025,0.012
pirate,0.000,0.003,1.000,0.005,0.025,0.012
rigging,0.000,0.003,1.000,0.005,0.025,0.012
reaffirm,0.000,0.003,1.000,0.005,0.025,0.012
wooo,0.000,0.003,1.000,0.005,0.025,0.012
exhilarating,0.000,0.003,1.000,0.005,0.025,0.012
longchenpa,0.000,0.003,1.000,0.005,0.025,0.012
shaded,0.000,0.003,1.000,0.005,0.025,0.012
moistening,0.000,0.003,1.000,0.005,0.025,0.012
vivification,0.000,0.003,1.000,0.005,0.025,0.012
familiarize,0.000,0.003,1.000,0.005,0.025,0.012
linden,0.000,0.003,1.000,0.005,0.025,0.012
nearest,0.000,0.003,1.000,0.005,0.025,0.012
dearest,0.000,0.003,1.000,0.005,0.025,0.012
self-blame,0.000,0.003,1.000,0.005,0.025,0.012
not-rightness,0.000,0.003,1.000,0.005,0.025,0.012
overwrite,0.000,0.003,1.000,0.005,0.025,0.012
unburdening,0.000,0.003,1.000,0.005,0.025,0.012
overwriting,0.000,0.003,1.000,0.005,0.025,0.012
uptight,0.000,0.003,1.000,0.005,0.025,0.012
zeroth,0.000,0.003,1.000,0.005,0.025,0.012
unites,0.000,0.003,1.000,0.005,0.025,0.012
opt,0.000,0.003,1.000,0.005,0.025,0.012
anglican,0.000,0.003,1.000,0.005,0.025,0.012
digestible,0.000,0.003,1.000,0.005,0.025,0.012
task-focused,0.000,0.003,1.000,0.005,0.025,0.012
liability,0.000,0.003,1.000,0.005,0.025,0.012
achilles,0.000,0.003,1.000,0.005,0.025,0.012
smartest,0.000,0.003,1.000,0.005,0.025,0.012
worldviews,0.000,0.003,1.000,0.005,0.025,0.012
trickier,0.000,0.003,1.000,0.005,0.025,0.012
venezuela,0.000,0.003,1.000,0.005,0.025,0.012
peek,0.000,0.003,1.000,0.005,0.025,0.012
decision-maker,0.000,0.003,1.000,0.005,0.025,0.012
respiratory,0.000,0.003,1.000,0.005,0.025,0.012
workup,0.000,0.003,1.000,0.005,0.025,0.012
re-educate,0.000,0.003,1.000,0.005,0.025,0.012
affiliation,0.000,0.003,1.000,0.005,0.025,0.012
judaism,0.000,0.003,1.000,0.005,0.025,0.012
swedenborg,0.000,0.003,1.000,0.005,0.025,0.012
rabbinical,0.000,0.003,1.000,0.005,0.025,0.012
forum,0.000,0.003,1.000,0.005,0.025,0.012
transferable,0.000,0.003,1.000,0.005,0.025,0.012
oversee,0.000,0.003,1.000,0.005,0.025,0.012
mobile,0.000,0.003,1.000,0.005,0.025,0.012
dislocated,0.000,0.003,1.000,0.005,0.025,0.012
mulcahy,0.000,0.003,1.000,0.005,0.025,0.012
overseas,0.000,0.003,1.000,0.005,0.025,0.012
pre-pandemic,0.000,0.003,1.000,0.005,0.025,0.012
maui,0.000,0.003,1.000,0.005,0.025,0.012
humanist,0.000,0.003,1.000,0.005,0.025,0.012
membership,0.000,0.003,1.000,0.005,0.025,0.012
part-time,0.000,0.003,1.000,0.005,0.025,0.012
crowning,0.000,0.003,1.000,0.005,0.025,0.012
chaplain's,0.000,0.003,1.000,0.005,0.025,0.012
amass,0.000,0.003,1.000,0.005,0.025,0.012
endorsement,0.000,0.003,1.000,0.005,0.025,0.012
non-family,0.000,0.003,1.000,0.005,0.025,0.012
worst-case,0.000,0.003,1.000,0.005,0.025,0.012
generator,0.000,0.003,1.000,0.005,0.025,0.012
greasy,0.000,0.003,1.000,0.005,0.025,0.012
carla,0.000,0.003,1.000,0.005,0.025,0.012
tailor,0.000,0.003,1.000,0.005,0.025,0.012
certificate,0.000,0.003,1.000,0.005,0.025,0.012
bloomed,0.000,0.003,1.000,0.005,0.025,0.012
elmwood,0.000,0.003,1.000,0.005,0.025,0.012
midwest,0.000,0.003,1.000,0.005,0.025,0.012
ohio,0.000,0.003,1.000,0.005,0.025,0.012
fremont,0.000,0.003,1.000,0.005,0.025,0.012
portray,0.000,0.003,1.000,0.005,0.025,0.012
front-row,0.000,0.003,1.000,0.005,0.025,0.012
muslim,0.000,0.003,1.000,0.005,0.025,0.012
jehovah's,0.000,0.003,1.000,0.005,0.025,0.012
jammed,0.000,0.003,1.000,0.005,0.022,0.011
saddhamma,0.000,0.003,1.000,0.005,0.022,0.011
rampart,0.000,0.003,1.000,0.005,0.022,0.011
worthless,0.000,0.003,1.000,0.005,0.022,0.011
dusty,0.000,0.003,1.000,0.005,0.022,0.011
restrained,0.000,0.003,1.000,0.005,0.022,0.011
adorn,0.000,0.003,1.000,0.005,0.022,0.011
swallowing,0.000,0.003,1.000,0.005,0.022,0.011
abound,0.000,0.003,1.000,0.005,0.022,0.011
baroque,0.000,0.003,1.000,0.005,0.022,0.011
slavery,0.000,0.003,1.000,0.005,0.022,0.011
apprentice,0.000,0.003,1.000,0.005,0.022,0.011
homogeneous,0.000,0.003,1.000,0.005,0.022,0.011
dispersion,0.000,0.003,1.000,0.005,0.022,0.011
ascend,0.000,0.003,1.000,0.005,0.022,0.011
tushita,0.000,0.003,1.000,0.005,0.022,0.011
upstairs,0.000,0.003,1.000,0.005,0.022,0.011
reappeared,0.000,0.003,1.000,0.005,0.022,0.011
rajagaha,0.000,0.003,1.000,0.005,0.022,0.011
principal,0.000,0.003,1.000,0.005,0.022,0.011
despises,0.000,0.003,1.000,0.005,0.022,0.011
kamala,0.000,0.003,1.000,0.005,0.022,0.011
paralyzing,0.000,0.003,1.000,0.005,0.022,0.011
exiting,0.000,0.003,1.000,0.005,0.022,0.011
sharpening,0.000,0.003,1.000,0.005,0.022,0.011
sharpened,0.000,0.003,1.000,0.005,0.022,0.011
mercedes-benz,0.000,0.003,1.000,0.005,0.022,0.011
kolvig,0.000,0.003,1.000,0.005,0.022,0.011
casino,0.000,0.003,1.000,0.005,0.022,0.011
download,0.000,0.003,1.000,0.005,0.022,0.011
shrewd,0.000,0.003,1.000,0.005,0.022,0.011
android,0.000,0.003,1.000,0.005,0.022,0.011
iphone,0.000,0.003,1.000,0.005,0.022,0.011
conflicting,0.000,0.003,1.000,0.005,0.022,0.011
neurological,0.000,0.003,1.000,0.005,0.022,0.011
eardrum,0.000,0.003,1.000,0.005,0.022,0.011
digit,0.000,0.003,1.000,0.005,0.022,0.011
bust,0.000,0.003,1.000,0.005,0.022,0.011
zen-like,0.000,0.003,1.000,0.005,0.022,0.011
hostess,0.000,0.003,1.000,0.005,0.022,0.011
gaseousness,0.000,0.003,1.000,0.005,0.022,0.011
g,0.000,0.003,1.000,0.005,0.022,0.011
ear-consciousness,0.000,0.003,1.000,0.005,0.022,0.011
hesse's,0.000,0.003,1.000,0.005,0.022,0.011
questing,0.000,0.003,1.000,0.005,0.022,0.011
outstretched,0.000,0.003,1.000,0.005,0.022,0.011
guitar-like,0.000,0.003,1.000,0.005,0.022,0.011
avadesi,0.000,0.003,1.000,0.005,0.022,0.011
rakkhita,0.000,0.003,1.000,0.005,0.022,0.011
angavijja,0.000,0.003,1.000,0.005,0.022,0.011
pitaka,0.000,0.003,1.000,0.005,0.022,0.011
suttacentral,0.000,0.003,1.000,0.005,0.022,0.011
1880s,0.000,0.003,1.000,0.005,0.022,0.011
avadayi,0.000,0.003,1.000,0.005,0.022,0.011
purohita,0.000,0.003,1.000,0.005,0.022,0.011
conman,0.000,0.003,1.000,0.005,0.022,0.011
aromatics,0.000,0.003,1.000,0.005,0.022,0.011
perfumery,0.000,0.003,1.000,0.005,0.022,0.011
clasping,0.000,0.003,1.000,0.005,0.022,0.011
blubbering,0.000,0.003,1.000,0.005,0.022,0.011
likeness,0.000,0.003,1.000,0.005,0.022,0.011
peerless,0.000,0.003,1.000,0.005,0.022,0.011
kinnari,0.000,0.003,1.000,0.005,0.022,0.011
payment,0.000,0.003,1.000,0.005,0.022,0.011
hastening,0.000,0.003,1.000,0.005,0.022,0.011
ailed,0.000,0.003,1.000,0.005,0.022,0.011
malady,0.000,0.003,1.000,0.005,0.022,0.011
mistress's,0.000,0.003,1.000,0.005,0.022,0.011
cheerily,0.000,0.003,1.000,0.005,0.022,0.011
smuggle,0.000,0.003,1.000,0.005,0.022,0.011
hereupon,0.000,0.003,1.000,0.005,0.022,0.011
emptied,0.000,0.003,1.000,0.005,0.022,0.011
smuggled,0.000,0.003,1.000,0.005,0.022,0.011
succeeded,0.000,0.003,1.000,0.005,0.022,0.011
wrecking,0.000,0.003,1.000,0.005,0.022,0.011
cuff,0.000,0.003,1.000,0.005,0.022,0.011
unsuspecting,0.000,0.003,1.000,0.005,0.022,0.011
smote,0.000,0.003,1.000,0.005,0.022,0.011
smarting,0.000,0.003,1.000,0.005,0.022,0.011
rubbed,0.000,0.003,1.000,0.005,0.022,0.011
bruised,0.000,0.003,1.000,0.005,0.022,0.011
stowed,0.000,0.003,1.000,0.005,0.022,0.011
naughtiness,0.000,0.003,1.000,0.005,0.022,0.011
sevenfold,0.000,0.003,1.000,0.005,0.022,0.011
taxed,0.000,0.003,1.000,0.005,0.022,0.011
alight,0.000,0.003,1.000,0.005,0.022,0.011
seize,0.000,0.003,1.000,0.005,0.022,0.011
bidden,0.000,0.003,1.000,0.005,0.022,0.011
fervor,0.000,0.003,1.000,0.005,0.022,0.011
asseveration,0.000,0.003,1.000,0.005,0.022,0.011
up-dashed,0.000,0.003,1.000,0.005,0.022,0.011
guile,0.000,0.003,1.000,0.005,0.022,0.011
womankind,0.000,0.003,1.000,0.005,0.022,0.011
unsated,0.000,0.003,1.000,0.005,0.022,0.011
yearn,0.000,0.003,1.000,0.005,0.022,0.011
preached,0.000,0.003,1.000,0.005,0.022,0.011
testimony,0.000,0.003,1.000,0.005,0.022,0.011
estimated,0.000,0.003,1.000,0.005,0.022,0.011
grotesque,0.000,0.003,1.000,0.005,0.022,0.011
dicing,0.000,0.003,1.000,0.005,0.022,0.011
rapunzel,0.000,0.003,1.000,0.005,0.022,0.011
well-constructed,0.000,0.003,1.000,0.005,0.022,0.011
conman's,0.000,0.003,1.000,0.005,0.022,0.011
arthashastra,0.000,0.003,1.000,0.005,0.022,0.011
punching,0.000,0.003,1.000,0.005,0.022,0.011
cleverly,0.000,0.003,1.000,0.005,0.022,0.011
subverting,0.000,0.003,1.000,0.005,0.022,0.011
misuse,0.000,0.003,1.000,0.005,0.022,0.011
brihadaranyaka,0.000,0.003,1.000,0.005,0.022,0.011
adapted,0.000,0.003,1.000,0.005,0.022,0.011
recruitment,0.000,0.003,1.000,0.005,0.022,0.011
corruption,0.000,0.003,1.000,0.005,0.022,0.011
subtext,0.000,0.003,1.000,0.005,0.022,0.011
virulent,0.000,0.003,1.000,0.005,0.022,0.011
gamergate,0.000,0.003,1.000,0.005,0.022,0.011
self-transcendence,0.000,0.003,1.000,0.005,0.022,0.011
unhealed,0.000,0.003,1.000,0.005,0.022,0.011
enforced,0.000,0.003,1.000,0.005,0.022,0.011
black-and-white,0.000,0.003,1.000,0.005,0.022,0.011
bitterness,0.000,0.003,1.000,0.005,0.022,0.011
self-suppression,0.000,0.003,1.000,0.005,0.022,0.011
goleman,0.000,0.003,1.000,0.005,0.022,0.011
fielding,0.000,0.003,1.000,0.005,0.022,0.011
condemnation,0.000,0.003,1.000,0.005,0.022,0.011
journalism,0.000,0.003,1.000,0.005,0.022,0.011
newsworthy,0.000,0.003,1.000,0.005,0.022,0.011
skewed,0.000,0.003,1.000,0.005,0.022,0.011
ashram,0.000,0.003,1.000,0.005,0.022,0.011
compensating,0.000,0.003,1.000,0.005,0.022,0.011
perfectionistic,0.000,0.003,1.000,0.005,0.022,0.011
somber,0.000,0.003,1.000,0.005,0.022,0.011
lamott,0.000,0.003,1.000,0.005,0.022,0.011
myopia,0.000,0.003,1.000,0.005,0.022,0.011
cellulite,0.000,0.003,1.000,0.005,0.022,0.011
blessedly,0.000,0.003,1.000,0.005,0.022,0.011
blurred,0.000,0.003,1.000,0.005,0.022,0.011
zorba,0.000,0.003,1.000,0.005,0.022,0.011
ipad,0.000,0.003,1.000,0.005,0.022,0.011
tummy,0.000,0.003,1.000,0.005,0.022,0.011
unsought,0.000,0.003,1.000,0.005,0.022,0.011
shambhala,0.000,0.003,1.000,0.005,0.022,0.011
fort,0.000,0.003,1.000,0.005,0.022,0.011
turnout,0.000,0.003,1.000,0.005,0.022,0.011
texted,0.000,0.003,1.000,0.005,0.022,0.011
oven,0.000,0.003,1.000,0.005,0.022,0.011
kissing,0.000,0.003,1.000,0.005,0.022,0.011
shushing,0.000,0.003,1.000,0.005,0.022,0.011
heavy-breathing,0.000,0.003,1.000,0.005,0.022,0.011
stockholm,0.000,0.003,1.000,0.005,0.022,0.011
licensed,0.000,0.003,1.000,0.005,0.022,0.011
brimstone,0.000,0.003,1.000,0.005,0.022,0.011
abusively,0.000,0.003,1.000,0.005,0.022,0.011
rosa,0.000,0.003,1.000,0.005,0.022,0.011
treading,0.000,0.003,1.000,0.005,0.022,0.011
retroflection,0.000,0.003,1.000,0.005,0.022,0.011
conflict-avoidant,0.000,0.003,1.000,0.005,0.022,0.011
chodron's,0.000,0.003,1.000,0.005,0.022,0.011
jeering,0.000,0.003,1.000,0.005,0.022,0.011
scorned,0.000,0.003,1.000,0.005,0.022,0.011
despised,0.000,0.003,1.000,0.005,0.022,0.011
ethnic,0.000,0.003,1.000,0.005,0.022,0.011
uncovered,0.000,0.003,1.000,0.005,0.022,0.011
streamed,0.000,0.003,1.000,0.005,0.022,0.011
kathmandu,0.000,0.003,1.000,0.005,0.022,0.011
mourning,0.000,0.003,1.000,0.005,0.022,0.011
temptation,0.000,0.003,1.000,0.005,0.022,0.011
tapped,0.000,0.003,1.000,0.005,0.022,0.011
frailty,0.000,0.003,1.000,0.005,0.022,0.011
quirk,0.000,0.003,1.000,0.005,0.022,0.011
keating,0.000,0.003,1.000,0.005,0.022,0.011
pema's,0.000,0.003,1.000,0.005,0.022,0.011
worldliness,0.000,0.003,1.000,0.005,0.022,0.011
transcended,0.000,0.003,1.000,0.005,0.022,0.011
schizophrenic,0.000,0.003,1.000,0.005,0.022,0.011
unrelieved,0.000,0.003,1.000,0.005,0.022,0.011
revolves,0.000,0.003,1.000,0.005,0.022,0.011
sabbatical,0.000,0.003,1.000,0.005,0.022,0.011
spiritus,0.000,0.003,1.000,0.005,0.022,0.011
ira,0.000,0.003,1.000,0.005,0.022,0.011
progoff,0.000,0.003,1.000,0.005,0.022,0.011
meaning-makers,0.000,0.003,1.000,0.005,0.022,0.011
recitation,0.000,0.003,1.000,0.005,0.022,0.011
gathas,0.000,0.003,1.000,0.005,0.022,0.011
pratanu,0.000,0.003,1.000,0.005,0.022,0.011
mudana,0.000,0.003,1.000,0.005,0.022,0.011
wish-fulfilling,0.000,0.003,1.000,0.005,0.022,0.011
step-wise,0.000,0.003,1.000,0.005,0.020,0.011
interpolation,0.000,0.003,1.000,0.005,0.020,0.011
long-lasting,0.000,0.003,1.000,0.005,0.020,0.011
godlike,0.000,0.003,1.000,0.005,0.020,0.011
sacrificed,0.000,0.003,1.000,0.005,0.020,0.011
opapatika,0.000,0.003,1.000,0.005,0.020,0.011
charter,0.000,0.003,1.000,0.005,0.020,0.011
pascal's,0.000,0.003,1.000,0.005,0.020,0.011
wager,0.000,0.003,1.000,0.005,0.020,0.011
steven,0.000,0.003,1.000,0.005,0.020,0.011
truthtelling,0.000,0.003,1.000,0.005,0.020,0.011
grandma's,0.000,0.003,1.000,0.005,0.020,0.011
sugati,0.000,0.003,1.000,0.005,0.020,0.011
tavatimsa,0.000,0.003,1.000,0.005,0.020,0.011
ascendingly,0.000,0.003,1.000,0.005,0.020,0.011
equate,0.000,0.003,1.000,0.005,0.020,0.011
unswerving,0.000,0.003,1.000,0.005,0.020,0.011
sotapanna,0.000,0.003,1.000,0.005,0.020,0.011
anupubbikatha,0.000,0.003,1.000,0.005,0.020,0.011
maternal,0.000,0.003,1.000,0.005,0.020,0.011
devanussati,0.000,0.003,1.000,0.005,0.020,0.011
unperturbed,0.000,0.003,1.000,0.005,0.020,0.011
halo,0.000,0.003,1.000,0.005,0.020,0.011
osmosis,0.000,0.003,1.000,0.005,0.020,0.011
emulate,0.000,0.003,1.000,0.005,0.020,0.011
multi-life,0.000,0.003,1.000,0.005,0.020,0.011
caganussati,0.000,0.003,1.000,0.005,0.020,0.011
successively,0.000,0.003,1.000,0.005,0.020,0.011
outright,0.000,0.003,1.000,0.005,0.020,0.011
goad,0.000,0.003,1.000,0.005,0.020,0.011
punna,0.000,0.003,1.000,0.005,0.020,0.011
past-life,0.000,0.003,1.000,0.005,0.020,0.011
regression,0.000,0.003,1.000,0.005,0.020,0.011
deva-humans,0.000,0.003,1.000,0.005,0.020,0.011
dibba-cakkhu,0.000,0.003,1.000,0.005,0.020,0.011
stepwise,0.000,0.003,1.000,0.005,0.020,0.011
clairvoyant,0.000,0.003,1.000,0.005,0.020,0.011
afar,0.000,0.003,1.000,0.005,0.020,0.011
consequently,0.000,0.003,1.000,0.005,0.020,0.011
wretch,0.000,0.003,1.000,0.005,0.020,0.011
santideva,0.000,0.003,1.000,0.005,0.020,0.011
hell-being,0.000,0.003,1.000,0.005,0.020,0.011
irked,0.000,0.003,1.000,0.005,0.020,0.011
dogen,0.000,0.005,1.000,0.011,0.010,0.011
frontier,0.000,0.005,1.000,0.011,0.010,0.011
mahasiddhas,0.000,0.003,1.000,0.005,0.020,0.010
siddhi,0.000,0.003,1.000,0.005,0.020,0.010
lifeblood,0.000,0.003,1.000,0.005,0.020,0.010
flourished,0.000,0.003,1.000,0.005,0.020,0.010
slaughter,0.000,0.003,1.000,0.005,0.020,0.010
withdraw,0.000,0.003,1.000,0.005,0.020,0.010
dead-ended,0.000,0.003,1.000,0.005,0.020,0.010
dismount,0.000,0.003,1.000,0.005,0.020,0.010
dismounting,0.000,0.003,1.000,0.005,0.020,0.010
herded,0.000,0.003,1.000,0.005,0.020,0.010
astonishingly,0.000,0.003,1.000,0.005,0.020,0.010
athletic,0.000,0.003,1.000,0.005,0.020,0.010
acrobat's,0.000,0.003,1.000,0.005,0.020,0.010
stutter,0.000,0.003,1.000,0.005,0.020,0.010
installed,0.000,0.003,1.000,0.005,0.020,0.010
stammered,0.000,0.003,1.000,0.005,0.020,0.010
whirled,0.000,0.003,1.000,0.005,0.020,0.010
penned,0.000,0.003,1.000,0.005,0.020,0.010
chained,0.000,0.003,1.000,0.005,0.020,0.010
crept,0.000,0.003,1.000,0.005,0.020,0.010
sneer,0.000,0.003,1.000,0.005,0.020,0.010
nicest,0.000,0.003,1.000,0.005,0.020,0.010
shoveling,0.000,0.003,1.000,0.005,0.020,0.010
well-shaven-headed,0.000,0.003,1.000,0.005,0.020,0.010
worker's,0.000,0.003,1.000,0.005,0.020,0.010
passageway,0.000,0.003,1.000,0.005,0.020,0.010
stripped,0.000,0.003,1.000,0.005,0.020,0.010
waterproofing,0.000,0.003,1.000,0.005,0.020,0.010
cartwheel,0.000,0.003,1.000,0.005,0.020,0.010
wildfire,0.000,0.003,1.000,0.005,0.020,0.010
abomination,0.000,0.003,1.000,0.005,0.020,0.010
wench,0.000,0.003,1.000,0.005,0.020,0.010
second-best,0.000,0.003,1.000,0.005,0.020,0.010
third-best,0.000,0.003,1.000,0.005,0.020,0.010
harem,0.000,0.003,1.000,0.005,0.020,0.010
drought,0.000,0.003,1.000,0.005,0.020,0.010
elect,0.000,0.003,1.000,0.005,0.020,0.010
eldest,0.000,0.003,1.000,0.005,0.020,0.010
habitation,0.000,0.003,1.000,0.005,0.020,0.010
scooped,0.000,0.003,1.000,0.005,0.020,0.010
toasted,0.000,0.003,1.000,0.005,0.020,0.010
salute,0.000,0.003,1.000,0.005,0.020,0.010
stoned-out,0.000,0.003,1.000,0.005,0.020,0.010
well-fed,0.000,0.003,1.000,0.005,0.020,0.010
spiff,0.000,0.003,1.000,0.005,0.020,0.010
abolish,0.000,0.003,1.000,0.005,0.020,0.010
no's,0.000,0.003,1.000,0.005,0.020,0.010
kissed,0.000,0.003,1.000,0.005,0.020,0.010
lieutenant's,0.000,0.003,1.000,0.005,0.020,0.010
surpassed,0.000,0.003,1.000,0.005,0.020,0.010
feint,0.000,0.003,1.000,0.005,0.020,0.010
ether,0.000,0.003,1.000,0.005,0.020,0.010
portugal,0.000,0.003,1.000,0.005,0.020,0.010
telepathy,0.000,0.003,1.000,0.005,0.020,0.010
extrasensory,0.000,0.003,1.000,0.005,0.020,0.010
dei,0.000,0.003,1.000,0.005,0.020,0.010
displayed,0.000,0.003,1.000,0.005,0.020,0.010
hesse,0.000,0.003,1.000,0.005,0.020,0.010
rowed,0.000,0.003,1.000,0.005,0.020,0.010
commonplace,0.000,0.003,1.000,0.005,0.020,0.010
instructing,0.000,0.003,1.000,0.005,0.020,0.010
bcbs,0.000,0.003,1.000,0.005,0.020,0.010
footage,0.000,0.003,1.000,0.005,0.020,0.010
fatal,0.000,0.003,1.000,0.005,0.020,0.010
mahasatipatthana,0.000,0.003,1.000,0.005,0.019,0.010
composition,0.000,0.003,1.000,0.005,0.019,0.010
r-rated,0.000,0.003,1.000,0.005,0.019,0.010
touring,0.000,0.003,1.000,0.005,0.019,0.010
landlord,0.000,0.003,1.000,0.005,0.019,0.010
payasi's,0.000,0.003,1.000,0.005,0.019,0.010
diseased,0.000,0.003,1.000,0.005,0.019,0.010
breakup,0.000,0.003,1.000,0.005,0.019,0.010
executed,0.000,0.003,1.000,0.005,0.019,0.010
warden,0.000,0.003,1.000,0.005,0.019,0.010
refrained,0.000,0.003,1.000,0.005,0.019,0.010
dependable,0.000,0.003,1.000,0.005,0.019,0.010
shampoo,0.000,0.003,1.000,0.005,0.019,0.010
finest,0.000,0.003,1.000,0.005,0.019,0.010
sloth-inducing,0.000,0.003,1.000,0.005,0.019,0.010
thump,0.000,0.003,1.000,0.005,0.019,0.010
conch,0.000,0.003,1.000,0.005,0.019,0.010
thumped,0.000,0.003,1.000,0.005,0.019,0.010
stupidly,0.000,0.003,1.000,0.005,0.019,0.010
abroad,0.000,0.003,1.000,0.005,0.019,0.010
contempt,0.000,0.003,1.000,0.005,0.019,0.010
wreath,0.000,0.003,1.000,0.005,0.019,0.010
splashed,0.000,0.003,1.000,0.005,0.019,0.010
stocked,0.000,0.003,1.000,0.005,0.019,0.010
splattered,0.000,0.003,1.000,0.005,0.019,0.010
foolishly,0.000,0.003,1.000,0.005,0.019,0.010
unseasonable,0.000,0.003,1.000,0.005,0.019,0.010
bespattered,0.000,0.003,1.000,0.005,0.019,0.010
inhabitant,0.000,0.003,1.000,0.005,0.019,0.010
migrated,0.000,0.003,1.000,0.005,0.019,0.010
kassapa's,0.000,0.003,1.000,0.005,0.019,0.010
untilled,0.000,0.003,1.000,0.005,0.019,0.010
low-quality,0.000,0.003,1.000,0.005,0.019,0.010
well-tilled,0.000,0.003,1.000,0.005,0.019,0.010
wayfarer,0.000,0.003,1.000,0.005,0.019,0.010
beggar,0.000,0.003,1.000,0.005,0.019,0.010
unappetizing,0.000,0.003,1.000,0.005,0.019,0.010
gavampati,0.000,0.003,1.000,0.005,0.019,0.010
grudgingly,0.000,0.003,1.000,0.005,0.019,0.010
kaccana,0.000,0.003,1.000,0.005,0.019,0.010
misbehaving,0.000,0.003,1.000,0.005,0.019,0.010
coca-cola,0.000,0.003,1.000,0.005,0.019,0.010
untrustworthy,0.000,0.003,1.000,0.005,0.019,0.010
500-cart,0.000,0.003,1.000,0.005,0.019,0.010
hesitated,0.000,0.003,1.000,0.005,0.019,0.010
hinduism,0.000,0.003,1.000,0.005,0.019,0.010
one-eighth,0.000,0.003,1.000,0.005,0.019,0.010
instigator,0.000,0.003,1.000,0.005,0.019,0.010
destabilization,0.000,0.003,1.000,0.005,0.019,0.010
isi,0.000,0.003,1.000,0.005,0.019,0.010
perpetrated,0.000,0.003,1.000,0.005,0.019,0.010
instigated,0.000,0.003,1.000,0.005,0.019,0.010
outstanding,0.000,0.003,1.000,0.005,0.019,0.010
one-off,0.000,0.003,1.000,0.005,0.019,0.010
assuredly,0.000,0.003,1.000,0.005,0.019,0.010
smack,0.000,0.003,1.000,0.005,0.019,0.010
scrupulous,0.000,0.003,1.000,0.005,0.019,0.010
next-door,0.000,0.003,1.000,0.005,0.019,0.010
scrupulosity,0.000,0.003,1.000,0.005,0.019,0.010
craw,0.000,0.003,1.000,0.005,0.019,0.010
riot,0.000,0.003,1.000,0.005,0.019,0.010
philadelphia,0.000,0.003,1.000,0.005,0.019,0.010
sternly,0.000,0.003,1.000,0.005,0.019,0.010
embarking,0.000,0.003,1.000,0.005,0.019,0.010
begrudgingly,0.000,0.003,1.000,0.005,0.019,0.010
scruple,0.000,0.003,1.000,0.005,0.019,0.010
fuang,0.000,0.003,1.000,0.005,0.019,0.010
subordinate,0.000,0.003,1.000,0.005,0.019,0.010
rouse,0.000,0.003,1.000,0.005,0.019,0.010
materialistic,0.000,0.003,1.000,0.005,0.019,0.010
preferable,0.000,0.003,1.000,0.005,0.019,0.010
bach,0.000,0.003,1.000,0.005,0.019,0.010
pesticide,0.000,0.003,1.000,0.005,0.019,0.010
fertilizer,0.000,0.003,1.000,0.005,0.019,0.010
policeman,0.000,0.003,1.000,0.005,0.019,0.010
bangkok,0.000,0.003,1.000,0.005,0.019,0.010
mommy,0.000,0.003,1.000,0.005,0.019,0.010
geoff,0.000,0.003,1.000,0.005,0.019,0.010
becomings,0.000,0.003,1.000,0.005,0.019,0.010
bo,0.000,0.003,1.000,0.005,0.019,0.010
proactive,0.000,0.003,1.000,0.005,0.019,0.010
scrolled,0.000,0.003,1.000,0.005,0.019,0.010
even,0.003,0.965,0.997,0.071,0.001,0.010
rob's,0.000,0.003,1.000,0.005,0.018,0.010
co-opting,0.000,0.003,1.000,0.005,0.018,0.010
21-year-old,0.000,0.003,1.000,0.005,0.018,0.010
tulane,0.000,0.003,1.000,0.005,0.018,0.010
oat,0.000,0.003,1.000,0.005,0.018,0.010
bachelor's,0.000,0.003,1.000,0.005,0.018,0.010
gusto,0.000,0.003,1.000,0.005,0.018,0.010
admiring,0.000,0.003,1.000,0.005,0.018,0.010
naropa's,0.000,0.003,1.000,0.005,0.018,0.010
onslaught,0.000,0.003,1.000,0.005,0.018,0.010
abbreviate,0.000,0.003,1.000,0.005,0.018,0.010
unlove,0.000,0.003,1.000,0.005,0.018,0.010
unaddressed,0.000,0.003,1.000,0.005,0.018,0.010
supercharged,0.000,0.003,1.000,0.005,0.018,0.010
disabled,0.000,0.003,1.000,0.005,0.018,0.010
disregard,0.000,0.003,1.000,0.005,0.018,0.010
desensitized,0.000,0.003,1.000,0.005,0.018,0.010
incarnates,0.000,0.003,1.000,0.005,0.018,0.010
evading,0.000,0.003,1.000,0.005,0.018,0.010
counteracting,0.000,0.003,1.000,0.005,0.018,0.010
grandfather's,0.000,0.003,1.000,0.005,0.018,0.010
paranoia,0.000,0.003,1.000,0.005,0.018,0.010
commune,0.000,0.003,1.000,0.005,0.018,0.010
sized,0.000,0.003,1.000,0.005,0.018,0.010
tim,0.000,0.003,1.000,0.005,0.018,0.010
leary,0.000,0.003,1.000,0.005,0.018,0.010
rota,0.000,0.003,1.000,0.005,0.018,0.010
cleanup,0.000,0.003,1.000,0.005,0.018,0.010
eco-dharma,0.000,0.003,1.000,0.005,0.018,0.010
pupil,0.000,0.003,1.000,0.005,0.018,0.010
herron,0.000,0.003,1.000,0.005,0.018,0.010
colorless,0.000,0.003,1.000,0.005,0.018,0.010
adrift,0.000,0.003,1.000,0.005,0.018,0.010
converged,0.000,0.003,1.000,0.005,0.018,0.010
circumference,0.000,0.003,1.000,0.005,0.018,0.010
reshaped,0.000,0.003,1.000,0.005,0.018,0.010
long's,0.000,0.003,1.000,0.005,0.018,0.010
interconnects,0.000,0.003,1.000,0.005,0.018,0.010
jam,0.000,0.003,1.000,0.005,0.018,0.010
denver,0.000,0.003,1.000,0.005,0.018,0.010
satori,0.000,0.003,1.000,0.005,0.018,0.010
unitive,0.000,0.003,1.000,0.005,0.018,0.010
prayed,0.000,0.003,1.000,0.005,0.018,0.010
flattening,0.000,0.003,1.000,0.005,0.018,0.010
desensitize,0.000,0.003,1.000,0.005,0.018,0.010
joyce,0.000,0.003,1.000,0.005,0.018,0.010
dubliner,0.000,0.003,1.000,0.005,0.018,0.010
duffy,0.000,0.003,1.000,0.005,0.018,0.010
rolfers,0.000,0.003,1.000,0.005,0.018,0.010
giveaway,0.000,0.003,1.000,0.005,0.018,0.010
eckhart,0.000,0.003,1.000,0.005,0.018,0.010
tolle,0.000,0.003,1.000,0.005,0.018,0.010
l,0.000,0.003,1.000,0.005,0.018,0.010
knost,0.000,0.003,1.000,0.005,0.018,0.010
soul-healing,0.000,0.003,1.000,0.005,0.018,0.010
breathtakingly,0.000,0.003,1.000,0.005,0.018,0.010
fritz,0.000,0.003,1.000,0.005,0.018,0.010
perls,0.000,0.003,1.000,0.005,0.018,0.010
rehab,0.000,0.003,1.000,0.005,0.018,0.010
privileged,0.000,0.003,1.000,0.005,0.018,0.010
mid-30s,0.000,0.003,1.000,0.005,0.018,0.010
rounded,0.000,0.003,1.000,0.005,0.018,0.010
slumped,0.000,0.003,1.000,0.005,0.018,0.010
romantically,0.000,0.003,1.000,0.005,0.018,0.010
sob,0.000,0.003,1.000,0.005,0.018,0.010
excruciatingly,0.000,0.003,1.000,0.005,0.018,0.010
intervened,0.000,0.003,1.000,0.005,0.018,0.010
guessed,0.000,0.003,1.000,0.005,0.018,0.010
incident,0.000,0.003,1.000,0.005,0.018,0.010
fiance,0.000,0.003,1.000,0.005,0.018,0.010
heartless,0.000,0.003,1.000,0.005,0.018,0.010
julie's,0.000,0.003,1.000,0.005,0.018,0.010
pleaser,0.000,0.003,1.000,0.005,0.018,0.010
overextended,0.000,0.003,1.000,0.005,0.018,0.010
wrestled,0.000,0.003,1.000,0.005,0.018,0.010
self-compassionate,0.000,0.003,1.000,0.005,0.018,0.010
s-a-m-m-a,0.000,0.003,1.000,0.005,0.018,0.010
piggybacked,0.000,0.003,1.000,0.005,0.018,0.010
loy,0.000,0.003,1.000,0.005,0.018,0.010
augustus,0.000,0.003,1.000,0.005,0.018,0.010
outgrowing,0.000,0.003,1.000,0.005,0.018,0.010
dissociation,0.000,0.003,1.000,0.005,0.018,0.010
illiteracy,0.000,0.003,1.000,0.005,0.018,0.010
immaturity,0.000,0.003,1.000,0.005,0.018,0.010
full-blooded,0.000,0.003,1.000,0.005,0.018,0.010
newfound,0.000,0.003,1.000,0.005,0.018,0.010
firsthand,0.000,0.003,1.000,0.005,0.018,0.010
fauld,0.000,0.003,1.000,0.005,0.018,0.010
mdiv,0.000,0.003,1.000,0.005,0.014,0.009
portland,0.000,0.003,1.000,0.005,0.014,0.009
co-chair,0.000,0.003,1.000,0.005,0.014,0.009
enthused,0.000,0.003,1.000,0.005,0.014,0.009
segue,0.000,0.003,1.000,0.005,0.014,0.009
karmapa,0.000,0.003,1.000,0.005,0.014,0.009
self-knowing,0.000,0.003,1.000,0.005,0.014,0.009
disclaimer,0.000,0.003,1.000,0.005,0.014,0.009
madhyamaka,0.000,0.003,1.000,0.005,0.014,0.009
intricate,0.000,0.003,1.000,0.005,0.014,0.009
inter-relational,0.000,0.003,1.000,0.005,0.014,0.009
annihilate,0.000,0.003,1.000,0.005,0.014,0.009
diagnose,0.000,0.003,1.000,0.005,0.014,0.009
path-oriented,0.000,0.003,1.000,0.005,0.014,0.009
impetus,0.000,0.003,1.000,0.005,0.014,0.009
vanquish,0.000,0.003,1.000,0.005,0.014,0.009
pioneering,0.000,0.003,1.000,0.005,0.014,0.009
carrie,0.000,0.003,1.000,0.005,0.014,0.009
doehring,0.000,0.003,1.000,0.005,0.014,0.009
intercultural,0.000,0.003,1.000,0.005,0.014,0.009
systemically,0.000,0.003,1.000,0.005,0.014,0.009
mounting,0.000,0.003,1.000,0.005,0.014,0.009
miscarriage,0.000,0.003,1.000,0.005,0.014,0.009
icebreaker,0.000,0.003,1.000,0.005,0.014,0.009
intrusive,0.000,0.003,1.000,0.005,0.014,0.009
powerlessly,0.000,0.003,1.000,0.005,0.014,0.009
self-grasping,0.000,0.003,1.000,0.005,0.014,0.009
self-reification,0.000,0.003,1.000,0.005,0.014,0.009
thinly,0.000,0.003,1.000,0.005,0.014,0.009
veiled,0.000,0.003,1.000,0.005,0.014,0.009
demonstrably,0.000,0.003,1.000,0.005,0.014,0.009
impasse,0.000,0.003,1.000,0.005,0.014,0.009
conflation,0.000,0.003,1.000,0.005,0.014,0.009
paramedic,0.000,0.003,1.000,0.005,0.014,0.009
wheelchair,0.000,0.003,1.000,0.005,0.014,0.009
underwent,0.000,0.003,1.000,0.005,0.014,0.009
cpr,0.000,0.003,1.000,0.005,0.014,0.009
transferred,0.000,0.003,1.000,0.005,0.014,0.009
degenerative,0.000,0.003,1.000,0.005,0.014,0.009
blinking,0.000,0.003,1.000,0.005,0.014,0.009
evangelical,0.000,0.003,1.000,0.005,0.014,0.009
anoxic,0.000,0.003,1.000,0.005,0.014,0.009
professed,0.000,0.003,1.000,0.005,0.014,0.009
narcissistic,0.000,0.003,1.000,0.005,0.014,0.009
dominantly,0.000,0.003,1.000,0.005,0.014,0.009
unmanaged,0.000,0.003,1.000,0.005,0.014,0.009
race-based,0.000,0.003,1.000,0.005,0.014,0.009
inequity,0.000,0.003,1.000,0.005,0.014,0.009
systemic,0.000,0.003,1.000,0.005,0.014,0.009
rapport,0.000,0.003,1.000,0.005,0.014,0.009
intergenerational,0.000,0.003,1.000,0.005,0.014,0.009
epigenetics,0.000,0.003,1.000,0.005,0.014,0.009
nvc,0.000,0.003,1.000,0.005,0.014,0.009
bedstand,0.000,0.003,1.000,0.005,0.014,0.009
deepened,0.000,0.003,1.000,0.005,0.014,0.009
johari,0.000,0.003,1.000,0.005,0.014,0.009
astrology,0.000,0.003,1.000,0.005,0.014,0.009
truest,0.000,0.003,1.000,0.005,0.014,0.009
harmonized,0.000,0.003,1.000,0.005,0.014,0.009
exudes,0.000,0.003,1.000,0.005,0.014,0.009
slipperiest,0.000,0.003,1.000,0.005,0.014,0.009
irene,0.000,0.003,1.000,0.005,0.014,0.009
rockwell,0.000,0.003,1.000,0.005,0.014,0.009
sameness,0.000,0.003,1.000,0.005,0.014,0.009
attentively,0.000,0.003,1.000,0.005,0.014,0.009
disseminated,0.000,0.003,1.000,0.005,0.014,0.009
solemnly,0.000,0.003,1.000,0.005,0.014,0.009
great-grandparents,0.000,0.003,1.000,0.005,0.014,0.009
marital,0.000,0.003,1.000,0.005,0.014,0.009
disclose,0.000,0.003,1.000,0.005,0.014,0.009
charting,0.000,0.003,1.000,0.005,0.014,0.009
two's,0.000,0.003,1.000,0.005,0.014,0.009
detriment,0.000,0.003,1.000,0.005,0.014,0.009
relatedness,0.000,0.003,1.000,0.005,0.014,0.009
disintegrated,0.000,0.003,1.000,0.005,0.014,0.009
rambo,0.000,0.003,1.000,0.005,0.014,0.009
competency,0.000,0.003,1.000,0.005,0.014,0.009
dharmalogical,0.000,0.003,1.000,0.005,0.014,0.009
theos,0.000,0.003,1.000,0.005,0.014,0.009
codependently,0.000,0.003,1.000,0.005,0.014,0.009
peter's,0.000,0.003,1.000,0.005,0.014,0.009
inherency,0.000,0.003,1.000,0.005,0.014,0.009
sexist,0.000,0.003,1.000,0.005,0.014,0.009
insensitive,0.000,0.003,1.000,0.005,0.014,0.009
guesser,0.000,0.003,1.000,0.005,0.014,0.009
invariably,0.000,0.003,1.000,0.005,0.014,0.009
teamwork,0.000,0.003,1.000,0.005,0.014,0.009
trinidad,0.000,0.003,1.000,0.005,0.014,0.009
anti-spiritual,0.000,0.003,1.000,0.005,0.014,0.009
gaggy,0.000,0.003,1.000,0.005,0.014,0.009
remobilized,0.000,0.003,1.000,0.005,0.014,0.009
overidentification,0.000,0.003,1.000,0.005,0.014,0.009
crabby,0.000,0.003,1.000,0.005,0.014,0.009
dived,0.000,0.003,1.000,0.005,0.014,0.009
specialization,0.000,0.003,1.000,0.005,0.014,0.009
filmmaker,0.000,0.003,1.000,0.005,0.014,0.009
keith,0.000,0.003,1.000,0.005,0.014,0.009
wakefield,0.000,0.003,1.000,0.005,0.014,0.009
bookshop,0.000,0.003,1.000,0.005,0.014,0.009
audiobook,0.000,0.003,1.000,0.005,0.014,0.009
synthesis,0.000,0.003,1.000,0.005,0.014,0.009
wide-ranging,0.000,0.003,1.000,0.005,0.014,0.009
memoir,0.000,0.003,1.000,0.005,0.014,0.009
stoicism,0.000,0.003,1.000,0.005,0.014,0.009
epicureanism,0.000,0.003,1.000,0.005,0.014,0.009
stoic,0.000,0.003,1.000,0.005,0.014,0.009
epicurean,0.000,0.003,1.000,0.005,0.014,0.009
scholarship,0.000,0.003,1.000,0.005,0.014,0.009
gombrich,0.000,0.003,1.000,0.005,0.014,0.009
heinz,0.000,0.003,1.000,0.005,0.014,0.009
bechert,0.000,0.003,1.000,0.005,0.014,0.009
persuasively,0.000,0.003,1.000,0.005,0.014,0.009
bce,0.000,0.003,1.000,0.005,0.014,0.009
inhabited,0.000,0.003,1.000,0.005,0.014,0.009
morphed,0.000,0.003,1.000,0.005,0.014,0.009
bolted,0.000,0.003,1.000,0.005,0.014,0.009
21st-century,0.000,0.003,1.000,0.005,0.014,0.009
proficient,0.000,0.003,1.000,0.005,0.014,0.009
epistemology,0.000,0.003,1.000,0.005,0.014,0.009
ontology,0.000,0.003,1.000,0.005,0.014,0.009
optimally,0.000,0.003,1.000,0.005,0.014,0.009
sole,0.000,0.003,1.000,0.005,0.014,0.009
primacy,0.000,0.003,1.000,0.005,0.014,0.009
sophrosyne,0.000,0.003,1.000,0.005,0.014,0.009
moderation,0.000,0.003,1.000,0.005,0.014,0.009
summing,0.000,0.003,1.000,0.005,0.014,0.009
clear-thinking,0.000,0.003,1.000,0.005,0.014,0.009
organically,0.000,0.003,1.000,0.005,0.014,0.009
constituted,0.000,0.003,1.000,0.005,0.014,0.009
dikaiosyne,0.000,0.003,1.000,0.005,0.014,0.009
categorized,0.000,0.003,1.000,0.005,0.014,0.009
samana,0.000,0.003,1.000,0.005,0.014,0.009
sarvastivada,0.000,0.003,1.000,0.005,0.014,0.009
tidily,0.000,0.003,1.000,0.005,0.014,0.009
underpins,0.000,0.003,1.000,0.005,0.014,0.009
eudaimonia,0.000,0.003,1.000,0.005,0.014,0.009
delving,0.000,0.003,1.000,0.005,0.014,0.009
incoherent,0.000,0.003,1.000,0.005,0.014,0.009
differed,0.000,0.003,1.000,0.005,0.014,0.009
withdrew,0.000,0.003,1.000,0.005,0.014,0.009
renounced,0.000,0.003,1.000,0.005,0.014,0.009
democratic,0.000,0.003,1.000,0.005,0.014,0.009
gadfly,0.000,0.003,1.000,0.005,0.014,0.009
slumbering,0.000,0.003,1.000,0.005,0.014,0.009
dialogical,0.000,0.003,1.000,0.005,0.014,0.009
xenophon,0.000,0.003,1.000,0.005,0.014,0.009
thucydides,0.000,0.003,1.000,0.005,0.014,0.009
mouthpiece,0.000,0.003,1.000,0.005,0.014,0.009
counter-image,0.000,0.003,1.000,0.005,0.014,0.009
jeta's,0.000,0.003,1.000,0.005,0.014,0.009
enumerates,0.000,0.003,1.000,0.005,0.014,0.009
gahapati,0.000,0.003,1.000,0.005,0.014,0.009
township,0.000,0.003,1.000,0.005,0.014,0.009
forbidden,0.000,0.003,1.000,0.005,0.014,0.009
paucity,0.000,0.003,1.000,0.005,0.014,0.009
simplistically,0.000,0.003,1.000,0.005,0.014,0.009
rohingyas,0.000,0.003,1.000,0.005,0.014,0.009
tamil,0.000,0.003,1.000,0.005,0.014,0.009
brian,0.000,0.003,1.000,0.005,0.014,0.009
islamic,0.000,0.003,1.000,0.005,0.014,0.009
lankans,0.000,0.003,1.000,0.005,0.014,0.009
vipula,0.000,0.003,1.000,0.005,0.014,0.009
unruly,0.000,0.003,1.000,0.005,0.014,0.009
prodding,0.000,0.003,1.000,0.005,0.014,0.009
accosts,0.000,0.003,1.000,0.005,0.014,0.009
legalism,0.000,0.003,1.000,0.005,0.014,0.009
beholden,0.000,0.003,1.000,0.005,0.014,0.009
over-negated,0.000,0.003,1.000,0.005,0.014,0.009
muddied,0.000,0.003,1.000,0.005,0.014,0.009
victorian-type,0.000,0.003,1.000,0.005,0.014,0.009
mel,0.000,0.003,1.000,0.005,0.014,0.009
weitsman,0.000,0.003,1.000,0.005,0.014,0.009
sona's,0.000,0.003,1.000,0.005,0.014,0.009
herodotus,0.000,0.003,1.000,0.005,0.014,0.009
historian,0.000,0.003,1.000,0.005,0.014,0.009
persia,0.000,0.003,1.000,0.005,0.014,0.009
indus,0.000,0.003,1.000,0.005,0.014,0.009
gandhara,0.000,0.003,1.000,0.005,0.014,0.009
settler,0.000,0.003,1.000,0.005,0.014,0.009
persian,0.000,0.003,1.000,0.005,0.014,0.009
northwest,0.000,0.003,1.000,0.005,0.014,0.009
milinda,0.000,0.003,1.000,0.005,0.014,0.009
menander,0.000,0.003,1.000,0.005,0.014,0.009
nagasena,0.000,0.003,1.000,0.005,0.014,0.009
pyrrho,0.000,0.003,1.000,0.005,0.014,0.009
heleno-buddhist,0.000,0.003,1.000,0.005,0.014,0.009
maharashtra,0.000,0.003,1.000,0.005,0.014,0.009
karli,0.000,0.003,1.000,0.005,0.014,0.009
chipped,0.000,0.003,1.000,0.005,0.014,0.009
meager,0.000,0.003,1.000,0.005,0.014,0.009
operationalizing,0.000,0.003,1.000,0.005,0.014,0.009
stumped,0.000,0.003,1.000,0.005,0.014,0.009
hardcore,0.000,0.003,1.000,0.005,0.014,0.009
pantheon,0.000,0.003,1.000,0.005,0.014,0.009
schematic,0.000,0.003,1.000,0.005,0.014,0.009
shaman,0.000,0.003,1.000,0.005,0.014,0.009
mexico,0.000,0.003,1.000,0.005,0.014,0.009
strangle,0.000,0.003,1.000,0.005,0.014,0.009
belonged,0.000,0.003,1.000,0.005,0.014,0.009
orphic,0.000,0.003,1.000,0.005,0.014,0.009
eleusinian,0.000,0.003,1.000,0.005,0.014,0.009
bacchae,0.000,0.003,1.000,0.005,0.014,0.009
shamanic,0.000,0.003,1.000,0.005,0.014,0.009
inheriting,0.000,0.003,1.000,0.005,0.014,0.009
confucianism,0.000,0.003,1.000,0.005,0.014,0.009
adequately,0.000,0.003,1.000,0.005,0.014,0.009
lamrim,0.000,0.003,1.000,0.005,0.014,0.009
blinded,0.000,0.003,1.000,0.005,0.014,0.009
reassess,0.000,0.003,1.000,0.005,0.014,0.009
comprehensive,0.000,0.003,1.000,0.005,0.014,0.009
meno's,0.000,0.003,1.000,0.005,0.014,0.009
moore's,0.000,0.003,1.000,0.005,0.014,0.009
borne,0.000,0.003,1.000,0.005,0.014,0.009
scrupulously,0.000,0.003,1.000,0.005,0.014,0.009
shantideva's,0.000,0.003,1.000,0.005,0.014,0.009
bodhicaryavatara,0.000,0.003,1.000,0.005,0.014,0.009
collage,0.000,0.003,1.000,0.005,0.014,0.009
20th-century,0.000,0.003,1.000,0.005,0.014,0.009
look-in,0.000,0.003,1.000,0.005,0.014,0.009
optimize,0.000,0.003,1.000,0.005,0.014,0.009
3rd-century,0.000,0.003,1.000,0.005,0.014,0.009
citation,0.000,0.003,1.000,0.005,0.014,0.009
aristophanes,0.000,0.003,1.000,0.005,0.014,0.009
slumber,0.000,0.003,1.000,0.005,0.014,0.009
tackle,0.000,0.003,1.000,0.005,0.014,0.009
nitty-gritty,0.000,0.003,1.000,0.005,0.014,0.009
long-ago,0.000,0.003,1.000,0.005,0.014,0.009
emblematic,0.000,0.003,1.000,0.005,0.014,0.009
college-age,0.000,0.003,1.000,0.005,0.014,0.009
coalesce,0.000,0.003,1.000,0.005,0.014,0.009
conjectured,0.000,0.003,1.000,0.005,0.014,0.009
educate,0.000,0.003,1.000,0.005,0.014,0.009
weirdly,0.000,0.003,1.000,0.005,0.014,0.009
feel,0.008,0.981,0.992,0.038,0.002,0.008
hyper-education,0.000,0.003,1.000,0.005,0.011,0.008
u,0.006,0.981,0.994,0.038,0.001,0.007
ajaan,0.000,0.003,1.000,0.005,0.010,0.007
oberlin,0.000,0.003,1.000,0.005,0.010,0.007
jotiko,0.000,0.003,1.000,0.005,0.010,0.007
dhammatalks,0.000,0.003,1.000,0.005,0.010,0.007
detected,0.000,0.003,1.000,0.005,0.010,0.007
12-page,0.000,0.003,1.000,0.005,0.010,0.007
congratulated,0.000,0.003,1.000,0.005,0.010,0.007
yacht,0.000,0.003,1.000,0.005,0.010,0.007
cursory,0.000,0.003,1.000,0.005,0.010,0.007
splat,0.000,0.003,1.000,0.005,0.010,0.007
wiped,0.000,0.003,1.000,0.005,0.010,0.007
unfabricated,0.000,0.003,1.000,0.005,0.010,0.007
undeceptive,0.000,0.003,1.000,0.005,0.010,0.007
materialist,0.000,0.003,1.000,0.005,0.010,0.007
determinism,0.000,0.003,1.000,0.005,0.010,0.007
botch,0.000,0.003,1.000,0.005,0.010,0.007
sagesses,0.000,0.003,1.000,0.005,0.010,0.007
bouddhistes,0.000,0.003,1.000,0.005,0.010,0.007
interviewer,0.000,0.003,1.000,0.005,0.010,0.007
interviewing,0.000,0.003,1.000,0.005,0.010,0.007
pessimistic,0.000,0.003,1.000,0.005,0.010,0.007
defeatist,0.000,0.003,1.000,0.005,0.010,0.007
urging,0.000,0.003,1.000,0.005,0.010,0.007
rousing,0.000,0.003,1.000,0.005,0.010,0.007
forsaking,0.000,0.003,1.000,0.005,0.010,0.007
forsake,0.000,0.003,1.000,0.005,0.010,0.007
brainless,0.000,0.003,1.000,0.005,0.010,0.007
novelist,0.000,0.003,1.000,0.005,0.010,0.007
jeanne,0.000,0.003,1.000,0.005,0.010,0.007
larsen,0.000,0.003,1.000,0.005,0.010,0.007
scrimp,0.000,0.003,1.000,0.005,0.010,0.007
non-animosity,0.000,0.003,1.000,0.005,0.010,0.007
pleads,0.000,0.003,1.000,0.005,0.010,0.007
hire,0.000,0.003,1.000,0.005,0.010,0.007
deceit,0.000,0.003,1.000,0.005,0.010,0.007
countercultural,0.000,0.003,1.000,0.005,0.010,0.007
invoking,0.000,0.003,1.000,0.005,0.010,0.007
concerted,0.000,0.003,1.000,0.005,0.010,0.007
harvested,0.000,0.003,1.000,0.005,0.010,0.007
craftspeople,0.000,0.003,1.000,0.005,0.010,0.007
waylaid,0.000,0.003,1.000,0.005,0.010,0.007
businessman,0.000,0.003,1.000,0.005,0.010,0.007
businessmen,0.000,0.003,1.000,0.005,0.010,0.007
succeeds,0.000,0.003,1.000,0.005,0.010,0.007
divisively,0.000,0.003,1.000,0.005,0.010,0.007
misrepresents,0.000,0.003,1.000,0.005,0.010,0.007
misrepresentation,0.000,0.003,1.000,0.005,0.010,0.007
humorist,0.000,0.003,1.000,0.005,0.010,0.007
divulge,0.000,0.003,1.000,0.005,0.010,0.007
sectarian,0.000,0.003,1.000,0.005,0.010,0.007
niganthas,0.000,0.003,1.000,0.005,0.010,0.007
digress,0.000,0.003,1.000,0.005,0.010,0.007
pepper,0.000,0.003,1.000,0.005,0.010,0.007
curse,0.000,0.003,1.000,0.005,0.010,0.007
herbicide,0.000,0.003,1.000,0.005,0.010,0.007
cursed,0.000,0.003,1.000,0.005,0.010,0.007
illicit,0.000,0.003,1.000,0.005,0.010,0.007
noblest,0.000,0.003,1.000,0.005,0.010,0.007
flute,0.000,0.003,1.000,0.005,0.010,0.007
hankering,0.000,0.003,1.000,0.005,0.010,0.007
brute,0.000,0.003,1.000,0.005,0.010,0.007
slurp,0.000,0.003,1.000,0.005,0.010,0.007
dignifying,0.000,0.003,1.000,0.005,0.010,0.007
swoop,0.000,0.003,1.000,0.005,0.010,0.007
moaning,0.000,0.003,1.000,0.005,0.010,0.007
pique,0.000,0.003,1.000,0.005,0.010,0.007
taunting,0.000,0.003,1.000,0.005,0.010,0.007
whimpering,0.000,0.003,1.000,0.005,0.010,0.007
parked,0.000,0.003,1.000,0.005,0.010,0.007
marathon,0.000,0.003,1.000,0.005,0.010,0.007
critiqued,0.000,0.003,1.000,0.005,0.010,0.007
abort,0.000,0.003,1.000,0.005,0.010,0.007
misbehaved,0.000,0.003,1.000,0.005,0.010,0.007
masked,0.000,0.003,1.000,0.005,0.010,0.007
chorus,0.000,0.003,1.000,0.005,0.010,0.007
pantomiming,0.000,0.003,1.000,0.005,0.010,0.007
sita,0.000,0.003,1.000,0.005,0.010,0.007
haranguing,0.000,0.003,1.000,0.005,0.010,0.007
digression,0.000,0.003,1.000,0.005,0.010,0.007
youngster,0.000,0.003,1.000,0.005,0.010,0.007
breakdown,0.000,0.003,1.000,0.005,0.010,0.007
brazil,0.000,0.003,1.000,0.005,0.010,0.007
wipeout,0.000,0.003,1.000,0.005,0.010,0.007
non-percipient,0.000,0.003,1.000,0.005,0.010,0.007
dazed,0.000,0.003,1.000,0.005,0.010,0.007
wacko,0.000,0.003,1.000,0.005,0.010,0.007
blatant,0.000,0.003,1.000,0.005,0.010,0.007
inquisitive,0.000,0.003,1.000,0.005,0.010,0.007
cow's,0.000,0.003,1.000,0.005,0.010,0.007
curating,0.000,0.003,1.000,0.005,0.010,0.007
fraud,0.000,0.003,1.000,0.005,0.010,0.007
certifies,0.000,0.003,1.000,0.005,0.010,0.007
lapsed,0.000,0.003,1.000,0.005,0.010,0.007
thwarted,0.000,0.003,1.000,0.005,0.010,0.007
time,0.005,0.986,0.995,0.027,0.001,0.005
ai-generated,0.001,1.000,0.999,0.000,0.000,0.000
transcript,0.001,1.000,0.999,0.000,0.000,0.000
auto-generated,0.001,1.000,0.999,0.000,0.000,0.000
subtitle,0.001,1.000,0.999,0.000,0.000,0.000
video,0.001,1.000,0.999,0.000,0.000,0.000
likely,0.001,1.000,0.999,0.000,0.000,0.000
contains,0.001,1.000,0.999,0.000,0.000,0.000
inaccuracy,0.001,1.000,0.999,0.000,0.000,0.000
following,0.001,1.000,0.999,0.000,0.000,0.000
talk,0.003,1.000,0.997,0.000,0.000,0.000
wa,0.010,1.000,0.990,0.000,0.000,0.000
given,0.001,1.000,0.999,0.000,0.000,0.000
insight,0.003,1.000,0.997,0.000,0.000,0.000
meditation,0.006,1.000,0.994,0.000,0.000,0.000
center,0.002,1.000,0.998,0.000,0.000,0.000
redwood,0.001,1.000,0.999,0.000,0.000,0.000
city,0.001,1.000,0.999,0.000,0.000,0.000
california,0.001,1.000,0.999,0.000,0.000,0.000
please,0.001,1.000,0.999,0.000,0.000,0.000
visit,0.001,1.000,0.999,0.000,0.000,0.000
website,0.001,1.000,0.999,0.000,0.000,0.000
www,0.001,1.000,0.999,0.000,0.000,0.000
audiodharma,0.001,1.000,0.999,0.000,0.000,0.000
org,0.001,1.000,0.999,0.000,0.000,0.000
