word,global_frequency,document_frequency,idf_score
feel,6274,379,0.005263
think,5995,376,0.013210
thing,4908,368,0.034716
mind,4578,368,0.034716
practice,3793,368,0.034716
meditation,3504,381,0.000000
u,3385,374,0.018544
people,3319,352,0.079168
body,3281,346,0.096361
experience,3121,343,0.105069
want,3042,356,0.067869
sense,2977,358,0.062266
time,2880,376,0.013210
life,2821,357,0.065064
let,2733,365,0.042902
good,2501,360,0.056695
breathe,2491,271,0.340681
talk,2454,381,0.000000
make,2446,363,0.048397
world,2405,342,0.107989
little,2387,353,0.076331
take,2267,368,0.034716
may,2204,329,0.146742
might,2167,356,0.067869
right,2158,331,0.140681
happen,2094,338,0.119753
would,2002,326,0.155902
different,1936,337,0.122716
give,1917,381,0.000000
sometimes,1897,345,0.099255
even,1894,370,0.029296
buddha,1883,266,0.359303
moment,1854,337,0.122716
become,1773,347,0.093475
love,1743,289,0.276373
deep,1709,308,0.212700
suffer,1695,238,0.470529
find,1691,346,0.096361
insight,1683,381,0.000000
heart,1680,305,0.222488
much,1676,358,0.062266
idea,1638,304,0.225772
part,1621,340,0.113854
care,1613,279,0.311588
place,1599,321,0.171358
need,1576,323,0.165147
bite,1541,326,0.155902
lot,1541,337,0.122716
allow,1528,310,0.206227
start,1524,317,0.183898
samadhi,1519,158,0.880204
settle,1517,270,0.344377
back,1504,336,0.125688
sit,1503,350,0.084866
mean,1471,314,0.193406
look,1467,318,0.180748
teach,1458,285,0.290310
change,1441,250,0.421338
begin,1436,316,0.187057
word,1369,323,0.165147
work,1360,287,0.283317
well,1348,306,0.219214
try,1286,312,0.199796
attention,1275,282,0.300892
awareness,1263,228,0.513454
relax,1245,259,0.385971
present,1238,292,0.266046
understand,1224,281,0.304445
open,1220,306,0.219214
notice,1217,249,0.425346
whatever,1202,322,0.168248
use,1198,302,0.232372
bring,1197,294,0.259220
thank,1197,337,0.122716
live,1197,275,0.326028
okay,1161,244,0.445631
around,1159,320,0.174478
whole,1151,278,0.315178
point,1149,301,0.235689
self,1140,153,0.912361
center,1120,381,0.000000
end,1107,336,0.125688
person,1105,255,0.401536
actually,1098,285,0.290310
many,1092,316,0.187057
often,1090,282,0.300892
others,1077,283,0.297352
arise,1074,257,0.393723
call,1053,296,0.252440
together,1029,285,0.290310
hold,1026,272,0.336997
away,1020,297,0.249067
story,1012,204,0.624679
day,1006,302,0.232372
mindfulness,990,232,0.496062
without,982,300,0.239017
support,960,254,0.405465
long,943,313,0.196596
great,937,264,0.366850
joy,931,173,0.789508
everything,902,256,0.397622
guide,898,300,0.239017
sensation,884,213,0.581507
doe,877,259,0.385971
happy,873,291,0.269476
help,866,278,0.315178
hear,864,226,0.522264
happiness,860,179,0.755414
path,849,179,0.755414
question,845,201,0.639494
state,843,206,0.614923
dharma,842,214,0.576823
today,842,292,0.266046
buddhist,833,226,0.522264
anything,831,277,0.318782
year,830,230,0.504720
stay,826,243,0.449738
important,824,272,0.336997
keep,817,273,0.333328
put,810,268,0.351812
calm,810,182,0.738793
still,804,271,0.340681
learn,781,261,0.378279
another,767,258,0.389840
enough,750,267,0.355551
free,748,273,0.333328
desire,743,156,0.892943
always,742,257,0.393723
follow,724,381,0.000000
simple,721,218,0.558304
pleasure,719,131,1.067602
week,717,265,0.363070
space,712,193,0.680109
welcome,707,311,0.203006
quite,701,260,0.382118
course,696,239,0.466336
offer,696,253,0.409410
condition,691,184,0.727864
turn,691,238,0.470529
view,683,149,0.938853
ask,679,200,0.644482
compassion,676,153,0.912361
close,674,294,0.259220
recognize,668,212,0.586213
connect,666,209,0.600465
big,662,217,0.562902
peace,645,206,0.614923
move,640,245,0.441541
someone,638,212,0.586213
freedom,638,189,0.701052
eye,635,247,0.433411
quiet,634,195,0.669800
certain,631,240,0.462160
quality,625,181,0.744302
able,623,231,0.500382
aware,622,191,0.690526
next,621,254,0.405465
meet,610,195,0.669800
posture,608,234,0.487478
tension,608,169,0.812901
focus,607,188,0.706357
appreciate,588,215,0.572161
wish,583,219,0.553728
tell,580,203,0.629593
helpful,578,158,0.880204
clear,577,222,0.540122
well-being,574,146,0.959193
spiritual,573,117,1.180625
please,570,381,0.000000
flow,570,154,0.905847
teacher,566,181,0.744302
almost,563,230,0.504720
friend,562,177,0.766650
else,562,220,0.549172
nice,559,223,0.535628
cling,559,146,0.959193
beautiful,559,179,0.755414
rest,558,230,0.504720
human,556,213,0.581507
walk,552,174,0.783744
new,551,192,0.685304
ease,551,182,0.738793
soften,549,197,0.659596
wisdom,546,162,0.855203
kindness,545,162,0.855203
show,545,182,0.738793
rather,543,219,0.553728
lead,540,158,0.880204
buddhism,538,151,0.925520
create,538,211,0.590941
last,533,233,0.491761
within,533,206,0.614923
truth,525,127,1.098612
interest,524,202,0.634532
possible,523,211,0.590941
link,522,274,0.329671
didn't,516,190,0.695775
meditate,514,210,0.595692
pain,514,153,0.912361
grow,508,189,0.701052
fear,506,159,0.873895
wonderful,504,201,0.639494
goodwill,504,112,1.224301
seem,500,218,0.558304
relationship,498,178,0.761016
touch,497,219,0.553728
towards,494,194,0.674941
every,493,206,0.614923
water,493,134,1.044960
king,493,31,2.508812
hand,491,200,0.644482
sound,490,164,0.842933
city,489,381,0.000000
leave,488,210,0.595692
inner,485,167,0.824806
aversion,484,119,1.163676
nothing,479,203,0.629593
goodness,479,156,0.892943
likely,475,381,0.000000
stop,474,180,0.749843
visit,473,381,0.000000
light,468,161,0.861395
imagine,466,209,0.600465
harm,466,101,1.327679
shift,465,176,0.772315
share,462,163,0.849049
cultivate,462,132,1.059997
instead,462,176,0.772315
equanimity,460,97,1.368088
everyone,457,201,0.639494
bad,456,146,0.959193
movement,456,187,0.711691
strong,454,182,0.738793
wise,454,141,0.994039
activity,453,153,0.912361
metta,453,67,1.738107
website,450,381,0.000000
form,450,199,0.649495
particular,446,196,0.664685
california,443,381,0.000000
energy,443,150,0.932164
inside,441,185,0.722444
catch,440,170,0.807001
speak,438,162,0.855203
gil,437,204,0.624679
room,435,173,0.789508
i'd,434,189,0.701052
awaken,432,126,1.106517
redwood,431,381,0.000000
safe,430,243,0.449738
read,427,163,0.849049
continue,423,213,0.581507
lose,423,175,0.778013
involve,423,178,0.761016
step,419,165,0.836854
true,416,159,0.873895
information,415,316,0.187057
contain,414,381,0.000000
org,414,381,0.000000
realize,412,173,0.789508
peaceful,412,192,0.685304
dukkha,410,94,1.399505
isn't,406,165,0.836854
gently,406,185,0.722444
video,405,381,0.000000
clearly,404,164,0.842933
poem,404,68,1.723292
capacity,403,148,0.945587
retreat,401,144,0.972986
yes,400,155,0.899374
morning,399,204,0.624679
www,398,381,0.000000
audiodharma,398,381,0.000000
nature,397,161,0.861395
include,397,189,0.701052
cause,395,151,0.925520
small,393,176,0.772315
remember,392,177,0.766650
listen,392,142,0.986972
wholesome,389,105,1.288839
emotion,388,146,0.959193
transcript,386,381,0.000000
subtitle,384,381,0.000000
ai-generated,383,381,0.000000
auto-generated,383,381,0.000000
inaccuracy,383,381,0.000000
enter,381,142,0.986972
example,379,170,0.807001
subtle,377,132,1.059997
receive,368,126,1.106517
develop,366,150,0.932164
far,361,155,0.899374
community,357,93,1.410200
you've,357,160,0.867626
source,355,98,1.357832
anger,354,102,1.317827
minute,353,173,0.789508
diana,353,60,1.848455
somebody,352,100,1.337629
mental,352,133,1.052450
probably,351,176,0.772315
river,351,62,1.815665
pleasant,351,116,1.189209
action,346,115,1.197867
act,344,125,1.114486
natural,343,143,0.979955
tradition,342,132,1.059997
full,340,182,0.738793
effort,338,108,1.260668
believe,337,152,0.918919
wrong,333,139,1.008325
relate,331,154,0.905847
patience,331,41,2.229227
gather,330,110,1.242319
engage,329,139,1.008325
difficult,329,150,0.932164
pull,326,149,0.938853
sutta,324,82,1.536080
dharmette,323,218,0.558304
situation,322,131,1.067602
somehow,321,186,0.717053
conflict,320,40,2.253920
invite,319,121,1.147009
push,318,149,0.938853
set,315,156,0.892943
whether,315,171,0.801136
discover,312,123,1.130615
count,311,48,2.071598
simply,309,155,0.899374
challenge,307,125,1.114486
name,307,141,0.994039
train,306,102,1.317827
object,302,119,1.163676
fully,299,141,0.994039
system,299,112,1.224301
clark,298,50,2.030776
delight,297,125,1.114486
spend,297,166,0.830812
attitude,296,114,1.206601
release,296,121,1.147009
problem,294,122,1.138778
fronsdal,294,159,0.873895
stress,294,105,1.288839
contentment,294,59,1.865262
matter,293,153,0.912361
healthy,293,128,1.090769
wasn't,293,146,0.959193
early,292,154,0.905847
add,289,111,1.233269
belief,286,90,1.442990
fall,284,142,0.986972
fix,284,110,1.242319
useful,284,154,0.905847
level,283,123,1.130615
consider,283,143,0.979955
introduction,280,210,0.595692
purpose,280,109,1.251451
stand,280,140,1.001157
describe,280,145,0.966066
sort,279,116,1.189209
control,279,98,1.357832
concern,278,127,1.098612
return,278,177,0.766650
trust,278,108,1.260668
reason,277,159,0.873895
side,277,120,1.155308
crave,277,75,1.625311
jhana,276,45,2.136137
approach,276,99,1.347680
late,275,145,0.966066
play,275,120,1.155308
drop,275,118,1.172115
mindful,274,117,1.180625
direct,272,128,1.090769
aspect,271,142,0.986972
benefit,270,134,1.044960
head,270,135,1.037525
list,269,93,1.410200
ago,268,138,1.015546
area,268,137,1.022818
noble,268,76,1.612066
topic,267,151,0.925520
gentle,267,118,1.172115
family,266,110,1.242319
belly,266,132,1.059997
term,265,113,1.215412
pressure,263,113,1.215412
simplicity,262,77,1.598994
intention,261,106,1.279360
already,259,130,1.075265
concept,259,87,1.476891
home,259,147,0.952367
wide,259,116,1.189209
hope,259,157,0.886554
choose,259,124,1.122518
translate,258,130,1.075265
generosity,257,77,1.598994
operate,257,99,1.347680
sure,256,139,1.008325
clarity,255,110,1.242319
field,255,108,1.260668
direction,254,138,1.015546
book,253,104,1.298408
completely,252,135,1.037525
face,251,139,1.008325
answer,250,117,1.180625
watch,250,121,1.147009
group,249,102,1.317827
series,248,134,1.044960
greed,247,94,1.399505
soft,246,123,1.130615
fact,245,148,0.945587
high,244,103,1.308070
attachment,244,78,1.586091
though,242,154,0.905847
usually,242,147,0.952367
questioner,242,42,2.205130
write,241,123,1.130615
inspire,240,120,1.155308
ability,240,122,1.138778
order,240,140,1.001157
yet,240,111,1.233269
exactly,239,142,0.986972
assume,239,164,0.842933
spread,238,86,1.488452
sangha,237,67,1.738107
build,236,123,1.130615
bear,236,108,1.260668
earth,235,69,1.708693
associate,234,134,1.044960
real,233,145,0.966066
difference,233,131,1.067602
fill,233,122,1.138778
balance,233,88,1.465463
unpleasant,233,62,1.815665
respect,232,101,1.327679
foot,232,116,1.189209
mine,232,82,1.536080
degree,230,119,1.163676
concentration,230,90,1.442990
pali,229,117,1.180625
either,229,138,1.015546
forward,229,144,0.972986
emotional,228,116,1.189209
you'll,227,126,1.106517
value,227,116,1.189209
middle,227,129,1.082987
past,227,116,1.189209
wait,225,116,1.189209
tend,225,126,1.106517
contact,225,91,1.431940
available,224,128,1.090769
pay,223,113,1.215412
line,222,104,1.298408
piece,222,93,1.410200
ground,221,105,1.288839
force,220,112,1.224301
figure,219,106,1.279360
difficulty,219,82,1.536080
power,219,90,1.442990
base,219,102,1.317827
delusion,219,84,1.511983
number,218,117,1.180625
recognition,217,83,1.523959
die,217,81,1.548350
future,217,110,1.242319
connection,216,120,1.155308
presence,216,109,1.251451
profound,215,92,1.421011
wow,215,113,1.215412
instruction,215,97,1.368088
spaciousness,215,58,1.882356
comfortable,215,122,1.138778
reflection,214,95,1.388922
provide,214,108,1.260668
monk,213,61,1.831926
child,213,90,1.442990
physical,212,110,1.242319
certainly,211,133,1.052450
shoulder,211,114,1.206601
image,210,103,1.308070
appreciation,209,76,1.612066
perception,208,53,1.972507
preoccupation,207,84,1.511983
uncomfortable,207,78,1.586091
least,206,125,1.114486
carry,206,113,1.215412
alive,205,117,1.180625
orientation,204,96,1.378451
upon,204,116,1.189209
especially,203,130,1.075265
ethical,203,63,1.799665
tree,203,80,1.560773
practitioner,201,102,1.317827
silence,201,84,1.511983
old,200,98,1.357832
everybody,199,86,1.488452
reflect,199,96,1.378451
orient,199,82,1.536080
outside,199,116,1.189209
hatred,198,79,1.573352
drive,198,106,1.279360
food,198,92,1.421011
response,198,77,1.598994
hindrance,198,53,1.972507
pause,197,66,1.753145
explore,197,86,1.488452
job,196,84,1.511983
break,195,105,1.288839
perspective,195,70,1.694304
comment,194,89,1.454163
enjoy,194,105,1.288839
behind,193,123,1.130615
hour,193,99,1.347680
stick,193,97,1.368088
characteristic,192,68,1.723292
ordinary,192,100,1.337629
wind,191,73,1.652340
saw,191,103,1.308070
oneself,190,106,1.279360
god,190,50,2.030776
tomorrow,188,130,1.075265
language,186,107,1.269971
expand,186,111,1.233269
beyond,186,85,1.500148
realm,185,56,1.917448
stuff,185,93,1.410200
loving-kindness,185,67,1.738107
context,185,99,1.347680
conversation,185,81,1.548350
speech,184,58,1.882356
phrase,184,80,1.560773
normal,183,134,1.044960
ever,183,112,1.224301
faith,183,50,2.030776
element,183,58,1.882356
type,182,77,1.598994
ready,182,102,1.317827
unwholesome,182,62,1.815665
study,181,91,1.431940
extra,181,70,1.694304
familiar,181,104,1.298408
member,181,55,1.935466
stillness,181,72,1.666133
limit,181,82,1.536080
top,180,91,1.431940
judgment,179,80,1.560773
vision,179,43,2.181599
angry,177,69,1.708693
suppose,177,111,1.233269
friendliness,177,39,2.279238
pretty,176,99,1.347680
rid,176,87,1.476891
chaplaincy,176,15,3.234749
couple,175,115,1.197867
appropriate,175,91,1.431940
edge,175,78,1.586091
imc,175,101,1.327679
night,174,73,1.652340
opportunity,173,99,1.347680
lie,173,99,1.347680
avoid,173,84,1.511983
suttas,172,61,1.831926
amount,172,108,1.260668
case,171,88,1.465463
woman,171,46,2.114158
refuge,171,47,2.092652
content,171,76,1.612066
general,170,99,1.347680
air,170,78,1.586091
unfold,170,87,1.476891
stability,169,74,1.638734
emphasize,169,100,1.337629
mara,169,19,2.998360
steady,168,62,1.815665
death,167,65,1.768412
common,167,105,1.288839
check,167,89,1.454163
beauty,167,70,1.694304
apply,166,81,1.548350
powerful,166,103,1.308070
land,166,85,1.500148
effect,165,75,1.625311
foundation,165,82,1.536080
young,165,88,1.465463
exist,164,98,1.357832
student,164,46,2.114158
slow,164,116,1.189209
surface,164,88,1.465463
primary,164,94,1.399505
doubt,164,61,1.831926
personal,163,86,1.488452
plan,163,83,1.523959
grind,163,92,1.421011
possibility,163,99,1.347680
not-self,162,44,2.158610
wave,162,68,1.723292
yesterday,162,96,1.378451
confidence,159,60,1.848455
fourth,158,78,1.586091
arrive,158,93,1.410200
mention,157,94,1.399505
must,157,90,1.442990
reference,156,79,1.573352
distract,156,97,1.368088
gaze,156,78,1.586091
respond,156,76,1.612066
identity,156,47,2.092652
warmth,155,81,1.548350
abide,155,47,2.092652
worry,155,87,1.476891
wholeness,155,55,1.935466
daily,154,85,1.500148
require,154,92,1.421011
organize,154,47,2.092652
door,154,80,1.560773
ancient,153,79,1.573352
vedana,153,14,3.303742
finally,153,87,1.476891
however,153,98,1.357832
chance,153,92,1.421011
run,153,98,1.357832
toward,153,59,1.865262
circle,152,70,1.694304
weight,152,71,1.680119
across,152,75,1.625311
metaphor,151,73,1.652340
obvious,151,84,1.511983
smile,150,63,1.799665
fine,150,86,1.488452
quote,150,89,1.454163
necessarily,149,98,1.357832
pass,149,71,1.680119
taste,149,62,1.815665
memory,149,69,1.708693
choice,149,66,1.753145
clean,148,72,1.666133
alone,147,90,1.442990
gift,147,85,1.500148
express,147,75,1.625311
reactivity,146,54,1.953815
audience,146,26,2.684703
amaze,146,88,1.465463
sens,146,55,1.935466
embody,146,75,1.625311
root,146,63,1.799665
impermanence,144,51,2.010974
art,144,64,1.783916
chest,144,92,1.421011
fire,144,58,1.882356
separate,144,82,1.536080
wonder,144,80,1.560773
ethic,143,35,2.387451
large,143,89,1.454163
skillful,143,54,1.953815
lay,142,73,1.652340
occur,142,97,1.368088
ill,142,61,1.831926
accept,141,76,1.612066
sustain,141,36,2.359280
satisfy,141,76,1.612066
grasp,141,63,1.799665
identify,141,71,1.680119
jataka,141,12,3.457893
openness,140,80,1.560773
soon,140,71,1.680119
low,140,76,1.612066
zen,139,56,1.917448
man,139,52,1.991556
consciousness,139,42,2.205130
culture,138,63,1.799665
car,138,60,1.848455
tight,138,80,1.560773
hurt,138,80,1.560773
complete,138,80,1.560773
eat,137,67,1.738107
wander,137,73,1.652340
grief,137,53,1.972507
society,136,62,1.815665
won't,136,91,1.431940
aren't,135,81,1.548350
deer,135,12,3.457893
mountain,135,52,1.991556
appear,134,86,1.488452
simile,134,40,2.253920
rise,134,77,1.598994
strain,134,72,1.666133
supportive,133,79,1.573352
discomfort,133,61,1.831926
invitation,133,74,1.638734
short,133,86,1.488452
pattern,133,59,1.865262
impact,132,70,1.694304
basic,132,76,1.612066
lake,132,39,2.279238
absorb,131,59,1.865262
accompany,131,46,2.114158
attend,131,75,1.625311
wouldn't,131,80,1.560773
arrow,131,26,2.684703
chaplain,131,11,3.544904
goal,131,58,1.882356
text,130,61,1.831926
cannot,130,80,1.560773
expression,130,86,1.488452
core,130,60,1.848455
define,129,75,1.625311
dhamma,129,22,2.851757
perfect,128,71,1.680119
decide,128,68,1.723292
stage,128,60,1.848455
nourish,127,76,1.612066
friendship,127,40,2.253920
opposite,127,85,1.500148
tense,127,63,1.799665
careful,126,77,1.598994
theme,126,83,1.523959
inspiration,126,51,2.010974
dear,126,42,2.205130
ah,125,64,1.783916
disappear,125,59,1.865262
tune,125,64,1.783916
q,124,95,1.388922
terrible,124,58,1.882356
folk,124,67,1.738107
address,124,64,1.783916
pick,124,82,1.536080
social,124,57,1.899748
wake,124,79,1.573352
function,123,78,1.586091
observe,123,52,1.991556
resistance,123,56,1.917448
concentrate,123,67,1.738107
loss,123,46,2.114158
forest,123,45,2.136137
kill,123,38,2.305213
journey,123,49,2.050979
role,123,64,1.783916
warm,122,77,1.598994
arm,122,77,1.598994
english,122,76,1.612066
encourage,122,76,1.612066
principle,122,44,2.158610
friendly,122,44,2.158610
guess,121,68,1.723292
broad,121,72,1.666133
preoccupy,121,65,1.768412
harmony,121,42,2.205130
attach,120,59,1.865262
factor,120,55,1.935466
reality,120,64,1.783916
current,120,56,1.917448
send,120,67,1.738107
opinion,120,41,2.229227
anyone,120,67,1.738107
picture,120,59,1.865262
seat,120,63,1.799665
intelligence,120,24,2.764746
vast,120,64,1.783916
flood,120,21,2.898277
record,119,105,1.288839
animal,119,52,1.991556
bless,119,46,2.114158
lovely,119,75,1.625311
house,119,56,1.917448
anybody,119,69,1.708693
alternative,119,68,1.723292
participate,119,52,1.991556
liberation,118,62,1.815665
safety,118,65,1.768412
road,118,41,2.229227
torso,118,67,1.738107
attune,117,67,1.738107
construct,117,39,2.279238
class,116,52,1.991556
habit,116,61,1.831926
cushion,116,71,1.680119
emphasis,116,80,1.560773
directly,116,87,1.476891
spot,116,57,1.899748
patient,116,26,2.684703
encounter,115,79,1.573352
tightness,115,71,1.680119
near,115,60,1.848455
comfort,114,60,1.848455
background,114,69,1.708693
front,114,73,1.652340
monastery,113,42,2.205130
judge,113,67,1.738107
period,113,77,1.598994
float,113,64,1.783916
join,113,74,1.638734
voice,113,64,1.783916
bird,113,53,1.972507
silent,112,48,2.071598
remind,112,78,1.586091
aside,112,60,1.848455
tremendous,112,80,1.560773
expectation,112,58,1.882356
muscle,112,66,1.753145
issue,112,72,1.666133
radiate,112,49,2.050979
knowledge,111,38,2.305213
depend,111,71,1.680119
month,111,68,1.723292
rhythm,111,66,1.753145
travel,111,62,1.815665
brain,110,50,2.030776
monastic,110,46,2.114158
deal,110,65,1.768412
stream,110,54,1.953815
heaven,110,18,3.052428
sensual,110,44,2.158610
serve,110,47,2.092652
bell,110,53,1.972507
spacious,110,55,1.935466
subject,109,40,2.253920
individual,109,79,1.573352
protect,109,68,1.723292
cultivation,109,50,2.030776
usual,109,67,1.738107
absence,109,43,2.181599
slowly,108,79,1.573352
translation,108,57,1.899748
ajahn,108,44,2.158610
couldn't,108,77,1.598994
refer,108,74,1.638734
cool,108,55,1.935466
note,108,55,1.935466
stable,108,65,1.768412
fetter,107,10,3.640214
leg,107,71,1.680119
spirit,107,57,1.899748
blame,107,39,2.279238
heal,107,61,1.831926
agitation,107,59,1.865262
agitate,107,60,1.848455
project,106,62,1.815665
detail,106,60,1.848455
tendency,106,63,1.799665
virtue,106,31,2.508812
cross,106,29,2.575504
belong,105,62,1.815665
relief,105,55,1.935466
welfare,105,43,2.181599
highlight,105,62,1.815665
tonight,105,56,1.917448
reach,105,71,1.680119
chair,105,72,1.666133
steadiness,105,37,2.331881
phenomenon,105,64,1.783916
afraid,104,57,1.899748
somewhere,104,76,1.612066
eventually,104,77,1.598994
chat,104,64,1.783916
fun,104,53,1.972507
kid,104,56,1.917448
curiosity,104,46,2.114158
beneficial,104,52,1.991556
represent,103,62,1.815665
huge,103,64,1.783916
mostly,103,70,1.694304
fight,103,46,2.114158
eightfold,103,33,2.446292
program,103,32,2.477063
gain,103,48,2.071598
expect,102,71,1.680119
brief,102,44,2.158610
contribute,102,63,1.799665
wherever,102,77,1.598994
painful,102,52,1.991556
bodily,102,43,2.181599
investigate,102,41,2.229227
they've,101,70,1.694304
affect,101,61,1.831926
unification,101,45,2.136137
hang,101,70,1.694304
shore,101,19,2.998360
it'll,101,64,1.783916
tone,101,40,2.253920
react,100,69,1.708693
selfing,100,24,2.764746
easily,100,70,1.694304
generally,100,72,1.666133
result,100,56,1.917448
haven't,100,79,1.573352
elephant,100,8,3.863358
notion,99,54,1.953815
throughout,99,69,1.708693
anymore,99,72,1.666133
school,99,47,2.092652
massage,99,43,2.181599
strength,99,62,1.815665
distinction,99,57,1.899748
perceive,99,46,2.114158
gratitude,99,43,2.181599
acknowledge,99,60,1.848455
everywhere,99,64,1.783916
contract,98,61,1.831926
throw,98,50,2.030776
shouldn't,98,64,1.783916
otherwise,98,63,1.799665
country,97,51,2.010974
empty,97,53,1.972507
version,97,53,1.972507
valuable,97,69,1.708693
half,97,54,1.953815
precept,97,23,2.807305
range,97,63,1.799665
health,97,57,1.899748
since,97,72,1.666133
key,97,66,1.753145
mother,96,42,2.205130
quietly,96,69,1.708693
sensitivity,96,48,2.071598
fast,96,56,1.917448
sweet,96,54,1.953815
guy,96,50,2.030776
literally,96,73,1.652340
adjust,96,66,1.753145
imagination,96,44,2.158610
lack,95,54,1.953815
reaction,95,47,2.092652
onto,95,65,1.768412
draw,95,50,2.030776
plant,95,46,2.114158
hate,95,55,1.935466
son,95,32,2.477063
explain,94,61,1.831926
religion,94,35,2.387451
basically,94,45,2.136137
forget,94,66,1.753145
pas,94,63,1.799665
busy,94,70,1.694304
constantly,94,52,1.991556
disconnect,94,44,2.158610
curious,94,54,1.953815
sensitive,94,56,1.917448
track,94,50,2.030776
sati,94,42,2.205130
session,93,62,1.815665
totally,93,45,2.136137
discourse,93,36,2.359280
meaningful,93,62,1.815665
matthew,93,46,2.114158
anxiety,93,55,1.935466
trouble,93,65,1.768412
specific,93,62,1.815665
poetry,93,19,2.998360
unify,93,49,2.050979
resist,93,51,2.010974
titan,93,3,4.844187
dependent,92,49,2.050979
generous,92,40,2.253920
mood,92,51,2.010974
sacred,92,46,2.114158
various,91,60,1.848455
contraction,91,58,1.882356
street,91,45,2.136137
quickly,91,68,1.723292
fuel,91,42,2.205130
discussion,90,62,1.815665
brensilver,90,45,2.136137
seed,90,45,2.136137
surprise,90,64,1.783916
sweetness,90,27,2.646963
aliveness,90,50,2.030776
suggest,89,71,1.680119
measure,89,64,1.783916
fantasy,89,51,2.010974
sign,89,45,2.136137
strive,89,36,2.359280
increase,89,51,2.010974
internal,89,46,2.114158
empathy,89,18,3.052428
courage,89,26,2.684703
complicate,88,60,1.848455
deepen,88,61,1.831926
vipassana,88,30,2.541602
underneath,88,49,2.050979
circumstance,88,48,2.071598
influence,87,55,1.935466
particularly,87,53,1.972507
versus,87,52,1.991556
single,87,56,1.917448
actual,87,50,2.030776
naturally,87,61,1.831926
ocean,87,41,2.229227
oppose,87,54,1.953815
momentum,87,48,2.071598
location,87,53,1.972507
commentary,87,47,2.092652
narrow,87,50,2.030776
flower,86,49,2.050979
remain,86,56,1.917448
distress,86,45,2.136137
position,86,59,1.865262
partly,86,59,1.865262
sky,86,47,2.092652
activate,86,39,2.279238
authoritative,85,82,1.536080
emptiness,85,30,2.541602
potential,85,52,1.991556
radical,85,50,2.030776
abandon,85,36,2.359280
medicine,84,35,2.387451
label,84,38,2.305213
uplift,84,31,2.508812
rain,84,38,2.305213
hopefully,84,60,1.848455
special,83,54,1.953815
event,83,52,1.991556
fit,83,53,1.972507
seek,83,46,2.114158
appreciative,83,25,2.723924
rock,83,52,1.991556
align,83,49,2.050979
similar,83,66,1.753145
dissolve,83,47,2.092652
cloud,83,35,2.387451
harmful,83,39,2.279238
behavior,82,51,2.010974
tire,82,40,2.253920
medium,82,42,2.205130
mudita,82,16,3.170211
awake,82,54,1.953815
honor,82,42,2.205130
flavor,81,55,1.935466
transform,81,41,2.229227
interpret,81,52,1.991556
maintain,81,45,2.136137
slide,81,34,2.416439
zoom,81,42,2.205130
save,81,30,2.541602
ego,81,34,2.416439
receptive,81,42,2.205130
repeat,81,60,1.848455
hurry,81,33,2.446292
smell,81,43,2.181599
shape,80,58,1.882356
prepare,80,52,1.991556
parent,80,50,2.030776
lean,80,49,2.050979
win,80,25,2.723924
youtube,80,54,1.953815
lightness,80,34,2.416439
in-breath,80,39,2.279238
india,79,35,2.387451
definitely,79,56,1.917448
negative,79,47,2.092652
service,79,34,2.416439
weren't,79,49,2.050979
surrender,79,23,2.807305
modern,79,47,2.092652
positive,79,45,2.136137
neither,78,47,2.092652
age,78,48,2.071598
verse,78,23,2.807305
introduce,77,57,1.899748
solve,77,38,2.305213
ahead,77,52,1.991556
brahma,77,21,2.898277
task,77,53,1.972507
trap,77,39,2.279238
worth,77,47,2.092652
grab,77,38,2.305213
apart,77,48,2.071598
regard,77,39,2.279238
immediately,77,57,1.899748
cycle,77,48,2.071598
extend,77,55,1.935466
secular,76,12,3.457893
education,76,18,3.052428
money,76,43,2.181599
meditative,76,45,2.136137
growth,76,51,2.010974
compare,76,42,2.205130
laughter,76,54,1.953815
bypass,76,10,3.640214
settledness,76,41,2.229227
news,76,50,2.030776
karma,75,29,2.575504
floor,75,46,2.114158
ride,75,38,2.305213
motivation,75,41,2.229227
tie,75,52,1.991556
maria,75,20,2.947067
restlessness,75,27,2.646963
aspiration,75,30,2.541602
ignore,75,55,1.935466
psychological,75,47,2.092652
compassionate,75,44,2.158610
model,75,38,2.305213
praise,75,41,2.229227
equanimous,75,30,2.541602
category,75,39,2.279238
religious,74,35,2.387451
central,74,43,2.181599
somewhat,74,54,1.953815
inconstancy,74,26,2.684703
except,74,54,1.953815
constant,74,49,2.050979
global,74,30,2.541602
war,74,41,2.229227
faculty,74,29,2.575504
subjective,74,12,3.457893
external,73,44,2.158610
significant,73,51,2.010974
danger,73,41,2.229227
knee,73,35,2.387451
distraction,73,52,1.991556
moral,73,28,2.610595
window,72,42,2.205130
sleep,72,41,2.229227
strange,72,59,1.865262
collect,72,41,2.229227
lifetime,72,42,2.205130
anyway,72,52,1.991556
willingness,72,41,2.229227
non-harming,72,34,2.416439
hostility,72,37,2.331881
lock,71,29,2.575504
establish,71,53,1.972507
greet,71,37,2.331881
evoke,71,39,2.279238
puzzle,71,10,3.640214
buy,70,37,2.331881
temple,70,32,2.477063
renunciation,70,35,2.387451
final,70,46,2.114158
block,70,37,2.331881
lens,70,47,2.092652
search,70,42,2.205130
team,70,18,3.052428
honest,70,40,2.253920
attain,70,41,2.229227
discernment,70,22,2.851757
conceit,70,36,2.359280
enlightenment,70,37,2.331881
impatience,70,11,3.544904
confuse,69,52,1.991556
speaker,69,35,2.387451
solid,69,39,2.279238
wear,69,38,2.305213
nikaya,69,44,2.158610
monday,69,56,1.917448
conscious,69,47,2.092652
easeful,69,44,2.158610
monkey,69,15,3.234749
skill,68,36,2.359280
expansive,68,36,2.359280
invaluable,68,44,2.158610
thousand,68,43,2.181599
bright,68,37,2.331881
forever,68,38,2.305213
baby,68,33,2.446292
ear,68,44,2.158610
fly,68,44,2.158610
universe,68,35,2.387451
blue,68,20,2.947067
struggle,67,48,2.071598
rich,67,48,2.071598
sun,67,35,2.387451
hit,67,30,2.541602
afternoon,67,50,2.030776
necessary,67,53,1.972507
continuity,67,24,2.764746
description,67,47,2.092652
absolutely,67,44,2.158610
impulse,66,37,2.331881
cover,66,47,2.092652
bhikkhu,66,24,2.764746
underlie,66,30,2.541602
treat,66,47,2.092652
stabilize,66,26,2.684703
out-breath,66,38,2.305213
acceptance,66,28,2.610595
girl,66,15,3.234749
finish,65,48,2.071598
history,65,48,2.071598
slightly,65,51,2.010974
message,65,43,2.181599
nun,65,19,2.998360
fascinate,65,48,2.071598
miss,65,41,2.229227
leaf,65,49,2.050979
consideration,65,53,1.972507
inherent,65,40,2.253920
entire,65,44,2.158610
ring,65,35,2.387451
active,65,48,2.071598
tool,65,30,2.541602
investigation,65,31,2.508812
preference,65,43,2.181599
tranquility,65,31,2.508812
western,64,31,2.508812
upright,64,37,2.331881
bone,64,45,2.136137
sudden,64,35,2.387451
fade,64,42,2.205130
boundary,64,35,2.387451
reactive,64,36,2.359280
bliss,64,29,2.575504
drink,63,35,2.387451
relaxation,63,49,2.050979
refrain,63,22,2.851757
emerge,63,32,2.477063
neighbor,63,41,2.229227
slight,63,49,2.050979
brightness,63,27,2.646963
unskillful,63,26,2.684703
calmly,63,29,2.575504
liberate,63,39,2.279238
association,63,41,2.229227
sight,63,40,2.253920
fullness,63,42,2.205130
chase,63,37,2.331881
layer,62,32,2.477063
skin,62,36,2.359280
classic,62,46,2.114158
consequence,62,42,2.205130
violence,62,27,2.646963
leader,62,14,3.303742
wheel,62,28,2.610595
anywhere,62,46,2.114158
among,62,39,2.279238
sadness,62,34,2.416439
phone,62,30,2.541602
bed,62,47,2.092652
hot,62,32,2.477063
color,62,28,2.610595
partner,62,39,2.279238
integrate,62,29,2.575504
distance,62,44,2.158610
jump,62,45,2.136137
screen,62,32,2.477063
delightful,62,46,2.114158
gradual,62,28,2.610595
prison,62,16,3.170211
music,62,30,2.541602
perfectly,62,42,2.205130
personally,61,49,2.050979
men,61,24,2.764746
kindly,61,41,2.229227
town,61,33,2.446292
loud,61,45,2.136137
exercise,61,43,2.181599
environment,61,42,2.205130
mature,61,31,2.508812
shine,61,25,2.723924
ritual,60,25,2.723924
white,60,32,2.477063
excite,60,41,2.229227
anchor,60,32,2.477063
tighten,60,37,2.331881
prince,60,8,3.863358
prefer,60,47,2.092652
wall,60,36,2.359280
diminish,60,34,2.416439
statement,60,36,2.359280
cow,60,12,3.457893
hell,59,16,3.170211
theory,59,17,3.109586
pure,59,32,2.477063
main,59,38,2.305213
cut,59,46,2.114158
companion,59,28,2.610595
birth,59,34,2.416439
embrace,59,25,2.723924
analogy,59,43,2.181599
mistake,59,42,2.205130
father,59,31,2.508812
commitment,59,34,2.416439
celebrate,59,28,2.610595
non-clinging,59,23,2.807305
rule,58,29,2.575504
intimate,58,44,2.158610
anicca,58,34,2.416439
blow,58,32,2.477063
divide,58,32,2.477063
raise,58,42,2.205130
nobody,58,29,2.575504
favorite,58,40,2.253920
stretch,58,34,2.416439
rush,58,40,2.253920
development,58,37,2.331881
intentional,58,42,2.205130
online,58,43,2.181599
depth,58,41,2.229227
nest,58,13,3.377850
impermanent,58,31,2.508812
confusion,58,28,2.610595
miracle,58,19,2.998360
overcome,58,26,2.684703
sakka,58,5,4.333361
discursive,57,21,2.898277
volunteer,57,25,2.723924
lift,57,35,2.387451
carefully,57,48,2.071598
interpretation,57,38,2.305213
leigh,57,7,3.996889
commit,57,32,2.477063
dark,57,39,2.279238
strike,57,41,2.229227
integrity,57,34,2.416439
overwhelm,57,38,2.305213
dimension,57,34,2.416439
glass,57,28,2.610595
burn,57,29,2.575504
onward,57,14,3.303742
jhanas,57,22,2.851757
tenderness,57,25,2.723924
unpack,57,38,2.305213
success,57,29,2.575504
escape,57,32,2.477063
reveal,57,34,2.416439
motivate,57,40,2.253920
differently,56,47,2.092652
recently,56,45,2.136137
basis,56,36,2.359280
criterion,56,11,3.544904
refresh,56,37,2.331881
heavy,56,36,2.359280
canon,56,23,2.807305
weather,56,30,2.541602
conclusion,56,46,2.114158
bowl,56,23,2.807305
discovery,56,26,2.684703
onward-leading,56,21,2.898277
freely,56,33,2.446292
mei,56,10,3.640214
stephen,56,8,3.863358
interact,55,41,2.229227
agree,55,39,2.279238
neck,55,36,2.359280
dream,55,31,2.508812
fist,55,18,3.052428
cry,55,31,2.508812
sad,55,32,2.477063
specifically,55,40,2.253920
tea,55,28,2.610595
fantastic,55,39,2.279238
dedicate,55,42,2.205130
graduate,55,20,2.947067
transformation,55,26,2.684703
kitchen,55,21,2.898277
quail,55,6,4.151040
west,54,35,2.387451
title,54,43,2.181599
universal,54,33,2.446292
engagement,54,44,2.158610
reminder,54,35,2.387451
evil,54,21,2.898277
brahman,54,9,3.745575
unless,54,41,2.229227
sink,54,37,2.331881
park,54,37,2.331881
collapse,54,38,2.305213
vitality,54,28,2.610595
hide,54,30,2.541602
decision,54,38,2.305213
nervous,54,27,2.646963
boulder,54,12,3.457893
master,54,31,2.508812
store,54,35,2.387451
bottom,54,38,2.305213
nikki,54,12,3.457893
thread,53,22,2.851757
research,53,29,2.575504
closely,53,45,2.136137
wood,53,29,2.575504
several,53,34,2.416439
soothe,53,34,2.416439
attentive,53,44,2.158610
vacation,53,28,2.610595
length,53,30,2.541602
cold,53,33,2.446292
mode,53,28,2.610595
continuous,53,26,2.684703
option,53,33,2.446292
remarkable,53,32,2.477063
collection,53,17,3.109586
cease,53,31,2.508812
personality,53,29,2.575504
cognitive,53,27,2.646963
enemy,53,22,2.851757
fifth,52,41,2.229227
suddenly,52,41,2.229227
fundamental,52,39,2.279238
stressful,52,32,2.477063
mouth,52,34,2.416439
steal,52,22,2.851757
briefly,52,37,2.331881
material,52,30,2.541602
kim,52,17,3.109586
relevant,52,40,2.253920
gravity,52,41,2.229227
neutral,52,23,2.807305
critic,52,16,3.170211
navigate,52,32,2.477063
wash,52,33,2.446292
independent,52,33,2.446292
decade,52,42,2.205130
despair,52,22,2.851757
upset,52,42,2.205130
symptom,52,17,3.109586
prayer,52,19,2.998360
instinct,52,22,2.851757
hungry,51,19,2.998360
fault,51,26,2.684703
bow,51,34,2.416439
fruit,51,30,2.541602
theravada,51,25,2.723924
hike,51,24,2.764746
character,51,35,2.387451
drift,51,31,2.508812
resolve,51,30,2.541602
lesson,51,24,2.764746
san,51,30,2.541602
compose,51,15,3.234749
sorrow,51,33,2.446292
unity,51,15,3.234749
philosophy,50,33,2.446292
bias,50,34,2.416439
humanity,50,31,2.508812
alert,50,38,2.305213
distinguish,50,33,2.446292
unknown,50,49,2.050979
freeze,50,29,2.575504
none,50,38,2.305213
clothe,50,33,2.446292
sacrifice,50,28,2.610595
manage,50,38,2.305213
warm-heartedness,50,11,3.544904
pretend,50,32,2.477063
original,50,18,3.052428
tender,50,33,2.446292
cup,50,21,2.898277
fail,50,29,2.575504
grip,50,26,2.684703
exploration,50,32,2.477063
tiny,50,35,2.387451
wild,50,28,2.610595
greek,50,9,3.745575
socrates,50,3,4.844187
responsibility,49,33,2.446292
whereas,49,39,2.279238
definition,49,32,2.477063
intense,49,34,2.416439
bundle,49,8,3.863358
enlighten,49,34,2.416439
poet,49,28,2.610595
feed,49,31,2.508812
hadn't,49,36,2.359280
straatman,49,5,4.333361
song,49,26,2.684703
foundational,49,34,2.416439
frame,49,32,2.477063
unhelpful,49,24,2.764746
phenomenal,49,32,2.477063
evidence,49,19,2.998360
experiment,49,32,2.477063
inclination,49,29,2.575504
appearance,49,19,2.998360
tibetan,48,25,2.723924
assumption,48,29,2.575504
resource,48,30,2.541602
meditator,48,33,2.446292
technique,48,27,2.646963
jaw,48,37,2.331881
soil,48,20,2.947067
data,48,17,3.109586
shop,48,29,2.575504
limitation,48,19,2.998360
gladness,48,19,2.998360
witness,48,27,2.646963
peacefully,48,33,2.446292
game,48,25,2.723924
outwards,48,31,2.508812
simplify,48,26,2.684703
horse,48,14,3.303742
well-wishing,48,25,2.723924
dancer,48,6,4.151040
brahmin,48,10,3.640214
essence,48,24,2.764746
immediate,47,31,2.508812
access,47,32,2.477063
manifest,47,33,2.446292
hall,47,28,2.610595
chant,47,22,2.851757
physically,47,35,2.387451
spine,47,29,2.575504
reply,47,27,2.646963
sexual,47,20,2.947067
lightly,47,35,2.387451
existence,47,27,2.646963
straight,47,35,2.387451
produce,47,31,2.508812
midst,47,35,2.387451
grieve,47,23,2.807305
dynamic,47,30,2.541602
normally,47,38,2.305213
psychology,47,30,2.541602
herd,47,8,3.863358
attentional,47,16,3.170211
finger,47,39,2.279238
reject,47,27,2.646963
framework,47,24,2.764746
star,47,29,2.575504
sake,47,25,2.723924
law,46,12,3.457893
red,46,27,2.646963
narrative,46,27,2.646963
absorption,46,33,2.446292
dramatic,46,34,2.416439
shame,46,33,2.446292
fixate,46,25,2.723924
poison,46,16,3.170211
funny,46,30,2.541602
irritate,46,29,2.575504
actively,46,36,2.359280
rumination,46,20,2.947067
burden,46,34,2.416439
ignorance,46,23,2.807305
unconscious,46,17,3.109586
cessation,46,16,3.170211
merit,46,24,2.764746
immerse,45,18,3.052428
abstract,45,31,2.508812
softly,45,35,2.387451
meal,45,30,2.541602
caravan,45,3,4.844187
whose,45,40,2.253920
progress,45,31,2.508812
pair,45,18,3.052428
fair,45,36,2.359280
demand,45,35,2.387451
fairly,45,34,2.416439
switch,45,34,2.416439
inward,45,32,2.477063
deny,45,34,2.416439
doctor,45,21,2.898277
spectrum,45,26,2.684703
dance,45,23,2.807305
livelihood,45,16,3.170211
palliative,45,4,4.556505
hospital,44,17,3.109586
fellow,44,26,2.684703
pervade,44,22,2.851757
urge,44,27,2.646963
boy,44,26,2.684703
intimacy,44,34,2.416439
laugh,44,18,3.052428
heat,44,30,2.541602
click,44,24,2.764746
womb,44,16,3.170211
match,44,24,2.764746
myth,44,13,3.377850
tower,44,26,2.684703
nourishment,44,23,2.807305
activation,44,27,2.646963
interfere,44,25,2.723924
francisco,44,25,2.723924
sentence,44,33,2.446292
innocent,44,28,2.610595
accomplish,44,28,2.610595
sincerity,43,23,2.807305
prove,43,27,2.646963
although,43,31,2.508812
nurture,43,33,2.446292
promise,43,26,2.684703
devas,43,9,3.745575
gosh,43,30,2.541602
whenever,43,38,2.305213
trigger,43,34,2.416439
gesture,43,25,2.723924
gradually,43,27,2.646963
resentment,43,30,2.541602
truly,43,36,2.359280
dwell,43,31,2.508812
contemplation,43,25,2.723924
spin,43,25,2.723924
knot,43,22,2.851757
tangle,43,14,3.303742
automatic,43,25,2.723924
rebirth,43,11,3.544904
medical,42,16,3.170211
beat,42,20,2.947067
grass,42,17,3.109586
farmer,42,14,3.303742
guard,42,13,3.377850
viharas,42,17,3.109586
wrap,42,26,2.684703
dedication,42,29,2.575504
wing,42,25,2.723924
pleasantness,42,20,2.947067
nibbana,42,16,3.170211
apparently,42,27,2.646963
intentionally,42,37,2.331881
complain,42,18,3.052428
effective,42,29,2.575504
feedback,42,27,2.646963
loop,42,32,2.477063
practical,42,32,2.477063
quick,42,35,2.387451
sila,42,18,3.052428
unique,42,28,2.610595
envy,42,14,3.303742
outrage,42,11,3.544904
pursue,42,20,2.947067
elliott,42,10,3.640214
deliberately,42,19,2.998360
samsara,42,25,2.723924
internally,42,23,2.807305
army,42,13,3.377850
roll,42,31,2.508812
wealth,42,20,2.947067
spirituality,41,20,2.947067
expansion,41,31,2.508812
fragment,41,26,2.684703
relatively,41,34,2.416439
venerable,41,14,3.303742
debate,41,14,3.303742
soul,41,18,3.052428
cloth,41,12,3.457893
strongly,41,32,2.477063
fee,41,27,2.646963
map,41,21,2.898277
dhammapada,41,25,2.723924
husband,41,22,2.851757
heaviness,41,20,2.947067
loosen,41,28,2.610595
grateful,41,30,2.541602
corner,41,31,2.508812
dog,41,22,2.851757
square,41,15,3.234749
ongoing,41,32,2.477063
weird,41,26,2.684703
fresh,41,31,2.508812
pool,41,18,3.052428
cat,41,19,2.998360
scatter,41,12,3.457893
convince,40,32,2.477063
contemplative,40,15,3.234749
radically,40,33,2.446292
characterize,40,32,2.477063
everyday,40,30,2.541602
remove,40,29,2.575504
permanent,40,25,2.723924
contrast,40,30,2.541602
capable,40,32,2.477063
promote,40,24,2.764746
swim,40,24,2.764746
melt,40,26,2.684703
encouragement,40,26,2.684703
shut,40,28,2.610595
raft,40,12,3.457893
irritation,40,26,2.684703
guidance,40,29,2.575504
imply,40,31,2.508812
prevent,40,26,2.684703
complex,40,29,2.575504
ministry,40,6,4.151040
sweep,40,22,2.851757
peripheral,40,16,3.170211
correct,40,20,2.947067
realization,40,20,2.947067
satisfaction,40,32,2.477063
responsible,39,31,2.508812
verbal,39,25,2.723924
creative,39,22,2.851757
wife,39,20,2.947067
interaction,39,29,2.575504
suspect,39,25,2.723924
bind,39,25,2.723924
dry,39,22,2.851757
exact,39,31,2.508812
spring,39,29,2.575504
banyan,39,2,5.249652
calmness,39,20,2.947067
holiday,39,13,3.377850
separation,39,21,2.898277
renounce,39,17,3.109586
participant,39,13,3.377850
ball,39,22,2.851757
criticize,39,29,2.575504
discern,39,29,2.575504
dismiss,39,25,2.723924
coffee,39,22,2.851757
flourish,39,10,3.640214
caregiving,39,10,3.640214
thanissaro,39,7,3.996889
science,38,15,3.234749
critical,38,30,2.541602
authority,38,27,2.646963
recommend,38,31,2.508812
behave,38,28,2.610595
scholar,38,24,2.764746
brother,38,19,2.998360
bore,38,25,2.723924
tear,38,28,2.610595
aim,38,23,2.807305
typically,38,22,2.851757
extreme,38,25,2.723924
transition,38,27,2.646963
hole,38,18,3.052428
trace,38,25,2.723924
beginner,38,21,2.898277
destroy,38,22,2.851757
grand,38,24,2.764746
generate,38,27,2.646963
philosophical,38,21,2.898277
softness,38,31,2.508812
zone,38,29,2.575504
shoot,38,14,3.303742
accord,38,30,2.541602
worldly,38,17,3.109586
anatta,38,13,3.377850
sing,38,23,2.807305
essential,38,25,2.723924
branch,38,17,3.109586
battle,38,13,3.377850
enjoyable,38,29,2.575504
benefactor,38,13,3.377850
devotion,37,15,3.234749
advice,37,27,2.646963
gentleness,37,25,2.723924
report,37,28,2.610595
treasure,37,14,3.303742
regret,37,25,2.723924
attempt,37,33,2.446292
channel,37,27,2.646963
ultimate,37,24,2.764746
review,37,26,2.684703
hundred,37,30,2.541602
hi,37,28,2.610595
penetrate,37,25,2.723924
mirror,37,25,2.723924
hop,37,30,2.541602
deliberate,37,20,2.947067
outcome,37,18,3.052428
network,37,14,3.303742
entangle,37,24,2.764746
batchelor,36,4,4.556505
century,36,21,2.898277
unnecessary,36,28,2.610595
entirely,36,28,2.610595
conceptual,36,25,2.723924
formal,36,26,2.684703
major,36,28,2.610595
scan,36,21,2.898277
village,36,17,3.109586
sir,36,16,3.170211
inform,36,27,2.646963
we'd,36,26,2.684703
oxygen,36,19,2.998360
awful,36,19,2.998360
achieve,36,24,2.764746
outward,36,27,2.646963
rib,36,27,2.646963
uncertainty,36,24,2.764746
happily,36,27,2.646963
previous,36,26,2.684703
sick,36,23,2.807305
karuna,36,14,3.303742
rob,36,20,2.947067
domain,36,17,3.109586
lunch,36,18,3.052428
weak,36,23,2.807305
jealousy,36,11,3.544904
unsatisfactoriness,36,18,3.052428
glad,36,20,2.947067
attack,36,24,2.764746
duty,36,18,3.052428
passion,36,15,3.234749
hill,36,24,2.764746
frequently,36,22,2.851757
biological,35,15,3.234749
register,35,20,2.947067
brighten,35,10,3.640214
pervasive,35,24,2.764746
unhealthy,35,23,2.807305
north,35,26,2.684703
shall,35,16,3.170211
poor,35,24,2.764746
instance,35,22,2.851757
papanca,35,7,3.996889
allen,35,15,3.234749
strengthen,35,28,2.610595
weave,35,19,2.998360
surround,35,25,2.723924
cage,35,26,2.684703
cozy,35,22,2.851757
engineer,35,23,2.807305
anxious,35,26,2.684703
sphere,35,10,3.640214
rosemary,35,14,3.303742
frustration,35,21,2.898277
claim,35,23,2.807305
priest,35,8,3.863358
effortless,35,10,3.640214
east,34,24,2.764746
highly,34,26,2.684703
illness,34,24,2.764746
philosopher,34,19,2.998360
respectful,34,28,2.610595
flat,34,21,2.898277
boat,34,16,3.170211
inconstant,34,16,3.170211
inherently,34,23,2.807305
thus,34,22,2.851757
trommer,34,18,3.052428
contemplate,34,22,2.851757
purify,34,18,3.052428
reduce,34,26,2.684703
dip,34,24,2.764746
tip,34,23,2.807305
accessible,34,25,2.723924
acquire,34,20,2.947067
dangerous,34,23,2.807305
status,34,21,2.898277
injure,34,22,2.851757
roam,34,13,3.377850
overlay,34,13,3.377850
addition,34,30,2.541602
advantage,34,20,2.947067
discuss,34,25,2.723924
serious,34,26,2.684703
aversive,34,23,2.807305
round,34,21,2.898277
political,34,19,2.998360
protection,34,23,2.807305
obstacle,34,20,2.947067
season,34,22,2.851757
variety,34,28,2.610595
comprehension,34,13,3.377850
obviously,33,27,2.646963
christian,33,16,3.170211
incredibly,33,24,2.764746
twice,33,26,2.684703
daughter,33,16,3.170211
lip,33,23,2.807305
plenty,33,26,2.684703
that'll,33,26,2.684703
nonverbal,33,14,3.303742
projection,33,25,2.723924
fell,33,28,2.610595
skilled,33,25,2.723924
wisely,33,29,2.575504
therefore,33,28,2.610595
gate,33,13,3.377850
shake,33,26,2.684703
reliable,33,20,2.947067
due,33,24,2.764746
purification,33,12,3.457893
deserve,33,23,2.807305
regularly,33,27,2.646963
rely,33,18,3.052428
importance,33,29,2.575504
analyze,33,21,2.898277
tap,33,29,2.575504
smooth,33,24,2.764746
subtleness,33,25,2.723924
determine,33,27,2.646963
box,33,18,3.052428
motion,33,19,2.998360
there'll,33,26,2.684703
discontent,33,17,3.109586
literal,33,27,2.646963
robe,33,14,3.303742
bother,33,19,2.998360
relational,33,17,3.109586
argue,33,26,2.684703
jim,33,12,3.457893
identification,33,21,2.898277
automatically,33,25,2.723924
announcement,33,24,2.764746
sensory,33,16,3.170211
cook,33,21,2.898277
excitement,33,20,2.947067
sariputta,33,6,4.151040
demon,33,4,4.556505
cultural,32,19,2.998360
karmic,32,17,3.109586
bunch,32,29,2.575504
mark,32,21,2.898277
bond,32,16,3.170211
inadequate,32,23,2.807305
etc,32,22,2.851757
colleague,32,22,2.851757
relation,32,17,3.109586
reborn,32,16,3.170211
who've,32,24,2.764746
fool,32,11,3.544904
worthy,32,23,2.807305
santa,32,23,2.807305
letter,32,21,2.898277
fortune,32,16,3.170211
primarily,32,27,2.646963
pond,32,17,3.109586
paper,32,21,2.898277
rightness,32,24,2.764746
incline,32,24,2.764746
standard,32,26,2.684703
diaphragm,32,22,2.851757
diffuse,32,19,2.998360
inhabit,32,23,2.807305
alignment,32,12,3.457893
exhaust,32,24,2.764746
island,32,12,3.457893
therapist,32,20,2.947067
filter,32,22,2.851757
ripple,32,22,2.851757
conduct,32,20,2.947067
angulimala,32,2,5.249652
elbow,32,14,3.303742
prioritize,32,17,3.109586
asleep,32,22,2.851757
regular,32,28,2.610595
awe,32,12,3.457893
unite,32,25,2.723924
passage,32,12,3.457893
refine,32,20,2.947067
cpe,32,5,4.333361
long-term,32,5,4.333361
crisis,32,14,3.303742
rapture,32,13,3.377850
ambition,32,18,3.052428
rejoice,31,9,3.745575
evolve,31,26,2.684703
page,31,25,2.723924
trip,31,20,2.947067
origin,31,22,2.851757
humility,31,22,2.851757
integral,31,25,2.723924
territory,31,29,2.575504
shower,31,18,3.052428
suffuse,31,13,3.377850
brasington,31,7,3.996889
harsh,31,22,2.851757
famous,31,25,2.723924
successful,31,20,2.947067
intend,31,21,2.898277
consciously,31,26,2.684703
knead,31,9,3.745575
email,31,22,2.851757
nose,31,25,2.723924
hip,31,27,2.646963
stir,31,17,3.109586
shoe,31,14,3.303742
design,31,26,2.684703
protest,31,21,2.898277
throat,31,20,2.947067
recede,31,25,2.723924
silly,31,23,2.807305
reinforce,31,22,2.851757
chapter,31,10,3.640214
crowd,31,21,2.898277
wholesomeness,31,20,2.947067
unsettle,31,15,3.234749
table,31,20,2.947067
strategy,31,19,2.998360
communicate,31,19,2.998360
distortion,31,2,5.249652
unsatisfactory,31,7,3.996889
illusion,31,16,3.170211
footprint,31,5,4.333361
wilderness,31,15,3.234749
luck,31,9,3.745575
storytelling,31,7,3.996889
curtain,31,9,3.745575
account,30,20,2.947067
driver,30,19,2.998360
unusual,30,22,2.851757
blood,30,18,3.052428
wet,30,16,3.170211
glow,30,18,3.052428
accurate,30,24,2.764746
wahtola,30,18,3.052428
frighten,30,20,2.947067
selfish,30,22,2.851757
intentionality,30,18,3.052428
sail,30,10,3.640214
undermine,30,23,2.807305
tingle,30,23,2.807305
yoga,30,17,3.109586
magic,30,16,3.170211
reassure,30,19,2.998360
scene,30,18,3.052428
resonate,30,24,2.764746
disturb,30,22,2.851757
tale,30,13,3.377850
vow,30,16,3.170211
demonstrate,30,20,2.947067
absolute,30,24,2.764746
majjhima,30,23,2.807305
dawn,30,18,3.052428
hum,30,19,2.998360
movie,30,18,3.052428
perfection,30,16,3.170211
total,30,20,2.947067
hey,30,20,2.947067
arc,30,11,3.544904
mix,29,25,2.723924
private,29,12,3.457893
perform,29,21,2.898277
ghost,29,5,4.333361
storm,29,18,3.052428
minor,29,19,2.998360
kingdom,29,11,3.544904
company,29,17,3.109586
palace,29,10,3.640214
dive,29,23,2.807305
dead,29,19,2.998360
hair,29,19,2.998360
crazy,29,23,2.807305
likewise,29,17,3.109586
afterwards,29,26,2.684703
bodhi,29,21,2.898277
energetic,29,19,2.998360
slip,29,24,2.764746
sorry,29,23,2.807305
proliferation,29,13,3.377850
structure,29,22,2.851757
restless,29,18,3.052428
friday,29,22,2.851757
pleasurable,29,15,3.234749
preparation,29,16,3.170211
adult,29,24,2.764746
scale,29,17,3.109586
reasonable,29,22,2.851757
dissolution,29,14,3.303742
solution,29,22,2.851757
survive,29,14,3.303742
couch,29,23,2.807305
tightly,29,16,3.170211
clinical,29,8,3.863358
roshi,29,18,3.052428
implicit,29,19,2.998360
vulnerable,29,19,2.998360
possession,29,18,3.052428
twist,29,18,3.052428
sloth,29,12,3.457893
lineage,29,20,2.947067
defilement,29,16,3.170211
host,29,15,3.234749
joyful,29,18,3.052428
dislike,29,20,2.947067
disgust,29,13,3.377850
anukampa,29,11,3.544904
brahmaviharas,29,10,3.640214
stimulus,29,7,3.996889
contemporary,28,14,3.303742
blind,28,19,2.998360
gap,28,18,3.052428
chah,28,14,3.303742
lung,28,17,3.109586
sukha,28,14,3.303742
depression,28,19,2.998360
payasi,28,2,5.249652
kassapa,28,2,5.249652
relative,28,22,2.851757
virtuous,28,13,3.377850
sunday,28,22,2.851757
dig,28,13,3.377850
attract,28,17,3.109586
reverence,28,11,3.544904
zero,28,20,2.947067
speed,28,22,2.851757
annoy,28,16,3.170211
initially,28,24,2.764746
fortunate,28,18,3.052428
fluid,28,20,2.947067
occasion,28,23,2.807305
ordain,28,15,3.234749
generation,28,18,3.052428
examine,28,16,3.170211
discus,28,22,2.851757
experiential,28,23,2.807305
overlook,28,24,2.764746
loneliness,28,11,3.544904
existential,28,15,3.234749
infinite,28,17,3.109586
dana,28,11,3.544904
coordinate,28,12,3.457893
deva,28,9,3.745575
insist,28,16,3.170211
parami,28,11,3.544904
cooky,28,7,3.996889
meditators,27,23,2.807305
embed,27,17,3.109586
emotionally,27,20,2.947067
someplace,27,21,2.898277
intensity,27,20,2.947067
moon,27,17,3.109586
ascetic,27,16,3.170211
incredible,27,21,2.898277
impossible,27,19,2.998360
they'd,27,20,2.947067
tongue,27,20,2.947067
tough,27,18,3.052428
thrill,27,18,3.052428
sea,27,19,2.998360
hook,27,12,3.457893
giant,27,16,3.170211
coast,27,12,3.457893
outdoors,27,11,3.544904
occasionally,27,21,2.898277
representation,27,14,3.303742
locus,27,11,3.544904
elsewhere,27,25,2.723924
whisper,27,17,3.109586
press,27,16,3.170211
nowhere,27,19,2.998360
logic,27,19,2.998360
problematic,27,19,2.998360
paint,27,16,3.170211
whoever,27,20,2.947067
saturate,27,16,3.170211
embodiment,27,19,2.998360
unfortunate,27,19,2.998360
loose,27,21,2.898277
vibration,27,20,2.947067
compulsion,27,13,3.377850
distort,27,13,3.377850
afflict,27,7,3.996889
threaten,27,9,3.745575
ananda,27,9,3.745575
bodhisatta,27,4,4.556505
confident,27,19,2.998360
kalama,27,12,3.457893
conditionality,26,12,3.457893
ceremony,26,13,3.377850
traditional,26,19,2.998360
overall,26,23,2.807305
sublime,26,18,3.052428
solidity,26,16,3.170211
horrible,26,18,3.052428
hemp,26,1,5.942799
follower,26,9,3.745575
seriously,26,20,2.947067
creature,26,19,2.998360
dinner,26,21,2.898277
shock,26,20,2.947067
sister,26,14,3.303742
fish,26,10,3.640214
depress,26,23,2.807305
possibly,26,22,2.851757
essentially,26,21,2.898277
tease,26,15,3.234749
x,26,13,3.377850
request,26,17,3.109586
sway,26,20,2.947067
continuously,26,18,3.052428
pop,26,19,2.998360
ethically,26,19,2.998360
silently,26,19,2.998360
trail,26,19,2.998360
inclusion,26,14,3.303742
intro,26,12,3.457893
breeze,26,12,3.457893
professional,26,14,3.303742
mess,26,19,2.998360
dignity,26,17,3.109586
landscape,26,21,2.898277
sincere,26,12,3.457893
convey,26,22,2.851757
honesty,26,20,2.947067
ice,26,11,3.544904
inquiry,26,16,3.170211
hawk,26,5,4.333361
lonely,26,9,3.745575
ache,26,19,2.998360
failure,26,14,3.303742
grocery,26,16,3.170211
dish,26,19,2.998360
torpor,26,11,3.544904
scientist,26,20,2.947067
section,26,19,2.998360
habitual,26,18,3.052428
unpleasantness,26,19,2.998360
public,26,15,3.234749
awkward,26,18,3.052428
classically,26,21,2.898277
deity,26,11,3.544904
complexity,26,17,3.109586
foreground,26,13,3.377850
insubstantial,26,11,3.544904
phase,25,18,3.052428
disappoint,25,18,3.052428
thailand,25,16,3.170211
statue,25,9,3.745575
planet,25,19,2.998360
analysis,25,14,3.303742
conceive,25,13,3.377850
alertness,25,23,2.807305
risk,25,20,2.947067
immersion,25,13,3.377850
scar,25,17,3.109586
momentary,25,19,2.998360
pour,25,16,3.170211
solidify,25,16,3.170211
drag,25,15,3.234749
favor,25,22,2.851757
fantasize,25,18,3.052428
christmas,25,9,3.745575
multiple,25,16,3.170211
ideal,25,19,2.998360
career,25,20,2.947067
stone,25,16,3.170211
saddha,25,9,3.745575
board,25,16,3.170211
flap,25,16,3.170211
weekend,25,21,2.898277
temperature,25,22,2.851757
blank,25,13,3.377850
lotus,25,11,3.544904
inclusive,25,16,3.170211
repeatedly,25,19,2.998360
doer,25,15,3.234749
pet,25,17,3.109586
forgiveness,25,9,3.745575
alms,25,16,3.170211
precious,25,19,2.998360
suzuki,25,14,3.303742
sooner,25,22,2.851757
ouch,25,10,3.640214
priority,25,19,2.998360
literature,25,15,3.234749
noise,25,16,3.170211
sometime,25,23,2.807305
fulfil,25,18,3.052428
energize,25,15,3.234749
minister,25,8,3.863358
shed,25,13,3.377850
climb,25,11,3.544904
intuition,25,20,2.947067
unethical,25,14,3.303742
implication,25,15,3.234749
john,25,10,3.640214
divine,25,15,3.234749
snow,25,5,4.333361
translator,25,22,2.851757
sujato,25,7,3.996889
dispute,25,8,3.863358
sequence,25,11,3.544904
humble,24,23,2.807305
holy,24,13,3.377850
charge,24,18,3.052428
initial,24,22,2.851757
ruminate,24,18,3.052428
cost,24,13,3.377850
impression,24,20,2.947067
south,24,18,3.052428
plow,24,11,3.544904
roof,24,8,3.863358
lovable,24,7,3.996889
bag,24,13,3.377850
computer,24,17,3.109586
string,24,17,3.109586
resolution,24,16,3.170211
predict,24,17,3.109586
atmosphere,24,18,3.052428
laser,24,18,3.052428
indian,24,15,3.234749
handle,24,17,3.109586
receptivity,24,20,2.947067
visual,24,17,3.109586
seemingly,24,22,2.851757
campus,24,6,4.151040
local,24,16,3.170211
present-moment,24,13,3.377850
self-preoccupation,24,16,3.170211
trampoline,24,5,4.333361
equal,24,16,3.170211
addiction,24,15,3.234749
cookie,24,7,3.996889
uncommon,24,20,2.947067
nicely,24,16,3.170211
hospice,24,10,3.640214
conventional,24,11,3.544904
disciple,24,18,3.052428
pray,24,12,3.457893
fold,24,13,3.377850
therapy,24,12,3.457893
post,24,19,2.998360
security,24,15,3.234749
intelligent,24,10,3.640214
permeate,24,16,3.170211
sympathetic,24,13,3.377850
distinct,24,20,2.947067
barrier,24,15,3.234749
jigsaw,24,1,5.942799
memorize,24,10,3.640214
laypeople,24,10,3.640214
china,23,9,3.745575
equivalent,23,16,3.170211
exchange,23,19,2.998360
thin,23,17,3.109586
vantage,23,17,3.109586
reverend,23,4,4.556505
compel,23,18,3.052428
radiance,23,17,3.109586
victim,23,14,3.303742
grace,23,18,3.052428
flip,23,17,3.109586
extremely,23,19,2.998360
dullness,23,11,3.544904
assign,23,15,3.234749
beach,23,15,3.234749
harmonious,23,19,2.998360
test,23,18,3.052428
attribute,23,15,3.234749
groundedness,23,14,3.303742
shadow,23,15,3.234749
playful,23,16,3.170211
fulfillment,23,15,3.234749
hunt,23,6,4.151040
specie,23,17,3.109586
v,23,10,3.640214
assert,23,14,3.303742
lama,23,14,3.303742
liken,23,16,3.170211
complication,23,16,3.170211
sharp,23,15,3.234749
reflective,23,9,3.745575
he'd,23,16,3.170211
organization,23,17,3.109586
rage,23,15,3.234749
bar,23,14,3.303742
device,23,16,3.170211
spiritually,23,15,3.234749
sword,23,8,3.863358
agenda,23,20,2.947067
nurse,23,11,3.544904
gateway,23,13,3.377850
endure,23,11,3.544904
w,23,11,3.544904
cosmology,23,8,3.863358
shallow,23,11,3.544904
manifestation,23,17,3.109586
alleviate,23,11,3.544904
lucid,23,6,4.151040
shin,23,13,3.377850
overview,23,15,3.234749
humor,23,7,3.996889
naive,23,14,3.303742
imagery,23,11,3.544904
bucket,23,9,3.745575
court,23,8,3.863358
scent,23,9,3.745575
stanford,23,2,5.249652
waste,22,17,3.109586
entail,22,14,3.303742
persist,22,19,2.998360
mild,22,18,3.052428
combination,22,16,3.170211
irc,22,14,3.303742
reify,22,14,3.303742
permanence,22,11,3.544904
spontaneously,22,13,3.377850
ruin,22,8,3.863358
neighborhood,22,20,2.947067
paramis,22,15,3.234749
web,22,15,3.234749
creativity,22,14,3.303742
precisely,22,18,3.052428
heartbreak,22,9,3.745575
leap,22,13,3.377850
abstraction,22,7,3.996889
forehead,22,14,3.303742
bubble,22,16,3.170211
pen,22,11,3.544904
straightforward,22,17,3.109586
preserve,22,16,3.170211
reward,22,18,3.052428
recall,22,17,3.109586
magical,22,18,3.052428
transformative,22,16,3.170211
kin,22,3,4.844187
defend,22,17,3.109586
peacefulness,22,20,2.947067
grant,22,16,3.170211
suggestion,22,19,2.998360
visualize,22,15,3.234749
uprightness,22,17,3.109586
wellspring,22,14,3.303742
trauma,22,13,3.377850
bicycle,22,8,3.863358
beautifully,22,14,3.303742
resonance,22,15,3.234749
holistic,22,12,3.457893
party,22,14,3.303742
shy,22,19,2.998360
b,22,15,3.234749
fearful,22,15,3.234749
cure,22,12,3.457893
dense,22,12,3.457893
yep,22,12,3.457893
church,22,11,3.544904
explanation,22,17,3.109586
writer,22,11,3.544904
merely,22,15,3.234749
garden,22,16,3.170211
cheek,22,14,3.303742
externally,22,14,3.303742
persistence,22,10,3.640214
blah,22,7,3.996889
salt,22,12,3.457893
citta,22,7,3.996889
eddy,22,7,3.996889
buddha-to-be,22,2,5.249652
dismissive,21,16,3.170211
stimulate,21,14,3.303742
business,21,18,3.052428
explicitly,21,17,3.109586
extent,21,20,2.947067
piti,21,10,3.640214
householder,21,11,3.544904
greedy,21,16,3.170211
gold,21,10,3.640214
knock,21,14,3.303742
unhappiness,21,13,3.377850
self-criticism,21,11,3.544904
heighten,21,13,3.377850
blade,21,17,3.109586
grove,21,11,3.544904
wednesday,21,14,3.303742
calendar,21,15,3.234749
stinginess,21,8,3.863358
contribution,21,16,3.170211
burma,21,17,3.109586
million,21,18,3.052428
abbess,21,5,4.333361
american,21,17,3.109586
bodhisattva,21,11,3.544904
mindfully,21,16,3.170211
conducive,21,15,3.234749
bark,21,7,3.996889
alarm,21,15,3.234749
aid,21,12,3.457893
lovingly,21,14,3.303742
abbot,21,9,3.745575
smart,21,16,3.170211
drain,21,19,2.998360
upper,21,18,3.052428
globe,21,8,3.863358
tarry,21,3,4.844187
adopt,21,15,3.234749
hat,21,17,3.109586
ultimately,21,16,3.170211
ourself,21,16,3.170211
y,21,10,3.640214
purity,21,12,3.457893
capture,21,17,3.109586
heart-mind,21,11,3.544904
fatigue,21,7,3.996889
mutual,21,11,3.544904
certainty,21,8,3.863358
infuse,21,15,3.234749
carpenter,21,3,4.844187
aggregate,21,7,3.996889
visible,21,7,3.996889
lucky,21,15,3.234749
intimately,21,20,2.947067
linger,21,16,3.170211
intellectual,21,15,3.234749
simultaneously,21,9,3.745575
false,21,14,3.303742
quarrel,21,4,4.556505
swamp,21,3,4.844187
upali,21,2,5.249652
nowadays,20,9,3.745575
paradox,20,14,3.303742
green,20,16,3.170211
excuse,20,15,3.234749
black,20,14,3.303742
method,20,16,3.170211
currently,20,14,3.303742
stance,20,16,3.170211
frustrate,20,18,3.052428
load,20,8,3.863358
abstain,20,7,3.996889
cleanse,20,10,3.640214
jar,20,10,3.640214
replace,20,16,3.170211
clarify,20,13,3.377850
rational,20,14,3.303742
peak,20,12,3.457893
override,20,11,3.544904
tanya,20,7,3.996889
tricky,20,15,3.234749
size,20,16,3.170211
bike,20,6,4.151040
per,20,17,3.109586
signal,20,17,3.109586
phenomenally,20,19,2.998360
super,20,18,3.052428
sport,20,14,3.303742
precede,20,14,3.303742
summary,20,15,3.234749
donation,20,15,3.234749
worthwhile,20,18,3.052428
fabricate,20,11,3.544904
perpetuate,20,16,3.170211
discourage,20,16,3.170211
distant,20,13,3.377850
boredom,20,10,3.640214
vastness,20,11,3.544904
microphone,20,7,3.996889
jack,20,15,3.234749
hasn't,20,19,2.998360
non-reactivity,20,14,3.303742
fundamentally,20,12,3.457893
chain,20,6,4.151040
nuance,20,14,3.303742
japanese,20,7,3.996889
potluck,20,9,3.745575
accompaniment,20,6,4.151040
progressive,20,10,3.640214
breakout,20,11,3.544904
sidewalk,20,6,4.151040
disconnection,20,12,3.457893
determination,20,14,3.303742
steep,20,11,3.544904
sucitto,20,12,3.457893
disappointment,20,15,3.234749
march,20,11,3.544904
deliberateness,20,5,4.333361
savor,20,14,3.303742
thirst,20,10,3.640214
truthfulness,20,8,3.863358
attraction,20,2,5.249652
bhutan,20,1,5.942799
self-love,20,3,4.844187
ancestor,19,12,3.457893
machine,19,12,3.457893
senior,19,14,3.303742
adjustment,19,18,3.052428
skull,19,10,3.640214
nostril,19,14,3.303742
admit,19,14,3.303742
misconduct,19,9,3.745575
dress,19,16,3.170211
he'll,19,12,3.457893
pile,19,11,3.544904
cruelty,19,13,3.377850
office,19,13,3.377850
shade,19,18,3.052428
unease,19,8,3.863358
socket,19,17,3.109586
stroke,19,11,3.544904
kick,19,16,3.170211
precise,19,13,3.377850
vitakka,19,8,3.863358
familiarity,19,16,3.170211
disease,19,13,3.377850
manipulate,19,17,3.109586
intent,19,11,3.544904
childhood,19,14,3.303742
whatsoever,19,17,3.109586
ownership,19,15,3.234749
attainment,19,13,3.377850
antidote,19,13,3.377850
self-concern,19,12,3.457893
disorient,19,12,3.457893
substitute,19,15,3.234749
paraphrase,19,11,3.544904
affliction,19,9,3.745575
radiation,19,4,4.556505
juice,19,9,3.745575
indeed,19,15,3.234749
sunlight,19,15,3.234749
radio,19,10,3.640214
hunger,19,18,3.052428
discipline,19,15,3.234749
rigid,19,13,3.377850
hesitation,19,9,3.745575
underestimate,19,14,3.303742
hind,19,10,3.640214
uncomfortableness,19,11,3.544904
entertain,19,14,3.303742
victory,19,6,4.151040
pot,19,8,3.863358
toe,19,16,3.170211
justice,19,14,3.303742
skillfully,19,15,3.234749
passive,19,17,3.109586
animate,19,16,3.170211
dominant,19,11,3.544904
dot,19,3,4.844187
addict,19,11,3.544904
trait,19,5,4.333361
instrument,19,13,3.377850
sweetheart,19,9,3.745575
card,19,9,3.745575
doctrine,19,10,3.640214
overly,19,13,3.377850
vibrate,19,16,3.170211
asceticism,19,8,3.863358
forgive,19,12,3.457893
clench,19,13,3.377850
foolish,19,6,4.151040
apologize,19,17,3.109586
harbor,19,3,4.844187
fluidity,19,10,3.640214
widespread,19,2,5.249652
dissatisfaction,19,14,3.303742
poignancy,19,13,3.377850
naga,19,2,5.249652
helplessness,19,11,3.544904
disposition,19,7,3.996889
nearly,18,14,3.303742
communication,18,14,3.303742
politician,18,9,3.745575
america,18,13,3.377850
select,18,12,3.457893
application,18,15,3.234749
temporarily,18,13,3.377850
manufacture,18,16,3.170211
lend,18,16,3.170211
to-do,18,16,3.170211
sophisticate,18,14,3.303742
heavenly,18,7,3.996889
instruct,18,18,3.052428
casually,18,12,3.457893
samyutta,18,13,3.377850
anytime,18,16,3.170211
undertake,18,11,3.544904
echo,18,14,3.303742
thursday,18,13,3.377850
stumble,18,16,3.170211
imaginary,18,13,3.377850
yell,18,14,3.303742
organ,18,13,3.377850
she'd,18,10,3.640214
evaluate,18,15,3.234749
majesty,18,12,3.457893
style,18,15,3.234749
observation,18,15,3.234749
sensibility,18,12,3.457893
injustice,18,13,3.377850
sprinkle,18,10,3.640214
mentally,18,15,3.234749
richness,18,14,3.303742
mahayana,18,12,3.457893
rahula,18,9,3.745575
elder,18,12,3.457893
injury,18,13,3.377850
container,18,13,3.377850
forefront,18,17,3.109586
politics,18,13,3.377850
repair,18,7,3.996889
institution,18,11,3.544904
commonly,18,16,3.170211
restraint,18,10,3.640214
fork,18,8,3.863358
enable,18,15,3.234749
bread,18,7,3.996889
yield,18,7,3.996889
secret,18,14,3.303742
disagree,18,15,3.234749
disturbance,18,9,3.745575
soundscape,18,11,3.544904
dread,18,9,3.745575
somatic,18,8,3.863358
agency,18,14,3.303742
neglect,18,12,3.457893
articulate,18,15,3.234749
formation,18,10,3.640214
permission,18,14,3.303742
dialogue,18,10,3.640214
scope,18,14,3.303742
player,18,9,3.745575
mystery,18,12,3.457893
justify,18,17,3.109586
desert,18,12,3.457893
coarse,18,11,3.544904
stake,18,6,4.151040
plane,18,9,3.745575
amidst,18,14,3.303742
manner,18,16,3.170211
component,18,14,3.303742
sexuality,18,7,3.996889
cosmos,18,7,3.996889
comparison,18,13,3.377850
improvement,18,5,4.333361
guarantee,18,13,3.377850
argument,18,11,3.544904
ram,18,5,4.333361
teenager,18,9,3.745575
foible,18,7,3.996889
pursuit,18,10,3.640214
martine,17,2,5.249652
bernat,17,2,5.249652
sixth,17,15,3.234749
authentic,17,12,3.457893
improve,17,13,3.377850
reduction,17,10,3.640214
modest,17,13,3.377850
palm,17,12,3.457893
one-pointedness,17,8,3.863358
dramatically,17,16,3.170211
spark,17,13,3.377850
royal,17,10,3.640214
thief,17,4,4.556505
rope,17,9,3.745575
cart,17,7,3.996889
jungle,17,8,3.863358
ox,17,8,3.863358
rice,17,11,3.544904
origination,17,11,3.544904
enormously,17,11,3.544904
explicit,17,13,3.377850
foster,17,13,3.377850
indifference,17,10,3.640214
dang,17,10,3.640214
kitten,17,11,3.544904
honestly,17,16,3.170211
righteous,17,11,3.544904
input,17,10,3.640214
tranquil,17,12,3.457893
spatial,17,9,3.745575
flame,17,8,3.863358
transparent,17,9,3.745575
slap,17,11,3.544904
soak,17,11,3.544904
samatha,17,7,3.996889
integration,17,10,3.640214
unmoving,17,4,4.556505
internet,17,11,3.544904
rarely,17,14,3.303742
maturation,17,9,3.745575
ship,17,5,4.333361
cruz,17,14,3.303742
creation,17,13,3.377850
dalai,17,10,3.640214
overlap,17,13,3.377850
evocative,17,16,3.170211
egg,17,8,3.863358
mundane,17,14,3.303742
psychologist,17,17,3.109586
facilitate,17,10,3.640214
pace,17,13,3.377850
dependence,17,6,4.151040
vehicle,17,13,3.377850
thai,17,14,3.303742
andrea,17,8,3.863358
division,17,11,3.544904
fame,17,9,3.745575
advance,17,14,3.303742
invisible,17,13,3.377850
vulnerability,17,13,3.377850
decrease,17,15,3.234749
undistracted,17,6,4.151040
axle,17,4,4.556505
concrete,17,14,3.303742
widen,17,9,3.745575
z,17,9,3.745575
impatient,17,10,3.640214
miller,17,2,5.249652
vanessa,17,6,4.151040
worker,17,9,3.745575
cue,17,12,3.457893
interpersonal,17,9,3.745575
threat,17,13,3.377850
abundance,17,11,3.544904
continually,17,11,3.544904
aspire,17,13,3.377850
victoria,17,2,5.249652
guideline,17,9,3.745575
climate,17,13,3.377850
feature,17,11,3.544904
necessity,17,12,3.457893
glimpse,17,10,3.640214
launch,17,9,3.745575
apathy,17,7,3.996889
rerun,17,12,3.457893
plus,17,11,3.544904
mirghafori,17,12,3.457893
lust,17,13,3.377850
exclude,17,11,3.544904
egoic,17,12,3.457893
upekkha,17,11,3.544904
encompass,17,14,3.303742
hijack,17,11,3.544904
novel,17,12,3.457893
symbol,17,11,3.544904
halt,17,3,4.844187
dice,17,3,4.844187
concord,17,5,4.333361
prominent,17,11,3.544904
dirt,17,8,3.863358
university,17,12,3.457893
mushroom,17,3,4.844187
newspaper,16,10,3.640214
asia,16,11,3.544904
quest,16,11,3.544904
symbolic,16,9,3.745575
jewel,16,10,3.640214
unfortunately,16,12,3.457893
straighten,16,13,3.377850
interrupt,16,14,3.303742
consume,16,13,3.377850
mud,16,10,3.640214
excellent,16,13,3.377850
proper,16,7,3.996889
rough,16,13,3.377850
rosemerry,16,7,3.996889
race,16,12,3.457893
puppy,16,10,3.640214
generalization,16,10,3.640214
coach,16,10,3.640214
cave,16,8,3.863358
bay,16,13,3.377850
david,16,8,3.863358
obsess,16,13,3.377850
enjoyment,16,13,3.377850
thoroughly,16,14,3.303742
objectify,16,5,4.333361
january,16,10,3.640214
county,16,10,3.640214
tremendously,16,16,3.170211
agent,16,13,3.377850
entanglement,16,12,3.457893
refuse,16,13,3.377850
tolerate,16,14,3.303742
verb,16,10,3.640214
college,16,11,3.544904
oak,16,5,4.333361
quarter,16,8,3.863358
freeway,16,10,3.640214
evolution,16,13,3.377850
unresolved,16,9,3.745575
unnecessarily,16,14,3.303742
logical,16,12,3.457893
summarize,16,13,3.377850
assess,16,13,3.377850
psychophysical,16,14,3.303742
billion,16,10,3.640214
warn,16,13,3.377850
weapon,16,10,3.640214
constriction,16,12,3.457893
pride,16,12,3.457893
emergency,16,9,3.745575
connotation,16,15,3.234749
popular,16,15,3.234749
importantly,16,15,3.234749
periphery,16,14,3.303742
urgency,16,12,3.457893
moisture,16,9,3.745575
teeth,16,9,3.745575
doorway,16,14,3.303742
satipatthana,16,13,3.377850
p,16,13,3.377850
rejection,16,14,3.303742
vocabulary,16,11,3.544904
kornfield,16,12,3.457893
exaggerate,16,11,3.544904
bloom,16,14,3.303742
substance,16,13,3.377850
scenario,16,14,3.303742
mile,16,14,3.303742
tall,16,16,3.170211
skip,16,8,3.863358
illustrate,16,10,3.640214
bait,16,6,4.151040
mom,16,10,3.640214
presentation,16,13,3.377850
openly,16,16,3.170211
mechanism,16,14,3.303742
pilot,16,10,3.640214
debt,16,8,3.863358
cell,16,13,3.377850
meantime,16,14,3.303742
frequency,16,9,3.745575
revelation,16,9,3.745575
boundless,16,9,3.745575
sigh,16,6,4.151040
magnet,16,8,3.863358
convention,16,7,3.996889
obligation,16,12,3.457893
broadcast,16,15,3.234749
baggage,16,9,3.745575
evolutionary,16,9,3.745575
hostile,16,12,3.457893
inhalation,16,7,3.996889
exhalation,16,8,3.863358
station,16,6,4.151040
banner,16,12,3.457893
remainder,16,4,4.556505
conceptualize,16,6,4.151040
miserable,16,8,3.863358
crow,16,5,4.333361
cute,16,8,3.863358
bathroom,16,11,3.544904
relinquishment,16,7,3.996889
expanse,16,4,4.556505
dubious,16,2,5.249652
article,15,11,3.544904
tempt,15,13,3.377850
founder,15,12,3.457893
conception,15,10,3.640214
suitable,15,7,3.996889
regardless,15,15,3.234749
judgmental,15,11,3.544904
self-care,15,9,3.745575
odd,15,12,3.457893
jhanic,15,10,3.640214
sand,15,11,3.544904
attunement,15,13,3.377850
immediacy,15,13,3.377850
council,15,3,4.844187
parable,15,4,4.556505
camp,15,9,3.745575
stock,15,10,3.640214
nap,15,10,3.640214
boom,15,15,3.234749
besides,15,12,3.457893
accumulate,15,12,3.457893
suppress,15,8,3.863358
insufficiency,15,5,4.333361
sharon,15,9,3.745575
enthusiasm,15,9,3.745575
nonetheless,15,10,3.640214
willfulness,15,10,3.640214
story-making,15,11,3.544904
vicara,15,7,3.996889
trick,15,13,3.377850
optional,15,8,3.863358
damage,15,12,3.457893
texture,15,15,3.234749
oddly,15,12,3.457893
angle,15,15,3.234749
passivity,15,9,3.745575
chocolate,15,9,3.745575
mount,15,8,3.863358
surf,15,12,3.457893
depict,15,10,3.640214
dy,15,12,3.457893
construction,15,12,3.457893
listener,15,8,3.863358
bench,15,8,3.863358
incidental,15,7,3.996889
nerve,15,10,3.640214
stare,15,13,3.377850
indirectly,15,14,3.303742
majority,15,14,3.303742
swirl,15,13,3.377850
elaborate,15,12,3.457893
healthcare,15,4,4.556505
violent,15,9,3.745575
rate,15,10,3.640214
genuine,15,14,3.303742
provider,15,4,4.556505
pump,15,8,3.863358
headache,15,14,3.303742
expert,15,12,3.457893
exception,15,15,3.234749
aisle,15,6,4.151040
northern,15,11,3.544904
susan,15,4,4.556505
dryness,15,8,3.863358
abdomen,15,9,3.745575
quantum,15,11,3.544904
mythic,15,11,3.544904
isolate,15,12,3.457893
viveka,15,1,5.942799
chronic,15,12,3.457893
self-compassion,15,6,4.151040
anguttara,15,12,3.457893
kalyana,15,7,3.996889
joseph,15,13,3.377850
blizzard,15,4,4.556505
poke,15,10,3.640214
intoxicant,15,6,4.151040
numb,15,6,4.151040
thrive,15,13,3.377850
item,15,9,3.745575
honey,15,7,3.996889
untangle,15,9,3.745575
coexist,15,11,3.544904
worldview,15,8,3.863358
resilience,15,11,3.544904
propose,15,13,3.377850
comparable,15,13,3.377850
recollection,15,7,3.996889
disentangle,15,6,4.151040
morality,15,7,3.996889
govern,15,11,3.544904
survival,15,13,3.377850
drama,15,11,3.544904
luxury,15,9,3.745575
ripen,15,9,3.745575
restful,15,12,3.457893
flash,15,6,4.151040
ancestral,15,6,4.151040
cognize,15,6,4.151040
fundraise,15,9,3.745575
ordinarily,15,14,3.303742
author,15,10,3.640214
continuation,15,15,3.234749
pandemic,15,12,3.457893
hug,15,11,3.544904
self-view,15,12,3.457893
interconnect,15,7,3.996889
coolness,15,9,3.745575
non-conflict,15,5,4.333361
tech,15,7,3.996889
jacket,15,6,4.151040
possess,15,12,3.457893
layperson,15,9,3.745575
cherish,15,9,3.745575
flee,15,7,3.996889
ugly,15,11,3.544904
devote,15,11,3.544904
perilous,15,3,4.844187
metaphysical,15,13,3.377850
canyon,15,5,4.333361
scooter,15,4,4.556505
slope,15,5,4.333361
itch,15,4,4.556505
self-model,15,5,4.333361
adapt,14,12,3.457893
accident,14,13,3.377850
secondary,14,11,3.544904
raw,14,12,3.457893
constrict,14,10,3.640214
entry,14,11,3.544904
e,14,8,3.863358
sparkle,14,8,3.863358
constancy,14,9,3.745575
hint,14,12,3.457893
drug,14,9,3.745575
advise,14,13,3.377850
lamp,14,6,4.151040
arrange,14,13,3.377850
convert,14,10,3.640214
product,14,11,3.544904
ayya,14,4,4.556505
courageous,14,7,3.996889
sailboat,14,5,4.333361
winter,14,11,3.544904
stickiness,14,8,3.863358
intuitive,14,11,3.544904
unseen,14,14,3.303742
bronze,14,10,3.640214
rub,14,9,3.745575
former,14,12,3.457893
remark,14,13,3.377850
ai,14,5,4.333361
maturity,14,11,3.544904
plain,14,12,3.457893
pregnant,14,5,4.333361
grape,14,3,4.844187
president,14,8,3.863358
experientially,14,12,3.457893
aha,14,8,3.863358
attentiveness,14,10,3.640214
transmit,14,11,3.544904
appropriately,14,14,3.303742
wordless,14,10,3.640214
month-long,14,9,3.745575
hero,14,9,3.745575
similarly,14,14,3.303742
typical,14,9,3.745575
extraordinary,14,12,3.457893
triangle,14,4,4.556505
sage,14,8,3.863358
gut,14,7,3.996889
delude,14,13,3.377850
partially,14,12,3.457893
yoke,14,9,3.745575
rearrange,14,10,3.640214
chinese,14,13,3.377850
lessen,14,13,3.377850
diamond,14,6,4.151040
obscure,14,7,3.996889
evaluation,14,9,3.745575
cognition,14,8,3.863358
firm,14,13,3.377850
seclusion,14,8,3.863358
absent,14,8,3.863358
entertainment,14,10,3.640214
ponder,14,8,3.863358
scratch,14,12,3.457893
disrupt,14,11,3.544904
phd,14,8,3.863358
bath,14,11,3.544904
pack,14,11,3.544904
gossip,14,9,3.745575
divisive,14,10,3.640214
mitta,14,7,3.996889
intuitively,14,13,3.377850
lump,14,10,3.640214
darkness,14,11,3.544904
jam,14,10,3.640214
behold,14,14,3.303742
summer,14,12,3.457893
rare,14,11,3.544904
armor,14,9,3.745575
trash,14,7,3.996889
found,14,7,3.996889
sutra,14,6,4.151040
bump,14,9,3.745575
joke,14,11,3.544904
idle,14,8,3.863358
uncertain,14,10,3.640214
tragic,14,11,3.544904
non-reactive,14,12,3.457893
technology,14,9,3.745575
chaotic,14,8,3.863358
credit,14,12,3.457893
terrain,14,11,3.544904
expose,14,9,3.745575
dust,14,10,3.640214
rut,14,3,4.844187
avoidance,14,10,3.640214
repetitive,14,5,4.333361
sibling,14,8,3.863358
kusala,14,7,3.996889
encapsulate,14,7,3.996889
milk,14,4,4.556505
catholic,14,8,3.863358
brahmavihara,14,6,4.151040
architecture,14,9,3.745575
disembody,14,6,4.151040
nope,14,9,3.745575
requirement,14,11,3.544904
non-suffering,14,7,3.996889
pedal,14,3,4.844187
tactile,14,7,3.996889
stem,14,9,3.745575
endless,14,10,3.640214
sticky,14,12,3.457893
stupa,14,3,4.844187
odor,14,3,4.844187
property,14,9,3.745575
magnify,14,5,4.333361
orbit,14,5,4.333361
poverty,14,5,4.333361
disillusion,14,2,5.249652
empathic,14,8,3.863358
fabrication,14,4,4.556505
brilliance,14,2,5.249652
oftentimes,14,10,3.640214
stream-entry,14,5,4.333361
defeat,14,6,4.151040
gatekeeper,14,2,5.249652
flight,14,8,3.863358
bunny,14,1,5.942799
elevator,14,2,5.249652
wanna,14,1,5.942799
impose,13,11,3.544904
sri,13,5,4.333361
properly,13,10,3.640214
historical,13,11,3.544904
artist,13,11,3.544904
thich,13,12,3.457893
nhat,13,12,3.457893
hanh,13,12,3.457893
mortality,13,8,3.863358
homecoming,13,10,3.640214
row,13,9,3.745575
canoe,13,6,4.151040
deed,13,9,3.745575
declare,13,10,3.640214
indulge,13,10,3.640214
intoxicate,13,10,3.640214
supply,13,10,3.640214
uproot,13,9,3.745575
accustom,13,11,3.544904
appeal,13,11,3.544904
inadequacy,13,10,3.640214
vague,13,11,3.544904
uncomplicated,13,8,3.863358
borrow,13,9,3.745575
guest,13,10,3.640214
lately,13,12,3.457893
grain,13,11,3.544904
useless,13,7,3.996889
repress,13,7,3.996889
brush,13,7,3.996889
generalize,13,10,3.640214
arbitrary,13,11,3.544904
tuesday,13,8,3.863358
nod,13,11,3.544904
obsessive,13,8,3.863358
apple,13,9,3.745575
prefix,13,6,4.151040
so-called,13,13,3.377850
valley,13,11,3.544904
tax,13,9,3.745575
tragedy,13,10,3.640214
self-understanding,13,10,3.640214
fable,13,5,4.333361
la,13,8,3.863358
yoni,13,4,4.556505
gestate,13,5,4.333361
traffic,13,12,3.457893
route,13,11,3.544904
craft,13,13,3.377850
ideally,13,13,3.377850
spell,13,9,3.745575
reside,13,9,3.745575
pillow,13,5,4.333361
pierce,13,10,3.640214
gaza,13,11,3.544904
recluse,13,7,3.996889
ordination,13,6,4.151040
supreme,13,7,3.996889
villager,13,5,4.333361
hut,13,9,3.745575
qualify,13,9,3.745575
lousy,13,13,3.377850
elegant,13,4,4.556505
flesh,13,12,3.457893
alienate,13,12,3.457893
parallel,13,11,3.544904
neal,13,5,4.333361
leak,13,7,3.996889
profoundly,13,12,3.457893
unchanging,13,7,3.996889
underwater,13,12,3.457893
site,13,7,3.996889
snake,13,5,4.333361
unable,13,10,3.640214
despite,13,9,3.745575
satisfactory,13,8,3.863358
december,13,6,4.151040
recent,13,12,3.457893
biography,13,9,3.745575
professor,13,9,3.745575
sentient,13,8,3.863358
vital,13,10,3.640214
prescription,13,3,4.844187
crucial,13,9,3.745575
diagnosis,13,10,3.640214
subconscious,13,12,3.457893
thinker,13,8,3.863358
comprehend,13,9,3.745575
cross-legged,13,11,3.544904
balloon,13,7,3.996889
blanket,13,12,3.457893
unconditional,13,9,3.745575
render,13,11,3.544904
palestinian,13,4,4.556505
israeli,13,5,4.333361
biology,13,6,4.151040
artificial,13,11,3.544904
crack,13,10,3.640214
animosity,13,9,3.745575
bus,13,6,4.151040
involvement,13,10,3.640214
airport,13,5,4.333361
imperfection,13,9,3.745575
obstruct,13,8,3.863358
evaporate,13,8,3.863358
transcend,13,8,3.863358
martin,13,8,3.863358
vegetable,13,6,4.151040
alongside,13,10,3.640214
equally,13,9,3.745575
blend,13,8,3.863358
partial,13,8,3.863358
variation,13,12,3.457893
devadatta,13,5,4.333361
monarch,13,4,4.556505
physician,13,5,4.333361
hopeless,13,6,4.151040
bull,13,4,4.556505
flag,13,6,4.151040
samma,13,6,4.151040
khanti,13,2,5.249652
sierra,13,8,3.863358
kovilo,13,3,4.844187
malunkyaputta,13,1,5.942799
jail,13,5,4.333361
monsoon,13,1,5.942799
profession,12,9,3.745575
instant,12,10,3.640214
random,12,11,3.544904
facet,12,8,3.863358
publish,12,9,3.745575
sex,12,12,3.457893
half-smile,12,10,3.640214
subtly,12,12,3.457893
rapid,12,8,3.863358
tour,12,7,3.996889
lifespan,12,5,4.333361
utter,12,7,3.996889
firewood,12,4,4.556505
yakkha,12,5,4.333361
safely,12,6,4.151040
brilliant,12,12,3.457893
lord,12,9,3.745575
pole,12,7,3.996889
sell,12,9,3.745575
graceful,12,10,3.640214
insufficient,12,7,3.996889
nearby,12,12,3.457893
daylong,12,9,3.745575
immersive,12,8,3.863358
polish,12,10,3.640214
motif,12,10,3.640214
compulsive,12,10,3.640214
recollect,12,6,4.151040
starve,12,11,3.544904
se,12,10,3.640214
farm,12,9,3.745575
chatter,12,6,4.151040
fog,12,8,3.863358
pacific,12,10,3.640214
oppression,12,8,3.863358
netflix,12,9,3.745575
soldier,12,5,4.333361
thick,12,10,3.640214
residential,12,7,3.996889
whichever,12,11,3.544904
kinship,12,9,3.745575
cast,12,10,3.640214
yellow,12,7,3.996889
crime,12,8,3.863358
clock,12,8,3.863358
celebration,12,10,3.640214
sprout,12,9,3.745575
ines,12,8,3.863358
accomplishment,12,7,3.996889
insult,12,7,3.996889
gross,12,9,3.745575
recondition,12,11,3.544904
rootedness,12,10,3.640214
curve,12,11,3.544904
beneath,12,9,3.745575
proliferate,12,7,3.996889
downward,12,11,3.544904
poetic,12,10,3.640214
nail,12,10,3.640214
rainbow,12,7,3.996889
chicken,12,9,3.745575
yard,12,6,4.151040
plate,12,9,3.745575
trial,12,4,4.556505
goldstein,12,10,3.640214
glide,12,9,3.745575
glance,12,9,3.745575
fruitful,12,10,3.640214
entity,12,9,3.745575
bank,12,11,3.544904
temporary,12,11,3.544904
swing,12,6,4.151040
originally,12,8,3.863358
york,12,8,3.863358
aggression,12,8,3.863358
scary,12,12,3.457893
developmental,12,6,4.151040
collective,12,11,3.544904
recipient,12,9,3.745575
annoyance,12,7,3.996889
caregiver,12,7,3.996889
harmonize,12,11,3.544904
disagreement,12,9,3.745575
morph,12,7,3.996889
unexpected,12,8,3.863358
specialize,12,9,3.745575
contingent,12,9,3.745575
inherit,12,10,3.640214
increasingly,12,9,3.745575
betray,12,12,3.457893
detach,12,9,3.745575
personhood,12,1,5.942799
deaden,12,7,3.996889
dial,12,10,3.640214
broaden,12,7,3.996889
invest,12,10,3.640214
barbara,12,6,4.151040
creek,12,8,3.863358
trajectory,12,8,3.863358
flaw,12,7,3.996889
imbue,12,9,3.745575
unbind,12,7,3.996889
thirsty,12,8,3.863358
beset,12,5,4.333361
hologram,12,5,4.333361
cousin,12,9,3.745575
aroma,12,3,4.844187
sanna,12,6,4.151040
government,12,10,3.640214
elate,12,7,3.996889
kalyanamittata,12,3,4.844187
net,12,6,4.151040
wealthy,12,9,3.745575
sufficient,12,10,3.640214
acrobat,12,2,5.249652
stain,12,5,4.333361
basketball,12,6,4.151040
remorse,12,7,3.996889
pronounce,12,8,3.863358
kalamas,12,5,4.333361
stockade,12,1,5.942799
collins,12,3,4.844187
ping,12,7,3.996889
smoke,12,4,4.556505
gratification,12,5,4.333361
backwards,12,10,3.640214
tao,12,3,4.844187
latte,12,1,5.942799
researcher,11,6,4.151040
hmm,11,7,3.996889
europe,11,10,3.640214
flexible,11,10,3.640214
socially,11,10,3.640214
cascade,11,8,3.863358
continual,11,10,3.640214
moment-to-moment,11,7,3.996889
trumpet,11,1,5.942799
border,11,8,3.863358
seventh,11,9,3.745575
destruction,11,5,4.333361
silver,11,6,4.151040
sour,11,5,4.333361
toss,11,8,3.863358
mindset,11,9,3.745575
mentality,11,8,3.863358
nation,11,8,3.863358
squirrel,11,5,4.333361
undo,11,10,3.640214
salzberg,11,8,3.863358
earring,11,2,5.249652
pocket,11,9,3.745575
huh,11,11,3.544904
soar,11,7,3.996889
reincarnation,11,3,4.844187
subtlety,11,10,3.640214
effectively,11,10,3.640214
unfamiliar,11,5,4.333361
simplistic,11,11,3.544904
vary,11,9,3.745575
brace,11,9,3.745575
static,11,9,3.745575
groove,11,8,3.863358
button,11,11,3.544904
nectar,11,8,3.863358
introductory,11,7,3.996889
carbon,11,7,3.996889
noon,11,8,3.863358
prop,11,10,3.640214
chew,11,9,3.745575
pound,11,8,3.863358
band,11,5,4.333361
punish,11,7,3.996889
volitional,11,7,3.996889
betrayal,11,8,3.863358
rhyme,11,4,4.556505
prize,11,8,3.863358
basket,11,6,4.151040
massive,11,4,4.556505
cathedral,11,7,3.996889
self-healing,11,3,4.844187
settleness,11,6,4.151040
casual,11,8,3.863358
faithful,11,10,3.640214
serf,11,10,3.640214
impersonal,11,8,3.863358
youth,11,7,3.996889
dismantle,11,4,4.556505
torture,11,8,3.863358
refrigerator,11,5,4.333361
beam,11,8,3.863358
organic,11,8,3.863358
freedman,11,7,3.996889
veil,11,9,3.745575
ray,11,6,4.151040
illuminate,11,10,3.640214
golden,11,7,3.996889
ridiculous,11,9,3.745575
normalize,11,7,3.996889
approval,11,7,3.996889
pyramid,11,3,4.844187
thumb,11,8,3.863358
sayadaw,11,6,4.151040
assignment,11,10,3.640214
southern,11,7,3.996889
traditionally,11,11,3.544904
vacillation,11,5,4.333361
independence,11,7,3.996889
stuckness,11,4,4.556505
busyness,11,9,3.745575
camera,11,8,3.863358
synonym,11,8,3.863358
minimum,11,9,3.745575
heartfelt,11,7,3.996889
cruel,11,9,3.745575
predominant,11,7,3.996889
flux,11,6,4.151040
unreliable,11,8,3.863358
backrest,11,8,3.863358
prompt,11,9,3.745575
emergence,11,5,4.333361
straatmann,11,11,3.544904
incorporate,11,10,3.640214
interestingly,11,9,3.745575
realistic,11,10,3.640214
sustainable,11,8,3.863358
predicament,11,6,4.151040
september,11,7,3.996889
recite,11,7,3.996889
till,11,9,3.745575
substantial,11,8,3.863358
interfaith,11,5,4.333361
counter,11,7,3.996889
bridge,11,10,3.640214
coin,11,10,3.640214
swear,11,7,3.996889
hence,11,9,3.745575
compassionately,11,7,3.996889
impactful,11,11,3.544904
adventure,11,10,3.640214
sum,11,9,3.745575
israel,11,6,4.151040
abuse,11,8,3.863358
upbringing,11,6,4.151040
national,11,8,3.863358
privilege,11,10,3.640214
excellence,11,7,3.996889
beingness,11,7,3.996889
latin,11,10,3.640214
plug,11,8,3.863358
psychotherapy,11,6,4.151040
i-am-ness,11,8,3.863358
proud,11,10,3.640214
merchant,11,4,4.556505
mythology,11,4,4.556505
mingle,11,6,4.151040
reorientation,11,4,4.556505
unbounded,11,6,4.151040
gas,11,6,4.151040
attractive,11,9,3.745575
experiencer,11,9,3.745575
privately,11,8,3.863358
disagreeable,11,5,4.333361
objectification,11,5,4.333361
confirm,11,5,4.333361
supernatural,11,7,3.996889
adjective,11,4,4.556505
confirmation,11,6,4.151040
queen,11,5,4.333361
bhante,11,5,4.333361
commentarial,11,9,3.745575
bharhut,11,2,5.249652
saturday,11,11,3.544904
dandapani,11,1,5.942799
immeasurable,11,5,4.333361
self-image,11,6,4.151040
progression,11,9,3.745575
tiger,11,5,4.333361
mere,11,7,3.996889
timely,11,6,4.151040
chaos,11,8,3.863358
famine,11,5,4.333361
butter,11,7,3.996889
harness,11,7,3.996889
market,11,10,3.640214
malleable,11,8,3.863358
latch,11,9,3.745575
harmless,11,6,4.151040
sabbe,11,1,5.942799
satta,11,1,5.942799
fisted,11,5,4.333361
particularity,11,7,3.996889
slave,11,4,4.556505
tassajara,11,6,4.151040
spill,11,8,3.863358
eon,11,3,4.844187
interdisciplinary,11,3,4.844187
specialty,11,5,4.333361
panoramic,11,3,4.844187
homeostasis,11,5,4.333361
trample,11,2,5.249652
welwood,11,2,5.249652
composure,11,4,4.556505
scripture,11,7,3.996889
responsive,11,6,4.151040
billy,11,2,5.249652
julie,11,2,5.249652
trapper,11,1,5.942799
camel,11,1,5.942799
heedlessness,10,6,4.151040
worship,10,3,4.844187
korea,10,4,4.556505
restrict,10,7,3.996889
serenity,10,3,4.844187
teeny,10,8,3.863358
untie,10,4,4.556505
kayaker,10,1,5.942799
messenger,10,6,4.151040
chop,10,6,4.151040
stupid,10,7,3.996889
mad,10,9,3.745575
germinate,10,7,3.996889
afford,10,9,3.745575
hesitate,10,10,3.640214
badly,10,6,4.151040
surely,10,6,4.151040
mentor,10,10,3.640214
uh,10,6,4.151040
2of5,10,5,4.333361
greatly,10,7,3.996889
succeed,10,9,3.745575
thigh,10,10,3.640214
needle,10,5,4.333361
transcendent,10,6,4.151040
forceful,10,10,3.640214
caretaker,10,8,3.863358
embarrassment,10,9,3.745575
austerity,10,6,4.151040
vi,10,7,3.996889
avenue,10,10,3.640214
spiral,10,8,3.863358
economy,10,9,3.745575
allude,10,9,3.745575
bill,10,6,4.151040
magnificent,10,7,3.996889
marin,10,5,4.333361
dominate,10,9,3.745575
lifestyle,10,8,3.863358
generative,10,6,4.151040
clever,10,6,4.151040
reconnect,10,9,3.745575
neuron,10,7,3.996889
expansiveness,10,7,3.996889
faint,10,9,3.745575
prior,10,9,3.745575
confess,10,6,4.151040
progressively,10,5,4.333361
afflictive,10,8,3.863358
compound,10,8,3.863358
sanskrit,10,9,3.745575
deathless,10,6,4.151040
meanwhile,10,9,3.745575
accountable,10,5,4.333361
terrify,10,6,4.151040
defense,10,9,3.745575
depart,10,9,3.745575
punishment,10,2,5.249652
lastly,10,7,3.996889
gm,10,5,4.333361
foggy,10,10,3.640214
darken,10,9,3.745575
fella,10,6,4.151040
divorce,10,4,4.556505
open-handed,10,7,3.996889
yearn,10,6,4.151040
selectivity,10,6,4.151040
seduce,10,8,3.863358
dignify,10,9,3.745575
inch,10,9,3.745575
classical,10,10,3.640214
chill,10,9,3.745575
density,10,7,3.996889
obstruction,10,6,4.151040
foremost,10,9,3.745575
mainstream,10,6,4.151040
medt'n,10,5,4.333361
occupy,10,10,3.640214
barren,10,4,4.556505
error,10,4,4.556505
masquerade,10,6,4.151040
terror,10,6,4.151040
outline,10,10,3.640214
tv,10,10,3.640214
trade,10,6,4.151040
pebble,10,8,3.863358
self-story,10,6,4.151040
subside,10,7,3.996889
broadly,10,6,4.151040
dull,10,6,4.151040
weakness,10,8,3.863358
disenchantment,10,5,4.333361
earthworm,10,4,4.556505
enliven,10,8,3.863358
visitor,10,7,3.996889
smoothly,10,8,3.863358
alternate,10,8,3.863358
surroundings,10,10,3.640214
flexibility,10,9,3.745575
relinquish,10,8,3.863358
okay-ness,10,6,4.151040
causality,10,6,4.151040
unit,10,7,3.996889
efficient,10,5,4.333361
bodhicitta,10,7,3.996889
short-term,10,4,4.556505
nuanced,10,7,3.996889
blink,10,6,4.151040
resistant,10,6,4.151040
escalate,10,2,5.249652
transmute,10,5,4.333361
rachel,10,5,4.333361
grandparent,10,4,4.556505
elevation,10,8,3.863358
envelop,10,3,4.844187
clue,10,9,3.745575
england,10,7,3.996889
correlate,10,9,3.745575
eight-fold,10,8,3.863358
amongst,10,8,3.863358
panna,10,7,3.996889
skeptical,10,6,4.151040
suspend,10,9,3.745575
freshness,10,7,3.996889
suspicious,10,6,4.151040
prioritization,10,4,4.556505
conceited,10,9,3.745575
amazingly,10,10,3.640214
koan,10,6,4.151040
reign,10,6,4.151040
affective,10,9,3.745575
fertile,10,6,4.151040
announce,10,8,3.863358
agreement,10,8,3.863358
functional,10,6,4.151040
gestalt,10,6,4.151040
precursor,10,8,3.863358
hose,10,3,4.844187
owe,10,8,3.863358
befriend,10,6,4.151040
household,10,10,3.640214
merge,10,8,3.863358
eco-chaplaincy,10,7,3.996889
replay,10,10,3.640214
maze,10,3,4.844187
indignation,10,5,4.333361
conclude,10,9,3.745575
recap,10,8,3.863358
simplification,10,5,4.333361
neat,10,7,3.996889
whirlpool,10,7,3.996889
tremble,10,8,3.863358
lien,10,1,5.942799
beloved,10,7,3.996889
amy,10,3,4.844187
attendant,10,6,4.151040
technical,10,9,3.745575
fleet,10,5,4.333361
yogi,10,7,3.996889
noun,10,5,4.333361
consist,10,8,3.863358
beast,10,3,4.844187
proceed,10,9,3.745575
depiction,10,7,3.996889
non-becoming,10,2,5.249652
counsel,10,5,4.333361
hallway,10,3,4.844187
economic,10,8,3.863358
surprisingly,10,8,3.863358
astonish,10,4,4.556505
unskillfully,10,3,4.844187
eliminate,10,5,4.333361
chin,10,9,3.745575
offend,10,9,3.745575
sukhi,10,1,5.942799
hontu,10,1,5.942799
kevatta,10,1,5.942799
accent,10,3,4.844187
propel,10,5,4.333361
gamble,10,5,4.333361
nisabho,10,4,4.556505
spear,10,3,4.844187
relish,10,4,4.556505
undergraduate,10,3,4.844187
fragrance,10,3,4.844187
respectfully,10,6,4.151040
imperative,10,4,4.556505
cowherd,10,2,5.249652
jennifer,10,3,4.844187
veracity,10,4,4.556505
bhaddiya,10,2,5.249652
pansy,10,1,5.942799
scrutinize,10,1,5.942799
ad,9,6,4.151040
creatively,9,5,4.333361
lanka,9,5,4.333361
originate,9,8,3.863358
hierarchy,9,7,3.996889
pose,9,9,3.745575
reorient,9,7,3.996889
self-awareness,9,6,4.151040
redirect,9,6,4.151040
impute,9,5,4.333361
prejudice,9,6,4.151040
knower,9,6,4.151040
kumara,9,2,5.249652
abusive,9,5,4.333361
abundant,9,6,4.151040
charity,9,4,4.556505
administration,9,4,4.556505
embark,9,8,3.863358
joe,9,3,4.844187
non-aversion,9,3,4.844187
indicator,9,7,3.996889
mask,9,7,3.996889
individually,9,8,3.863358
non-attachment,9,5,4.333361
egret,9,3,4.844187
assure,9,7,3.996889
sneak,9,7,3.996889
scream,9,8,3.863358
entirety,9,8,3.863358
tug,9,8,3.863358
wane,9,3,4.844187
eyesight,9,9,3.745575
byproduct,9,9,3.745575
dioxide,9,6,4.151040
vessel,9,4,4.556505
date,9,5,4.333361
toy,9,4,4.556505
ticket,9,7,3.996889
bang,9,6,4.151040
deprivation,9,6,4.151040
festival,9,8,3.863358
entrance,9,7,3.996889
burmese,9,6,4.151040
resignation,9,4,4.556505
inquire,9,7,3.996889
pilgrimage,9,3,4.844187
morgan,9,4,4.556505
bury,9,7,3.996889
aperture,9,7,3.996889
sleepy,9,6,4.151040
retire,9,6,4.151040
rama,9,2,5.249652
photograph,9,7,3.996889
reverse,9,9,3.745575
homework,9,9,3.745575
international,9,6,4.151040
director,9,5,4.333361
secure,9,7,3.996889
nonprofit,9,6,4.151040
harden,9,6,4.151040
superior,9,6,4.151040
murder,9,6,4.151040
redemption,9,4,4.556505
withdraw,9,7,3.996889
sub,9,6,4.151040
habitually,9,9,3.745575
platform,9,7,3.996889
tick,9,4,4.556505
library,9,3,4.844187
sip,9,7,3.996889
reconnecting,9,8,3.863358
restaurant,9,8,3.863358
impress,9,6,4.151040
servant,9,3,4.844187
beside,9,7,3.996889
portion,9,8,3.863358
spouse,9,9,3.745575
surgery,9,7,3.996889
constellation,9,7,3.996889
hardly,9,9,3.745575
non-separation,9,3,4.844187
smoothness,9,7,3.996889
downhill,9,7,3.996889
collectedness,9,8,3.863358
visualization,9,3,4.844187
weigh,9,8,3.863358
academic,9,6,4.151040
divisiveness,9,7,3.996889
recommendation,9,9,3.745575
powerlessness,9,6,4.151040
elliot,9,3,4.844187
pulse,9,7,3.996889
disrespect,9,9,3.745575
messy,9,8,3.863358
flicker,9,7,3.996889
era,9,8,3.863358
embarrass,9,9,3.745575
disorientation,9,5,4.333361
okayness,9,6,4.151040
barely,9,8,3.863358
employ,9,8,3.863358
erode,9,8,3.863358
mary,9,5,4.333361
figuratively,9,8,3.863358
consistent,9,7,3.996889
sale,9,4,4.556505
cosmic,9,6,4.151040
no-self,9,8,3.863358
july,9,8,3.863358
learner,9,4,4.556505
non-self,9,6,4.151040
unmet,9,5,4.333361
fortunately,9,9,3.745575
elicit,9,8,3.863358
dad,9,6,4.151040
practically,9,8,3.863358
fond,9,9,3.745575
enneagram,9,2,5.249652
assessment,9,5,4.333361
counselor,9,4,4.556505
gonna,9,3,4.844187
jewish,9,6,4.151040
21st,9,5,4.333361
undivided,9,4,4.556505
destination,9,5,4.333361
unhappy,9,8,3.863358
comfortably,9,8,3.863358
step-by-step,9,6,4.151040
conquer,9,5,4.333361
participation,9,8,3.863358
inevitably,9,8,3.863358
marvelous,9,9,3.745575
performance,9,7,3.996889
ingredient,9,6,4.151040
deconstruct,9,8,3.863358
unnoticed,9,8,3.863358
vista,9,8,3.863358
resort,9,6,4.151040
poise,9,7,3.996889
drown,9,6,4.151040
donate,9,8,3.863358
earn,9,7,3.996889
preciousness,9,9,3.745575
sheet,9,6,4.151040
avail,9,6,4.151040
birthday,9,6,4.151040
impressive,9,6,4.151040
reiterate,9,7,3.996889
portray,9,5,4.333361
sol,9,5,4.333361
prediction,9,8,3.863358
display,9,6,4.151040
tiredness,9,7,3.996889
compromise,9,6,4.151040
affirm,9,8,3.863358
denial,9,9,3.745575
cooperative,9,5,4.333361
password,9,7,3.996889
shutt,9,1,5.942799
ding,9,3,4.844187
unlike,9,9,3.745575
waft,9,5,4.333361
self-improvement,9,2,5.249652
protective,9,3,4.844187
nihilism,9,5,4.333361
compulsivity,9,7,3.996889
torment,9,4,4.556505
overdo,9,8,3.863358
pastoral,9,4,4.556505
apannaka,9,2,5.249652
honeyball,9,3,4.844187
intimidate,9,7,3.996889
caste,9,2,5.249652
heady,9,7,3.996889
deceive,9,6,4.151040
shrink,9,7,3.996889
lash,9,6,4.151040
investment,9,4,4.556505
ensure,9,8,3.863358
spaciously,9,6,4.151040
wholeheartedly,9,8,3.863358
tab,9,7,3.996889
interview,9,7,3.996889
elevate,9,8,3.863358
wonky,9,3,4.844187
blameless,9,4,4.556505
bat,9,5,4.333361
glue,9,8,3.863358
ceiling,9,6,4.151040
ying,9,6,4.151040
chen,9,6,4.151040
covetousness,9,6,4.151040
pointer,9,9,3.745575
mango,9,3,4.844187
hillside,9,5,4.333361
drench,9,3,4.844187
innate,9,6,4.151040
helicopter,9,3,4.844187
aboutness,9,2,5.249652
bend,9,9,3.745575
asura,9,3,4.844187
dime,9,5,4.333361
initiative,9,6,4.151040
kodo,9,1,5.942799
conlin,9,1,5.942799
dozen,9,6,4.151040
client,9,4,4.556505
luther,9,5,4.333361
thomas,9,9,3.745575
das,9,3,4.844187
stray,9,4,4.556505
lapse,9,4,4.556505
cordiality,9,2,5.249652
lap,9,8,3.863358
promotion,9,3,4.844187
rinpoche,9,3,4.844187
intersection,9,6,4.151040
vepacitti,9,1,5.942799
applaud,9,1,5.942799
mist,9,3,4.844187
non-anger,9,3,4.844187
sarva,9,1,5.942799
h,9,2,5.249652
galle,9,1,5.942799
medhanandi,9,1,5.942799
fictitious,9,1,5.942799
fruition,8,5,4.333361
scientific,8,6,4.151040
japan,8,8,3.863358
plato,8,3,4.844187
arrogance,8,7,3.996889
confine,8,6,4.151040
nunnery,8,2,5.249652
stream-enterer,8,6,4.151040
intervene,8,8,3.863358
debilitate,8,7,3.996889
parcel,8,8,3.863358
venable,8,1,5.942799
oil,8,8,3.863358
stale,8,4,4.556505
reconcile,8,8,3.863358
podcast,8,7,3.996889
overflow,8,7,3.996889
genuinely,8,8,3.863358
potentially,8,7,3.996889
indicate,8,7,3.996889
envious,8,4,4.556505
wildly,8,5,4.333361
awfulness,8,5,4.333361
spider,8,3,4.844187
upside,8,7,3.996889
airplane,8,4,4.556505
nevertheless,8,6,4.151040
marriage,8,5,4.333361
apartment,8,6,4.151040
loan,8,3,4.844187
know-how,8,2,5.249652
three-dimensional,8,5,4.333361
gracious,8,8,3.863358
hormone,8,8,3.863358
candle,8,5,4.333361
objective,8,7,3.996889
clip,8,3,4.844187
vein,8,3,4.844187
pant,8,3,4.844187
um,8,6,4.151040
inevitable,8,6,4.151040
ski,8,6,4.151040
idealize,8,7,3.996889
capability,8,7,3.996889
swallow,8,6,4.151040
marry,8,6,4.151040
inseparable,8,7,3.996889
native,8,8,3.863358
millennium,8,7,3.996889
interface,8,6,4.151040
steer,8,7,3.996889
readiness,8,6,4.151040
jellyfish,8,5,4.333361
paragraph,8,7,3.996889
self-centered,8,5,4.333361
seize,8,6,4.151040
interference,8,7,3.996889
indirect,8,5,4.333361
ecosystem,8,7,3.996889
d,8,4,4.556505
ukraine,8,7,3.996889
norm,8,7,3.996889
intensive,8,8,3.863358
costly,8,3,4.844187
inferior,8,4,4.556505
helper,8,5,4.333361
bandit,8,4,4.556505
homelessness,8,8,3.863358
plastic,8,5,4.333361
wooden,8,5,4.333361
police,8,8,3.863358
costume,8,5,4.333361
wed,8,7,3.996889
there'd,8,7,3.996889
awesome,8,8,3.863358
grade,8,6,4.151040
misunderstand,8,8,3.863358
assault,8,7,3.996889
negativity,8,5,4.333361
one-on-one,8,7,3.996889
unwholesomeness,8,6,4.151040
modicum,8,8,3.863358
expense,8,4,4.556505
amorphous,8,8,3.863358
perceptual,8,5,4.333361
hardness,8,6,4.151040
beg,8,6,4.151040
clunky,8,5,4.333361
differentiate,8,8,3.863358
coat,8,7,3.996889
akin,8,6,4.151040
gravitational,8,5,4.333361
tautness,8,5,4.333361
unhurried,8,4,4.556505
brown,8,5,4.333361
probe,8,5,4.333361
upcoming,8,8,3.863358
lecture,8,7,3.996889
signature,8,4,4.556505
advertise,8,5,4.333361
price,8,5,4.333361
closeness,8,8,3.863358
fearless,8,6,4.151040
perplex,8,8,3.863358
glorify,8,6,4.151040
tunnel,8,6,4.151040
bolster,8,8,3.863358
overemphasize,8,6,4.151040
unrealistic,8,8,3.863358
fabric,8,8,3.863358
accurately,8,6,4.151040
gotama,8,4,4.556505
pivot,8,8,3.863358
affectionate,8,6,4.151040
irrelevant,8,7,3.996889
staff,8,6,4.151040
command,8,7,3.996889
print,8,5,4.333361
hone,8,5,4.333361
locate,8,7,3.996889
dr,8,7,3.996889
film,8,5,4.333361
actor,8,6,4.151040
amazon,8,5,4.333361
covid,8,5,4.333361
union,8,5,4.333361
constitute,8,8,3.863358
tibet,8,5,4.333361
situational,8,6,4.151040
suspicion,8,5,4.333361
wire,8,7,3.996889
callard,8,5,4.333361
collar,8,4,4.556505
backward,8,8,3.863358
sickness,8,7,3.996889
sincerely,8,8,3.863358
industry,8,8,3.863358
accordingly,8,7,3.996889
engine,8,8,3.863358
workshop,8,4,4.556505
persuade,8,5,4.333361
mass,8,6,4.151040
submit,8,6,4.151040
peg,8,4,4.556505
fever,8,6,4.151040
pristine,8,7,3.996889
suitcase,8,4,4.556505
fund,8,7,3.996889
oppress,8,8,3.863358
lo,8,8,3.863358
it'd,8,7,3.996889
self-respect,8,5,4.333361
idiosyncratic,8,5,4.333361
brahma-viharas,8,6,4.151040
presume,8,8,3.863358
meaningless,8,7,3.996889
foolishness,8,3,4.844187
lewis,8,5,4.333361
rehearse,8,7,3.996889
weed,8,4,4.556505
telescope,8,4,4.556505
faulty,8,3,4.844187
oneness,8,6,4.151040
matrix,8,4,4.556505
partake,8,5,4.333361
rudder,8,3,4.844187
meander,8,4,4.556505
bounce,8,8,3.863358
butterfly,8,5,4.333361
soccer,8,2,5.249652
circuit,8,6,4.151040
consolation,8,7,3.996889
shimmer,8,5,4.333361
trungpa,8,3,4.844187
largely,8,6,4.151040
playfulness,8,5,4.333361
24th,8,5,4.333361
weaken,8,5,4.333361
drawback,8,2,5.249652
immeasurables,8,3,4.844187
reappear,8,6,4.151040
brow,8,6,4.151040
tai,8,3,4.844187
chi,8,3,4.844187
empower,8,6,4.151040
anticipate,8,8,3.863358
scroll,8,4,4.556505
capital,8,6,4.151040
insistence,8,5,4.333361
brand,8,6,4.151040
kiss,8,5,4.333361
duration,8,8,3.863358
vanish,8,6,4.151040
contagion,8,4,4.556505
distinctive,8,5,4.333361
potent,8,6,4.151040
nisargadatta,8,4,4.556505
shinzen,8,7,3.996889
photo,8,4,4.556505
mission,8,5,4.333361
suicide,8,1,5.942799
ashoka,8,2,5.249652
excessive,8,7,3.996889
cake,8,5,4.333361
tuscany,8,5,4.333361
mouse,8,2,5.249652
ecstatic,8,6,4.151040
desperately,8,8,3.863358
refugee,8,6,4.151040
ruler,8,6,4.151040
troop,8,5,4.333361
spit,8,4,4.556505
non-judgmental,8,4,4.556505
offline,8,7,3.996889
gracefully,8,8,3.863358
blamelessness,8,5,4.333361
companionship,8,6,4.151040
claustrophobic,8,4,4.556505
steadily,8,4,4.556505
condone,8,7,3.996889
succumb,8,3,4.844187
noella,8,2,5.249652
fred,8,3,4.844187
yay,8,4,4.556505
physicality,8,6,4.151040
manasikara,8,2,5.249652
asavas,8,2,5.249652
signless,8,1,5.942799
cream,8,4,4.556505
foreign,8,8,3.863358
self-referential,8,5,4.333361
hedonic,8,6,4.151040
breast,8,4,4.556505
molecule,8,6,4.151040
polite,8,4,4.556505
benares,8,3,4.844187
height,8,6,4.151040
devaputta,8,2,5.249652
affection,8,7,3.996889
moha,8,2,5.249652
obsession,8,6,4.151040
effortlessness,8,2,5.249652
sampajanna,8,6,4.151040
neil,8,3,4.844187
schedule,8,7,3.996889
gun,8,4,4.556505
acknowledgment,8,7,3.996889
archetype,8,4,4.556505
canada,8,5,4.333361
linear,8,6,4.151040
sensuality,8,5,4.333361
obey,8,6,4.151040
stepmother,8,2,5.249652
lute,8,2,5.249652
con,8,8,3.863358
limb,8,6,4.151040
mammalian,8,6,4.151040
non-delusion,8,3,4.844187
emily,8,1,5.942799
guilt,8,4,4.556505
averse,8,5,4.333361
mole,8,1,5.942799
nidanakatha,8,2,5.249652
buddhacarita,8,2,5.249652
transactional,8,5,4.333361
goose,8,2,5.249652
cohesion,8,2,5.249652
taoist,7,3,4.844187
strip,7,4,4.556505
bible,7,4,4.556505
decline,7,5,4.333361
devoid,7,4,4.556505
disappearance,7,4,4.556505
altar,7,5,4.333361
coziness,7,6,4.151040
gardener,7,6,4.151040
rebalancing,7,2,5.249652
productive,7,6,4.151040
applicable,7,6,4.151040
paradigm,7,7,3.996889
thorough,7,6,4.151040
crash,7,5,4.333361
truck,7,7,3.996889
semblance,7,6,4.151040
kosala,7,3,4.844187
assertion,7,6,4.151040
cotton,7,2,5.249652
iron,7,6,4.151040
derive,7,5,4.333361
crop,7,3,4.844187
uttara,7,2,5.249652
non-existence,7,4,4.556505
pure-hearted,7,3,4.844187
fan,7,7,3.996889
cheer,7,5,4.333361
unlovable,7,5,4.333361
converse,7,5,4.333361
daunt,7,5,4.333361
ridiculously,7,4,4.556505
tangible,7,7,3.996889
burst,7,7,3.996889
insert,7,6,4.151040
steam,7,3,4.844187
hesitant,7,7,3.996889
stun,7,6,4.151040
grim,7,6,4.151040
department,7,6,4.151040
jane,7,5,4.333361
delicious,7,5,4.333361
complaint,7,6,4.151040
recur,7,6,4.151040
suck,7,6,4.151040
non-ill,7,5,4.333361
wrestle,7,7,3.996889
midnight,7,5,4.333361
midpoint,7,4,4.556505
heartbeat,7,5,4.333361
luminous,7,7,3.996889
arrival,7,7,3.996889
unimaginable,7,5,4.333361
latter,7,7,3.996889
life-giving,7,6,4.151040
skinny,7,2,5.249652
proclaim,7,4,4.556505
pee,7,2,5.249652
discard,7,6,4.151040
unknowingly,7,4,4.556505
inwards,7,5,4.333361
understandable,7,6,4.151040
umbrella,7,6,4.151040
cope,7,7,3.996889
complacency,7,5,4.333361
passively,7,6,4.151040
horrify,7,7,3.996889
timer,7,6,4.151040
journal,7,7,3.996889
majestic,7,3,4.844187
africa,7,6,4.151040
stab,7,4,4.556505
synthetic,7,3,4.844187
uniquely,7,4,4.556505
negotiate,7,6,4.151040
arena,7,4,4.556505
knit,7,5,4.333361
cocoon,7,5,4.333361
package,7,5,4.333361
defensive,7,7,3.996889
spontaneous,7,6,4.151040
neurosis,7,6,4.151040
dagger,7,3,4.844187
wonderfully,7,7,3.996889
relevance,7,4,4.556505
c,7,6,4.151040
policy,7,5,4.333361
incarcerate,7,2,5.249652
traveler,7,4,4.556505
homage,7,4,4.556505
shave,7,7,3.996889
beard,7,7,3.996889
resolute,7,3,4.844187
bead,7,2,5.249652
panel,7,2,5.249652
metaphorical,7,7,3.996889
dichotomy,7,7,3.996889
disrepute,7,3,4.844187
puff,7,7,3.996889
purposeful,7,5,4.333361
disaster,7,7,3.996889
completeness,7,6,4.151040
swell,7,6,4.151040
upward,7,6,4.151040
totality,7,7,3.996889
electronic,7,4,4.556505
indecisiveness,7,6,4.151040
xyz,7,6,4.151040
soap,7,3,4.844187
bogged,7,3,4.844187
suit,7,5,4.333361
boil,7,5,4.333361
co-worker,7,6,4.151040
systematically,7,5,4.333361
confront,7,6,4.151040
knife,7,4,4.556505
biochemistry,7,2,5.249652
stomach,7,6,4.151040
enamor,7,5,4.333361
widely,7,6,4.151040
cooperate,7,5,4.333361
peer,7,6,4.151040
turbulent,7,5,4.333361
jay,7,4,4.556505
mind-heart,7,6,4.151040
transient,7,5,4.333361
self-judgment,7,6,4.151040
extract,7,5,4.333361
hammer,7,5,4.333361
enrage,7,3,4.844187
defensiveness,7,6,4.151040
possessiveness,7,5,4.333361
spotlight,7,4,4.556505
contrary,7,6,4.151040
oliver,7,4,4.556505
mortal,7,5,4.333361
intoxication,7,3,4.844187
countless,7,7,3.996889
alcohol,7,5,4.333361
alter,7,6,4.151040
corrupt,7,6,4.151040
highway,7,7,3.996889
28th,7,7,3.996889
worm,7,4,4.556505
sunny,7,7,3.996889
pave,7,4,4.556505
o,7,3,4.844187
approve,7,6,4.151040
envision,7,6,4.151040
february,7,5,4.333361
ought,7,6,4.151040
siddhartha,7,6,4.151040
gender,7,7,3.996889
psychologically,7,7,3.996889
vajrayana,7,4,4.556505
essay,7,7,3.996889
lee,7,3,4.844187
unquote,7,6,4.151040
peter,7,2,5.249652
jerry,7,2,5.249652
generic,7,7,3.996889
chip,7,4,4.556505
sona,7,2,5.249652
sponsor,7,6,4.151040
superficial,7,7,3.996889
overemphasis,7,5,4.333361
limitless,7,3,4.844187
caringly,7,6,4.151040
brittle,7,3,4.844187
ecstasy,7,7,3.996889
cruise,7,5,4.333361
henry,7,1,5.942799
shukman,7,1,5.942799
sequential,7,2,5.249652
acute,7,6,4.151040
finitude,7,2,5.249652
satiate,7,5,4.333361
destructive,7,7,3.996889
restrain,7,5,4.333361
desperation,7,7,3.996889
detect,7,7,3.996889
theoretical,7,7,3.996889
environmental,7,7,3.996889
homepage,7,6,4.151040
shorthand,7,7,3.996889
am-ness,7,5,4.333361
entryway,7,5,4.333361
trance,7,4,4.556505
startle,7,7,3.996889
intellect,7,4,4.556505
prose,7,4,4.556505
tripod,7,5,4.333361
deflate,7,6,4.151040
volume,7,7,3.996889
unconsciously,7,5,4.333361
unimpeded,7,6,4.151040
fidelity,7,5,4.333361
golf,7,3,4.844187
finite,7,4,4.556505
ash,7,4,4.556505
sermon,7,4,4.556505
combine,7,7,3.996889
agreeable,7,6,4.151040
autobiography,7,5,4.333361
metabolize,7,4,4.556505
warm-hearted,7,5,4.333361
warmhearted,7,5,4.333361
fathom,7,6,4.151040
inertia,7,4,4.556505
atom,7,4,4.556505
liz,7,6,4.151040
ally,7,5,4.333361
intertwine,7,3,4.844187
eradicate,7,5,4.333361
non-greed,7,5,4.333361
badge,7,6,4.151040
calf,7,4,4.556505
romantic,7,7,3.996889
grandchild,7,5,4.333361
breakthrough,7,5,4.333361
idealistic,7,6,4.151040
autonomy,7,4,4.556505
newborn,7,4,4.556505
relieve,7,6,4.151040
exert,7,6,4.151040
additional,7,7,3.996889
in-person,7,6,4.151040
misguide,7,3,4.844187
handful,7,5,4.333361
lightning,7,6,4.151040
undisturbed,7,5,4.333361
untroubled,7,5,4.333361
seldom,7,6,4.151040
mahakaccana,7,1,5.942799
warrior,7,6,4.151040
brawl,7,2,5.249652
levine,7,3,4.844187
triple,7,5,4.333361
conversion,7,2,5.249652
unitarianism,7,2,5.249652
sequentially,7,2,5.249652
vigilance,7,7,3.996889
unaware,7,5,4.333361
serene,7,6,4.151040
throne,7,3,4.844187
rebecca,7,3,4.844187
corollary,7,4,4.556505
penetration,7,4,4.556505
frequent,7,7,3.996889
seductive,7,6,4.151040
condemn,7,7,3.996889
excerpt,7,6,4.151040
culmination,7,5,4.333361
dictionary,7,6,4.151040
peel,7,6,4.151040
conceal,7,4,4.556505
self-righteous,7,7,3.996889
prone,7,6,4.151040
nugget,7,4,4.556505
thaw,7,6,4.151040
horror,7,6,4.151040
nalanda,7,1,5.942799
toilet,7,5,4.333361
unsustainable,7,3,4.844187
duality,7,2,5.249652
non-duality,7,3,4.844187
duck,7,4,4.556505
penguin,7,1,5.942799
blob,7,5,4.333361
sitter,7,1,5.942799
headline,7,5,4.333361
wince,7,2,5.249652
indulgence,7,4,4.556505
commercial,7,4,4.556505
vote,7,5,4.333361
dissipate,7,4,4.556505
wave-like,7,2,5.249652
moralistic,7,6,4.151040
yasa,7,1,5.942799
newsletter,7,3,4.844187
truthful,7,6,4.151040
buck,7,2,5.249652
preliminary,7,3,4.844187
continuum,7,5,4.333361
connectedness,7,5,4.333361
ebb,7,4,4.556505
messiness,7,2,5.249652
twig,7,6,4.151040
disperse,7,4,4.556505
sangaha,7,2,5.249652
reservation,7,4,4.556505
fake,7,5,4.333361
frenzy,7,2,5.249652
bake,7,6,4.151040
jealous,7,5,4.333361
math,7,1,5.942799
imperturbable,7,1,5.942799
dhammas,7,3,4.844187
france,7,5,4.333361
exposure,7,4,4.556505
sean,7,1,5.942799
drowsiness,7,5,4.333361
specialist,7,1,5.942799
seminary,7,3,4.844187
confession,7,4,4.556505
hafiz,7,3,4.844187
jerk,7,6,4.151040
unstable,7,4,4.556505
repetition,7,6,4.151040
te,7,3,4.844187
ching,7,3,4.844187
poof,7,5,4.333361
unexamined,7,3,4.844187
tidy,7,5,4.333361
enact,7,6,4.151040
treadmill,7,5,4.333361
navy,7,2,5.249652
grandiose,7,6,4.151040
jill,7,2,5.249652
padhana,7,1,5.942799
misogynistic,7,1,5.942799
juiciness,7,2,5.249652
diversion,7,2,5.249652
pollyannaish,7,2,5.249652
competence,7,5,4.333361
disidentify,7,2,5.249652
opaque,7,4,4.556505
doll,7,2,5.249652
sacrament,7,1,5.942799
dereification,7,1,5.942799
ann,7,1,5.942799
asian,6,4,4.556505
christ,6,5,4.333361
contradiction,6,4,4.556505
celibate,6,4,4.556505
finance,6,6,4.151040
battery,6,6,4.151040
meditaiton,6,5,4.333361
metaphorically,6,5,4.333361
bellow,6,5,4.333361
predominate,6,6,4.151040
centeredness,6,6,4.151040
vinaya,6,4,4.556505
pasenadi,6,2,5.249652
arahant,6,5,4.333361
acquaintance,6,6,4.151040
mr,6,5,4.333361
cattle,6,4,4.556505
dung,6,1,5.942799
carrier,6,5,4.333361
claus,6,1,5.942799
instigate,6,4,4.556505
unlikely,6,5,4.333361
olendzki,6,4,4.556505
enormous,6,6,4.151040
behalf,6,5,4.333361
insofar,6,4,4.556505
reciprocal,6,6,4.151040
lilac,6,4,4.556505
exuberance,6,4,4.556505
warmheartedness,6,3,4.844187
rag,6,4,4.556505
shelter,6,6,4.151040
snap,6,6,4.151040
cliff,6,4,4.556505
whistle,6,4,4.556505
file,6,5,4.333361
sideways,6,6,4.151040
acronym,6,4,4.556505
gym,6,4,4.556505
unwise,6,6,4.151040
willful,6,5,4.333361
relaxedly,6,5,4.333361
etymology,6,6,4.151040
landmark,6,3,4.844187
sacredness,6,5,4.333361
conflate,6,5,4.333361
loosely,6,6,4.151040
formally,6,6,4.151040
makeup,6,4,4.556505
purchase,6,5,4.333361
bos,6,6,4.151040
loyal,6,4,4.556505
technically,6,6,4.151040
forward-leading,6,4,4.556505
dose,6,3,4.844187
courtyard,6,4,4.556505
european,6,5,4.333361
goodbye,6,4,4.556505
custom,6,6,4.151040
historically,6,5,4.333361
tribe,6,4,4.556505
fence,6,4,4.556505
panic,6,2,5.249652
richard,6,4,4.556505
fate,6,5,4.333361
clay,6,4,4.556505
smog,6,4,4.556505
howard,6,2,5.249652
replicate,6,5,4.333361
lab,6,6,4.151040
paul,6,5,4.333361
sanctuary,6,5,4.333361
wholehearted,6,6,4.151040
irresponsible,6,6,4.151040
self-preoccupied,6,6,4.151040
criticism,6,6,4.151040
recruit,6,4,4.556505
availability,6,6,4.151040
wiggle,6,6,4.151040
flatten,6,5,4.333361
smallness,6,5,4.333361
directional,6,2,5.249652
co-created,6,5,4.333361
unsafe,6,6,4.151040
compass,6,3,4.844187
empathize,6,5,4.333361
harmoniously,6,5,4.333361
naomi,6,6,4.151040
poisonous,6,5,4.333361
bio,6,3,4.844187
prevention,6,3,4.844187
apology,6,5,4.333361
sire,6,4,4.556505
lawful,6,3,4.844187
diligent,6,5,4.333361
ardent,6,4,4.556505
charm,6,3,4.844187
ordinariness,6,5,4.333361
weep,6,6,4.151040
auditory,6,5,4.333361
internalize,6,5,4.333361
musician,6,5,4.333361
nobel,6,5,4.333361
premise,6,5,4.333361
barista,6,4,4.556505
exclaim,6,4,4.556505
myriad,6,6,4.151040
diminishment,6,3,4.844187
dough,6,4,4.556505
motivational,6,4,4.556505
desirous,6,4,4.556505
intrinsically,6,5,4.333361
anecdote,6,5,4.333361
shortly,6,5,4.333361
soup,6,6,4.151040
therigatha,6,5,4.333361
quote-unquote,6,5,4.333361
introvert,6,4,4.556505
conference,6,5,4.333361
delay,6,6,4.151040
dirty,6,4,4.556505
nasty,6,6,4.151040
f,6,3,4.844187
solitude,6,3,4.844187
educational,6,6,4.151040
harass,6,3,4.844187
harry,6,4,4.556505
observer,6,3,4.844187
insubstantiality,6,3,4.844187
bleed,6,6,4.151040
adhere,6,4,4.556505
cord,6,3,4.844187
wobbly,6,4,4.556505
taut,6,4,4.556505
slack,6,6,4.151040
menu,6,4,4.556505
bolt,6,4,4.556505
lottery,6,6,4.151040
acutely,6,4,4.556505
kaleidoscope,6,5,4.333361
ever-present,6,5,4.333361
publicly,6,4,4.556505
whoa,6,3,4.844187
advocate,6,6,4.151040
pin,6,6,4.151040
designation,6,2,5.249652
sensitization,6,6,4.151040
enhance,6,5,4.333361
brutal,6,5,4.333361
metal,6,6,4.151040
shove,6,5,4.333361
exit,6,4,4.556505
perseverance,6,4,4.556505
deadline,6,2,5.249652
stubborn,6,3,4.844187
solstice,6,4,4.556505
cough,6,4,4.556505
scholarly,6,4,4.556505
unsatisfying,6,5,4.333361
andrew,6,5,4.333361
1st,6,3,4.844187
breathtaking,6,6,4.151040
barter,6,6,4.151040
forcefully,6,6,4.151040
taboo,6,5,4.333361
aggressive,6,6,4.151040
nonviolence,6,4,4.556505
educator,6,5,4.333361
day-to-day,6,6,4.151040
flu,6,4,4.556505
novice,6,6,4.151040
deliver,6,6,4.151040
critique,6,4,4.556505
rethink,6,5,4.333361
unsure,6,6,4.151040
medication,6,4,4.556505
handout,6,4,4.556505
intervention,6,5,4.333361
poignant,6,6,4.151040
helpless,6,5,4.333361
open-ended,6,5,4.333361
rigidity,6,6,4.151040
predispose,6,6,4.151040
august,6,6,4.151040
nietzsche,6,5,4.333361
span,6,4,4.556505
bc,6,3,4.844187
utterly,6,6,4.151040
euripides,6,1,5.942799
via,6,5,4.333361
speculation,6,5,4.333361
purely,6,6,4.151040
categorize,6,6,4.151040
renunciant,6,3,4.844187
differ,6,6,4.151040
assembly,6,4,4.556505
terribly,6,4,4.556505
fuzzy,6,5,4.333361
calculation,6,5,4.333361
hallmark,6,5,4.333361
bet,6,6,4.151040
alien,6,3,4.844187
correctly,6,6,4.151040
whereby,6,5,4.333361
agnes,6,5,4.333361
coalesce,6,5,4.333361
remote,6,4,4.556505
absorptive,6,5,4.333361
neurotic,6,6,4.151040
conversely,6,6,4.151040
complacent,6,5,4.333361
care-giving,6,2,5.249652
engender,6,4,4.556505
dialectic,6,4,4.556505
observable,6,4,4.556505
multifaceted,6,5,4.333361
intrinsic,6,4,4.556505
eastern,6,6,4.151040
awry,6,4,4.556505
prevail,6,5,4.333361
robert,6,4,4.556505
20-minute,6,6,4.151040
self-harm,6,5,4.333361
claustrophobia,6,4,4.556505
kernel,6,5,4.333361
11th,6,6,4.151040
dharmology,6,1,5.942799
treatment,6,6,4.151040
non-dual,6,5,4.333361
outsource,6,2,5.249652
google,6,5,4.333361
truncate,6,5,4.333361
mythological,6,6,4.151040
italy,6,5,4.333361
magnanimous,6,4,4.556505
tumble,6,4,4.556505
breakfast,6,5,4.333361
tweak,6,6,4.151040
mutually,6,6,4.151040
vihara,6,4,4.556505
hurtful,6,6,4.151040
effortlessly,6,4,4.556505
maximum,6,4,4.556505
hypothesis,6,5,4.333361
dare,6,6,4.151040
noisy,6,5,4.333361
naturalist,6,4,4.556505
opposition,6,4,4.556505
disparate,6,4,4.556505
h2o,6,2,5.249652
hydrogen,6,3,4.844187
upwelling,6,4,4.556505
adaptive,6,4,4.556505
astound,6,5,4.333361
ignite,6,5,4.333361
feather,6,5,4.333361
stagnation,6,3,4.844187
universally,6,5,4.333361
rabbit,6,4,4.556505
marvel,6,6,4.151040
powell,6,6,4.151040
rebalance,6,2,5.249652
goldsmith,6,2,5.249652
pronoun,6,5,4.333361
girlfriend,6,3,4.844187
volition,6,5,4.333361
ankle,6,6,4.151040
ripe,6,6,4.151040
bold,6,5,4.333361
underground,6,5,4.333361
vent,6,4,4.556505
dock,6,1,5.942799
self-consciousness,6,4,4.556505
anapanasati,6,6,4.151040
trivial,6,5,4.333361
undefended,6,6,4.151040
nothingness,6,3,4.844187
headquarter,6,3,4.844187
congeal,6,6,4.151040
assistant,6,6,4.151040
kitty,6,3,4.844187
canonical,6,5,4.333361
digha,6,5,4.333361
brahmadatta,6,4,4.556505
untouched,6,5,4.333361
curry,6,3,4.844187
mediate,6,5,4.333361
perplexity,6,3,4.844187
detachment,6,4,4.556505
furrow,6,4,4.556505
heartwood,6,2,5.249652
pragmatic,6,6,4.151040
gasp,6,5,4.333361
mercy,6,5,4.333361
well-developed,6,6,4.151040
clap,6,3,4.844187
kalyanamitta,6,4,4.556505
assertive,6,6,4.151040
assertiveness,6,5,4.333361
tramer,6,2,5.249652
consolidate,6,4,4.556505
dramatize,6,4,4.556505
anglicanism,6,1,5.942799
galaxy,6,3,4.844187
officially,6,4,4.556505
reorganize,6,4,4.556505
theft,6,2,5.249652
arrest,6,2,5.249652
del,6,2,5.249652
rio,6,2,5.249652
overcoat,6,2,5.249652
what-ifs,6,2,5.249652
petal,6,5,4.333361
15th,6,6,4.151040
factory,6,2,5.249652
vinnana,6,3,4.844187
default,6,5,4.333361
directionality,6,4,4.556505
thorn,6,2,5.249652
bumpy,6,2,5.249652
nutrient,6,4,4.556505
vine,6,2,5.249652
stout,6,3,4.844187
visuddhimagga,6,5,4.333361
splendor,6,2,5.249652
illumination,6,3,4.844187
12-step,6,3,4.844187
unkind,6,4,4.556505
upwards,6,6,4.151040
consummate,6,4,4.556505
unpleasing,6,2,5.249652
fierce,6,5,4.333361
perfectionism,6,5,4.333361
perfume,6,4,4.556505
exceptional,6,6,4.151040
rainstorm,6,1,5.942799
resemble,6,5,4.333361
lodge,6,3,4.844187
l,6,5,4.333361
asava,6,3,4.844187
british,6,3,4.844187
toast,6,3,4.844187
unpreoccupied,6,3,4.844187
monitor,6,6,4.151040
decouple,6,1,5.942799
lament,6,5,4.333361
radiant,6,6,4.151040
vicissitude,6,4,4.556505
confidently,6,2,5.249652
haunt,6,4,4.556505
brave,6,5,4.333361
wound,6,6,4.151040
temporal,6,3,4.844187
inference,6,5,4.333361
edition,6,5,4.333361
twelve,6,5,4.333361
carl,6,6,4.151040
unquenchability,6,3,4.844187
conversational,6,4,4.556505
antenna,6,3,4.844187
coordination,6,1,5.942799
horn,6,2,5.249652
transaction,6,4,4.556505
gem,6,4,4.556505
rocky,6,5,4.333361
samatha-vipassana,6,4,4.556505
chernikoff,6,2,5.249652
naropa,6,2,5.249652
dan,6,4,4.556505
transference,6,4,4.556505
leadership,6,5,4.333361
self-esteem,6,2,5.249652
edit,6,6,4.151040
male,6,4,4.556505
orange,6,3,4.844187
eternal,6,5,4.333361
unhurrying,6,3,4.844187
uneasiness,6,4,4.556505
imperfect,6,4,4.556505
lovingkindness,6,2,5.249652
technological,6,5,4.333361
meghiya,6,1,5.942799
mantra,6,5,4.333361
female,6,5,4.333361
el,6,3,4.844187
shoulds,6,4,4.556505
acceptable,6,3,4.844187
unacceptable,6,3,4.844187
goal-oriented,6,2,5.249652
chess,6,1,5.942799
club,6,2,5.249652
revenge,6,3,4.844187
withhold,6,4,4.556505
backpack,6,3,4.844187
lure,6,4,4.556505
pro,6,6,4.151040
metzinger,6,6,4.151040
decay,6,3,4.844187
famously,6,6,4.151040
accordance,6,4,4.556505
self-acceptance,6,2,5.249652
maiden,6,2,5.249652
adolescent,6,5,4.333361
consult,6,2,5.249652
endlessly,6,6,4.151040
lao,6,3,4.844187
tzu,6,3,4.844187
tracker,6,1,5.942799
sambara,6,1,5.942799
harvard,6,3,4.844187
prestige,6,2,5.249652
corral,6,4,4.556505
dissatisfy,6,3,4.844187
devotional,6,4,4.556505
unbearable,6,4,4.556505
pentad,6,3,4.844187
anguish,6,3,4.844187
dispraise,6,1,5.942799
cheat,6,6,4.151040
marshal,6,6,4.151040
freud,6,3,4.844187
stimulus-response,6,2,5.249652
rude,6,2,5.249652
obtain,6,3,4.844187
pictorial,6,1,5.942799
blindfold,6,2,5.249652
lover,6,1,5.942799
confinement,6,2,5.249652
barhut,6,1,5.942799
windstorm,6,2,5.249652
cigarette,6,3,4.844187
significantly,6,4,4.556505
matty,6,2,5.249652
weingast,6,2,5.249652
centrifugal,6,1,5.942799
hilary,6,1,5.942799
anh,6,1,5.942799
half-caf,6,1,5.942799
pumpkin,6,1,5.942799
spice,6,1,5.942799
anathapindika,6,1,5.942799
lunchbox,6,1,5.942799
ola,6,1,5.942799
font,5,2,5.249652
previously,5,5,4.333361
emperor,5,4,4.556505
mysterious,5,5,4.333361
fiction,5,4,4.556505
timeless,5,5,4.333361
jesus,5,4,4.556505
individualistic,5,4,4.556505
valid,5,5,4.333361
non-discursive,5,3,4.844187
regularity,5,5,4.333361
readily,5,5,4.333361
mainly,5,4,4.556505
seclude,5,3,4.844187
politically,5,5,4.333361
misfortune,5,3,4.844187
wakefulness,5,4,4.556505
vertebra,5,4,4.556505
paddle,5,4,4.556505
arahants,5,5,4.333361
salute,5,3,4.844187
murderer,5,2,5.249652
gentleman,5,5,4.333361
trustworthy,5,3,4.844187
garland,5,4,4.556505
captivate,5,5,4.333361
spite,5,4,4.556505
chariot,5,3,4.844187
splash,5,4,4.556505
draft,5,3,4.844187
drip,5,3,4.844187
sow,5,4,4.556505
needy,5,5,4.333361
prof,5,5,4.333361
dismay,5,4,4.556505
graciousness,5,2,5.249652
khema,5,3,4.844187
expel,5,4,4.556505
altruistic,5,5,4.333361
eagle,5,3,4.844187
thou,5,3,4.844187
fabulous,5,5,4.333361
adore,5,3,4.844187
unjaded,5,3,4.844187
mismatch,5,5,4.333361
benevolence,5,4,4.556505
inject,5,4,4.556505
multi-dimensional,5,5,4.333361
gee,5,4,4.556505
idiot,5,3,4.844187
deplete,5,4,4.556505
secretly,5,5,4.333361
hollowness,5,1,5.942799
skipper,5,2,5.249652
dye,5,5,4.333361
gorgeous,5,5,4.333361
sticker,5,4,4.556505
laptop,5,4,4.556505
fulfill,5,5,4.333361
transformational,5,5,4.333361
delicate,5,5,4.333361
luminosity,5,5,4.333361
30-minute,5,5,4.333361
yogic,5,4,4.556505
binder,5,1,5.942799
preconception,5,4,4.556505
presumably,5,5,4.333361
throb,5,3,4.844187
provisional,5,5,4.333361
post-it,5,1,5.942799
customer,5,4,4.556505
glimmer,5,5,4.333361
porridge,5,4,4.556505
high-quality,5,2,5.249652
psyche,5,5,4.333361
variable,5,3,4.844187
20th,5,5,4.333361
partnership,5,4,4.556505
ridge,5,3,4.844187
waver,5,2,5.249652
trunk,5,3,4.844187
tuck,5,4,4.556505
logically,5,5,4.333361
magazine,5,5,4.333361
blossom,5,5,4.333361
discontentment,5,3,4.844187
patch,5,3,4.844187
peninsula,5,3,4.844187
renew,5,5,4.333361
aesop,5,2,5.249652
civilization,5,3,4.844187
roman,5,5,4.333361
incubate,5,3,4.844187
lizard,5,2,5.249652
eager,5,5,4.333361
debrief,5,5,4.333361
wide-angle,5,4,4.556505
sabbath,5,3,4.844187
mechanic,5,3,4.844187
slump,5,5,4.333361
extension,5,5,4.333361
receptacle,5,3,4.844187
mastery,5,4,4.556505
pithy,5,5,4.333361
keen,5,5,4.333361
joanna,5,1,5.942799
macy,5,1,5.942799
gravel,5,2,5.249652
hara,5,4,4.556505
harvest,5,4,4.556505
facility,5,4,4.556505
teenage,5,4,4.556505
virtual,5,4,4.556505
virtually,5,5,4.333361
institute,5,5,4.333361
gang,5,2,5.249652
proof,5,5,4.333361
homeless,5,5,4.333361
activism,5,5,4.333361
quentin,5,3,4.844187
shield,5,5,4.333361
quiver,5,5,4.333361
feat,5,5,4.333361
preconceive,5,5,4.333361
tame,5,3,4.844187
othering,5,5,4.333361
immense,5,4,4.556505
perch,5,4,4.556505
gong,5,1,5.942799
cloudy,5,4,4.556505
sunshine,5,4,4.556505
hunter,5,4,4.556505
performer,5,3,4.844187
gig,5,5,4.333361
culturally,5,5,4.333361
devastate,5,4,4.556505
horrific,5,4,4.556505
jeep,5,3,4.844187
dairy,5,1,5.942799
burbea,5,4,4.556505
wipe,5,3,4.844187
selective,5,4,4.556505
self-evaluation,5,4,4.556505
body-mind,5,4,4.556505
overactivated,5,5,4.333361
alienation,5,5,4.333361
imaginative,5,4,4.556505
pandita,5,4,4.556505
apparent,5,5,4.333361
physic,5,5,4.333361
upanishad,5,4,4.556505
urgent,5,4,4.556505
coworker,5,5,4.333361
radar,5,5,4.333361
analayo,5,4,4.556505
incessant,5,5,4.333361
furniture,5,5,4.333361
cancer,5,4,4.556505
imminent,5,5,4.333361
kite,5,2,5.249652
so-and-so,5,4,4.556505
glom,5,4,4.556505
diligence,5,3,4.844187
dilemma,5,4,4.556505
familial,5,4,4.556505
horizon,5,5,4.333361
storyline,5,5,4.333361
secondly,5,4,4.556505
cheese,5,4,4.556505
rilke,5,5,4.333361
eyebrow,5,3,4.844187
miraculous,5,5,4.333361
15-minute,5,5,4.333361
cognitively,5,3,4.844187
theater,5,3,4.844187
namely,5,4,4.556505
conventionally,5,4,4.556505
waterfall,5,3,4.844187
endeavor,5,5,4.333361
grit,5,3,4.844187
desperate,5,5,4.333361
intrigue,5,5,4.333361
clarification,5,4,4.556505
maximize,5,4,4.556505
minimize,5,4,4.556505
musical,5,5,4.333361
periodically,5,5,4.333361
vivid,5,3,4.844187
validation,5,3,4.844187
ping-pong,5,3,4.844187
appendage,5,5,4.333361
inflict,5,5,4.333361
reverberation,5,4,4.556505
melodramatic,5,3,4.844187
academy,5,2,5.249652
unmute,5,5,4.333361
potentiality,5,4,4.556505
classroom,5,2,5.249652
unimportant,5,5,4.333361
transfer,5,5,4.333361
regain,5,5,4.333361
pastor,5,3,4.844187
empathetic,5,5,4.333361
desk,5,5,4.333361
accuracy,5,4,4.556505
unwanted,5,5,4.333361
clash,5,5,4.333361
educate,5,4,4.556505
chart,5,5,4.333361
shelley,5,4,4.556505
mediocre,5,2,5.249652
dual,5,5,4.333361
imprint,5,4,4.556505
commonality,5,4,4.556505
contentious,5,3,4.844187
10th,5,4,4.556505
bye-bye,5,5,4.333361
subconsciously,5,5,4.333361
unpredictable,5,2,5.249652
athens,5,1,5.942799
socratic,5,3,4.844187
culminate,5,3,4.844187
legitimate,5,5,4.333361
overarch,5,5,4.333361
vice,5,5,4.333361
versa,5,5,4.333361
modern-day,5,5,4.333361
rubber,5,4,4.556505
arendt,5,1,5.942799
disguise,5,5,4.333361
zafu,5,4,4.556505
predominantly,5,4,4.556505
daydream,5,5,4.333361
odds,5,4,4.556505
resentful,5,4,4.556505
officer,5,5,4.333361
joan,5,4,4.556505
halifax,5,4,4.556505
footnote,5,4,4.556505
survey,5,5,4.333361
openhearted,5,3,4.844187
civil,5,3,4.844187
collaboration,5,5,4.333361
terminology,5,5,4.333361
wagon,5,3,4.844187
unravel,5,4,4.556505
risky,5,4,4.556505
vertical,5,3,4.844187
script,5,4,4.556505
heritage,5,3,4.844187
acclimatize,5,4,4.556505
wield,5,5,4.333361
marinate,5,3,4.844187
testify,5,4,4.556505
melodrama,5,4,4.556505
collector,5,3,4.844187
theology,5,3,4.844187
smartphone,5,4,4.556505
overt,5,4,4.556505
reverberate,5,4,4.556505
mighty,5,4,4.556505
categorical,5,3,4.844187
ambitious,5,5,4.333361
changeable,5,5,4.333361
generously,5,5,4.333361
bound,5,4,4.556505
tail,5,5,4.333361
arouse,5,5,4.333361
reshape,5,5,4.333361
subset,5,4,4.556505
outdoor,5,4,4.556505
windshield,5,3,4.844187
sidetrack,5,4,4.556505
non-doing,5,2,5.249652
revisit,5,4,4.556505
liquid,5,5,4.333361
tar,5,2,5.249652
randomly,5,4,4.556505
analytical,5,3,4.844187
counteract,5,4,4.556505
consistency,5,4,4.556505
reconstruct,5,2,5.249652
tenderly,5,5,4.333361
predictive,5,3,4.844187
tranquilize,5,3,4.844187
gautama,5,4,4.556505
intentness,5,3,4.844187
fogginess,5,3,4.844187
unburden,5,5,4.333361
contention,5,4,4.556505
mail,5,5,4.333361
unshakable,5,5,4.333361
percentage,5,4,4.556505
rotate,5,5,4.333361
interconnectedness,5,3,4.844187
forge,5,3,4.844187
eternity,5,3,4.844187
cop,5,3,4.844187
dharmic,5,3,4.844187
interpersonally,5,5,4.333361
drawer,5,3,4.844187
scheme,5,5,4.333361
shatter,5,5,4.333361
impartiality,5,3,4.844187
daishin,5,3,4.844187
multiply,5,3,4.844187
evident,5,5,4.333361
immaterial,5,4,4.556505
malleability,5,3,4.844187
3of5,5,2,5.249652
heedfulness,5,3,4.844187
cardinal,5,2,5.249652
ochre,5,5,4.333361
competitive,5,2,5.249652
fridge,5,3,4.844187
ken,5,3,4.844187
infinitely,5,5,4.333361
improv,5,2,5.249652
tooth-brusher,5,1,5.942799
rohitasa,5,1,5.942799
lofty,5,4,4.556505
prolong,5,5,4.333361
consequential,5,5,4.333361
epic,5,3,4.844187
ephemeral,5,5,4.333361
fragile,5,5,4.333361
non-transactional,5,3,4.844187
catastrophe,5,5,4.333361
somethingness,5,3,4.844187
glorious,5,4,4.556505
standstill,5,3,4.844187
meaning-making,5,4,4.556505
valerie,5,2,5.249652
ward,5,2,5.249652
unhoused,5,3,4.844187
restart,5,5,4.333361
pink,5,4,4.556505
certification,5,3,4.844187
restriction,5,5,4.333361
de-escalate,5,3,4.844187
french,5,5,4.333361
subsequent,5,3,4.844187
ware,5,1,5.942799
easygoing,5,5,4.333361
tanha,5,4,4.556505
bhikkhus,5,3,4.844187
expound,5,4,4.556505
self-interest,5,4,4.556505
catalog,5,3,4.844187
exalt,5,3,4.844187
willingly,5,4,4.556505
upakaraka,5,2,5.249652
enrich,5,4,4.556505
hardship,5,3,4.844187
advertisement,5,5,4.333361
dukkha-dukkha,5,2,5.249652
eliot,5,3,4.844187
mourn,5,3,4.844187
frenzied,5,3,4.844187
inefficient,5,3,4.844187
snag,5,2,5.249652
ain't,5,2,5.249652
crunch,5,4,4.556505
completion,5,5,4.333361
conceptualization,5,3,4.844187
pivotal,5,5,4.333361
ail,5,4,4.556505
groovy,5,1,5.942799
pep,5,4,4.556505
rally,5,3,4.844187
wondrous,5,5,4.333361
persevere,5,3,4.844187
purposely,5,4,4.556505
porous,5,5,4.333361
update,5,5,4.333361
target,5,4,4.556505
concert,5,5,4.333361
5of5,5,3,4.844187
st,5,5,4.333361
unattainable,5,4,4.556505
turmoil,5,4,4.556505
heir,5,4,4.556505
luminescence,5,1,5.942799
locally,5,5,4.333361
considerate,5,5,4.333361
self-referencing,5,5,4.333361
lawyer,5,5,4.333361
steel,5,3,4.844187
who'd,5,4,4.556505
solidification,5,3,4.844187
fixation,5,3,4.844187
equivalence,5,4,4.556505
enmity,5,3,4.844187
selfishness,5,4,4.556505
oscillate,5,5,4.333361
checklist,5,4,4.556505
smartphones,5,3,4.844187
despise,5,4,4.556505
celibacy,5,2,5.249652
luxurious,5,3,4.844187
basin,5,3,4.844187
imperturbability,5,2,5.249652
wieldy,5,3,4.844187
all-illuminating,5,1,5.942799
curriculum,5,4,4.556505
sober,5,5,4.333361
leaky,5,2,5.249652
rip,5,5,4.333361
disgrace,5,1,5.942799
captain,5,3,4.844187
gray,5,5,4.333361
magnetic,5,4,4.556505
backyard,5,5,4.333361
damn,5,2,5.249652
benign,5,2,5.249652
trend,5,5,4.333361
unruffled,5,5,4.333361
indigenous,5,2,5.249652
stave,5,4,4.556505
sugarcane,5,1,5.942799
berate,5,3,4.844187
monster,5,4,4.556505
sensor,5,4,4.556505
tint,5,3,4.844187
townspeople,5,4,4.556505
tasty,5,4,4.556505
freak,5,3,4.844187
vegetarian,5,1,5.942799
condense,5,4,4.556505
upaka,5,1,5.942799
privacy,5,4,4.556505
faithless,5,1,5.942799
moderator,5,2,5.249652
actualize,5,3,4.844187
scandal,5,2,5.249652
self-talk,5,3,4.844187
uncover,5,5,4.333361
tonglen,5,3,4.844187
thurman,5,1,5.942799
overnight,5,4,4.556505
turkey,5,2,5.249652
intellectually,5,4,4.556505
theravadan,5,5,4.333361
well-known,5,5,4.333361
reprove,5,3,4.844187
graciously,5,5,4.333361
volley,5,1,5.942799
organism,5,3,4.844187
pavement,5,2,5.249652
cassette,5,1,5.942799
at-homeness,5,5,4.333361
hedonistic,5,4,4.556505
extroverted,5,3,4.844187
ashamed,5,5,4.333361
degradation,5,2,5.249652
jains,5,2,5.249652
alto,5,4,4.556505
untarrying,5,2,5.249652
efforting,5,3,4.844187
misconception,5,3,4.844187
communal,5,4,4.556505
acquisition,5,2,5.249652
felt-sense,5,3,4.844187
revolution,5,4,4.556505
nevada,5,3,4.844187
wholesomely,5,3,4.844187
adequate,5,5,4.333361
unwelcome,5,5,4.333361
displease,5,3,4.844187
aggravate,5,2,5.249652
alligator,5,1,5.942799
dispassion,5,3,4.844187
humiliate,5,4,4.556505
converge,5,5,4.333361
assemble,5,3,4.844187
conduce,5,2,5.249652
seal,5,2,5.249652
inconceivable,5,4,4.556505
sodium,5,3,4.844187
aboriginal,5,1,5.942799
signet,5,1,5.942799
consort,5,2,5.249652
peppermint,5,2,5.249652
rainy,5,3,4.844187
acupuncture,5,2,5.249652
quit,5,3,4.844187
demonstration,5,5,4.333361
r,5,3,4.844187
sweater,5,2,5.249652
roommate,5,4,4.556505
brehm,5,2,5.249652
formless,5,2,5.249652
meadow,5,4,4.556505
formerly,5,5,4.333361
endear,5,4,4.556505
conditioner,5,3,4.844187
taint,5,3,4.844187
mitchell,5,2,5.249652
bingo,5,1,5.942799
entrust,5,4,4.556505
hotel,5,2,5.249652
tournament,5,1,5.942799
in-breaths,5,5,4.333361
unstressful,5,2,5.249652
scenery,5,5,4.333361
uniqueness,5,3,4.844187
textual,5,2,5.249652
brahmanism,5,4,4.556505
siddhattha,5,1,5.942799
memorable,5,2,5.249652
cusp,5,3,4.844187
disengagement,5,3,4.844187
memorization,5,4,4.556505
violate,5,3,4.844187
bullshit,5,1,5.942799
sanity,5,3,4.844187
1of,5,2,5.249652
uncontrollable,5,1,5.942799
etiquette,5,1,5.942799
fling,5,3,4.844187
helpfulness,5,1,5.942799
non-dispute,5,1,5.942799
choppy,5,4,4.556505
ada,5,3,4.844187
limon,5,3,4.844187
maid,5,2,5.249652
self-pity,5,2,5.249652
archaeology,5,1,5.942799
vina,5,1,5.942799
orchestrate,5,4,4.556505
purposefulness,5,1,5.942799
propositional,5,2,5.249652
exempt,5,2,5.249652
metacognitive,5,2,5.249652
thy,5,2,5.249652
blameworthy,5,1,5.942799
inclusivity,5,2,5.249652
milarepa,5,1,5.942799
mortify,5,1,5.942799
nonpartisan,5,1,5.942799
barclay,5,1,5.942799
zeal,5,1,5.942799
woodland,5,1,5.942799
negate,4,3,4.844187
legal,4,4,4.556505
strictly,4,4,4.556505
definite,4,4,4.556505
banana,4,3,4.844187
split,4,4,4.556505
self-aware,4,4,4.556505
southeast,4,3,4.844187
affair,4,4,4.556505
rite,4,3,4.844187
kalyana-mitta,4,3,4.844187
momentarily,4,4,4.556505
kayak,4,2,5.249652
gist,4,3,4.844187
guilty,4,4,4.556505
executioner,4,2,5.249652
cesspool,4,1,5.942799
strand,4,3,4.844187
shell,4,4,4.556505
red-eye,4,2,5.249652
donkey,4,3,4.844187
lade,4,3,4.844187
carter,4,1,5.942799
provision,4,3,4.844187
heap,4,4,4.556505
cloak,4,3,4.844187
district,4,4,4.556505
linen,4,1,5.942799
tin,4,2,5.249652
rot,4,4,4.556505
profit,4,3,4.844187
roughness,4,3,4.844187
ungrudgingly,4,1,5.942799
liable,4,2,5.249652
compliment,4,4,4.556505
bile,4,4,4.556505
bush,4,3,4.844187
abhayagiri,4,4,4.556505
year-long,4,4,4.556505
heel,4,4,4.556505
scarcity,4,3,4.844187
pore,4,4,4.556505
neuroscientist,4,4,4.556505
life-changing,4,4,4.556505
income,4,3,4.844187
humorous,4,4,4.556505
bully,4,4,4.556505
grandfather,4,4,4.556505
purple,4,3,4.844187
lighten,4,4,4.556505
insignificant,4,4,4.556505
alright,4,3,4.844187
muscular,4,4,4.556505
dis-ease,4,4,4.556505
invoke,4,3,4.844187
non-cruelty,4,3,4.844187
preview,4,4,4.556505
undergo,4,4,4.556505
non-conceptual,4,3,4.844187
eyelid,4,3,4.844187
subjectively,4,4,4.556505
powerfully,4,4,4.556505
bee,4,4,4.556505
narrowness,4,4,4.556505
self-conscious,4,4,4.556505
forcefulness,4,4,4.556505
interactive,4,4,4.556505
handy,4,3,4.844187
kindergarten,4,3,4.844187
continent,4,3,4.844187
ascribe,4,3,4.844187
malicious,4,3,4.844187
breadth,4,4,4.556505
emaciate,4,4,4.556505
nutrition,4,2,5.249652
arisings,4,4,4.556505
passana,4,4,4.556505
emphatic,4,4,4.556505
surge,4,3,4.844187
ant,4,3,4.844187
cottonwood,4,1,5.942799
tyranny,4,3,4.844187
booby,4,2,5.249652
bubbly,4,3,4.844187
brownie,4,2,5.249652
synonymous,4,4,4.556505
grassland,4,3,4.844187
genetic,4,3,4.844187
overspecialize,4,1,5.942799
tusk,4,3,4.844187
los,4,2,5.249652
sore,4,3,4.844187
inadvertently,4,4,4.556505
shiny,4,4,4.556505
reproduce,4,4,4.556505
naturalness,4,3,4.844187
verbally,4,3,4.844187
self-aggrandizement,4,4,4.556505
invent,4,4,4.556505
philosophically,4,4,4.556505
preschool,4,3,4.844187
walt,4,1,5.942799
whitman,4,1,5.942799
devesting,4,1,5.942799
gestation,4,3,4.844187
distraught,4,3,4.844187
aikido,4,3,4.844187
reread,4,4,4.556505
incidentally,4,2,5.249652
valence,4,3,4.844187
beforehand,4,4,4.556505
competent,4,4,4.556505
ambrosia,4,2,5.249652
unborn,4,3,4.844187
vineyard,4,1,5.942799
facilitator,4,3,4.844187
executive,4,2,5.249652
innovation,4,3,4.844187
interconnection,4,4,4.556505
check-in,4,4,4.556505
destabilize,4,3,4.844187
lifer,4,2,5.249652
population,4,4,4.556505
peacemaker,4,3,4.844187
grapple,4,4,4.556505
diagram,4,3,4.844187
savior,4,4,4.556505
buckle,4,4,4.556505
seer,4,4,4.556505
revere,4,3,4.844187
constituent,4,2,5.249652
apparatus,4,4,4.556505
solar,4,2,5.249652
objectively,4,4,4.556505
screech,4,2,5.249652
whatnot,4,4,4.556505
reassurance,4,4,4.556505
gear,4,4,4.556505
amanda,4,2,5.249652
screw,4,3,4.844187
athlete,4,4,4.556505
su,4,1,5.942799
dongpo,4,1,5.942799
us-versus-them,4,2,5.249652
curse,4,2,5.249652
composite,4,4,4.556505
equation,4,3,4.844187
amaro,4,3,4.844187
shirt,4,3,4.844187
wrinkle,4,2,5.249652
severe,4,4,4.556505
mat,4,4,4.556505
sediment,4,4,4.556505
prime,4,4,4.556505
fireplace,4,4,4.556505
exclusively,4,4,4.556505
sock,4,3,4.844187
doom-scrolling,4,3,4.844187
lazy,4,4,4.556505
similarity,4,3,4.844187
baseball,4,3,4.844187
dollar,4,4,4.556505
laboratory,4,4,4.556505
pinpoint,4,4,4.556505
rightly,4,4,4.556505
one-pointed,4,4,4.556505
aesthetic,4,3,4.844187
authenticity,4,4,4.556505
stew,4,2,5.249652
choiceless,4,3,4.844187
imprison,4,3,4.844187
teacup,4,4,4.556505
liberative,4,3,4.844187
compact,4,3,4.844187
constructive,4,4,4.556505
selfless,4,3,4.844187
noticeable,4,4,4.556505
ennoble,4,3,4.844187
ever-changing,4,4,4.556505
commandment,4,4,4.556505
impair,4,2,5.249652
overpower,4,4,4.556505
displeasure,4,3,4.844187
bye,4,3,4.844187
unglamorous,4,1,5.942799
disengage,4,4,4.556505
query,4,4,4.556505
tread,4,4,4.556505
prelude,4,3,4.844187
prairie,4,2,5.249652
discrimination,4,4,4.556505
equinox,4,2,5.249652
william,4,4,4.556505
unfriendly,4,3,4.844187
self-reinforcing,4,4,4.556505
reliably,4,4,4.556505
5th,4,2,5.249652
profligate,4,1,5.942799
vandalism,4,1,5.942799
impoverish,4,4,4.556505
legacy,4,4,4.556505
rattle,4,3,4.844187
persuasive,4,3,4.844187
agape,4,2,5.249652
theological,4,4,4.556505
bullet,4,2,5.249652
longtime,4,4,4.556505
warmly,4,4,4.556505
permanently,4,3,4.844187
situate,4,3,4.844187
interdependent,4,2,5.249652
de-emphasize,4,3,4.844187
judeo-christian,4,2,5.249652
intractable,4,3,4.844187
validate,4,4,4.556505
reframe,4,4,4.556505
ethnicity,4,4,4.556505
prognosis,4,3,4.844187
african-american,4,2,5.249652
racism,4,2,5.249652
gendered,4,4,4.556505
stereotype,4,4,4.556505
doable,4,3,4.844187
pathway,4,4,4.556505
differentiation,4,2,5.249652
ton,4,4,4.556505
friction,4,4,4.556505
funnel,4,3,4.844187
moist,4,4,4.556505
26th,4,4,4.556505
copy,4,3,4.844187
playwright,4,1,5.942799
heidegger,4,1,5.942799
buddhistic,4,3,4.844187
hypothetical,4,3,4.844187
victorian,4,2,5.249652
succinct,4,3,4.844187
ethos,4,3,4.844187
frankly,4,2,5.249652
forbid,4,4,4.556505
nonviolent,4,2,5.249652
immigrant,4,4,4.556505
champion,4,4,4.556505
blurry,4,4,4.556505
accost,4,2,5.249652
strict,4,3,4.844187
muddy,4,4,4.556505
unto,4,3,4.844187
sensitize,4,4,4.556505
documentary,4,4,4.556505
rationally,4,4,4.556505
unconditionally,4,4,4.556505
betsy,4,2,5.249652
waldorf,4,1,5.942799
conjecture,4,3,4.844187
cerebral,4,4,4.556505
qigong,4,4,4.556505
delightfully,4,4,4.556505
recipe,4,4,4.556505
altitude,4,3,4.844187
rug,4,3,4.844187
succession,4,4,4.556505
upheaval,4,4,4.556505
kelly,4,2,5.249652
sling,4,3,4.844187
limp,4,2,5.249652
debris,4,4,4.556505
wellness,4,3,4.844187
advaita,4,2,5.249652
vedanta,4,2,5.249652
earthquake,4,4,4.556505
supermarket,4,4,4.556505
crown,4,3,4.844187
psychotherapeutic,4,3,4.844187
assist,4,4,4.556505
induce,4,3,4.844187
intensely,4,4,4.556505
overestimate,4,2,5.249652
official,4,4,4.556505
activist,4,4,4.556505
october,4,3,4.844187
colloquial,4,2,5.249652
sufficiency,4,3,4.844187
storyteller,4,4,4.556505
follow-up,4,4,4.556505
whyte,4,2,5.249652
redefine,4,3,4.844187
shopper,4,2,5.249652
disability,4,4,4.556505
unbelievable,4,4,4.556505
provoke,4,4,4.556505
supposedly,4,4,4.556505
six-year-old,4,2,5.249652
overgrow,4,2,5.249652
viscosity,4,2,5.249652
exquisitely,4,4,4.556505
connoisseur,4,4,4.556505
faucet,4,2,5.249652
valve,4,1,5.942799
qualitatively,4,4,4.556505
stagnate,4,2,5.249652
non-human,4,3,4.844187
gracefulness,4,3,4.844187
disinterest,4,2,5.249652
self-knowledge,4,3,4.844187
registration,4,4,4.556505
format,4,4,4.556505
salient,4,4,4.556505
muster,4,4,4.556505
coldness,4,4,4.556505
unworthiness,4,3,4.844187
sunbeam,4,2,5.249652
wobble,4,4,4.556505
recreate,4,3,4.844187
weightless,4,2,5.249652
undemanding,4,3,4.844187
physiological,4,4,4.556505
penultimate,4,3,4.844187
mesmerize,4,4,4.556505
purr,4,3,4.844187
simultaneous,4,2,5.249652
self-evident,4,4,4.556505
groundlessness,4,4,4.556505
eve,4,2,5.249652
orientate,4,1,5.942799
cortex,4,4,4.556505
buffet,4,4,4.556505
utilize,4,4,4.556505
aloof,4,4,4.556505
buttock,4,4,4.556505
sheepishly,4,3,4.844187
dianaclarkdharma,4,2,5.249652
tornado,4,3,4.844187
made-up,4,4,4.556505
metaphysics,4,3,4.844187
remembrance,4,3,4.844187
sakkaya-ditthi,4,4,4.556505
constrain,4,4,4.556505
well-rooted,4,3,4.844187
alphabetical,4,4,4.556505
hometown,4,4,4.556505
oral,4,4,4.556505
invade,4,4,4.556505
nelson,4,2,5.249652
dogmatism,4,2,5.249652
fundamentalism,4,2,5.249652
leonard,4,4,4.556505
lamentation,4,3,4.844187
optimism,4,4,4.556505
self-deception,4,4,4.556505
baldwin,4,2,5.249652
pema,4,2,5.249652
non-action,4,3,4.844187
motivator,4,4,4.556505
traction,4,2,5.249652
junk,4,3,4.844187
vexation,4,2,5.249652
wetness,4,2,5.249652
pm,4,1,5.942799
out-breaths,4,4,4.556505
bondage,4,4,4.556505
halfway,4,4,4.556505
formulaic,4,4,4.556505
retrospect,4,4,4.556505
she'll,4,4,4.556505
divert,4,3,4.844187
accrue,4,3,4.844187
claire,4,3,4.844187
short-change,4,3,4.844187
worldwide,4,4,4.556505
resent,4,4,4.556505
intelligently,4,2,5.249652
higher-order,4,4,4.556505
june,4,3,4.844187
deceptively,4,4,4.556505
ode,4,1,5.942799
strategize,4,1,5.942799
prisoner,4,3,4.844187
impede,4,3,4.844187
enmesh,4,3,4.844187
intolerance,4,2,5.249652
pity,4,4,4.556505
blunt,4,3,4.844187
restfulness,4,2,5.249652
sweatpants,4,1,5.942799
maharaj,4,4,4.556505
multiplicity,4,3,4.844187
allergic,4,3,4.844187
non-distraction,4,2,5.249652
blackout,4,1,5.942799
trade-off,4,2,5.249652
firmly,4,4,4.556505
stewart,4,1,5.942799
chuck,4,2,5.249652
fox,4,3,4.844187
lyall,4,1,5.942799
hiv,4,1,5.942799
queer,4,3,4.844187
relationality,4,4,4.556505
diverse,4,3,4.844187
unfailing,4,1,5.942799
devour,4,2,5.249652
elaboration,4,4,4.556505
pertain,4,3,4.844187
benevolent,4,2,5.249652
inconsequential,4,4,4.556505
sexy,4,2,5.249652
off-putting,4,3,4.844187
quantity,4,3,4.844187
ting,4,2,5.249652
tathagata,4,2,5.249652
formula,4,4,4.556505
tathagatas,4,2,5.249652
non-identification,4,4,4.556505
insistent,4,4,4.556505
loyalty,4,2,5.249652
nibble,4,2,5.249652
apps,4,4,4.556505
dictate,4,3,4.844187
counterpoint,4,1,5.942799
dismal,4,2,5.249652
holder,4,3,4.844187
insect,4,4,4.556505
dire,4,2,5.249652
dictator,4,3,4.844187
devolve,4,1,5.942799
penniless,4,1,5.942799
backbite,4,1,5.942799
aunt,4,3,4.844187
extensive,4,4,4.556505
lurk,4,4,4.556505
frontal,4,3,4.844187
discouragement,4,3,4.844187
fortify,4,2,5.249652
palpable,4,4,4.556505
indifferent,4,4,4.556505
rupa,4,4,4.556505
mendicant,4,4,4.556505
handsome,4,4,4.556505
colorful,4,4,4.556505
undesirable,4,4,4.556505
systematic,4,4,4.556505
unafraid,4,3,4.844187
perish,4,2,5.249652
non-judgmentalism,4,2,5.249652
newly,4,4,4.556505
dart,4,4,4.556505
amid,4,3,4.844187
trainer,4,3,4.844187
mythical,4,4,4.556505
himalaya,4,4,4.556505
novelty,4,3,4.844187
oppressive,4,3,4.844187
definitive,4,4,4.556505
wrapper,4,2,5.249652
midwinter,4,2,5.249652
heavily,4,4,4.556505
accidentally,4,4,4.556505
bean,4,2,5.249652
hilltop,4,4,4.556505
digest,4,4,4.556505
jr,4,4,4.556505
naked,4,3,4.844187
pageantry,4,2,5.249652
workable,4,3,4.844187
indic,4,4,4.556505
retrospective,4,2,5.249652
chamber,4,3,4.844187
centimeter,4,2,5.249652
grammar,4,4,4.556505
blaze,4,3,4.844187
remarkably,4,4,4.556505
newness,4,2,5.249652
familiarize,4,4,4.556505
syllable,4,3,4.844187
harshly,4,4,4.556505
yoniso,4,2,5.249652
mammal,4,4,4.556505
supernormal,4,2,5.249652
midday,4,3,4.844187
straw,4,3,4.844187
erect,4,4,4.556505
retinue,4,2,5.249652
thirty-three,4,2,5.249652
creator,4,2,5.249652
archaeological,4,2,5.249652
sharpen,4,2,5.249652
bahiya,4,2,5.249652
cupcake,4,2,5.249652
clerk,4,4,4.556505
disapproval,4,2,5.249652
reservoir,4,1,5.942799
bob,4,3,4.844187
solely,4,4,4.556505
juicy,4,4,4.556505
m-e-t-t-a,4,4,4.556505
sew,4,3,4.844187
reification,4,3,4.844187
provisionally,4,4,4.556505
wrist,4,4,4.556505
unentangled,4,2,5.249652
untrained,4,3,4.844187
snack,4,2,5.249652
nut,4,2,5.249652
worldling,4,3,4.844187
mizu,4,1,5.942799
blast,4,3,4.844187
foul,4,3,4.844187
wit,4,2,5.249652
trader,4,2,5.249652
array,4,3,4.844187
verify,4,3,4.844187
mansion,4,2,5.249652
stingy,4,4,4.556505
passionate,4,4,4.556505
defect,4,4,4.556505
sandwich,4,4,4.556505
quagmire,4,3,4.844187
societal,4,4,4.556505
strategic,4,3,4.844187
wireless,4,1,5.942799
speculate,4,4,4.556505
anyhow,4,3,4.844187
dismount,4,2,5.249652
circular,4,3,4.844187
evenness,4,4,4.556505
brightly,4,2,5.249652
zap,4,2,5.249652
creep,4,4,4.556505
reserve,4,3,4.844187
brew,4,2,5.249652
tolerant,4,4,4.556505
corporate,4,3,4.844187
unclenching,4,3,4.844187
nudge,4,4,4.556505
healthiness,4,4,4.556505
authentically,4,4,4.556505
desensitize,4,2,5.249652
behavioral,4,4,4.556505
psychotherapist,4,2,5.249652
incarnate,4,4,4.556505
dualistic,4,3,4.844187
disorder,4,4,4.556505
gandhi,4,4,4.556505
compatible,4,4,4.556505
insecurity,4,4,4.556505
autopilot,4,3,4.844187
melody,4,1,5.942799
not-so-subtle,4,4,4.556505
mind-made,4,2,5.249652
conscript,4,2,5.249652
nipata,4,3,4.844187
unhindered,4,2,5.249652
carpathios,4,1,5.942799
wordy,4,1,5.942799
embellishment,4,1,5.942799
blackness,4,1,5.942799
knuckle,4,1,5.942799
excessively,4,4,4.556505
spotless,4,2,5.249652
immaculate,4,2,5.249652
allegiance,4,2,5.249652
roughly,4,4,4.556505
atmospheric,4,3,4.844187
palo,4,3,4.844187
exquisite,4,4,4.556505
shelf,4,4,4.556505
bandage,4,4,4.556505
recover,4,3,4.844187
susceptible,4,2,5.249652
saraniya-dhammas,4,1,5.942799
equality,4,2,5.249652
atthacariya,4,2,5.249652
samanattata,4,2,5.249652
rampage,4,1,5.942799
corridor,4,2,5.249652
labyrinth,4,2,5.249652
impervious,4,2,5.249652
someday,4,3,4.844187
carpet,4,3,4.844187
all-encompassing,4,3,4.844187
reliance,4,2,5.249652
shouldn'ts,4,3,4.844187
adaptable,4,4,4.556505
subject-object,4,1,5.942799
contradict,4,4,4.556505
wizard,4,2,5.249652
coagulation,4,4,4.556505
focal,4,3,4.844187
michelle,4,3,4.844187
monumental,4,2,5.249652
unwind,4,3,4.844187
snowstorm,4,2,5.249652
intuit,4,4,4.556505
deceptive,4,4,4.556505
martial,4,3,4.844187
abhaya,4,1,5.942799
funeral,4,3,4.844187
tank,4,2,5.249652
scoop,4,3,4.844187
swoop,4,3,4.844187
moan,4,3,4.844187
hanuman,4,1,5.942799
ditch,4,2,5.249652
seduction,4,2,5.249652
entice,4,4,4.556505
exploit,4,3,4.844187
adaptability,4,3,4.844187
oakes,4,1,5.942799
buff,4,3,4.844187
two-week,4,3,4.844187
additive,4,1,5.942799
storehouse,4,2,5.249652
ionic,4,2,5.249652
chloride,4,2,5.249652
minuscule,4,2,5.249652
buoyancy,4,2,5.249652
inheritance,4,1,5.942799
jetavana,4,2,5.249652
midair,4,1,5.942799
pregnancy,4,1,5.942799
rap,4,2,5.249652
relentless,4,4,4.556505
rose-colored,4,3,4.844187
divinity,4,3,4.844187
restorative,4,2,5.249652
absurd,4,3,4.844187
robust,4,4,4.556505
worthiness,4,3,4.844187
self-assertion,4,3,4.844187
shannon,4,2,5.249652
1970s,4,3,4.844187
entrain,4,4,4.556505
toolbox,4,2,5.249652
dementia,4,3,4.844187
puddle,4,3,4.844187
loom,4,2,5.249652
vicarious,4,3,4.844187
positivity,4,4,4.556505
wellbeing,4,2,5.249652
insecure,4,2,5.249652
noteworthy,4,4,4.556505
travis,4,1,5.942799
production,4,3,4.844187
fundraiser,4,1,5.942799
infant,4,2,5.249652
pasture,4,3,4.844187
huff,4,4,4.556505
stimulation,4,4,4.556505
outflow,4,1,5.942799
perpetually,4,2,5.249652
thoughtfulness,4,2,5.249652
slogan,4,2,5.249652
saccharine,4,3,4.844187
hover,4,3,4.844187
tom,4,2,5.249652
yehuda,4,1,5.942799
amichai,4,1,5.942799
television,4,3,4.844187
uncle,4,3,4.844187
nag,4,2,5.249652
legend,4,4,4.556505
downwards,4,4,4.556505
gladden,4,3,4.844187
precipice,4,2,5.249652
anticipation,4,4,4.556505
tenderize,4,2,5.249652
drummer,4,2,5.249652
dominion,4,1,5.942799
whisperer,4,2,5.249652
cringe,4,2,5.249652
cliche,4,2,5.249652
podolske,4,1,5.942799
bummer,4,2,5.249652
sunflower,4,2,5.249652
oblivious,4,3,4.844187
pimple,4,1,5.942799
frown,4,2,5.249652
gable,4,1,5.942799
caretaking,4,2,5.249652
freshly,4,3,4.844187
mountaintop,4,2,5.249652
strawberry,4,2,5.249652
consensual,4,2,5.249652
deception,4,3,4.844187
dimly,4,3,4.844187
sufi,4,2,5.249652
mirage,4,1,5.942799
congestion,4,1,5.942799
scott,4,2,5.249652
namuci,4,1,5.942799
disloyal,4,2,5.249652
asana,4,4,4.556505
kosambi,4,1,5.942799
swap,4,1,5.942799
english-speaking,4,4,4.556505
laser-focused,4,2,5.249652
meanness,4,2,5.249652
shapeshifts,4,1,5.942799
unconsciousness,4,3,4.844187
sculpture,4,1,5.942799
harp,4,1,5.942799
punch,4,2,5.249652
blatantly,4,2,5.249652
wickedness,4,2,5.249652
lego,4,2,5.249652
self-states,4,1,5.942799
suitability,4,1,5.942799
landslide,4,1,5.942799
low-caste,4,1,5.942799
crew,4,3,4.844187
goblet,4,1,5.942799
dependently,4,3,4.844187
broken-down,4,1,5.942799
patrol,4,3,4.844187
sujata,4,2,5.249652
vanity,4,1,5.942799
engler,4,1,5.942799
waterski,4,1,5.942799
russian,4,3,4.844187
opt,4,3,4.844187
audible,4,2,5.249652
roedel,4,1,5.942799
pro-attitude,4,1,5.942799
non-remorse,4,1,5.942799
pamojja,4,1,5.942799
biochemist,4,2,5.249652
allison,4,1,5.942799
chod,4,1,5.942799
ginormous,4,2,5.249652
corporation,4,1,5.942799
adolescence,4,1,5.942799
military,4,1,5.942799
centro,4,1,5.942799
temperament,4,2,5.249652
spacey,4,2,5.249652
encapsulation,4,1,5.942799
motorcycle,4,1,5.942799
barton,4,1,5.942799
snowflake,4,1,5.942799
denise,4,1,5.942799
chan,3,2,5.249652
independently,3,2,5.249652
gospel,3,1,5.942799
protestant,3,3,4.844187
wither,3,3,4.844187
hermit,3,3,4.844187
intensively,3,2,5.249652
rigorous,3,3,4.844187
factual,3,2,5.249652
sponge,3,3,4.844187
game-changer,3,3,4.844187
bottleneck,3,2,5.249652
allure,3,2,5.249652
setavya,3,1,5.942799
steward,3,3,4.844187
woe,3,3,4.844187
unclean,3,2,5.249652
revolt,3,2,5.249652
trumpeter,3,1,5.942799
rapidly,3,3,4.844187
lily,3,2,5.249652
folly,3,3,4.844187
viewpoint,3,2,5.249652
pig,3,2,5.249652
fingertip,3,2,5.249652
bearer,3,3,4.844187
stump,3,2,5.249652
itchy,3,3,4.844187
distribution,3,2,5.249652
atman,3,3,4.844187
parade,3,3,4.844187
coincidence,3,3,4.844187
hindu,3,3,4.844187
eighth,3,3,4.844187
instantaneously,3,3,4.844187
crap,3,3,4.844187
endow,3,3,4.844187
barre,3,3,4.844187
smack,3,3,4.844187
christianity,3,3,4.844187
wrongdoing,3,3,4.844187
shalt,3,2,5.249652
renowned,3,3,4.844187
brahm,3,3,4.844187
conjure,3,2,5.249652
grumble,3,3,4.844187
roar,3,3,4.844187
neuroplasticity,3,3,4.844187
thankful,3,2,5.249652
cite,3,3,4.844187
laundry,3,3,4.844187
menlo,3,3,4.844187
hirshfield,3,3,4.844187
cabinet,3,1,5.942799
herb,3,1,5.942799
grandson,3,3,4.844187
interrelate,3,3,4.844187
willfully,3,2,5.249652
crossroad,3,2,5.249652
dynamism,3,1,5.942799
niceness,3,3,4.844187
flour,3,2,5.249652
thoughtful,3,3,4.844187
demeanor,3,2,5.249652
significance,3,3,4.844187
appropriation,3,3,4.844187
transpersonal,3,3,4.844187
humbleness,3,3,4.844187
translucent,3,3,4.844187
disrespectful,3,3,4.844187
marker,3,2,5.249652
cram,3,3,4.844187
professionally,3,3,4.844187
illogical,3,2,5.249652
breadcrumb,3,3,4.844187
signpost,3,3,4.844187
inaccessible,3,3,4.844187
quo,3,3,4.844187
flashy,3,3,4.844187
equilibrium,3,2,5.249652
discount,3,3,4.844187
self-actualization,3,1,5.942799
earth-touching,3,3,4.844187
goddess,3,2,5.249652
descend,3,3,4.844187
antler,3,2,5.249652
intermediate,3,3,4.844187
fawn,3,3,4.844187
1960s,3,3,4.844187
angeles,3,1,5.942799
microplastics,3,1,5.942799
tube,3,3,4.844187
embryo,3,2,5.249652
chemical,3,3,4.844187
womb-like,3,2,5.249652
ecology,3,3,4.844187
churn,3,2,5.249652
self-concerned,3,3,4.844187
whole-body,3,3,4.844187
unrelated,3,3,4.844187
undeniable,3,1,5.942799
proffer,3,3,4.844187
navel,3,3,4.844187
resident,3,3,4.844187
celestial,3,2,5.249652
guanyin,3,2,5.249652
unself-conscious,3,3,4.844187
singular,3,2,5.249652
alchemy,3,3,4.844187
initiate,3,3,4.844187
vibrancy,3,2,5.249652
sharply,3,3,4.844187
sham,3,3,4.844187
self-reflection,3,3,4.844187
harshness,3,3,4.844187
inwardly,3,3,4.844187
shihab,3,3,4.844187
nye,3,3,4.844187
gloss,3,3,4.844187
dissertation,3,2,5.249652
prominence,3,2,5.249652
russia,3,3,4.844187
disruption,3,3,4.844187
tectonic,3,2,5.249652
squeeze,3,3,4.844187
acquisitive,3,3,4.844187
garbage,3,3,4.844187
washington,3,3,4.844187
picnic,3,2,5.249652
moore,3,2,5.249652
anniversary,3,3,4.844187
jose,3,2,5.249652
rehabilitation,3,2,5.249652
thereby,3,3,4.844187
incarceration,3,2,5.249652
survivor,3,2,5.249652
criminal,3,3,4.844187
accountability,3,1,5.942799
middle-length,3,2,5.249652
murderous,3,1,5.942799
stanza,3,3,4.844187
potsherd,3,2,5.249652
deliverance,3,2,5.249652
non-violent,3,3,4.844187
falconer,3,3,4.844187
mala,3,2,5.249652
thunder,3,3,4.844187
thoughtless,3,3,4.844187
knowingly,3,2,5.249652
batter,3,3,4.844187
bride,3,2,5.249652
pedestal,3,3,4.844187
heartbroken,3,2,5.249652
oops,3,3,4.844187
physicist,3,3,4.844187
perk,3,3,4.844187
unpopular,3,2,5.249652
foyan,3,1,5.942799
tissue,3,1,5.942799
trepidation,3,2,5.249652
temper,3,2,5.249652
tantrum,3,3,4.844187
uk,3,3,4.844187
sensitively,3,2,5.249652
manager,3,3,4.844187
rumor,3,3,4.844187
suchness,3,2,5.249652
unbidden,3,3,4.844187
snuff,3,3,4.844187
clamp,3,2,5.249652
unattached,3,3,4.844187
representative,3,3,4.844187
inhibit,3,3,4.844187
emotionality,3,3,4.844187
mahasi,3,2,5.249652
disidentification,3,2,5.249652
life-denying,3,2,5.249652
extrovert,3,2,5.249652
unbeknownst,3,3,4.844187
workplace,3,3,4.844187
unicorn,3,3,4.844187
binary,3,3,4.844187
repercussion,3,3,4.844187
premier,3,2,5.249652
nancy,3,2,5.249652
wildlife,3,2,5.249652
decorate,3,3,4.844187
quadrillion,3,3,4.844187
bazillion,3,3,4.844187
apt,3,3,4.844187
triumph,3,3,4.844187
troublesome,3,3,4.844187
bothersome,3,3,4.844187
frank,3,3,4.844187
mixture,3,3,4.844187
co-create,3,3,4.844187
compost,3,2,5.249652
sunrise,3,3,4.844187
nutshell,3,2,5.249652
tape,3,2,5.249652
fluctuation,3,3,4.844187
flex,3,1,5.942799
sufficiently,3,3,4.844187
snippet,3,3,4.844187
milestone,3,2,5.249652
rectangular,3,3,4.844187
problemness,3,2,5.249652
flutter,3,3,4.844187
intellectualization,3,3,4.844187
physiology,3,3,4.844187
timeline,3,3,4.844187
presently,3,2,5.249652
sicken,3,2,5.249652
sneaky,3,3,4.844187
mindstream,3,2,5.249652
lever,3,3,4.844187
likable,3,2,5.249652
humanness,3,3,4.844187
kilesas,3,3,4.844187
off-site,3,2,5.249652
ims,3,3,4.844187
designate,3,3,4.844187
crush,3,3,4.844187
heart-minds,3,2,5.249652
hoof,3,3,4.844187
shortcut,3,2,5.249652
patiently,3,2,5.249652
rugged,3,3,4.844187
lyric,3,3,4.844187
lumbricus,3,1,5.942799
terrestris,3,1,5.942799
compress,3,3,4.844187
hype,3,3,4.844187
darkly,3,2,5.249652
hemisphere,3,3,4.844187
refinement,3,2,5.249652
lightweight,3,3,4.844187
memorial,3,3,4.844187
unfulfilled,3,3,4.844187
chord,3,3,4.844187
31st,3,2,5.249652
30th,3,3,4.844187
vaguely,3,3,4.844187
tilt,3,3,4.844187
axis,3,2,5.249652
subterranean,3,3,4.844187
occlude,3,3,4.844187
heartache,3,3,4.844187
discharge,3,2,5.249652
sentimental,3,2,5.249652
redeem,3,2,5.249652
april,3,3,4.844187
installment,3,3,4.844187
vocation,3,3,4.844187
guru,3,3,4.844187
ample,3,3,4.844187
dispense,3,2,5.249652
pathology,3,1,5.942799
diagnose,3,3,4.844187
unrecognized,3,3,4.844187
entitle,3,3,4.844187
alumnus,3,2,5.249652
racial,3,2,5.249652
iteration,3,3,4.844187
over-identify,3,3,4.844187
maxim,3,3,4.844187
paramount,3,3,4.844187
normative,3,3,4.844187
icu,3,1,5.942799
baseline,3,3,4.844187
recovery,3,3,4.844187
decision-making,3,3,4.844187
fundamentalist,3,3,4.844187
specificity,3,2,5.249652
exude,3,3,4.844187
typology,3,2,5.249652
adaptation,3,2,5.249652
implicitly,3,3,4.844187
wendy,3,2,5.249652
maker,3,2,5.249652
pitfall,3,3,4.844187
receiver,3,3,4.844187
narcissism,3,3,4.844187
disservice,3,3,4.844187
code,3,2,5.249652
rudimentary,3,3,4.844187
cheerleader,3,3,4.844187
arguably,3,2,5.249652
comic,3,1,5.942799
greece,3,2,5.249652
delve,3,3,4.844187
minority,3,3,4.844187
clear-cut,3,2,5.249652
abortion,3,2,5.249652
shantideva,3,2,5.249652
atta,3,3,4.844187
enterprise,3,3,4.844187
intermingle,3,2,5.249652
alexander,3,1,5.942799
persian,3,2,5.249652
humankind,3,3,4.844187
mystic,3,3,4.844187
dispel,3,3,4.844187
cancel,3,3,4.844187
daoism,3,3,4.844187
eminent,3,3,4.844187
buddy,3,3,4.844187
interrogate,3,2,5.249652
encode,3,3,4.844187
sama,3,2,5.249652
signify,3,3,4.844187
reciprocity,3,3,4.844187
singer,3,2,5.249652
painter,3,2,5.249652
correction,3,2,5.249652
scab,3,2,5.249652
recoil,3,3,4.844187
hatch,3,2,5.249652
anonymous,3,3,4.844187
overconfidence,3,3,4.844187
hinge,3,3,4.844187
gulp,3,3,4.844187
rural,3,3,4.844187
stoke,3,3,4.844187
rile,3,3,4.844187
manifesto,3,3,4.844187
wilt,3,3,4.844187
egg-shaped,3,1,5.942799
enclose,3,2,5.249652
tidal,3,1,5.942799
bask,3,3,4.844187
twofold,3,3,4.844187
sin,3,2,5.249652
astray,3,3,4.844187
declaration,3,3,4.844187
habituate,3,3,4.844187
cluster,3,3,4.844187
overturn,3,2,5.249652
hegemony,3,3,4.844187
plunge,3,3,4.844187
finely,3,3,4.844187
tapestry,3,2,5.249652
ideology,3,3,4.844187
drill,3,3,4.844187
rewrite,3,3,4.844187
critically,3,3,4.844187
multi-layered,3,3,4.844187
fetishize,3,3,4.844187
experimentation,3,3,4.844187
improvisation,3,3,4.844187
license,3,3,4.844187
singleness,3,3,4.844187
investigative,3,3,4.844187
terminate,3,2,5.249652
saran,3,2,5.249652
overeat,3,3,4.844187
hoard,3,3,4.844187
t-shirt,3,3,4.844187
inordinate,3,3,4.844187
peculiar,3,3,4.844187
humanitarian,3,3,4.844187
sudan,3,3,4.844187
hallelujah,3,1,5.942799
superiority,3,3,4.844187
timid,3,3,4.844187
informative,3,3,4.844187
persona,3,2,5.249652
prodigy,3,2,5.249652
aggressively,3,3,4.844187
readjust,3,3,4.844187
heater,3,3,4.844187
coterminous,3,2,5.249652
springtime,3,3,4.844187
inspection,3,2,5.249652
daylongs,3,2,5.249652
norway,3,3,4.844187
pencil,3,3,4.844187
distinctly,3,3,4.844187
pizza,3,3,4.844187
amplify,3,3,4.844187
substantiality,3,3,4.844187
chronically,3,3,4.844187
coyote,3,3,4.844187
assurance,3,2,5.249652
not-doing,3,3,4.844187
meter,3,2,5.249652
conveyor,3,2,5.249652
belt,3,2,5.249652
self-discovery,3,3,4.844187
indivisibility,3,2,5.249652
conceivable,3,3,4.844187
saint,3,2,5.249652
sample,3,3,4.844187
indispensable,3,2,5.249652
conscience,3,3,4.844187
liar,3,2,5.249652
drowsy,3,3,4.844187
unprotected,3,2,5.249652
identical,3,3,4.844187
paw,3,2,5.249652
snare,3,3,4.844187
mute,3,2,5.249652
archetypal,3,3,4.844187
region,3,3,4.844187
mechanical,3,3,4.844187
separately,3,3,4.844187
quietness,3,3,4.844187
infinitesimally,3,2,5.249652
amazement,3,2,5.249652
simone,3,3,4.844187
estimate,3,3,4.844187
self-absorbing,3,3,4.844187
sailor,3,3,4.844187
lighthouse,3,2,5.249652
province,3,3,4.844187
effectiveness,3,3,4.844187
likelihood,3,3,4.844187
recess,3,3,4.844187
non-assertiveness,3,3,4.844187
troupe,3,1,5.942799
clank,3,3,4.844187
spoon,3,3,4.844187
audio,3,3,4.844187
puzzlement,3,2,5.249652
disbelief,3,3,4.844187
coil,3,2,5.249652
debbie,3,3,4.844187
consumer,3,3,4.844187
enchant,3,3,4.844187
centerpiece,3,3,4.844187
fitness,3,2,5.249652
emanation,3,3,4.844187
happy-making,3,3,4.844187
joyfully,3,3,4.844187
sanghas,3,3,4.844187
tolerance,3,3,4.844187
coal,3,2,5.249652
grudge,3,3,4.844187
nirvana,3,3,4.844187
riff,3,3,4.844187
chogyam,3,3,4.844187
grandkids,3,3,4.844187
wholly,3,1,5.942799
ekaggata,3,2,5.249652
unconcerned,3,3,4.844187
sanctity,3,1,5.942799
ambivalence,3,3,4.844187
cohen,3,3,4.844187
anticipatory,3,3,4.844187
primal,3,3,4.844187
placeholder,3,3,4.844187
receptively,3,3,4.844187
trope,3,3,4.844187
ungovernability,3,3,4.844187
stagnant,3,3,4.844187
chodron,3,2,5.249652
cognate,3,2,5.249652
streak,3,2,5.249652
accumulation,3,2,5.249652
lawfully,3,1,5.942799
gravitate,3,3,4.844187
exposition,3,3,4.844187
whomever,3,3,4.844187
dhatu,3,3,4.844187
awe-inspiring,3,2,5.249652
glitch,3,2,5.249652
lethargy,3,2,5.249652
responsiveness,3,3,4.844187
management,3,3,4.844187
disruptive,3,3,4.844187
inception,3,3,4.844187
painfully,3,3,4.844187
snore,3,3,4.844187
dump,3,3,4.844187
discriminate,3,3,4.844187
ooh,3,2,5.249652
stair,3,3,4.844187
martha,3,2,5.249652
effortful,3,3,4.844187
adulthood,3,3,4.844187
warp,3,2,5.249652
self-made,3,1,5.942799
easefully,3,3,4.844187
angel,3,3,4.844187
fathom-long,3,2,5.249652
loka,3,2,5.249652
perceiver,3,2,5.249652
reconstruction,3,3,4.844187
catastrophize,3,3,4.844187
usage,3,3,4.844187
elegance,3,3,4.844187
aerate,3,2,5.249652
excise,3,3,4.844187
plead,3,2,5.249652
ooey-gooey,3,3,4.844187
trickle,3,2,5.249652
efficiently,3,3,4.844187
repulsion,3,2,5.249652
provocative,3,3,4.844187
contrive,3,3,4.844187
non-resistance,3,3,4.844187
disadvantage,3,3,4.844187
mildly,3,3,4.844187
unavoidable,3,2,5.249652
moonlight,3,2,5.249652
slice,3,3,4.844187
lid,3,3,4.844187
realism,3,3,4.844187
impurity,3,3,4.844187
equanimously,3,3,4.844187
playground,3,2,5.249652
scrap,3,3,4.844187
paste,3,3,4.844187
misplace,3,3,4.844187
permit,3,3,4.844187
literary,3,3,4.844187
equate,3,2,5.249652
mold,3,2,5.249652
formulation,3,2,5.249652
trent,3,1,5.942799
thornley,3,1,5.942799
proselytize,3,3,4.844187
clergy,3,2,5.249652
congregation,3,2,5.249652
episcopalian,3,3,4.844187
shabbat,3,1,5.942799
accredit,3,2,5.249652
full-time,3,3,4.844187
teen,3,3,4.844187
ideation,3,1,5.942799
pilgrim,3,3,4.844187
lone,3,2,5.249652
characterization,3,3,4.844187
unquestionable,3,1,5.942799
incomprehensible,3,2,5.249652
cube,3,3,4.844187
campsite,3,1,5.942799
deprive,3,3,4.844187
yakkhas,3,2,5.249652
inscription,3,2,5.249652
esoteric,3,3,4.844187
palette,3,3,4.844187
contend,3,3,4.844187
jaya,3,1,5.942799
rudgard,3,1,5.942799
cryptic,3,3,4.844187
naively,3,3,4.844187
backstory,3,3,4.844187
sakyan,3,1,5.942799
amiable,3,2,5.249652
wag,3,2,5.249652
arrogant,3,3,4.844187
nobility,3,3,4.844187
rod,3,3,4.844187
eye-consciousness,3,2,5.249652
uppeka,3,1,5.942799
vengeful,3,3,4.844187
lady,3,3,4.844187
shorten,3,3,4.844187
tatra,3,2,5.249652
suhadaya,3,1,5.942799
free-flowing,3,3,4.844187
empty-handed,3,3,4.844187
admonition,3,3,4.844187
droppings,3,1,5.942799
poorly,3,3,4.844187
muddle,3,2,5.249652
overshadow,3,1,5.942799
sinner,3,1,5.942799
pathetic,3,1,5.942799
ruminative,3,1,5.942799
abridge,3,1,5.942799
problem-lessness,3,1,5.942799
errorlessness,3,1,5.942799
culasunnata,3,1,5.942799
transfix,3,1,5.942799
heroic,3,3,4.844187
cosmological,3,2,5.249652
light-year,3,1,5.942799
accelerate,3,3,4.844187
vertigo,3,2,5.249652
unforceful,3,3,4.844187
accentuate,3,3,4.844187
mosquito,3,3,4.844187
shawl,3,3,4.844187
towel,3,2,5.249652
indistinct,3,3,4.844187
drum,3,3,4.844187
edifice,3,2,5.249652
decisive,3,2,5.249652
disparage,3,3,4.844187
covet,3,3,4.844187
adultery,3,3,4.844187
didactic,3,2,5.249652
arrangement,3,2,5.249652
incense,3,2,5.249652
lifelong,3,2,5.249652
half-day,3,2,5.249652
successor,3,1,5.942799
non-contention,3,3,4.844187
interviewer,3,2,5.249652
jehnny,3,1,5.942799
beth,3,1,5.942799
savage,3,2,5.249652
strummer,3,1,5.942799
unbroken,3,2,5.249652
neurochemical,3,3,4.844187
anu,3,3,4.844187
sledgehammer,3,2,5.249652
14-year-old,3,2,5.249652
lemon,3,1,5.942799
tether,3,2,5.249652
reiteration,3,2,5.249652
re-arises,3,3,4.844187
psychiatric,3,3,4.844187
derealization,3,1,5.942799
tide,3,3,4.844187
rehearsal,3,3,4.844187
hiccup,3,3,4.844187
exclusive,3,3,4.844187
joint,3,2,5.249652
ballast,3,3,4.844187
contentedly,3,2,5.249652
greatness,3,2,5.249652
serpent,3,1,5.942799
feeble,3,2,5.249652
hogen,3,2,5.249652
heavy-handed,3,3,4.844187
unheard,3,3,4.844187
texting,3,3,4.844187
go-to,3,2,5.249652
offensive,3,3,4.844187
bandwagon,3,3,4.844187
citizen,3,3,4.844187
remake,3,3,4.844187
state-specific,3,3,4.844187
clara,3,3,4.844187
seeker,3,3,4.844187
unconditioned,3,3,4.844187
symbolize,3,3,4.844187
pati,3,2,5.249652
urine,3,3,4.844187
repel,3,3,4.844187
flurry,3,3,4.844187
spare,3,3,4.844187
repertoire,3,3,4.844187
cross-talk,3,3,4.844187
crux,3,2,5.249652
dam,3,3,4.844187
over-concern,3,1,5.942799
linguistic,3,3,4.844187
counterintuitive,3,3,4.844187
stiff,3,3,4.844187
infectious,3,2,5.249652
morrison,3,2,5.249652
dreadful,3,3,4.844187
raincoat,3,3,4.844187
morocco,3,1,5.942799
posit,3,3,4.844187
wispy,3,3,4.844187
ft,3,2,5.249652
careless,3,3,4.844187
prosperous,3,2,5.249652
adorn,3,2,5.249652
jewelry,3,2,5.249652
charnel,3,2,5.249652
standpoint,3,3,4.844187
psychic,3,3,4.844187
eric,3,2,5.249652
oakland,3,2,5.249652
sentiment,3,3,4.844187
unshakeable,3,1,5.942799
karaoke,3,1,5.942799
withdrawal,3,3,4.844187
gauge,3,3,4.844187
inappropriate,3,3,4.844187
instagram,3,2,5.249652
12-fold,3,1,5.942799
knee-jerk,3,2,5.249652
renunciate,3,2,5.249652
blanche,3,1,5.942799
kurt,3,2,5.249652
abidings,3,2,5.249652
rack,3,2,5.249652
exertion,3,2,5.249652
committee,3,2,5.249652
rupture,3,2,5.249652
wart,3,3,4.844187
misogyny,3,2,5.249652
three-quarters,3,3,4.844187
isle,3,1,5.942799
truthfully,3,3,4.844187
avijja,3,2,5.249652
unknowing,3,3,4.844187
reasonably,3,3,4.844187
democracy,3,2,5.249652
parch,3,2,5.249652
metric,3,3,4.844187
bargain,3,3,4.844187
dhamma-vicaya,3,2,5.249652
flatness,3,2,5.249652
ineffective,3,3,4.844187
cavern,3,2,5.249652
parachute,3,1,5.942799
feeler,3,2,5.249652
recourse,3,3,4.844187
unobstructed,3,2,5.249652
scare,3,3,4.844187
slam,3,3,4.844187
nightmare,3,2,5.249652
four-footed,3,1,5.942799
stoplight,3,2,5.249652
parse,3,3,4.844187
tailor,3,2,5.249652
crystal,3,3,4.844187
transmission,3,3,4.844187
crowdsourced,3,2,5.249652
utopia,3,2,5.249652
cyclical,3,3,4.844187
cowardice,3,2,5.249652
warrant,3,3,4.844187
vesak,3,2,5.249652
bonfire,3,3,4.844187
daylight,3,3,4.844187
tandem,3,3,4.844187
unveil,3,3,4.844187
raga,3,2,5.249652
biofeedback,3,3,4.844187
mattress,3,3,4.844187
comforter,3,2,5.249652
dilute,3,2,5.249652
rogers,3,3,4.844187
uneven,3,1,5.942799
riddle,3,3,4.844187
misuse,3,3,4.844187
superego,3,1,5.942799
mightily,3,2,5.249652
aronson,3,1,5.942799
mahatma,3,3,4.844187
impulsively,3,3,4.844187
orleans,3,2,5.249652
ledge,3,3,4.844187
earthy,3,3,4.844187
turbulence,3,3,4.844187
unpredictability,3,3,4.844187
affinity,3,3,4.844187
gatha,3,1,5.942799
unknowable,3,3,4.844187
separateness,3,2,5.249652
avert,3,3,4.844187
cary,3,1,5.942799
pad,3,3,4.844187
grad,3,3,4.844187
y'all,3,2,5.249652
cheerfully,3,2,5.249652
leftover,3,3,4.844187
fracture,3,3,4.844187
able-bodied,3,2,5.249652
premature,3,3,4.844187
unblemished,3,2,5.249652
karaniya,3,1,5.942799
amaravati,3,2,5.249652
paritta,3,1,5.942799
mangala,3,2,5.249652
magically,3,3,4.844187
incompatible,3,3,4.844187
omit,3,3,4.844187
taunt,3,2,5.249652
conduit,3,3,4.844187
watashi,3,1,5.942799
individualism,3,3,4.844187
lawfulness,3,2,5.249652
exemplar,3,2,5.249652
mug,3,1,5.942799
uncontrollability,3,3,4.844187
indication,3,3,4.844187
evenly,3,3,4.844187
nigantha,3,1,5.942799
nataputta,3,1,5.942799
setup,3,3,4.844187
tentative,3,3,4.844187
Chen Ying ,3,3,4.844187
pervasiveness,3,3,4.844187
non-grasping,3,2,5.249652
elect,3,2,5.249652
predetermine,3,3,4.844187
cacophony,3,1,5.942799
niggle,3,2,5.249652
philip,3,2,5.249652
inflate,3,3,4.844187
apprehension,3,1,5.942799
vindictiveness,3,1,5.942799
action-oriented,3,2,5.249652
endearment,3,2,5.249652
non-referentiality,3,1,5.942799
rocket,3,2,5.249652
nephew,3,3,4.844187
mana,3,2,5.249652
primitive,3,3,4.844187
abyss,3,2,5.249652
currency,3,2,5.249652
wrongly,3,2,5.249652
willpower,3,3,4.844187
beet,3,1,5.942799
seattle,3,3,4.844187
digital,3,2,5.249652
arya,3,1,5.942799
sacca,3,3,4.844187
transmigrate,3,2,5.249652
moffitt,3,2,5.249652
lengthy,3,3,4.844187
ladder,3,2,5.249652
maternity,3,1,5.942799
ekodi,3,1,5.942799
mcdonald,3,3,4.844187
hyper-educated,3,2,5.249652
seamless,3,2,5.249652
rouse,3,1,5.942799
deterministic,3,1,5.942799
forsake,3,2,5.249652
mozart,3,1,5.942799
harmfulness,3,2,5.249652
ardency,3,2,5.249652
fortress,3,2,5.249652
mannequin,3,1,5.942799
khon,3,1,5.942799
certify,3,2,5.249652
precarious,3,2,5.249652
lingo,3,3,4.844187
luggage,3,2,5.249652
forecast,3,2,5.249652
routinely,3,3,4.844187
stratman,3,2,5.249652
feit,3,1,5.942799
bhayabherava,3,2,5.249652
nervousness,3,3,4.844187
namo,3,2,5.249652
tassa,3,2,5.249652
laziness,3,3,4.844187
punchline,3,3,4.844187
dosa,3,1,5.942799
shout,3,3,4.844187
admirable,3,2,5.249652
subtractive,3,1,5.942799
dissect,3,1,5.942799
courtroom,3,2,5.249652
peril,3,3,4.844187
never-ending,3,3,4.844187
non-hatred,3,3,4.844187
abandonment,3,3,4.844187
katthahari,3,2,5.249652
linguistically,3,3,4.844187
vasabhakhattiya,3,1,5.942799
nagamunda,3,1,5.942799
allegory,3,2,5.249652
menstruation,3,2,5.249652
marketplace,3,3,4.844187
linderman,3,1,5.942799
clinician,3,2,5.249652
collaborate,3,3,4.844187
generalist,3,1,5.942799
consultation,3,2,5.249652
nausea,3,2,5.249652
average,3,2,5.249652
firefly,3,2,5.249652
collectively,3,3,4.844187
fishbowl,3,1,5.942799
kleshas,3,3,4.844187
mystical,3,3,4.844187
bitter,3,3,4.844187
fluff,3,1,5.942799
notification,3,1,5.942799
calculate,3,3,4.844187
zendo,3,2,5.249652
unattended,3,3,4.844187
gratify,3,3,4.844187
refreshment,3,2,5.249652
slippery,3,3,4.844187
munch,3,2,5.249652
tahoe,3,2,5.249652
demonic,3,1,5.942799
embroil,3,1,5.942799
undergird,3,1,5.942799
drastic,3,1,5.942799
irrationally,3,1,5.942799
stubbornness,3,1,5.942799
nike,3,1,5.942799
purgatory,3,1,5.942799
paintbrush,3,1,5.942799
screwdriver,3,1,5.942799
talmud,3,1,5.942799
reagan,3,1,5.942799
gorbachev,3,1,5.942799
dn,3,1,5.942799
sn,3,1,5.942799
conflict-free,3,1,5.942799
protector,3,3,4.844187
armstrong,3,2,5.249652
double,3,3,4.844187
self-hatred,3,3,4.844187
fragility,3,3,4.844187
whoop,3,2,5.249652
painfulness,3,3,4.844187
partway,3,3,4.844187
trek,3,3,4.844187
inspirational,3,3,4.844187
dogwood,3,1,5.942799
owner,3,3,4.844187
piss,3,2,5.249652
espn,3,1,5.942799
scotty,3,1,5.942799
scheffler,3,1,5.942799
wonderfulness,3,3,4.844187
maha,3,3,4.844187
symphony,3,1,5.942799
tissa,3,1,5.942799
yosemite,3,1,5.942799
matter-of-fact,3,2,5.249652
diffusive,3,1,5.942799
heartbreaking,3,3,4.844187
portal,3,3,4.844187
assassinate,3,2,5.249652
padana,3,1,5.942799
vessantara,3,1,5.942799
omniscience,3,2,5.249652
all-powerful,3,3,4.844187
theoretically,3,2,5.249652
headlight,3,1,5.942799
disassociation,3,2,5.249652
contagious,3,2,5.249652
exile,3,2,5.249652
spontaneity,3,1,5.942799
performative,3,1,5.942799
bedroom,3,2,5.249652
magnitude,3,2,5.249652
spade,3,2,5.249652
twitchy,3,2,5.249652
revolutionary,3,3,4.844187
passenger,3,2,5.249652
sandbank,3,2,5.249652
retell,3,1,5.942799
sunset,3,1,5.942799
enthusiastic,3,3,4.844187
morillo,3,1,5.942799
bare,3,3,4.844187
updraft,3,2,5.249652
extol,3,2,5.249652
manual,3,2,5.249652
mecca,3,1,5.942799
overactive,3,3,4.844187
chapel,3,2,5.249652
dogmatic,3,2,5.249652
envelope,3,1,5.942799
jesse,3,3,4.844187
temperamentally,3,2,5.249652
unintelligible,3,2,5.249652
constellate,3,3,4.844187
hypocrisy,3,3,4.844187
incentive,3,1,5.942799
grandmother,3,3,4.844187
ruthlessness,3,3,4.844187
amoeba,3,2,5.249652
michael,3,2,5.249652
desirable,3,3,4.844187
futility,3,2,5.249652
connote,3,2,5.249652
baldy,3,1,5.942799
arch,3,2,5.249652
dipper,3,1,5.942799
ingrate,3,1,5.942799
fingernail,3,2,5.249652
kneel,3,2,5.249652
colin,3,1,5.942799
bakery,3,2,5.249652
theravadin,3,2,5.249652
sweat,3,2,5.249652
displace,3,2,5.249652
mash,3,2,5.249652
receptor,3,2,5.249652
forfeit,3,2,5.249652
wholeheartedness,3,3,4.844187
orthodox,3,2,5.249652
nakulapita,3,1,5.942799
deadly,3,2,5.249652
migraine,3,1,5.942799
insidious,3,1,5.942799
matara,3,1,5.942799
eastward,3,1,5.942799
lankan,3,1,5.942799
mercantile,3,1,5.942799
incursion,3,1,5.942799
indo-european,3,1,5.942799
large-scale,3,1,5.942799
aniconic,3,1,5.942799
borobudur,3,1,5.942799
indonesia,3,1,5.942799
colonel,3,1,5.942799
olcott,3,1,5.942799
madame,3,1,5.942799
blavatsky,3,1,5.942799
guardian,3,3,4.844187
iniquity,3,1,5.942799
penny,3,1,5.942799
bruise,3,2,5.249652
ordeal,3,1,5.942799
mate,3,2,5.249652
butte,3,1,5.942799
mama,3,3,4.844187
waitress,3,1,5.942799
buzzkill,3,2,5.249652
unneeded,3,1,5.942799
self-ideas,3,1,5.942799
modify,3,2,5.249652
lunchtime,3,1,5.942799
minus,3,2,5.249652
fancy,3,2,5.249652
peasant,3,1,5.942799
cottage,3,1,5.942799
esp,3,1,5.942799
ambience,3,1,5.942799
rotten,3,2,5.249652
shasta,3,1,5.942799
revise,3,3,4.844187
blindly,3,3,4.844187
ford,3,1,5.942799
darsana,3,1,5.942799
seon,3,1,5.942799
buddhahood,3,1,5.942799
intolerant,3,2,5.249652
spheres-our,3,1,5.942799
chemistry,3,2,5.249652
hive,3,1,5.942799
waterskiing,3,1,5.942799
lisa,3,2,5.249652
thesis,3,2,5.249652
unwell,3,1,5.942799
bereavement,3,2,5.249652
mormon,3,1,5.942799
div,3,1,5.942799
nimitta,3,1,5.942799
legible,3,2,5.249652
vasetthi,3,1,5.942799
descriptor,3,3,4.844187
plurality,3,2,5.249652
yama,3,1,5.942799
tusita,3,1,5.942799
suffusion,3,2,5.249652
impartially,3,3,4.844187
grasshopper,3,1,5.942799
fellowship,3,2,5.249652
materialism,3,1,5.942799
hummingbird,3,1,5.942799
alison,3,1,5.942799
tailor-made,3,1,5.942799
tabletop,3,1,5.942799
pong,3,1,5.942799
pan,3,1,5.942799
artifice,3,1,5.942799
borison,3,1,5.942799
five-step,3,1,5.942799
forty,3,2,5.249652
occupation,3,1,5.942799
annanda,3,1,5.942799
psychedelic,3,2,5.249652
admins,3,1,5.942799
3x,3,1,5.942799
year-round,3,1,5.942799
clickity-click-click,3,1,5.942799
valorization,3,1,5.942799
rhizome,3,1,5.942799
fungi,3,1,5.942799
grande,3,1,5.942799
burrito,3,1,5.942799
financially,3,1,5.942799
ecologically,3,1,5.942799
electric,3,1,5.942799
gregarious,3,1,5.942799
fantastical,3,1,5.942799
pejorative,3,1,5.942799
unloved,3,1,5.942799
gingerbread,3,1,5.942799
not-so-wholesome,3,1,5.942799
hurdle,3,1,5.942799
piyavaja,3,1,5.942799
acting-out,3,1,5.942799
disruptiveness,3,1,5.942799
big-hearted,3,1,5.942799
tejaniya,3,1,5.942799
captivity,3,1,5.942799
surfer,3,1,5.942799
jillian,3,1,5.942799
introspection,3,1,5.942799
modernity,2,1,5.942799
confucianist,2,1,5.942799
cause-and-effect,2,2,5.249652
randomness,2,1,5.942799
accretion,2,1,5.942799
abrahamic,2,2,5.249652
aristotle,2,2,5.249652
paradoxical,2,2,5.249652
religiosity,2,2,5.249652
byung-chul,2,1,5.942799
han,2,1,5.942799
capitalism,2,2,5.249652
fashion,2,2,5.249652
ceremonial,2,2,5.249652
graduation,2,2,5.249652
steve,2,2,5.249652
fourfold,2,1,5.942799
hub,2,2,5.249652
concentric,2,2,5.249652
meticulously,2,2,5.249652
reductive,2,2,5.249652
statistic,2,1,5.942799
scientifically,2,2,5.249652
hourglass,2,1,5.942799
crest,2,2,5.249652
clingings,2,1,5.942799
daytime,2,2,5.249652
mahakassapa,2,1,5.942799
kassapas,2,1,5.942799
simsapa,2,1,5.942799
frivolous,2,1,5.942799
evildoer,2,1,5.942799
execute,2,2,5.249652
shampoo,2,2,5.249652
evil-smelling,2,1,5.942799
sloth-producing,2,1,5.942799
thump,2,1,5.942799
rainfall,2,2,5.249652
gobble,2,1,5.942799
unwisely,2,2,5.249652
swineherd,2,1,5.942799
ooze,2,1,5.942799
flax,2,1,5.942799
copper,2,1,5.942799
quick-witted,2,2,5.249652
opponent,2,2,5.249652
slay,2,2,5.249652
gruel,2,2,5.249652
unappealing,2,2,5.249652
unkindness,2,2,5.249652
carelessly,2,1,5.942799
immortality,2,2,5.249652
gotta,2,2,5.249652
misbehave,2,2,5.249652
three-year-old,2,2,5.249652
depression-era,2,1,5.942799
upper-middle-class,2,2,5.249652
countenance,2,1,5.942799
pertinent,2,2,5.249652
credence,2,2,5.249652
phlegm,2,2,5.249652
tsunami,2,2,5.249652
iraq,2,1,5.942799
perpetrate,2,2,5.249652
princely,2,1,5.942799
queenly,2,1,5.942799
kingly,2,1,5.942799
overboard,2,2,5.249652
andy,2,1,5.942799
khantipalo,2,1,5.942799
november,2,2,5.249652
no-brainer,2,2,5.249652
cheerful,2,1,5.942799
giver,2,1,5.942799
paralyze,2,2,5.249652
thunderstorm,2,1,5.942799
metabolism,2,2,5.249652
airline,2,2,5.249652
retrain,2,2,5.249652
stroll,2,2,5.249652
calligraphy,2,1,5.942799
immensely,2,2,5.249652
champagne,2,2,5.249652
budbill,2,2,5.249652
unload,2,2,5.249652
emote,2,2,5.249652
paternal,2,2,5.249652
castigate,2,2,5.249652
nominally,2,2,5.249652
mind-body,2,2,5.249652
tailbone,2,2,5.249652
brass,2,2,5.249652
self-consciously,2,2,5.249652
far-fetched,2,2,5.249652
connectivity,2,2,5.249652
residue,2,2,5.249652
three-day,2,2,5.249652
middle-sized,2,1,5.942799
humiliation,2,2,5.249652
cavity,2,1,5.942799
burner,2,2,5.249652
interior,2,2,5.249652
percolate,2,2,5.249652
austere,2,2,5.249652
shrug,2,2,5.249652
360-degree,2,2,5.249652
kinesthetic,2,2,5.249652
wisdom-oriented,2,2,5.249652
reconnection,2,2,5.249652
re-familiarity,2,2,5.249652
fickle,2,2,5.249652
hedonist,2,2,5.249652
skyline,2,2,5.249652
boulevard,2,2,5.249652
backdrop,2,2,5.249652
roil,2,1,5.942799
spangle,2,1,5.942799
braid,2,1,5.942799
stationary,2,2,5.249652
enchantment,2,2,5.249652
spree,2,2,5.249652
davis,2,1,5.942799
botany,2,1,5.942799
kidney,2,1,5.942799
specialness,2,2,5.249652
reverent,2,2,5.249652
log,2,1,5.942799
drape,2,2,5.249652
trickster,2,2,5.249652
leakey,2,1,5.942799
olive,2,1,5.942799
overfarmed,2,1,5.942799
humanly,2,2,5.249652
regeneration,2,1,5.942799
francis,2,2,5.249652
edgewood,2,2,5.249652
burial,2,1,5.942799
refamiliarizing,2,2,5.249652
journaling,2,2,5.249652
rearview,2,2,5.249652
quadrant,2,2,5.249652
self-project,2,2,5.249652
self-preoccupations,2,2,5.249652
self-concept,2,2,5.249652
self-identity,2,2,5.249652
innocently,2,2,5.249652
curl,2,2,5.249652
collarbone,2,1,5.942799
lopsided,2,1,5.942799
expansively,2,2,5.249652
oomph,2,2,5.249652
individuality,2,2,5.249652
sarton,2,1,5.942799
phoebe,2,1,5.942799
hen,2,2,5.249652
petrify,2,1,5.942799
avalokiteshvara,2,1,5.942799
kansa,2,2,5.249652
repose,2,2,5.249652
mitigate,2,2,5.249652
unself-consciously,2,2,5.249652
co-creation,2,2,5.249652
obligate,2,2,5.249652
venture,2,2,5.249652
eagerness,2,2,5.249652
outwardly,2,2,5.249652
priceless,2,2,5.249652
explosion,2,2,5.249652
empowerment,2,2,5.249652
elm,2,1,5.942799
archer,2,2,5.249652
flail,2,2,5.249652
seasonal,2,2,5.249652
egotistical,2,2,5.249652
disarm,2,2,5.249652
inconsistent,2,2,5.249652
correctional,2,2,5.249652
immigration,2,2,5.249652
prep,2,2,5.249652
rustle,2,2,5.249652
birdsong,2,2,5.249652
community-based,2,2,5.249652
taxpayer,2,2,5.249652
offender,2,1,5.942799
universality,2,2,5.249652
woundedness,2,2,5.249652
unfinished,2,2,5.249652
bloody-handed,2,1,5.942799
stymie,2,2,5.249652
clod,2,2,5.249652
unfairly,2,2,5.249652
siren,2,2,5.249652
brake,2,1,5.942799
sensible,2,2,5.249652
unwrap,2,1,5.942799
diverge,2,2,5.249652
rebuild,2,2,5.249652
interrelational,2,2,5.249652
silvery,2,1,5.942799
palmer,2,1,5.942799
bouquet,2,2,5.249652
long-lost,2,2,5.249652
crook,2,2,5.249652
tennis,2,2,5.249652
clique,2,1,5.942799
fart,2,1,5.942799
applause,2,2,5.249652
multitasking,2,2,5.249652
bombard,2,2,5.249652
othered,2,2,5.249652
indignant,2,2,5.249652
open-heartedness,2,2,5.249652
thusness,2,2,5.249652
deform,2,2,5.249652
sag,2,2,5.249652
commerce,2,2,5.249652
proximate,2,2,5.249652
myanmar,2,1,5.942799
periodic,2,2,5.249652
elemental,2,2,5.249652
pun,2,2,5.249652
selflessness,2,2,5.249652
amp,2,2,5.249652
lifeless,2,2,5.249652
mudra,2,2,5.249652
patacara,2,2,5.249652
wick,2,2,5.249652
utah,2,1,5.942799
hail,2,2,5.249652
potency,2,2,5.249652
denote,2,2,5.249652
not-so-obvious,2,2,5.249652
disdain,2,2,5.249652
whimsical,2,2,5.249652
recharge,2,2,5.249652
keyboard,2,1,5.942799
housework,2,2,5.249652
bandwidth,2,1,5.942799
thrash,2,2,5.249652
mic,2,1,5.942799
instructional,2,2,5.249652
juncture,2,2,5.249652
exploratory,2,2,5.249652
bolter,2,2,5.249652
teachable,2,2,5.249652
mindlessness,2,2,5.249652
moderate,2,2,5.249652
mellow,2,2,5.249652
yank,2,2,5.249652
falter,2,2,5.249652
pulsation,2,2,5.249652
digestion,2,2,5.249652
ticker,2,1,5.942799
17-year-old,2,2,5.249652
transitory,2,2,5.249652
punctuate,2,2,5.249652
unmoored,2,1,5.942799
rainer,2,2,5.249652
retreatant,2,2,5.249652
milieu,2,1,5.942799
outlet,2,2,5.249652
kerfuffle,2,2,5.249652
rationalize,2,2,5.249652
fetal,2,2,5.249652
placement,2,2,5.249652
1980s,2,2,5.249652
hillman,2,1,5.942799
bumper,2,2,5.249652
seep,2,2,5.249652
inroad,2,1,5.942799
extrapolate,2,2,5.249652
me-ness,2,2,5.249652
mississippi,2,1,5.942799
millisecond,2,2,5.249652
taylor,2,2,5.249652
swift,2,2,5.249652
er,2,2,5.249652
heraclitus,2,2,5.249652
extinguish,2,2,5.249652
carelessness,2,1,5.942799
atthakavagga,2,2,5.249652
kama,2,2,5.249652
sidestep,2,2,5.249652
bail,2,1,5.942799
not-wanting,2,1,5.942799
self-focused,2,2,5.249652
never-departing,2,2,5.249652
gizmo,2,1,5.942799
wan,2,2,5.249652
overexert,2,2,5.249652
burnout,2,2,5.249652
brood,2,2,5.249652
sylvia,2,2,5.249652
boorstein,2,2,5.249652
checkout,2,2,5.249652
disorganize,2,2,5.249652
hobby,2,2,5.249652
weighty,2,2,5.249652
matt,2,2,5.249652
canadian,2,2,5.249652
howl,2,2,5.249652
heed,2,2,5.249652
glen,2,2,5.249652
vipallasa,2,1,5.942799
correspond,2,2,5.249652
deathbed,2,2,5.249652
identifiable,2,2,5.249652
beginningless,2,2,5.249652
25th,2,2,5.249652
meteor,2,2,5.249652
29th,2,2,5.249652
disavow,2,2,5.249652
glowingly,2,1,5.942799
pillar,2,2,5.249652
self-involved,2,2,5.249652
cleanly,2,2,5.249652
alchemically,2,2,5.249652
eros,2,2,5.249652
maitripa,2,1,5.942799
oregon,2,2,5.249652
anonymously,2,2,5.249652
dogen,2,2,5.249652
negation,2,2,5.249652
concretize,2,2,5.249652
delusional,2,2,5.249652
vanquish,2,2,5.249652
pioneer,2,2,5.249652
frontier,2,2,5.249652
non-buddhists,2,2,5.249652
cohort,2,1,5.942799
ventilator,2,1,5.942799
terminal,2,2,5.249652
conservative,2,2,5.249652
tracheotomy,2,1,5.942799
removal,2,2,5.249652
combative,2,2,5.249652
profess,2,2,5.249652
worsen,2,2,5.249652
alliance,2,2,5.249652
religiously,2,2,5.249652
schema,2,2,5.249652
primordial,2,2,5.249652
remen,2,2,5.249652
peership,2,1,5.942799
attentively,2,2,5.249652
template,2,2,5.249652
gwen,2,1,5.942799
unspoken,2,2,5.249652
cadge,2,1,5.942799
pre-existing,2,2,5.249652
suffice,2,2,5.249652
hm,2,2,5.249652
bracket,2,2,5.249652
catholicism,2,1,5.942799
holiness,2,2,5.249652
filmmaker,2,2,5.249652
reapplying,2,1,5.942799
particle,2,2,5.249652
masseuse,2,2,5.249652
kindle,2,2,5.249652
hellenistic,2,1,5.942799
skeptic,2,1,5.942799
scholarship,2,2,5.249652
consensus,2,2,5.249652
portrait,2,2,5.249652
rhys,2,1,5.942799
conviction,2,2,5.249652
legalistic,2,1,5.942799
piety,2,2,5.249652
self-control,2,2,5.249652
abhidhamma,2,1,5.942799
slumber,2,1,5.942799
granular,2,2,5.249652
northeast,2,2,5.249652
simplistically,2,2,5.249652
centrally,2,2,5.249652
vipula,2,2,5.249652
theologian,2,2,5.249652
clumsy,2,2,5.249652
emoji,2,2,5.249652
appamada,2,1,5.942799
cody,2,1,5.942799
gulch,2,2,5.249652
shunryu,2,2,5.249652
drinker,2,2,5.249652
4th,2,2,5.249652
egypt,2,2,5.249652
afghanistan,2,1,5.942799
pakistan,2,1,5.942799
empire,2,2,5.249652
democritus,2,1,5.942799
speculative,2,2,5.249652
caveat,2,2,5.249652
hypothetically,2,2,5.249652
atheist,2,2,5.249652
strangely,2,2,5.249652
animism,2,1,5.942799
mystify,2,2,5.249652
strangle,2,2,5.249652
cult,2,2,5.249652
unstructured,2,2,5.249652
sheer,2,2,5.249652
darlene,2,1,5.942799
successfully,2,2,5.249652
ambiguity,2,2,5.249652
dunker,2,1,5.942799
hannah,2,2,5.249652
passionately,2,2,5.249652
optimize,2,2,5.249652
uninterested,2,2,5.249652
diogenes,2,1,5.942799
laertius,2,1,5.942799
3rd,2,2,5.249652
tragedian,2,1,5.942799
fleshly,2,1,5.942799
admirer,2,2,5.249652
exam,2,2,5.249652
extraordinarily,2,2,5.249652
rhetoric,2,1,5.942799
unlimited,2,2,5.249652
outrageous,2,2,5.249652
over-striving,2,2,5.249652
panelist,2,1,5.942799
silananda,2,2,5.249652
unplanned,2,2,5.249652
com,2,1,5.942799
subsume,2,2,5.249652
balm,2,2,5.249652
self-heal,2,1,5.942799
desolate,2,2,5.249652
enormity,2,2,5.249652
dampen,2,2,5.249652
flirt,2,2,5.249652
tribalism,2,2,5.249652
mutuality,2,2,5.249652
trespass,2,2,5.249652
themself,2,2,5.249652
underside,2,2,5.249652
optimal,2,2,5.249652
epidemic,2,2,5.249652
hedge,2,2,5.249652
dissonance,2,2,5.249652
dharmettes,2,1,5.942799
ecumenical,2,2,5.249652
reckon,2,1,5.942799
shakyamuni,2,1,5.942799
pluralism,2,1,5.942799
rampant,2,2,5.249652
successive,2,2,5.249652
rant,2,2,5.249652
rave,2,2,5.249652
ferment,2,2,5.249652
nondual,2,2,5.249652
approximately,2,1,5.942799
body-wide,2,1,5.942799
forearm,2,2,5.249652
droplet,2,2,5.249652
beneficent,2,2,5.249652
stalk,2,2,5.249652
kensho,2,2,5.249652
document,2,2,5.249652
fourthly,2,2,5.249652
unlock,2,1,5.942799
loch,2,1,5.942799
underpassing,2,1,5.942799
therapeutic,2,2,5.249652
hazard,2,1,5.942799
whack-a-mole,2,2,5.249652
miniature,2,2,5.249652
upside-down,2,2,5.249652
stratum,2,2,5.249652
hearer,2,1,5.942799
ala,2,2,5.249652
relentlessly,2,2,5.249652
suppleness,2,2,5.249652
regulation,2,2,5.249652
improvisational,2,2,5.249652
extensively,2,2,5.249652
permeable,2,2,5.249652
accommodate,2,2,5.249652
colloquially,2,2,5.249652
amiss,2,2,5.249652
pry,2,2,5.249652
logo,2,1,5.942799
hundredth,2,2,5.249652
day-long,2,2,5.249652
blackbird,2,1,5.942799
imprisonment,2,2,5.249652
craftsperson,2,1,5.942799
contextual,2,2,5.249652
functionally,2,2,5.249652
hybrid,2,2,5.249652
self-critical,2,2,5.249652
carer,2,2,5.249652
plop,2,2,5.249652
attha,2,2,5.249652
veda,2,2,5.249652
conductor,2,1,5.942799
instinctual,2,2,5.249652
crust,2,2,5.249652
belittle,2,2,5.249652
buoyant,2,2,5.249652
detract,2,2,5.249652
healthy-looking,2,2,5.249652
beautiful-looking,2,2,5.249652
non-thinking,2,2,5.249652
grate,2,2,5.249652
tenor,2,2,5.249652
wildflower,2,2,5.249652
abate,2,2,5.249652
caress,2,2,5.249652
steadfast,2,2,5.249652
upaya,2,2,5.249652
sleeper,2,1,5.942799
suggestible,2,1,5.942799
morally,2,2,5.249652
prophet,2,2,5.249652
moralize,2,2,5.249652
tongue-in-cheek,2,2,5.249652
jumpy,2,2,5.249652
visceral,2,2,5.249652
pit,2,2,5.249652
glamorous,2,2,5.249652
microcosm,2,2,5.249652
coexistence,2,2,5.249652
wishful,2,2,5.249652
australia,2,2,5.249652
comfy,2,1,5.942799
downside,2,2,5.249652
scaffold,2,2,5.249652
harbinger,2,2,5.249652
well-placed,2,2,5.249652
pronunciation,2,2,5.249652
loudness,2,2,5.249652
musculature,2,2,5.249652
shrivel,2,2,5.249652
pixel,2,2,5.249652
inseparably,2,2,5.249652
suffusive,2,2,5.249652
alcoholism,2,2,5.249652
dunn,2,2,5.249652
pelvis,2,2,5.249652
virtuosity,2,1,5.942799
gymnast,2,1,5.942799
homo,2,2,5.249652
sapiens,2,2,5.249652
stagger,2,2,5.249652
locked-in,2,2,5.249652
sila-paramasa,2,1,5.942799
scrunch,2,2,5.249652
17th,2,2,5.249652
anyways,2,2,5.249652
non-well-being,2,2,5.249652
blip,2,2,5.249652
short-lived,2,2,5.249652
phew,2,2,5.249652
inconsiderate,2,1,5.942799
supple,2,2,5.249652
dandelion,2,2,5.249652
proprioception,2,2,5.249652
mothership,2,2,5.249652
dipa,2,2,5.249652
ma,2,2,5.249652
grandmotherly,2,2,5.249652
open-mindedness,2,2,5.249652
empiricist,2,2,5.249652
ted,2,2,5.249652
julian,2,2,5.249652
baggini,2,2,5.249652
configuration,2,2,5.249652
neuroscience,2,2,5.249652
url,2,2,5.249652
desert-like,2,2,5.249652
nestle,2,2,5.249652
fidget,2,2,5.249652
waist,2,2,5.249652
conceptually,2,2,5.249652
melancholy,2,2,5.249652
hagglund,2,2,5.249652
presuppose,2,2,5.249652
intelligible,2,2,5.249652
poignency,2,2,5.249652
interbeing,2,1,5.942799
deathlessness,2,1,5.942799
award,2,2,5.249652
centrality,2,2,5.249652
subjectivity,2,2,5.249652
genius,2,2,5.249652
instrumental,2,2,5.249652
ancestrally,2,1,5.942799
positively,2,2,5.249652
trump,2,2,5.249652
consistently,2,2,5.249652
heartwarming,2,2,5.249652
co-teachers,2,2,5.249652
joyous,2,2,5.249652
humidity,2,2,5.249652
upadana,2,2,5.249652
emit,2,2,5.249652
fanciful,2,2,5.249652
portia,2,1,5.942799
aloofness,2,2,5.249652
fallout,2,2,5.249652
censor,2,2,5.249652
operationalize,2,1,5.942799
tara,2,1,5.942799
brach,2,1,5.942799
narrowly,2,2,5.249652
one-pointedly,2,2,5.249652
spy,2,2,5.249652
connive,2,2,5.249652
irreducible,2,2,5.249652
pessimist,2,1,5.942799
moggallana,2,2,5.249652
de,2,2,5.249652
explanatory,2,2,5.249652
carnival,2,2,5.249652
trench,2,2,5.249652
self-aggrandizing,2,2,5.249652
commend,2,2,5.249652
grandiosity,2,2,5.249652
wallow,2,2,5.249652
punitive,2,1,5.942799
re-member,2,1,5.942799
belonger,2,1,5.942799
clear-eyed,2,1,5.942799
aloud,2,2,5.249652
conveyance,2,2,5.249652
foam,2,1,5.942799
sinew,2,2,5.249652
interpenetrate,2,2,5.249652
flare,2,2,5.249652
resume,2,2,5.249652
alteration,2,2,5.249652
skateboard,2,1,5.942799
appropriateness,2,2,5.249652
well-directed,2,2,5.249652
uniformly,2,2,5.249652
gladly,2,2,5.249652
firmness,2,2,5.249652
sleepiness,2,2,5.249652
top-level,2,2,5.249652
nano,2,1,5.942799
thousand-piece,2,1,5.942799
sakkayaditthi,2,2,5.249652
garage,2,2,5.249652
alzheimer,2,1,5.942799
parameter,2,2,5.249652
foresee,2,2,5.249652
future-oriented,2,2,5.249652
acid,2,2,5.249652
mima,2,2,5.249652
ubiquitous,2,2,5.249652
like-minded,2,2,5.249652
bruce,2,2,5.249652
ninth,2,2,5.249652
is-ness,2,2,5.249652
complement,2,2,5.249652
super-walking,2,1,5.942799
stride,2,2,5.249652
prolific,2,2,5.249652
operation,2,2,5.249652
nama-rupa,2,2,5.249652
reset,2,2,5.249652
lookout,2,2,5.249652
essentializing,2,2,5.249652
attentionally,2,2,5.249652
peace-producing,2,2,5.249652
expressive,2,2,5.249652
chado,2,2,5.249652
un-beautiful,2,2,5.249652
ugh,2,2,5.249652
rosy,2,2,5.249652
streamlet,2,2,5.249652
whimsy,2,2,5.249652
repulsive,2,1,5.942799
molasses,2,2,5.249652
counterproductive,2,2,5.249652
self-help,2,1,5.942799
bookstore,2,2,5.249652
sandbar,2,1,5.942799
16th,2,2,5.249652
headphone,2,1,5.942799
tinker,2,2,5.249652
tactic,2,2,5.249652
commentator,2,2,5.249652
efficiency,2,2,5.249652
prestigious,2,2,5.249652
luckily,2,2,5.249652
dispirit,2,2,5.249652
ruffle,2,2,5.249652
non-anxious,2,2,5.249652
end-of-the-year,2,2,5.249652
unmistakably,2,2,5.249652
misery,2,2,5.249652
crumble,2,2,5.249652
paticcasamuppada,2,2,5.249652
glacier,2,2,5.249652
harrow,2,2,5.249652
distil,2,2,5.249652
improvise,2,2,5.249652
incoming,2,2,5.249652
rumi,2,2,5.249652
explode,2,2,5.249652
selfhood,2,2,5.249652
awash,2,2,5.249652
pixelated,2,2,5.249652
materiality,2,2,5.249652
sever,2,2,5.249652
water-related,2,2,5.249652
ogha,2,2,5.249652
greenhouse,2,1,5.942799
retirement,2,2,5.249652
overvalue,2,2,5.249652
what'll,2,2,5.249652
institutional,2,2,5.249652
board-certified,2,2,5.249652
rabbi,2,2,5.249652
nighttime,2,1,5.942799
fore,2,2,5.249652
outreach,2,2,5.249652
denomination,2,2,5.249652
foray,2,2,5.249652
nationally,2,2,5.249652
spanish,2,2,5.249652
civic,2,2,5.249652
attendee,2,1,5.942799
marginal,2,2,5.249652
presbyterian,2,2,5.249652
passover,2,1,5.942799
vigil,2,2,5.249652
long-standing,2,2,5.249652
saunter,2,1,5.942799
medieval,2,2,5.249652
reform,2,2,5.249652
wolf,2,2,5.249652
khuddaka,2,2,5.249652
cornerstone,2,2,5.249652
cladding,2,1,5.942799
sophist,2,1,5.942799
vedic,2,2,5.249652
hollow,2,2,5.249652
divisible,2,1,5.942799
flush,2,2,5.249652
foliage,2,2,5.249652
scarce,2,2,5.249652
finalize,2,2,5.249652
touchstone,2,2,5.249652
kindhearted,2,2,5.249652
long-lasting,2,2,5.249652
fulder,2,2,5.249652
anthology,2,2,5.249652
descriptive,2,2,5.249652
prescriptive,2,2,5.249652
kapilavatthu,2,1,5.942799
bilva,2,1,5.942799
sapling,2,1,5.942799
courteous,2,1,5.942799
proponent,2,2,5.249652
recrimination,2,2,5.249652
papanca-sanna-sankha,2,1,5.942799
cognizable,2,2,5.249652
tangibles,2,2,5.249652
footstep,2,2,5.249652
machinery,2,2,5.249652
inextricably,2,2,5.249652
safeguard,2,2,5.249652
liberation-supporting,2,1,5.942799
open-minded,2,2,5.249652
shortage,2,2,5.249652
suffocate,2,2,5.249652
unthreatening,2,2,5.249652
stickier,2,2,5.249652
mu,2,1,5.942799
musculus,2,1,5.942799
scuttle,2,1,5.942799
gnaw,2,1,5.942799
circuitry,2,1,5.942799
badger,2,1,5.942799
wolverine,2,1,5.942799
scamper,2,1,5.942799
patter,2,1,5.942799
unsettledness,2,2,5.249652
portfolio,2,1,5.942799
lace,2,2,5.249652
deliciousness,2,2,5.249652
hangnail,2,2,5.249652
claw,2,2,5.249652
economist,2,2,5.249652
sociocultural,2,2,5.249652
exceed,2,2,5.249652
ambivalent,2,2,5.249652
misattuned,2,2,5.249652
solidarity,2,2,5.249652
polarize,2,2,5.249652
invasion,2,2,5.249652
starvation,2,2,5.249652
syria,2,2,5.249652
vacuum,2,2,5.249652
through-line,2,2,5.249652
coincidentally,2,1,5.942799
proposal,2,2,5.249652
two-day,2,2,5.249652
undocumented,2,1,5.942799
horrendous,2,2,5.249652
soapbox,2,2,5.249652
biologically,2,2,5.249652
unnatural,2,1,5.942799
prosper,2,2,5.249652
bergen,2,2,5.249652
castle,2,2,5.249652
correlation,2,2,5.249652
malevolence,2,1,5.942799
governance,2,2,5.249652
descendant,2,2,5.249652
comprehensible,2,1,5.942799
disillusionment,2,1,5.942799
cod,2,1,5.942799
deem,2,2,5.249652
appoint,2,2,5.249652
parinibbana,2,2,5.249652
knee-deep,2,2,5.249652
vibrant,2,2,5.249652
forum,2,2,5.249652
forage,2,2,5.249652
jarmusch,2,1,5.942799
resonant,2,2,5.249652
affectively,2,1,5.942799
palestine,2,2,5.249652
7th,2,2,5.249652
self-concepts,2,2,5.249652
glare,2,2,5.249652
flounder,2,2,5.249652
bust,2,2,5.249652
replenish,2,2,5.249652
fountain,2,2,5.249652
deleterious,2,1,5.942799
agricultural,2,2,5.249652
buzz,2,2,5.249652
occasional,2,2,5.249652
narrator,2,2,5.249652
electron,2,2,5.249652
enlarge,2,2,5.249652
depersonalization,2,1,5.942799
unreal,2,2,5.249652
intact,2,2,5.249652
co-occurring,2,2,5.249652
nagarjuna,2,2,5.249652
prospect,2,2,5.249652
bhavatanha,2,1,5.942799
perpetuation,2,1,5.942799
negatively,2,2,5.249652
self-accepting,2,2,5.249652
un-buddhist,2,2,5.249652
asphalt,2,2,5.249652
one-time,2,2,5.249652
two-fold,2,2,5.249652
animalsimiles,2,1,5.942799
dragon,2,2,5.249652
brevity,2,2,5.249652
marisa,2,2,5.249652
amand,2,2,5.249652
thrust,2,2,5.249652
impure,2,1,5.942799
splendorizing,2,1,5.942799
notch,2,2,5.249652
candy,2,2,5.249652
blog,2,2,5.249652
physique,2,2,5.249652
alcoholic,2,1,5.942799
carve,2,2,5.249652
short-circuit,2,2,5.249652
internationally,2,2,5.249652
snappy,2,1,5.942799
irritable,2,2,5.249652
mill,2,2,5.249652
harmlessly,2,2,5.249652
brink,2,2,5.249652
self-orientation,2,2,5.249652
limitlessness,2,2,5.249652
world-honored,2,1,5.942799
harmlessness,2,2,5.249652
sam,2,2,5.249652
pasanno,2,2,5.249652
foothill,2,2,5.249652
graphic,2,2,5.249652
headlong,2,2,5.249652
self-denial,2,2,5.249652
symbolism,2,2,5.249652
encyclopedia,2,1,5.942799
four-letter,2,2,5.249652
exhaustion,2,2,5.249652
aaa,2,1,5.942799
toughing,2,1,5.942799
grimace,2,2,5.249652
preferencing,2,2,5.249652
planner,2,2,5.249652
miranda,2,1,5.942799
residency,2,2,5.249652
tension-free,2,2,5.249652
selfies,2,2,5.249652
over-preoccupation,2,2,5.249652
caught-ness,2,2,5.249652
artifact,2,2,5.249652
nine-month,2,2,5.249652
boyfriend,2,2,5.249652
phil,2,2,5.249652
suspiciously,2,2,5.249652
warlike,2,2,5.249652
haystack,2,2,5.249652
acclamation,2,2,5.249652
extravagant,2,2,5.249652
drab,2,2,5.249652
torrential,2,1,5.942799
raindrop,2,2,5.249652
hippie,2,2,5.249652
denourished,2,2,5.249652
glory,2,2,5.249652
shepherd,2,2,5.249652
checking-it-off,2,2,5.249652
whispery,2,2,5.249652
marvelousness,2,2,5.249652
staccato-like,2,2,5.249652
modality,2,2,5.249652
ayoniso,2,1,5.942799
fisherman,2,2,5.249652
pavarika,2,1,5.942799
unbeliever,2,1,5.942799
gandharan,2,1,5.942799
manika,2,1,5.942799
flake,2,1,5.942799
homogeneous,2,2,5.249652
ascend,2,2,5.249652
land-finding,2,1,5.942799
chief,2,2,5.249652
mind-reading,2,2,5.249652
establishment,2,2,5.249652
drunken,2,2,5.249652
udana,2,2,5.249652
liquidity,2,2,5.249652
hermann,2,2,5.249652
hesse,2,2,5.249652
beer,2,1,5.942799
doodle,2,1,5.942799
irk,2,2,5.249652
irksome,2,1,5.942799
blubber,2,2,5.249652
keel,2,1,5.942799
fin,2,1,5.942799
predicate,2,2,5.249652
powerless,2,2,5.249652
perpetual,2,2,5.249652
pie,2,2,5.249652
cereal,2,1,5.942799
rick,2,2,5.249652
vibe,2,2,5.249652
doormat,2,2,5.249652
somemone,2,1,5.942799
selfie,2,1,5.942799
advent,2,2,5.249652
reword,2,2,5.249652
in-the-moment,2,2,5.249652
non-involvement,2,1,5.942799
underline,2,2,5.249652
cartoonish,2,2,5.249652
amuse,2,2,5.249652
unteach,2,1,5.942799
instrumentalist,2,1,5.942799
mallet,2,1,5.942799
doan,2,1,5.942799
choreograph,2,2,5.249652
dangerously,2,2,5.249652
x-type,2,1,5.942799
mouthful,2,2,5.249652
futile,2,2,5.249652
gadget,2,2,5.249652
fever-pitch,2,1,5.942799
foretaste,2,2,5.249652
incomplete,2,2,5.249652
riverbank,2,2,5.249652
embellish,2,1,5.942799
kit,2,2,5.249652
unmoved,2,2,5.249652
trough,2,1,5.942799
erik,2,1,5.942799
erikson,2,1,5.942799
slant,2,2,5.249652
badness,2,2,5.249652
synthesize,2,2,5.249652
aryan,2,1,5.942799
construe,2,2,5.249652
samuddavanija-jataka,2,1,5.942799
league,2,2,5.249652
coconut,2,2,5.249652
sturdy,2,1,5.942799
jambudipa,2,1,5.942799
defenseless,2,2,5.249652
thoughtlessness,2,2,5.249652
fortnight,2,2,5.249652
comrade,2,2,5.249652
crocodile,2,2,5.249652
whither,2,2,5.249652
fossil,2,2,5.249652
gen,2,2,5.249652
unacknowledged,2,2,5.249652
luang,2,2,5.249652
por,2,2,5.249652
sumedho,2,2,5.249652
additionally,2,2,5.249652
invariance,2,1,5.942799
micro,2,2,5.249652
canki,2,2,5.249652
epistemological,2,2,5.249652
efficacy,2,2,5.249652
kamma,2,1,5.942799
behoove,2,2,5.249652
peta,2,1,5.942799
lush,2,2,5.249652
reprieve,2,2,5.249652
xy,2,1,5.942799
niraya,2,1,5.942799
avici,2,2,5.249652
sustenance,2,2,5.249652
self-deprecating,2,2,5.249652
throe,2,2,5.249652
gluttonous,2,2,5.249652
substantially,2,2,5.249652
hopelessness,2,2,5.249652
outgrow,2,2,5.249652
self-doubt,2,2,5.249652
medicate,2,2,5.249652
genesis,2,2,5.249652
downtown,2,2,5.249652
bravely,2,2,5.249652
quicksand,2,2,5.249652
ramification,2,2,5.249652
ceo,2,2,5.249652
self-growing,2,1,5.942799
two-step,2,1,5.942799
dispose,2,1,5.942799
constructor,2,1,5.942799
self-centeredness,2,2,5.249652
tigress,2,1,5.942799
rafe,2,1,5.942799
beater,2,1,5.942799
horseback,2,1,5.942799
courtier,2,1,5.942799
dispatch,2,1,5.942799
cairn,2,1,5.942799
plaque,2,1,5.942799
furthermore,2,2,5.249652
prohibition,2,2,5.249652
vividly,2,2,5.249652
even-mindedness,2,1,5.942799
over-exuberant,2,1,5.942799
expressly,2,1,5.942799
ace,2,1,5.942799
18th,2,2,5.249652
sankhittena,2,1,5.942799
supersaturated,2,1,5.942799
slop,2,2,5.249652
candidate,2,2,5.249652
congratulation,2,2,5.249652
sankhara,2,2,5.249652
shaft,2,2,5.249652
nihilistic,2,2,5.249652
reaffirm,2,2,5.249652
anew,2,2,5.249652
kondanna,2,2,5.249652
expertise,2,2,5.249652
checkbook,2,2,5.249652
porch,2,2,5.249652
viewfinder,2,1,5.942799
grinder,2,1,5.942799
ventana,2,2,5.249652
whisk,2,2,5.249652
grr,2,1,5.942799
deceitful,2,2,5.249652
overtake,2,1,5.942799
samadhi-vipassana,2,2,5.249652
leapfrog,2,1,5.942799
hurricane,2,2,5.249652
thirdly,2,1,5.942799
directive,2,1,5.942799
psychiatrist,2,2,5.249652
exhaustive,2,2,5.249652
psycho-emotional,2,1,5.942799
tulku,2,1,5.942799
three-year,2,2,5.249652
nepal,2,1,5.942799
inaccurate,2,2,5.249652
brahmacharya,2,2,5.249652
realistically,2,2,5.249652
annie,2,2,5.249652
diet,2,2,5.249652
self-importance,2,2,5.249652
offset,2,2,5.249652
harvey,2,2,5.249652
freudian,2,2,5.249652
analyst,2,2,5.249652
id,2,2,5.249652
vajra,2,2,5.249652
surmise,2,2,5.249652
scour,2,1,5.942799
autumn,2,2,5.249652
temptation,2,2,5.249652
ineffable,2,2,5.249652
tiptoe,2,2,5.249652
baker,2,2,5.249652
jungian,2,2,5.249652
lunar,2,2,5.249652
angela,2,1,5.942799
transcendental,2,1,5.942799
boston,2,2,5.249652
disharmony,2,2,5.249652
wallet,2,2,5.249652
severely,2,2,5.249652
regiment,2,1,5.942799
furnace,2,1,5.942799
stormy,2,2,5.249652
imitate,2,2,5.249652
questionable,2,2,5.249652
decease,2,2,5.249652
frugal,2,2,5.249652
hamstring,2,2,5.249652
combat,2,2,5.249652
subliminally,2,2,5.249652
reductionistic,2,2,5.249652
preposition,2,2,5.249652
operator,2,2,5.249652
low-grade,2,2,5.249652
gingerly,2,2,5.249652
buddham,2,1,5.942799
saranam,2,1,5.942799
gachhami,2,1,5.942799
berry,2,1,5.942799
accidental,2,2,5.249652
gunpoint,2,2,5.249652
apprehend,2,2,5.249652
wayne,2,2,5.249652
beneficiary,2,2,5.249652
elite,2,2,5.249652
downer,2,2,5.249652
revive,2,2,5.249652
enslave,2,1,5.942799
afterward,2,2,5.249652
dispensation,2,2,5.249652
jain,2,1,5.942799
defile,2,2,5.249652
convenience,2,2,5.249652
equipment,2,2,5.249652
overwork,2,2,5.249652
motive,2,2,5.249652
toothpaste,2,1,5.942799
app,2,2,5.249652
coastal,2,2,5.249652
twinge,2,2,5.249652
gallop,2,1,5.942799
misstep,2,1,5.942799
chastity,2,2,5.249652
obedience,2,1,5.942799
exhibit,2,2,5.249652
glaze,2,2,5.249652
distressful,2,1,5.942799
unyielding,2,1,5.942799
hirschfield,2,1,5.942799
haydarpasa,2,1,5.942799
fig,2,1,5.942799
jitteriness,2,2,5.249652
unfreedom,2,2,5.249652
fret,2,2,5.249652
donut,2,2,5.249652
giddiness,2,1,5.942799
cartoon,2,2,5.249652
diaper,2,1,5.942799
rash,2,1,5.942799
tizzy,2,1,5.942799
obscurity,2,1,5.942799
viral,2,2,5.249652
blockage,2,2,5.249652
pettiness,2,1,5.942799
saraniya,2,2,5.249652
smilingly,2,1,5.942799
vatthuni,2,1,5.942799
encouragingly,2,2,5.249652
steph,2,2,5.249652
debase,2,1,5.942799
syrup,2,2,5.249652
irritability,2,2,5.249652
unmixed,2,2,5.249652
withstand,2,2,5.249652
abrasiveness,2,2,5.249652
abbreviate,2,2,5.249652
visually,2,2,5.249652
damp,2,2,5.249652
roast,2,2,5.249652
woo-woo,2,2,5.249652
10-15,2,2,5.249652
buddho,2,1,5.942799
bhikkhunis,2,1,5.942799
rectangle,2,2,5.249652
convenient,2,2,5.249652
detox,2,1,5.942799
isolation,2,2,5.249652
uninspired,2,2,5.249652
surface-level,2,2,5.249652
vibratory,2,2,5.249652
renewal,2,2,5.249652
year-end,2,2,5.249652
mathematician,2,2,5.249652
diego,2,2,5.249652
kevin,2,2,5.249652
toronto,2,2,5.249652
stomp,2,2,5.249652
energetically,2,1,5.942799
bulb,2,1,5.942799
amenable,2,2,5.249652
downriver,2,2,5.249652
respiration,2,2,5.249652
peripherally,2,2,5.249652
prematurely,2,2,5.249652
fragmentation,2,2,5.249652
preemie,2,1,5.942799
weft,2,1,5.942799
ongoingness,2,2,5.249652
mobilize,2,2,5.249652
unforced,2,1,5.942799
d-u-k-k-h-a,2,2,5.249652
viparinama-dukkha,2,1,5.942799
sankhara-dukkha,2,1,5.942799
chirp,2,2,5.249652
peck,2,2,5.249652
great-grandmother,2,1,5.942799
fuang,2,1,5.942799
congratulate,2,2,5.249652
subordinate,2,1,5.942799
aimless,2,2,5.249652
materialistic,2,1,5.942799
theistic,2,2,5.249652
adhitthana,2,2,5.249652
preferable,2,1,5.942799
bach,2,1,5.942799
mischief,2,2,5.249652
ignorant,2,2,5.249652
twain,2,2,5.249652
pesticide,2,1,5.942799
fertilizer,2,1,5.942799
19th,2,2,5.249652
bug,2,2,5.249652
squash,2,2,5.249652
smash,2,2,5.249652
policeman,2,1,5.942799
ingenuity,2,2,5.249652
bangkok,2,1,5.942799
persistent,2,2,5.249652
stagehand,2,2,5.249652
harangue,2,2,5.249652
mommy,2,1,5.942799
geoff,2,1,5.942799
becomings,2,1,5.942799
non-perception,2,2,5.249652
bo,2,1,5.942799
proactive,2,1,5.942799
kaira,2,2,5.249652
self-fulfilling,2,2,5.249652
prophecy,2,2,5.249652
liveliness,2,2,5.249652
prescribe,2,2,5.249652
hugely,2,2,5.249652
autonomous,2,2,5.249652
two-hour,2,1,5.942799
50-60,2,2,5.249652
blower,2,1,5.942799
7am,2,1,5.942799
2025-09-10,2,1,5.942799
pitiful,2,2,5.249652
quiz,2,2,5.249652
misinterpret,2,2,5.249652
jock,2,1,5.942799
mismanagement,2,2,5.249652
ambiance,2,1,5.942799
neuro-phenomenological,2,2,5.249652
quench,2,2,5.249652
hunch,2,2,5.249652
nagel,2,1,5.942799
contest,2,2,5.249652
timothy,2,2,5.249652
fluidly,2,2,5.249652
15-20,2,2,5.249652
bhagavato,2,2,5.249652
arahato,2,2,5.249652
sammasambuddhassa,2,2,5.249652
sluggishness,2,2,5.249652
lobha,2,1,5.942799
instinctive,2,2,5.249652
somatically,2,2,5.249652
patently,2,2,5.249652
janussoni,2,1,5.942799
summon,2,2,5.249652
hair-raising,2,1,5.942799
shrine,2,1,5.942799
deactivation,2,1,5.942799
self-protective,2,2,5.249652
hateful,2,2,5.249652
co-creator,2,2,5.249652
longitudinal,2,1,5.942799
predictor,2,2,5.249652
regulate,2,2,5.249652
pre-verbal,2,1,5.942799
interrelationship,2,2,5.249652
traumatic,2,2,5.249652
delicately,2,1,5.942799
cellular,2,2,5.249652
punnavaddho,2,1,5.942799
organizational,2,2,5.249652
resilient,2,2,5.249652
ferry,2,2,5.249652
bodh,2,2,5.249652
gaya,2,2,5.249652
offspring,2,2,5.249652
mahanama,2,1,5.942799
degrade,2,1,5.942799
vidudabha,2,1,5.942799
wherefore,2,1,5.942799
sovereignty,2,2,5.249652
merrily,2,1,5.942799
bid,2,2,5.249652
katthavahana,2,1,5.942799
fairy,2,2,5.249652
romance,2,2,5.249652
smite,2,2,5.249652
irrational,2,2,5.249652
plot,2,2,5.249652
no-dad,2,1,5.942799
nirupa,2,1,5.942799
bough,2,2,5.249652
med,2,1,5.942799
authorize,2,2,5.249652
bachelor,2,2,5.249652
curative,2,1,5.942799
bj,2,1,5.942799
oncology,2,1,5.942799
transplant,2,1,5.942799
saunders,2,2,5.249652
cardiology,2,2,5.249652
vomit,2,1,5.942799
bedside,2,2,5.249652
outpatient,2,1,5.942799
devalue,2,2,5.249652
solitary,2,2,5.249652
shyly,2,2,5.249652
literacy,2,1,5.942799
supervisor,2,1,5.942799
intersect,2,1,5.942799
paramitas,2,2,5.249652
stitch,2,2,5.249652
haul,2,2,5.249652
bookend,2,1,5.942799
incarnation,2,2,5.249652
uncountable,2,2,5.249652
interval,2,2,5.249652
hamster,2,1,5.942799
inmate,2,1,5.942799
venue,2,2,5.249652
woodstock,2,2,5.249652
two-year-old,2,1,5.942799
one-hour,2,2,5.249652
appointment,2,2,5.249652
cement,2,2,5.249652
sprain,2,2,5.249652
salty,2,2,5.249652
incompetent,2,1,5.942799
sync,2,2,5.249652
detour,2,2,5.249652
catherine,2,1,5.942799
5-10,2,2,5.249652
lou,2,1,5.942799
weekly,2,2,5.249652
majjhattata,2,1,5.942799
karissa,2,1,5.942799
cindy,2,2,5.249652
bulk,2,2,5.249652
interpretive,2,1,5.942799
haiku,2,2,5.249652
defer,2,2,5.249652
changeless,2,1,5.942799
ruth,2,2,5.249652
elizabeth,2,2,5.249652
historic,2,2,5.249652
wright,2,1,5.942799
swan,2,2,5.249652
adorable,2,2,5.249652
maternal,2,2,5.249652
regal,2,1,5.942799
carry-on,2,1,5.942799
unscented,2,1,5.942799
spray,2,2,5.249652
globally,2,2,5.249652
reactively,2,2,5.249652
node,2,2,5.249652
territoriality,2,1,5.942799
infrequently,2,2,5.249652
hater,2,2,5.249652
adjacent,2,2,5.249652
in-law,2,2,5.249652
grizzle,2,2,5.249652
endemic,2,2,5.249652
hedonism,2,2,5.249652
inculcate,2,2,5.249652
polarization,2,2,5.249652
obliterate,2,2,5.249652
crystalline,2,2,5.249652
unexpectedly,2,2,5.249652
mesh,2,2,5.249652
ungovernable,2,2,5.249652
intimidation,2,2,5.249652
rapidity,2,2,5.249652
demonize,2,2,5.249652
dichotomous,2,1,5.942799
gradation,2,2,5.249652
prion,2,1,5.942799
pest,2,1,5.942799
demote,2,2,5.249652
catastrophic,2,2,5.249652
iconography,2,2,5.249652
seven-year,2,2,5.249652
sect,2,2,5.249652
hydroelectric,2,1,5.942799
lexicon,2,2,5.249652
slick,2,2,5.249652
adept,2,2,5.249652
eight-hour,2,1,5.942799
solo,2,1,5.942799
necessitate,2,2,5.249652
numerous,2,2,5.249652
golfer,2,1,5.942799
talent,2,1,5.942799
quenchability,2,1,5.942799
dim,2,2,5.249652
uncared,2,2,5.249652
unsteady,2,2,5.249652
interruption,2,2,5.249652
woo,2,2,5.249652
usefully,2,2,5.249652
futon,2,1,5.942799
pounce,2,2,5.249652
pulsate,2,2,5.249652
trudge,2,1,5.942799
discrepancy,2,1,5.942799
reclaim,2,2,5.249652
machete,2,1,5.942799
humanize,2,2,5.249652
marshy,2,1,5.942799
vacillate,2,2,5.249652
bookshelf,2,2,5.249652
litter,2,2,5.249652
sap,2,2,5.249652
deficient,2,2,5.249652
adversity,2,2,5.249652
reciprocate,2,2,5.249652
effusive,2,2,5.249652
unselfconscious,2,2,5.249652
wakeup,2,2,5.249652
slob,2,2,5.249652
socialize,2,2,5.249652
000-foot,2,2,5.249652
reappearance,2,2,5.249652
gloom,2,2,5.249652
canopy,2,2,5.249652
seven-hundredfold,2,1,5.942799
resound,2,1,5.942799
omniscient,2,2,5.249652
hyperbole,2,1,5.942799
unworthy,2,2,5.249652
anupassana,2,2,5.249652
greenery,2,2,5.249652
well-practiced,2,2,5.249652
circulate,2,2,5.249652
groundless,2,2,5.249652
all-around,2,1,5.942799
cockroach,2,2,5.249652
maniac,2,1,5.942799
counterculture,2,2,5.249652
renunciants,2,1,5.942799
rarified,2,1,5.942799
dissociate,2,1,5.942799
self-indulgence,2,1,5.942799
ryan,2,1,5.942799
esteem,2,1,5.942799
self-regard,2,2,5.249652
measurement,2,2,5.249652
spectator,2,1,5.942799
self-worth,2,2,5.249652
self-harshness,2,2,5.249652
unitary,2,2,5.249652
rehash,2,2,5.249652
personalize,2,2,5.249652
orthopraxy,2,1,5.942799
ehipassiko,2,2,5.249652
articulation,2,1,5.942799
implement,2,2,5.249652
paralysis,2,2,5.249652
endlessness,2,2,5.249652
tolstoy,2,1,5.942799
alike,2,2,5.249652
bewilder,2,2,5.249652
ben,2,2,5.249652
distinctiveness,2,1,5.942799
negotiation,2,2,5.249652
protagonist,2,2,5.249652
psychoanalyst,2,2,5.249652
winnicott,2,2,5.249652
leakiness,2,2,5.249652
quirkiness,2,2,5.249652
bummer-ness,2,2,5.249652
addictive,2,2,5.249652
unarisen,2,1,5.942799
causative,2,1,5.942799
groggy,2,2,5.249652
manny,2,1,5.942799
well-oiled,2,2,5.249652
sukha-dukkha,2,1,5.942799
bomb,2,2,5.249652
beirut,2,1,5.942799
one-to-one,2,2,5.249652
seriousness,2,2,5.249652
fixedly,2,2,5.249652
seesaw,2,1,5.942799
half-circle,2,1,5.942799
crinkly,2,1,5.942799
rootbound,2,1,5.942799
unblinking,2,1,5.942799
coo,2,1,5.942799
blouse,2,1,5.942799
neurotransmitter,2,2,5.249652
dealer,2,1,5.942799
honda,2,1,5.942799
dealership,2,2,5.249652
anushka,2,1,5.942799
tray,2,2,5.249652
grin,2,2,5.249652
miserably,2,2,5.249652
justification,2,2,5.249652
instantly,2,2,5.249652
legally,2,2,5.249652
nowness,2,2,5.249652
betterment,2,1,5.942799
navigation,2,2,5.249652
abstinence,2,1,5.942799
well-spoken,2,1,5.942799
labor,2,2,5.249652
clutter,2,1,5.942799
weary,2,2,5.249652
reptilian,2,1,5.942799
grandeur,2,2,5.249652
1930s,2,2,5.249652
rectify,2,2,5.249652
whoosh,2,2,5.249652
dhananjani,2,1,5.942799
thermometer,2,2,5.249652
sleeve,2,2,5.249652
stress-free,2,2,5.249652
five-week,2,1,5.942799
dew,2,1,5.942799
disclosure,2,2,5.249652
calibrate,2,2,5.249652
jung,2,2,5.249652
displacement,2,2,5.249652
vega-frey,2,2,5.249652
samvega,2,1,5.942799
modification,2,2,5.249652
chunk,2,2,5.249652
accoutrement,2,2,5.249652
suspension,2,2,5.249652
cautious,2,2,5.249652
declarative,2,1,5.942799
all-pervasive,2,2,5.249652
maltreat,2,2,5.249652
transgression,2,2,5.249652
frankfurt,2,2,5.249652
bullshitter,2,2,5.249652
lombrozo,2,2,5.249652
apportion,2,2,5.249652
shun,2,2,5.249652
uncontrived,2,1,5.942799
gridlock,2,2,5.249652
regenerative,2,1,5.942799
hyperarousal,2,1,5.942799
numbness,2,2,5.249652
curation,2,2,5.249652
horoscope,2,1,5.942799
myers-briggs,2,1,5.942799
proton,2,1,5.942799
reincarnate,2,1,5.942799
verbing,2,1,5.942799
pasta,2,1,5.942799
rodney,2,1,5.942799
load-bearing,2,1,5.942799
ferocious,2,2,5.249652
orin,2,1,5.942799
sofer,2,1,5.942799
high-level,2,1,5.942799
epithet,2,1,5.942799
non-releaser,2,1,5.942799
pale,2,2,5.249652
kinsman,2,1,5.942799
heedless,2,1,5.942799
denigration,2,1,5.942799
satanic,2,1,5.942799
munja,2,1,5.942799
amplifier,2,1,5.942799
rewind,2,1,5.942799
mini-arc,2,1,5.942799
downpour,2,1,5.942799
blissful,2,2,5.249652
interlink,2,1,5.942799
coffer,2,1,5.942799
optical,2,1,5.942799
exceptionalism,2,1,5.942799
jittery,2,2,5.249652
expensive,2,2,5.249652
rein,2,2,5.249652
bout,2,2,5.249652
abrupt,2,2,5.249652
innocence,2,2,5.249652
epistemic,2,1,5.942799
dyad,2,2,5.249652
accuse,2,2,5.249652
good-heartedness,2,1,5.942799
unblotched,2,1,5.942799
10-week,2,1,5.942799
munindra-ji,2,2,5.249652
cox,2,1,5.942799
engross,2,1,5.942799
gutsy,2,1,5.942799
blacken,2,1,5.942799
snatch,2,1,5.942799
gall,2,1,5.942799
thieve,2,1,5.942799
bewilderment,2,2,5.249652
dishwasher,2,2,5.249652
foreshadow,2,2,5.249652
sweetie,2,2,5.249652
predate,2,2,5.249652
anterior,2,1,5.942799
pre-action,2,1,5.942799
earthly,2,2,5.249652
eyeball,2,2,5.249652
tag,2,2,5.249652
100-pound,2,1,5.942799
undercut,2,2,5.249652
fixity,2,2,5.249652
mandela,2,1,5.942799
robben,2,1,5.942799
craig,2,1,5.942799
wordplay,2,2,5.249652
preparatory,2,2,5.249652
overtly,2,2,5.249652
slot,2,1,5.942799
ailment,2,2,5.249652
epstein,2,2,5.249652
nazareth,2,1,5.942799
confucius,2,1,5.942799
jade,2,1,5.942799
sensuous,2,2,5.249652
weekday,2,2,5.249652
nama,2,2,5.249652
ingrain,2,2,5.249652
potato,2,1,5.942799
mbsr,2,2,5.249652
raisin,2,1,5.942799
bud,2,2,5.249652
inventory,2,2,5.249652
furiously,2,2,5.249652
follow-on,2,2,5.249652
shapeshifs,2,1,5.942799
salve,2,1,5.942799
proverbial,2,2,5.249652
shapeshifting,2,1,5.942799
veer,2,1,5.942799
filial,2,2,5.249652
platonic,2,1,5.942799
botox,2,1,5.942799
aspirin,2,2,5.249652
anoint,2,1,5.942799
stern,2,2,5.249652
watercolor,2,1,5.942799
kittisaro,2,1,5.942799
thanissara,2,1,5.942799
measureless,2,1,5.942799
potentize,2,1,5.942799
emulate,2,2,5.249652
sinhala,2,1,5.942799
katahaka,2,1,5.942799
1880-something,2,1,5.942799
villain,2,1,5.942799
yam,2,1,5.942799
brahmano,2,1,5.942799
jatakam,2,1,5.942799
forbear,2,1,5.942799
duta,2,1,5.942799
infancy,2,1,5.942799
mnemonic,2,1,5.942799
conman,2,1,5.942799
confederate,2,1,5.942799
smuggle,2,1,5.942799
attendance,2,2,5.249652
thine,2,1,5.942799
falsehood,2,1,5.942799
greedily,2,2,5.249652
prosperity,2,2,5.249652
aseveration,2,1,5.942799
proclivity,2,2,5.249652
din,2,2,5.249652
deviate,2,1,5.942799
self-correcting,2,2,5.249652
underemphasizing,2,1,5.942799
avatar,2,2,5.249652
hoop,2,2,5.249652
birthright,2,2,5.249652
attenuate,2,1,5.942799
ambush,2,2,5.249652
disparity,2,2,5.249652
sufferer,2,2,5.249652
insanity,2,2,5.249652
innermost,2,2,5.249652
nickname,2,2,5.249652
notebook,2,1,5.942799
quarterback,2,1,5.942799
examination,2,2,5.249652
remnant,2,1,5.942799
fortification,2,1,5.942799
avalanche,2,2,5.249652
acrobatic,2,1,5.942799
garment,2,1,5.942799
alley,2,1,5.942799
justly,2,2,5.249652
instability,2,2,5.249652
chimney,2,1,5.942799
surpass,2,2,5.249652
wake-induced,2,1,5.942799
probability,2,2,5.249652
ostracism,2,1,5.942799
aircraft,2,1,5.942799
purposefully,2,1,5.942799
lackadaisical,2,1,5.942799
chick,2,1,5.942799
skillfulness,2,2,5.249652
dunning-kruger,2,1,5.942799
ranger,2,1,5.942799
nick,2,2,5.249652
myers,2,1,5.942799
routine,2,2,5.249652
impermanance,2,1,5.942799
existentially,2,2,5.249652
striker,2,1,5.942799
wildness,2,2,5.249652
blot,2,2,5.249652
nine-night,2,1,5.942799
dassana,2,1,5.942799
gaia,2,2,5.249652
intemperie,2,1,5.942799
doorknob,2,1,5.942799
non-theistic,2,1,5.942799
tittha,2,1,5.942799
niche,2,2,5.249652
windpipe,2,1,5.942799
rail,2,2,5.249652
hindsight,2,2,5.249652
psychosis,2,1,5.942799
diffusion,2,1,5.942799
graft,2,1,5.942799
grievance,2,2,5.249652
laureate,2,1,5.942799
misperception,2,1,5.942799
inputted,2,1,5.942799
doing-ness,2,1,5.942799
fairness,2,2,5.249652
marshall,2,1,5.942799
nameless,2,2,5.249652
bravery,2,2,5.249652
sketch,2,2,5.249652
methodist,2,1,5.942799
prevalent,2,2,5.249652
peek,2,2,5.249652
equivalency,2,1,5.942799
life-affirming,2,2,5.249652
berkeley,2,2,5.249652
unstimulated,2,1,5.942799
apathetic,2,2,5.249652
costa,2,1,5.942799
rica,2,1,5.942799
3-day,2,1,5.942799
unofficial,2,1,5.942799
saliva,2,2,5.249652
crisp,2,2,5.249652
wisp,2,1,5.942799
ethereal,2,1,5.942799
innocuous,2,2,5.249652
sur,2,2,5.249652
chanda,2,2,5.249652
immune,2,2,5.249652
curated,2,2,5.249652
shameful,2,2,5.249652
hilarious,2,2,5.249652
unitarian,2,1,5.942799
sugatis,2,1,5.942799
buddhist-influenced,2,1,5.942799
stand-in,2,1,5.942799
akusala,2,1,5.942799
angelic,2,1,5.942799
jhana-esque,2,1,5.942799
mind-corrupted,2,1,5.942799
nakula,2,1,5.942799
well-off,2,1,5.942799
ornament,2,1,5.942799
truth-telling,2,2,5.249652
swami,2,1,5.942799
satchidananda,2,1,5.942799
subculture,2,1,5.942799
admire,2,2,5.249652
surfboard,2,2,5.249652
freshman,2,2,5.249652
campbell,2,2,5.249652
yuman,2,1,5.942799
non-tarrying,2,2,5.249652
puppet,2,1,5.942799
inscribe,2,1,5.942799
unsui,2,1,5.942799
kerry,2,1,5.942799
fodder,2,1,5.942799
meat,2,1,5.942799
hastily,2,1,5.942799
advancement,2,1,5.942799
non-clinical,2,1,5.942799
dean,2,1,5.942799
late-stage,2,1,5.942799
psych,2,1,5.942799
non-clinically,2,1,5.942799
latina,2,1,5.942799
roi,2,1,5.942799
cater,2,1,5.942799
stalwart,2,2,5.249652
mit,2,1,5.942799
qualitative,2,2,5.249652
gaha,2,1,5.942799
like-hearted,2,2,5.249652
seawater,2,1,5.942799
ambulatory,2,1,5.942799
surveillance,2,1,5.942799
zip,2,1,5.942799
neuroscientific,2,1,5.942799
straddle,2,1,5.942799
inconvenience,2,2,5.249652
non-shame,2,1,5.942799
five-minute,2,2,5.249652
untarried,2,1,5.942799
breath-based,2,1,5.942799
gasoline,2,1,5.942799
u-turn,2,2,5.249652
flighty,2,1,5.942799
uninjured,2,1,5.942799
exclusion,2,2,5.249652
dolphin,2,1,5.942799
linda,2,1,5.942799
fragrant,2,1,5.942799
holly,2,1,5.942799
sarah,2,1,5.942799
predisposition,2,1,5.942799
margo,2,1,5.942799
acquiesce,2,2,5.249652
warsan,2,1,5.942799
feast,2,1,5.942799
platter,2,1,5.942799
festive,2,1,5.942799
fern,2,1,5.942799
vonnegut,2,1,5.942799
olympic-level,2,1,5.942799
overwrite,2,1,5.942799
jumble,2,1,5.942799
send-off,2,1,5.942799
cuddle,2,1,5.942799
disfigure,2,1,5.942799
question-discussion,1,1,5.942799
geographical,1,1,5.942799
german,1,1,5.942799
schadenfreude,1,1,5.942799
drunkard,1,1,5.942799
mlodinow,1,1,5.942799
agama,1,1,5.942799
presupposition,1,1,5.942799
colonial,1,1,5.942799
korean,1,1,5.942799
dismemberment,1,1,5.942799
forgetful,1,1,5.942799
dante,1,1,5.942799
bernhardt,1,1,5.942799
repetitiveness,1,1,5.942799
ritualistic,1,1,5.942799
inferiority,1,1,5.942799
modernization,1,1,5.942799
secularization,1,1,5.942799
super-duper,1,1,5.942799
analytics,1,1,5.942799
secularize,1,1,5.942799
reductionism,1,1,5.942799
cortisol,1,1,5.942799
evan,1,1,5.942799
thompson,1,1,5.942799
prevading,1,1,5.942799
elongate,1,1,5.942799
hyper-focused,1,1,5.942799
interlude,1,1,5.942799
pickup,1,1,5.942799
rowboat,1,1,5.942799
ongoingly,1,1,5.942799
knowledgeably,1,1,5.942799
mahasatipatthana,1,1,5.942799
composition,1,1,5.942799
r-rated,1,1,5.942799
landlord,1,1,5.942799
diseased,1,1,5.942799
breakup,1,1,5.942799
warden,1,1,5.942799
dependable,1,1,5.942799
sloth-inducing,1,1,5.942799
conch,1,1,5.942799
stupidly,1,1,5.942799
abroad,1,1,5.942799
contempt,1,1,5.942799
wreath,1,1,5.942799
splatter,1,1,5.942799
foolishly,1,1,5.942799
unseasonable,1,1,5.942799
bespatter,1,1,5.942799
inhabitant,1,1,5.942799
migrate,1,1,5.942799
untilled,1,1,5.942799
low-quality,1,1,5.942799
well-tilled,1,1,5.942799
wayfarer,1,1,5.942799
beggar,1,1,5.942799
unappetizing,1,1,5.942799
gavampati,1,1,5.942799
grudgingly,1,1,5.942799
kaccana,1,1,5.942799
coca-cola,1,1,5.942799
untrustworthy,1,1,5.942799
500-cart,1,1,5.942799
hinduism,1,1,5.942799
one-eighth,1,1,5.942799
instigator,1,1,5.942799
destabilization,1,1,5.942799
isi,1,1,5.942799
outstanding,1,1,5.942799
one-off,1,1,5.942799
assuredly,1,1,5.942799
scrupulous,1,1,5.942799
next-door,1,1,5.942799
scrupulosity,1,1,5.942799
craw,1,1,5.942799
riot,1,1,5.942799
philadelphia,1,1,5.942799
sternly,1,1,5.942799
begrudgingly,1,1,5.942799
scruple,1,1,5.942799
brokenheartedness,1,1,5.942799
courageously,1,1,5.942799
workout,1,1,5.942799
grumbliness,1,1,5.942799
feckless,1,1,5.942799
spiderweb,1,1,5.942799
spiderwebs,1,1,5.942799
non-metta,1,1,5.942799
squeaky,1,1,5.942799
robot,1,1,5.942799
resign,1,1,5.942799
washer,1,1,5.942799
curiously,1,1,5.942799
not-thereness,1,1,5.942799
heron,1,1,5.942799
haha,1,1,5.942799
saintly,1,1,5.942799
reframing,1,1,5.942799
henchman,1,1,5.942799
terrorize,1,1,5.942799
bottomlessness,1,1,5.942799
ii,1,1,5.942799
60-some,1,1,5.942799
scalp,1,1,5.942799
three-dimensionality,1,1,5.942799
question-asking,1,1,5.942799
re-evoke,1,1,5.942799
realign,1,1,5.942799
reluctant,1,1,5.942799
fascination,1,1,5.942799
predictability,1,1,5.942799
chasm,1,1,5.942799
35th,1,1,5.942799
nexus,1,1,5.942799
j-h-a-n-a,1,1,5.942799
luxuriate,1,1,5.942799
self-reference,1,1,5.942799
precondition,1,1,5.942799
hustle,1,1,5.942799
bustle,1,1,5.942799
weiser,1,1,5.942799
ballpoint,1,1,5.942799
tada,1,1,5.942799
scissor,1,1,5.942799
clicky,1,1,5.942799
ink,1,1,5.942799
reinterpret,1,1,5.942799
scanner,1,1,5.942799
technician,1,1,5.942799
pleural,1,1,5.942799
gps,1,1,5.942799
academically,1,1,5.942799
rededicate,1,1,5.942799
well-to-do,1,1,5.942799
self-punishment,1,1,5.942799
bereft,1,1,5.942799
muck,1,1,5.942799
lionize,1,1,5.942799
narration,1,1,5.942799
retroactive,1,1,5.942799
sai,1,1,5.942799
silicon,1,1,5.942799
pointings,1,1,5.942799
barricade,1,1,5.942799
bonbon,1,1,5.942799
nonstop,1,1,5.942799
cork,1,1,5.942799
toll,1,1,5.942799
parlance,1,1,5.942799
cashier,1,1,5.942799
subtract,1,1,5.942799
complainer,1,1,5.942799
self-actualized,1,1,5.942799
stan,1,1,5.942799
admiral,1,1,5.942799
vancouver,1,1,5.942799
biochemical,1,1,5.942799
blackboard,1,1,5.942799
headland,1,1,5.942799
tam,1,1,5.942799
old-growth,1,1,5.942799
muir,1,1,5.942799
spectacular,1,1,5.942799
coastline,1,1,5.942799
pulgas,1,1,5.942799
tempter,1,1,5.942799
parental,1,1,5.942799
entourage,1,1,5.942799
stead,1,1,5.942799
anthropologist,1,1,5.942799
auditorium,1,1,5.942799
woolly,1,1,5.942799
mammoth,1,1,5.942799
adriatic,1,1,5.942799
starkness,1,1,5.942799
orchard,1,1,5.942799
vas,1,1,5.942799
pottery,1,1,5.942799
shard,1,1,5.942799
vegetation,1,1,5.942799
mesopotamia,1,1,5.942799
overuse,1,1,5.942799
runny,1,1,5.942799
catalytic,1,1,5.942799
converter,1,1,5.942799
metaphoric,1,1,5.942799
self-replication,1,1,5.942799
noodleman,1,1,5.942799
ingrid,1,1,5.942799
drake,1,1,5.942799
rust,1,1,5.942799
fallopian,1,1,5.942799
synthetically,1,1,5.942799
decoration,1,1,5.942799
participatory,1,1,5.942799
dominance,1,1,5.942799
re-remember,1,1,5.942799
residence,1,1,5.942799
cemetery,1,1,5.942799
tennessee,1,1,5.942799
self-definition,1,1,5.942799
self-embarrassment,1,1,5.942799
undefined,1,1,5.942799
underscore,1,1,5.942799
denounce,1,1,5.942799
lovemaking,1,1,5.942799
disconcert,1,1,5.942799
self-creation,1,1,5.942799
week-long,1,1,5.942799
exclamation,1,1,5.942799
draught,1,1,5.942799
midwife,1,1,5.942799
ramayana,1,1,5.942799
faintly,1,1,5.942799
museum,1,1,5.942799
half-asleep,1,1,5.942799
pop-psychology,1,1,5.942799
fast-forwarding,1,1,5.942799
mid-conversation,1,1,5.942799
finger-wagging,1,1,5.942799
seven-year-old,1,1,5.942799
excess,1,1,5.942799
surya,1,1,5.942799
da,1,1,5.942799
whole-making,1,1,5.942799
action-reflection-action,1,1,5.942799
chronological,1,1,5.942799
unison,1,1,5.942799
chernobyl,1,1,5.942799
elixir,1,1,5.942799
clan,1,1,5.942799
nonreactive,1,1,5.942799
overeager,1,1,5.942799
self-tension,1,1,5.942799
self-pressure,1,1,5.942799
self-agitation,1,1,5.942799
inquisitiveness,1,1,5.942799
reoccurring,1,1,5.942799
inappropriately,1,1,5.942799
ibuprofen,1,1,5.942799
subsequently,1,1,5.942799
soledad,1,1,5.942799
co-founded,1,1,5.942799
americorps,1,1,5.942799
affordable,1,1,5.942799
tutorial,1,1,5.942799
awkwardness,1,1,5.942799
104-hour,1,1,5.942799
14-month,1,1,5.942799
antisocial,1,1,5.942799
max-level,1,1,5.942799
parole,1,1,5.942799
contributor,1,1,5.942799
recidivism,1,1,5.942799
pledge,1,1,5.942799
organizer,1,1,5.942799
grassroots,1,1,5.942799
terrell,1,1,5.942799
merritt,1,1,5.942799
trainee,1,1,5.942799
venn,1,1,5.942799
savior-like,1,1,5.942799
geographically,1,1,5.942799
merciless,1,1,5.942799
victimize,1,1,5.942799
paranormal,1,1,5.942799
cavalry,1,1,5.942799
immoral,1,1,5.942799
retribution,1,1,5.942799
savatthi,1,1,5.942799
predator,1,1,5.942799
tactually,1,1,5.942799
sabba,1,1,5.942799
samyojana,1,1,5.942799
birder,1,1,5.942799
falcon,1,1,5.942799
falconry,1,1,5.942799
zen-style,1,1,5.942799
sunshiny,1,1,5.942799
south-facing,1,1,5.942799
skid,1,1,5.942799
loudspeaker,1,1,5.942799
livid,1,1,5.942799
weeklong,1,1,5.942799
ego-driven,1,1,5.942799
builder,1,1,5.942799
rafter,1,1,5.942799
bhavana,1,1,5.942799
zealand,1,1,5.942799
wellington,1,1,5.942799
8-foot,1,1,5.942799
gown,1,1,5.942799
pianist,1,1,5.942799
workaholic,1,1,5.942799
racquetball,1,1,5.942799
piano,1,1,5.942799
niels,1,1,5.942799
bohr,1,1,5.942799
adventurous,1,1,5.942799
eight-foot,1,1,5.942799
brag,1,1,5.942799
olympic,1,1,5.942799
nerd,1,1,5.942799
10th-century,1,1,5.942799
statesman,1,1,5.942799
hand-carry,1,1,5.942799
manuscript,1,1,5.942799
put-down,1,1,5.942799
bottled-up,1,1,5.942799
infantilize,1,1,5.942799
cold-hearted,1,1,5.942799
sensationalism,1,1,5.942799
sensationalized,1,1,5.942799
yikes,1,1,5.942799
intake,1,1,5.942799
takeout,1,1,5.942799
brigade,1,1,5.942799
suzie,1,1,5.942799
over-selecting,1,1,5.942799
over-focusing,1,1,5.942799
long-sleeve,1,1,5.942799
minutely,1,1,5.942799
inverse,1,1,5.942799
ungrounded,1,1,5.942799
plexus,1,1,5.942799
pardon,1,1,5.942799
unearth,1,1,5.942799
janaka,1,1,5.942799
toss-away,1,1,5.942799
comprise,1,1,5.942799
pre-hindu,1,1,5.942799
pre-brahmanical,1,1,5.942799
brahmana,1,1,5.942799
interoception,1,1,5.942799
decentering,1,1,5.942799
kaya,1,1,5.942799
mythopoetic,1,1,5.942799
assail,1,1,5.942799
skeleton,1,1,5.942799
wiki,1,1,5.942799
informally,1,1,5.942799
unscattered,1,1,5.942799
ew,1,1,5.942799
grease,1,1,5.942799
dishwater,1,1,5.942799
value-laden,1,1,5.942799
forward-thinking,1,1,5.942799
toxic,1,1,5.942799
flit,1,1,5.942799
sleep-deprived,1,1,5.942799
furtherance,1,1,5.942799
poacher,1,1,5.942799
enclosure,1,1,5.942799
nekkhamma,1,1,5.942799
earworm,1,1,5.942799
old-fashioned,1,1,5.942799
bulleted,1,1,5.942799
margin,1,1,5.942799
confrontational,1,1,5.942799
infield,1,1,5.942799
pomegranate,1,1,5.942799
racket,1,1,5.942799
wide-open,1,1,5.942799
trojan,1,1,5.942799
fluffy,1,1,5.942799
slipper,1,1,5.942799
whilst,1,1,5.942799
demise,1,1,5.942799
subservient,1,1,5.942799
non-assertive,1,1,5.942799
sled,1,1,5.942799
poetically,1,1,5.942799
comradeship,1,1,5.942799
acoustic,1,1,5.942799
waitlist,1,1,5.942799
ick,1,1,5.942799
dawdle,1,1,5.942799
ostriched,1,1,5.942799
off-balance,1,1,5.942799
deluge,1,1,5.942799
unchanged,1,1,5.942799
delineation,1,1,5.942799
well-ingrained,1,1,5.942799
retrospectively,1,1,5.942799
instructor,1,1,5.942799
scribble,1,1,5.942799
sliver,1,1,5.942799
intruder,1,1,5.942799
of5,1,1,5.942799
groundwork,1,1,5.942799
nicca,1,1,5.942799
unsupportive,1,1,5.942799
calcify,1,1,5.942799
paradise,1,1,5.942799
rooftop,1,1,5.942799
snapshot,1,1,5.942799
monolith,1,1,5.942799
swiss,1,1,5.942799
inextricable,1,1,5.942799
immutable,1,1,5.942799
temporally,1,1,5.942799
19th-century,1,1,5.942799
unflappable,1,1,5.942799
switzerland,1,1,5.942799
gesticulate,1,1,5.942799
enviable,1,1,5.942799
notably,1,1,5.942799
intellectualizing,1,1,5.942799
timetable,1,1,5.942799
parasympathetic,1,1,5.942799
frantic,1,1,5.942799
diane,1,1,5.942799
tamper,1,1,5.942799
divest,1,1,5.942799
point-blank,1,1,5.942799
murky,1,1,5.942799
geographic,1,1,5.942799
reputation,1,1,5.942799
wraith,1,1,5.942799
weaponize,1,1,5.942799
insightretreatcenter,1,1,5.942799
drop-down,1,1,5.942799
villa,1,1,5.942799
non-heedlessness,1,1,5.942799
inebriate,1,1,5.942799
enhancement,1,1,5.942799
not-wants,1,1,5.942799
midas,1,1,5.942799
manufacturer,1,1,5.942799
barge,1,1,5.942799
striver,1,1,5.942799
wagoner,1,1,5.942799
mournfully,1,1,5.942799
puffy,1,1,5.942799
counterbalance,1,1,5.942799
quantifiable,1,1,5.942799
commodity,1,1,5.942799
rummage,1,1,5.942799
purse,1,1,5.942799
growl,1,1,5.942799
flagellate,1,1,5.942799
panacea,1,1,5.942799
wormlike,1,1,5.942799
burrow,1,1,5.942799
porosity,1,1,5.942799
grayness,1,1,5.942799
arduous,1,1,5.942799
pendulum,1,1,5.942799
blake,1,1,5.942799
obscuration,1,1,5.942799
dour,1,1,5.942799
undistort,1,1,5.942799
comply,1,1,5.942799
avoidable,1,1,5.942799
shortcoming,1,1,5.942799
neatly,1,1,5.942799
anattalakkhana,1,1,5.942799
obscurations,1,1,5.942799
burdensome,1,1,5.942799
multicellular,1,1,5.942799
dinosaur,1,1,5.942799
extinction,1,1,5.942799
plummet,1,1,5.942799
uh-huh,1,1,5.942799
definable,1,1,5.942799
fifty,1,1,5.942799
submerge,1,1,5.942799
vicaya,1,1,5.942799
9th,1,1,5.942799
bodyworker,1,1,5.942799
fight-flight-freeze,1,1,5.942799
bedrock,1,1,5.942799
disown,1,1,5.942799
aggrieve,1,1,5.942799
wanton,1,1,5.942799
pulitzer,1,1,5.942799
superb,1,1,5.942799
jonathan,1,1,5.942799
eig,1,1,5.942799
sanitize,1,1,5.942799
self-indulgent,1,1,5.942799
inactivity,1,1,5.942799
persuasiveness,1,1,5.942799
unmitigated,1,1,5.942799
nonsense,1,1,5.942799
oppressor,1,1,5.942799
philia,1,1,5.942799
mdiv,1,1,5.942799
portland,1,1,5.942799
co-chair,1,1,5.942799
enthuse,1,1,5.942799
segue,1,1,5.942799
karmapa,1,1,5.942799
self-knowing,1,1,5.942799
disclaimer,1,1,5.942799
madhyamaka,1,1,5.942799
intricate,1,1,5.942799
inter-relational,1,1,5.942799
annihilate,1,1,5.942799
path-oriented,1,1,5.942799
impetus,1,1,5.942799
carrie,1,1,5.942799
doehring,1,1,5.942799
intercultural,1,1,5.942799
systemically,1,1,5.942799
miscarriage,1,1,5.942799
icebreaker,1,1,5.942799
intrusive,1,1,5.942799
powerlessly,1,1,5.942799
self-grasping,1,1,5.942799
self-reification,1,1,5.942799
thinly,1,1,5.942799
demonstrably,1,1,5.942799
impasse,1,1,5.942799
conflation,1,1,5.942799
paramedic,1,1,5.942799
wheelchair,1,1,5.942799
cpr,1,1,5.942799
degenerative,1,1,5.942799
evangelical,1,1,5.942799
anoxic,1,1,5.942799
narcissistic,1,1,5.942799
dominantly,1,1,5.942799
unmanaged,1,1,5.942799
race-based,1,1,5.942799
inequity,1,1,5.942799
systemic,1,1,5.942799
rapport,1,1,5.942799
intergenerational,1,1,5.942799
epigenetics,1,1,5.942799
nvc,1,1,5.942799
bedstand,1,1,5.942799
johari,1,1,5.942799
astrology,1,1,5.942799
slipperiest,1,1,5.942799
irene,1,1,5.942799
rockwell,1,1,5.942799
sameness,1,1,5.942799
disseminate,1,1,5.942799
solemnly,1,1,5.942799
great-grandparents,1,1,5.942799
marital,1,1,5.942799
disclose,1,1,5.942799
detriment,1,1,5.942799
relatedness,1,1,5.942799
disintegrate,1,1,5.942799
rambo,1,1,5.942799
competency,1,1,5.942799
dharmalogical,1,1,5.942799
theos,1,1,5.942799
codependently,1,1,5.942799
inherency,1,1,5.942799
sexist,1,1,5.942799
insensitive,1,1,5.942799
guesser,1,1,5.942799
invariably,1,1,5.942799
teamwork,1,1,5.942799
trinidad,1,1,5.942799
anti-spiritual,1,1,5.942799
gaggy,1,1,5.942799
remobilized,1,1,5.942799
overidentification,1,1,5.942799
crabby,1,1,5.942799
specialization,1,1,5.942799
keith,1,1,5.942799
wakefield,1,1,5.942799
reaction-response,1,1,5.942799
reapplication,1,1,5.942799
reapply,1,1,5.942799
gopher,1,1,5.942799
upacara,1,1,5.942799
cara,1,1,5.942799
unwavering,1,1,5.942799
bookshop,1,1,5.942799
audiobook,1,1,5.942799
synthesis,1,1,5.942799
wide-ranging,1,1,5.942799
memoir,1,1,5.942799
stoicism,1,1,5.942799
epicureanism,1,1,5.942799
stoic,1,1,5.942799
epicurean,1,1,5.942799
gombrich,1,1,5.942799
heinz,1,1,5.942799
bechert,1,1,5.942799
persuasively,1,1,5.942799
bce,1,1,5.942799
21st-century,1,1,5.942799
proficient,1,1,5.942799
epistemology,1,1,5.942799
ontology,1,1,5.942799
optimally,1,1,5.942799
sole,1,1,5.942799
primacy,1,1,5.942799
sophrosyne,1,1,5.942799
moderation,1,1,5.942799
clear-thinking,1,1,5.942799
organically,1,1,5.942799
dikaiosyne,1,1,5.942799
samana,1,1,5.942799
sarvastivada,1,1,5.942799
tidily,1,1,5.942799
underpin,1,1,5.942799
eudaimonia,1,1,5.942799
incoherent,1,1,5.942799
democratic,1,1,5.942799
gadfly,1,1,5.942799
dialogical,1,1,5.942799
xenophon,1,1,5.942799
thucydides,1,1,5.942799
mouthpiece,1,1,5.942799
counter-image,1,1,5.942799
jeta,1,1,5.942799
enumerate,1,1,5.942799
gahapati,1,1,5.942799
township,1,1,5.942799
paucity,1,1,5.942799
rohingyas,1,1,5.942799
tamil,1,1,5.942799
brian,1,1,5.942799
islamic,1,1,5.942799
lankans,1,1,5.942799
unruly,1,1,5.942799
prod,1,1,5.942799
legalism,1,1,5.942799
over-negated,1,1,5.942799
victorian-type,1,1,5.942799
mel,1,1,5.942799
weitsman,1,1,5.942799
herodotus,1,1,5.942799
historian,1,1,5.942799
persia,1,1,5.942799
indus,1,1,5.942799
gandhara,1,1,5.942799
settler,1,1,5.942799
northwest,1,1,5.942799
milinda,1,1,5.942799
menander,1,1,5.942799
nagasena,1,1,5.942799
pyrrho,1,1,5.942799
heleno-buddhist,1,1,5.942799
maharashtra,1,1,5.942799
karli,1,1,5.942799
meager,1,1,5.942799
operationalizing,1,1,5.942799
hardcore,1,1,5.942799
pantheon,1,1,5.942799
schematic,1,1,5.942799
shaman,1,1,5.942799
mexico,1,1,5.942799
orphic,1,1,5.942799
eleusinian,1,1,5.942799
bacchae,1,1,5.942799
shamanic,1,1,5.942799
confucianism,1,1,5.942799
adequately,1,1,5.942799
lamrim,1,1,5.942799
reassess,1,1,5.942799
comprehensive,1,1,5.942799
meno,1,1,5.942799
scrupulously,1,1,5.942799
bodhicaryavatara,1,1,5.942799
collage,1,1,5.942799
20th-century,1,1,5.942799
look-in,1,1,5.942799
3rd-century,1,1,5.942799
citation,1,1,5.942799
aristophanes,1,1,5.942799
tackle,1,1,5.942799
nitty-gritty,1,1,5.942799
long-ago,1,1,5.942799
emblematic,1,1,5.942799
college-age,1,1,5.942799
weirdly,1,1,5.942799
porousness,1,1,5.942799
multicolored,1,1,5.942799
self-congratulations,1,1,5.942799
funnest,1,1,5.942799
soviet,1,1,5.942799
anti-religion,1,1,5.942799
upswelling,1,1,5.942799
unhealthily,1,1,5.942799
over-doers,1,1,5.942799
anjali,1,1,5.942799
glaringly,1,1,5.942799
lustful,1,1,5.942799
self-attachment,1,1,5.942799
expressivity,1,1,5.942799
inhibition,1,1,5.942799
de-stressed,1,1,5.942799
birthplace,1,1,5.942799
10-minute,1,1,5.942799
military-industrial,1,1,5.942799
aggadhamma,1,1,5.942799
imperceptible,1,1,5.942799
self-transformation,1,1,5.942799
self-growth,1,1,5.942799
self-liberate,1,1,5.942799
self-freeing,1,1,5.942799
incapacitate,1,1,5.942799
band-aid,1,1,5.942799
stably,1,1,5.942799
misattunement,1,1,5.942799
forgetfulness,1,1,5.942799
reunification,1,1,5.942799
homogeneity,1,1,5.942799
vibrational,1,1,5.942799
urgently,1,1,5.942799
fleshy,1,1,5.942799
teasingly,1,1,5.942799
pedagogical,1,1,5.942799
editorial,1,1,5.942799
plainly,1,1,5.942799
boundaryless,1,1,5.942799
non-understanding,1,1,5.942799
unprepared,1,1,5.942799
circadian,1,1,5.942799
abby,1,1,5.942799
long-distance,1,1,5.942799
silo-based,1,1,5.942799
shinto,1,1,5.942799
well-designed,1,1,5.942799
pluralistic,1,1,5.942799
systems-based,1,1,5.942799
oppositional,1,1,5.942799
politic,1,1,5.942799
1640s,1,1,5.942799
cheap,1,1,5.942799
pamphlet,1,1,5.942799
invention,1,1,5.942799
fascism,1,1,5.942799
belligerent,1,1,5.942799
recline,1,1,5.942799
humane,1,1,5.942799
nidra,1,1,5.942799
albeit,1,1,5.942799
unsupported,1,1,5.942799
comfortableness,1,1,5.942799
jawbone,1,1,5.942799
mandible,1,1,5.942799
floppy,1,1,5.942799
fro,1,1,5.942799
icon,1,1,5.942799
wraparound,1,1,5.942799
well-attested,1,1,5.942799
accrete,1,1,5.942799
shunyata,1,1,5.942799
sencho,1,1,5.942799
daoist,1,1,5.942799
programmatic,1,1,5.942799
packet,1,1,5.942799
fine-grained,1,1,5.942799
clump,1,1,5.942799
epiphany,1,1,5.942799
chandogya,1,1,5.942799
turiya,1,1,5.942799
wellwood,1,1,5.942799
overpassing,1,1,5.942799
firstly,1,1,5.942799
antithetical,1,1,5.942799
grievously,1,1,5.942799
hazardous,1,1,5.942799
aitken,1,1,5.942799
accident-prone,1,1,5.942799
mini-breakthroughs,1,1,5.942799
all-in,1,1,5.942799
horizontal,1,1,5.942799
micro-movements,1,1,5.942799
lengthen,1,1,5.942799
hoist,1,1,5.942799
dangle,1,1,5.942799
intermittent,1,1,5.942799
hiss,1,1,5.942799
self-attacking,1,1,5.942799
redress,1,1,5.942799
fruitfully,1,1,5.942799
kathleen,1,1,5.942799
havland,1,1,5.942799
revert,1,1,5.942799
precedented,1,1,5.942799
jazz-like,1,1,5.942799
non-interference,1,1,5.942799
vitakkasanthana,1,1,5.942799
brittleness,1,1,5.942799
deconstructive,1,1,5.942799
infection,1,1,5.942799
proxy,1,1,5.942799
crestone,1,1,5.942799
bap,1,1,5.942799
exemplify,1,1,5.942799
food-wise,1,1,5.942799
rent,1,1,5.942799
employment,1,1,5.942799
spa,1,1,5.942799
long-time,1,1,5.942799
best-rated,1,1,5.942799
defunded,1,1,5.942799
co-teacher,1,1,5.942799
abel,1,1,5.942799
not-so-kind,1,1,5.942799
hereditary,1,1,5.942799
brahmin-hood,1,1,5.942799
fray,1,1,5.942799
canonize,1,1,5.942799
forbearance,1,1,5.942799
complicatedly,1,1,5.942799
volleyball,1,1,5.942799
atta-bhava,1,1,5.942799
clinger,1,1,5.942799
demigod,1,1,5.942799
demi-satan,1,1,5.942799
personing,1,1,5.942799
driveway,1,1,5.942799
deaf,1,1,5.942799
not-so-good,1,1,5.942799
multi-week,1,1,5.942799
assertively,1,1,5.942799
enrapture,1,1,5.942799
over-identified,1,1,5.942799
rarefy,1,1,5.942799
tent,1,1,5.942799
liturgy,1,1,5.942799
sophisticatedly,1,1,5.942799
artha,1,1,5.942799
attha-veda,1,1,5.942799
dharma-inspired,1,1,5.942799
fjord,1,1,5.942799
ledger,1,1,5.942799
difficult-to-acquire,1,1,5.942799
norwegian,1,1,5.942799
miserly,1,1,5.942799
bloody,1,1,5.942799
unencumbered,1,1,5.942799
re-experience,1,1,5.942799
drone,1,1,5.942799
50-minute,1,1,5.942799
healer,1,1,5.942799
lance,1,1,5.942799
experiencers,1,1,5.942799
non-activity,1,1,5.942799
homeopathic,1,1,5.942799
dosage,1,1,5.942799
marginalize,1,1,5.942799
water-like,1,1,5.942799
minimal,1,1,5.942799
choicelessness,1,1,5.942799
p-i-t-i,1,1,5.942799
enjoin,1,1,5.942799
autobiographical,1,1,5.942799
asymmetry,1,1,5.942799
unwaveringly,1,1,5.942799
justifiable,1,1,5.942799
not-distant,1,1,5.942799
reconfiguration,1,1,5.942799
egregious,1,1,5.942799
incoherence,1,1,5.942799
assimilate,1,1,5.942799
dumb,1,1,5.942799
recklessly,1,1,5.942799
cost-free,1,1,5.942799
dreamlike,1,1,5.942799
abraham,1,1,5.942799
joshua,1,1,5.942799
heschel,1,1,5.942799
octave,1,1,5.942799
defy,1,1,5.942799
assaulter,1,1,5.942799
derek,1,1,5.942799
parfit,1,1,5.942799
self-conquering,1,1,5.942799
uninstructed,1,1,5.942799
dispassionate,1,1,5.942799
reinvigorate,1,1,5.942799
resourcing,1,1,5.942799
numbed-out,1,1,5.942799
ramana,1,1,5.942799
maharshi,1,1,5.942799
sentimentality,1,1,5.942799
optimistic,1,1,5.942799
kindfulness,1,1,5.942799
heartfulness,1,1,5.942799
unlovely,1,1,5.942799
well-wisher,1,1,5.942799
unfeasibly,1,1,5.942799
well-nourished,1,1,5.942799
medium-sized,1,1,5.942799
kaylin,1,1,5.942799
haught,1,1,5.942799
sweetcakes,1,1,5.942799
vividness,1,1,5.942799
chatty,1,1,5.942799
weightlessness,1,1,5.942799
technique-focused,1,1,5.942799
unobtrusive,1,1,5.942799
incisively,1,1,5.942799
penetratingly,1,1,5.942799
scotland,1,1,5.942799
london,1,1,5.942799
pam,1,1,5.942799
prune,1,1,5.942799
dacher,1,1,5.942799
keltner,1,1,5.942799
admiration,1,1,5.942799
magnanimity,1,1,5.942799
pro-social,1,1,5.942799
assistance,1,1,5.942799
lumbini,1,1,5.942799
galen,1,1,5.942799
ferguson,1,1,5.942799
shamatha,1,1,5.942799
customary,1,1,5.942799
adherence,1,1,5.942799
butt,1,1,5.942799
cheerfulness,1,1,5.942799
rediscover,1,1,5.942799
enjoyer,1,1,5.942799
directedness,1,1,5.942799
non-calm,1,1,5.942799
non-mindfulness,1,1,5.942799
non-settledness,1,1,5.942799
rivulet,1,1,5.942799
hydrodynamics,1,1,5.942799
nivarana,1,1,5.942799
in-depth,1,1,5.942799
moralistically,1,1,5.942799
frantically,1,1,5.942799
aptitude,1,1,5.942799
flare-up,1,1,5.942799
exaggeration,1,1,5.942799
disrespectfully,1,1,5.942799
multitracking,1,1,5.942799
uninfluenced,1,1,5.942799
non-hesitation,1,1,5.942799
mailbox,1,1,5.942799
choppiness,1,1,5.942799
uncontracted,1,1,5.942799
untight,1,1,5.942799
seuss,1,1,5.942799
archive,1,1,5.942799
humongous,1,1,5.942799
investigator,1,1,5.942799
prismatic,1,1,5.942799
biosphere,1,1,5.942799
constitution,1,1,5.942799
subsection,1,1,5.942799
contractive,1,1,5.942799
sniff,1,1,5.942799
un-nihilistic,1,1,5.942799
metaphysicians,1,1,5.942799
kafka,1,1,5.942799
threadbare,1,1,5.942799
conservation,1,1,5.942799
corpse,1,1,5.942799
overexuberance,1,1,5.942799
narrativize,1,1,5.942799
marty,1,1,5.942799
haselton,1,1,5.942799
bulwark,1,1,5.942799
rework,1,1,5.942799
10-day,1,1,5.942799
reel,1,1,5.942799
gallery,1,1,5.942799
warmness,1,1,5.942799
five-part,1,1,5.942799
campfire,1,1,5.942799
uncomfortably,1,1,5.942799
acclimatization,1,1,5.942799
idiom,1,1,5.942799
reframer,1,1,5.942799
repurposer,1,1,5.942799
miasma,1,1,5.942799
allusion,1,1,5.942799
anatomy,1,1,5.942799
legitimize,1,1,5.942799
aww,1,1,5.942799
mini,1,1,5.942799
uneasy,1,1,5.942799
43rd,1,1,5.942799
quantumly,1,1,5.942799
ekka,1,1,5.942799
gata,1,1,5.942799
fastidious,1,1,5.942799
2600-year,1,1,5.942799
moralism,1,1,5.942799
rearise,1,1,5.942799
agony,1,1,5.942799
inevitability,1,1,5.942799
controversial,1,1,5.942799
primatologist,1,1,5.942799
frans,1,1,5.942799
waal,1,1,5.942799
anthropodenial,1,1,5.942799
disobedience,1,1,5.942799
8-year-old,1,1,5.942799
inflect,1,1,5.942799
self-perceptions,1,1,5.942799
roost,1,1,5.942799
synonymously,1,1,5.942799
genetics,1,1,5.942799
redirection,1,1,5.942799
largeness,1,1,5.942799
boundlessly,1,1,5.942799
orifice,1,1,5.942799
timber,1,1,5.942799
creeper,1,1,5.942799
ancientness,1,1,5.942799
inseparability,1,1,5.942799
improbable,1,1,5.942799
self-coaching,1,1,5.942799
lateness,1,1,5.942799
chilly,1,1,5.942799
over-controlled,1,1,5.942799
outset,1,1,5.942799
over-efforting,1,1,5.942799
viriya,1,1,5.942799
tendon,1,1,5.942799
unexcelled,1,1,5.942799
after-lunch,1,1,5.942799
vigorous,1,1,5.942799
playable,1,1,5.942799
rev,1,1,5.942799
uniform,1,1,5.942799
instigation,1,1,5.942799
unremitting,1,1,5.942799
oar,1,1,5.942799
tome,1,1,5.942799
tedious,1,1,5.942799
face-up,1,1,5.942799
birch,1,1,5.942799
stripe,1,1,5.942799
beak,1,1,5.942799
puzzle-doing,1,1,5.942799
300-piece,1,1,5.942799
right-and-wrong,1,1,5.942799
escher,1,1,5.942799
purposive,1,1,5.942799
reflux,1,1,5.942799
mind-twister,1,1,5.942799
earache,1,1,5.942799
spaghetti,1,1,5.942799
facetime,1,1,5.942799
nicholas,1,1,5.942799
three-person,1,1,5.942799
lakshmi,1,1,5.942799
top-heavy,1,1,5.942799
vicki,1,1,5.942799
audrey,1,1,5.942799
rolfing,1,1,5.942799
respective,1,1,5.942799
sweeper,1,1,5.942799
partiality,1,1,5.942799
proposition,1,1,5.942799
trapezius,1,1,5.942799
foundationally,1,1,5.942799
explicate,1,1,5.942799
enigmatic,1,1,5.942799
conceiver,1,1,5.942799
convolute,1,1,5.942799
name-and-form,1,1,5.942799
tropical,1,1,5.942799
brochure,1,1,5.942799
squint,1,1,5.942799
underappreciated,1,1,5.942799
recycle,1,1,5.942799
microclimates,1,1,5.942799
weeknight,1,1,5.942799
shazam,1,1,5.942799
invocation,1,1,5.942799
bloodsucker,1,1,5.942799
vilify,1,1,5.942799
vile,1,1,5.942799
vector,1,1,5.942799
perverse,1,1,5.942799
perennial,1,1,5.942799
uncoil,1,1,5.942799
slog,1,1,5.942799
doubter,1,1,5.942799
fertilize,1,1,5.942799
wantings,1,1,5.942799
globed,1,1,5.942799
sunbathe,1,1,5.942799
universalization,1,1,5.942799
vipassana-jhana,1,1,5.942799
sya,1,1,5.942799
denseness,1,1,5.942799
pessimism,1,1,5.942799
refusal,1,1,5.942799
plaster,1,1,5.942799
peer-reviewed,1,1,5.942799
denigrate,1,1,5.942799
terribleness,1,1,5.942799
10-second,1,1,5.942799
30-second,1,1,5.942799
intensification,1,1,5.942799
re-feel,1,1,5.942799
chastise,1,1,5.942799
beautifulness,1,1,5.942799
non-relational,1,1,5.942799
object-free,1,1,5.942799
self-responsibility,1,1,5.942799
vagary,1,1,5.942799
dross,1,1,5.942799
over-identification,1,1,5.942799
objectless,1,1,5.942799
no-no,1,1,5.942799
hala,1,1,5.942799
alyan,1,1,5.942799
swarm,1,1,5.942799
astonishment,1,1,5.942799
misdiagnose,1,1,5.942799
single-cause,1,1,5.942799
causal,1,1,5.942799
kathryn,1,1,5.942799
schulz,1,1,5.942799
avaricious,1,1,5.942799
imminence,1,1,5.942799
aftermath,1,1,5.942799
time-lapse,1,1,5.942799
formative,1,1,5.942799
advice-giving,1,1,5.942799
intolerable,1,1,5.942799
everythingness,1,1,5.942799
phenomenological,1,1,5.942799
vitakka-vicara,1,1,5.942799
pervasively,1,1,5.942799
airy,1,1,5.942799
gradient,1,1,5.942799
laurence,1,1,5.942799
fishburne,1,1,5.942799
lacanian,1,1,5.942799
jacques,1,1,5.942799
lacan,1,1,5.942799
barrenness,1,1,5.942799
uncompulsive,1,1,5.942799
un-self-created,1,1,5.942799
unmanufactured,1,1,5.942799
dialectical,1,1,5.942799
vacuity,1,1,5.942799
moment-by-moment,1,1,5.942799
johnson,1,1,5.942799
non-harm,1,1,5.942799
jen,1,1,5.942799
slideshow,1,1,5.942799
prohibit,1,1,5.942799
breach,1,1,5.942799
parliamentary,1,1,5.942799
francsico,1,1,5.942799
late-night,1,1,5.942799
hopefulness,1,1,5.942799
coalition,1,1,5.942799
beckman,1,1,5.942799
mcintyre,1,1,5.942799
doughnut,1,1,5.942799
server,1,1,5.942799
bartender,1,1,5.942799
mandate,1,1,5.942799
runaway,1,1,5.942799
mid-60s,1,1,5.942799
larkin,1,1,5.942799
estrange,1,1,5.942799
stigma,1,1,5.942799
destigmatize,1,1,5.942799
startup,1,1,5.942799
cassock,1,1,5.942799
garb,1,1,5.942799
gel,1,1,5.942799
distribute,1,1,5.942799
844-hope-sf,1,1,5.942799
844-467-3734,1,1,5.942799
contingency,1,1,5.942799
bilingual,1,1,5.942799
sro,1,1,5.942799
usher,1,1,5.942799
lutheran,1,1,5.942799
ucc,1,1,5.942799
mcc,1,1,5.942799
unapologetically,1,1,5.942799
baptism,1,1,5.942799
gay,1,1,5.942799
open-air,1,1,5.942799
hanukkah,1,1,5.942799
well-received,1,1,5.942799
cutting-edge,1,1,5.942799
synagogue,1,1,5.942799
24-hour,1,1,5.942799
re-establishing,1,1,5.942799
suspendable,1,1,5.942799
lurch,1,1,5.942799
sainte,1,1,5.942799
terre,1,1,5.942799
saunterer,1,1,5.942799
hospitably,1,1,5.942799
intrude,1,1,5.942799
cantor,1,1,5.942799
ancillary,1,1,5.942799
relationally,1,1,5.942799
nine-fold,1,1,5.942799
500-something,1,1,5.942799
altogether,1,1,5.942799
cinderella,1,1,5.942799
adult-oriented,1,1,5.942799
unfit,1,1,5.942799
novel-like,1,1,5.942799
semi-randomly,1,1,5.942799
illustration,1,1,5.942799
tangential,1,1,5.942799
bowl-like,1,1,5.942799
katagaha,1,1,5.942799
kata,1,1,5.942799
kaligaha,1,1,5.942799
pannaka,1,1,5.942799
panha,1,1,5.942799
precedent,1,1,5.942799
wreathe,1,1,5.942799
swiftly,1,1,5.942799
nonhuman,1,1,5.942799
underway,1,1,5.942799
merchandise,1,1,5.942799
astute,1,1,5.942799
baranasi,1,1,5.942799
kasi,1,1,5.942799
second-mover,1,1,5.942799
non-humans,1,1,5.942799
tradesman,1,1,5.942799
corruptible,1,1,5.942799
ajatasattu,1,1,5.942799
nemesis,1,1,5.942799
sanchi,1,1,5.942799
backdate,1,1,5.942799
socio-political,1,1,5.942799
pre-buddhist,1,1,5.942799
doctrine-heavy,1,1,5.942799
semantic,1,1,5.942799
a-n-u-k-a-m-p-a,1,1,5.942799
subjugate,1,1,5.942799
israeli-palestinian,1,1,5.942799
muna,1,1,5.942799
shaheen,1,1,5.942799
unrelatable,1,1,5.942799
exasperate,1,1,5.942799
nyanatiloka,1,1,5.942799
mid-90s,1,1,5.942799
plonk,1,1,5.942799
bhikkhuni,1,1,5.942799
fudge,1,1,5.942799
sundae,1,1,5.942799
recount,1,1,5.942799
nigrodha,1,1,5.942799
stick-in-hand,1,1,5.942799
schism,1,1,5.942799
impolite,1,1,5.942799
khandhas,1,1,5.942799
nanusenti,1,1,5.942799
malice,1,1,5.942799
purisa,1,1,5.942799
mind-objects,1,1,5.942799
254-255,1,1,5.942799
nippapanca,1,1,5.942799
non-proliferation,1,1,5.942799
macbeth,1,1,5.942799
mercury,1,1,5.942799
retrograde,1,1,5.942799
over-elation,1,1,5.942799
elation,1,1,5.942799
prattle,1,1,5.942799
tatramajjhattata,1,1,5.942799
majjha,1,1,5.942799
ta,1,1,5.942799
unswayed,1,1,5.942799
vastly,1,1,5.942799
kalyana-mittata,1,1,5.942799
good-hearted,1,1,5.942799
sigala,1,1,5.942799
suhada,1,1,5.942799
counterfeit,1,1,5.942799
beware,1,1,5.942799
taker,1,1,5.942799
sweet-talker,1,1,5.942799
flatterer,1,1,5.942799
reckless,1,1,5.942799
ego-based,1,1,5.942799
attachment-based,1,1,5.942799
clinginess,1,1,5.942799
craving-based,1,1,5.942799
caga,1,1,5.942799
open-handedness,1,1,5.942799
open-hearted,1,1,5.942799
multi-billion,1,1,5.942799
anatomical,1,1,5.942799
x-ray,1,1,5.942799
tar-baby,1,1,5.942799
mph,1,1,5.942799
circuitous,1,1,5.942799
jiu-jitsu,1,1,5.942799
anti-aversion,1,1,5.942799
brick,1,1,5.942799
feline,1,1,5.942799
non-sequitur,1,1,5.942799
staggeringly,1,1,5.942799
spatiotemporal,1,1,5.942799
non-stationary,1,1,5.942799
nonlinear,1,1,5.942799
neuronal,1,1,5.942799
reciprocally,1,1,5.942799
then-gained,1,1,5.942799
dog-cat,1,1,5.942799
unexpecting,1,1,5.942799
image-making,1,1,5.942799
non-strife,1,1,5.942799
micro-muscles,1,1,5.942799
s-a-m-a-t-h-a,1,1,5.942799
spittoon,1,1,5.942799
uncharacterized,1,1,5.942799
overthinking,1,1,5.942799
overreact,1,1,5.942799
over-involved,1,1,5.942799
reputable,1,1,5.942799
federal,1,1,5.942799
usaid,1,1,5.942799
yearlong,1,1,5.942799
year-and-a-half,1,1,5.942799
chaplaincy-informed,1,1,5.942799
publicize,1,1,5.942799
sophie,1,1,5.942799
walkout,1,1,5.942799
underplay,1,1,5.942799
warfare,1,1,5.942799
serenely,1,1,5.942799
usurp,1,1,5.942799
chiasmus,1,1,5.942799
homer,1,1,5.942799
myth-telling,1,1,5.942799
woodworker,1,1,5.942799
wheel-turning,1,1,5.942799
venerate,1,1,5.942799
aristocrat,1,1,5.942799
marriageable,1,1,5.942799
tutor,1,1,5.942799
dissolute,1,1,5.942799
goat,1,1,5.942799
sheep,1,1,5.942799
jackal,1,1,5.942799
limbo,1,1,5.942799
interim,1,1,5.942799
riverlands,1,1,5.942799
non-violently,1,1,5.942799
seven-day,1,1,5.942799
garble,1,1,5.942799
de-armor,1,1,5.942799
chipmunk,1,1,5.942799
self-speech,1,1,5.942799
disenfranchise,1,1,5.942799
submission,1,1,5.942799
care-feeling,1,1,5.942799
conjoin,1,1,5.942799
golly,1,1,5.942799
disassociate,1,1,5.942799
non-contentious,1,1,5.942799
ritualistically,1,1,5.942799
unsay,1,1,5.942799
cloister,1,1,5.942799
sal,1,1,5.942799
pointedly,1,1,5.942799
nyanamoli,1,1,5.942799
understatement,1,1,5.942799
departure,1,1,5.942799
selflessly,1,1,5.942799
slow-burn,1,1,5.942799
strangeness,1,1,5.942799
tarnish,1,1,5.942799
disenchant,1,1,5.942799
artistic,1,1,5.942799
cleanliness,1,1,5.942799
elude,1,1,5.942799
crucially,1,1,5.942799
self-directed,1,1,5.942799
geocentric,1,1,5.942799
heliocentric,1,1,5.942799
egocentric,1,1,5.942799
solipsistic,1,1,5.942799
perspective-taking,1,1,5.942799
topographical,1,1,5.942799
high-resolution,1,1,5.942799
rodeo,1,1,5.942799
followup,1,1,5.942799
self-attachments,1,1,5.942799
nebulous,1,1,5.942799
world-negating,1,1,5.942799
admonish,1,1,5.942799
strut,1,1,5.942799
askew,1,1,5.942799
concoct,1,1,5.942799
abhinna,1,1,5.942799
anuloma,1,1,5.942799
loma,1,1,5.942799
well-cultivated,1,1,5.942799
infinitude,1,1,5.942799
innovator,1,1,5.942799
unknow,1,1,5.942799
issan,1,1,5.942799
dorsey,1,1,5.942799
hopeful,1,1,5.942799
incubation,1,1,5.942799
compulsively,1,1,5.942799
needless,1,1,5.942799
strategizing,1,1,5.942799
centerlessness,1,1,5.942799
psychotic,1,1,5.942799
impairment,1,1,5.942799
unendingly,1,1,5.942799
neuroimaging,1,1,5.942799
aviva,1,1,5.942799
berkovich-ohana,1,1,5.942799
transdiagnostic,1,1,5.942799
non-being,1,1,5.942799
decrepitude,1,1,5.942799
hereness,1,1,5.942799
emergent,1,1,5.942799
unbalance,1,1,5.942799
hoti,1,1,5.942799
keeper,1,1,5.942799
tusker,1,1,5.942799
serpent-like,1,1,5.942799
craziness,1,1,5.942799
pedigreed,1,1,5.942799
battle-hardened,1,1,5.942799
delectable,1,1,5.942799
menagerie,1,1,5.942799
looseness,1,1,5.942799
furious,1,1,5.942799
entree,1,1,5.942799
baye,1,1,5.942799
shohaku,1,1,5.942799
okumura,1,1,5.942799
purport,1,1,5.942799
pali-english,1,1,5.942799
visuddhi,1,1,5.942799
excellency,1,1,5.942799
setback,1,1,5.942799
reminisce,1,1,5.942799
swerve,1,1,5.942799
aesthetically,1,1,5.942799
walker,1,1,5.942799
troublemaker,1,1,5.942799
algebra,1,1,5.942799
diana-ism,1,1,5.942799
insightful,1,1,5.942799
well-balanced,1,1,5.942799
street-smart,1,1,5.942799
40-year,1,1,5.942799
pane,1,1,5.942799
iii,1,1,5.942799
deck,1,1,5.942799
titanic,1,1,5.942799
quaker,1,1,5.942799
mahacitta,1,1,5.942799
pagoda,1,1,5.942799
skirt,1,1,5.942799
achievement,1,1,5.942799
theo,1,1,5.942799
celeration,1,1,5.942799
anthem,1,1,5.942799
stately,1,1,5.942799
self-flagellation,1,1,5.942799
surfacy,1,1,5.942799
bathe,1,1,5.942799
ksanti,1,1,5.942799
etymological,1,1,5.942799
ksam,1,1,5.942799
feces,1,1,5.942799
pu,1,1,5.942799
largess,1,1,5.942799
earthlike,1,1,5.942799
de-nourishes,1,1,5.942799
bleach,1,1,5.942799
worked-up,1,1,5.942799
stiffen,1,1,5.942799
behaviorally,1,1,5.942799
barrel,1,1,5.942799
recreational,1,1,5.942799
constipate,1,1,5.942799
constipation,1,1,5.942799
undamned,1,1,5.942799
gum,1,1,5.942799
earth-like,1,1,5.942799
over-preoccupied,1,1,5.942799
gloomy,1,1,5.942799
turtle,1,1,5.942799
non-continuity,1,1,5.942799
near-synonyms,1,1,5.942799
campaign,1,1,5.942799
eventual,1,1,5.942799
spasming,1,1,5.942799
locked-in-ness,1,1,5.942799
artificially,1,1,5.942799
alphabet,1,1,5.942799
anava,1,1,5.942799
11-month,1,1,5.942799
tony,1,1,5.942799
hoagland,1,1,5.942799
maxine,1,1,5.942799
conjugate,1,1,5.942799
geranium,1,1,5.942799
corona,1,1,5.942799
listlessness,1,1,5.942799
sympathy,1,1,5.942799
van,1,1,5.942799
outbuilding,1,1,5.942799
overjoy,1,1,5.942799
untrimmable,1,1,5.942799
darkish,1,1,5.942799
mediocreness,1,1,5.942799
unagitated,1,1,5.942799
forecaster,1,1,5.942799
self-clinging,1,1,5.942799
kara,1,1,5.942799
manasi,1,1,5.942799
aquatic,1,1,5.942799
stark,1,1,5.942799
not-source-of-life,1,1,5.942799
urban,1,1,5.942799
hardware,1,1,5.942799
built-in,1,1,5.942799
think-ativity,1,1,5.942799
body-fullness,1,1,5.942799
morton,1,1,5.942799
saddhamma,1,1,5.942799
rampart,1,1,5.942799
worthless,1,1,5.942799
dusty,1,1,5.942799
abound,1,1,5.942799
baroque,1,1,5.942799
slavery,1,1,5.942799
apprentice,1,1,5.942799
dispersion,1,1,5.942799
tushita,1,1,5.942799
upstairs,1,1,5.942799
rajagaha,1,1,5.942799
principal,1,1,5.942799
kamala,1,1,5.942799
mercedes-benz,1,1,5.942799
kolvig,1,1,5.942799
casino,1,1,5.942799
download,1,1,5.942799
shrewd,1,1,5.942799
android,1,1,5.942799
iphone,1,1,5.942799
neurological,1,1,5.942799
eardrum,1,1,5.942799
digit,1,1,5.942799
zen-like,1,1,5.942799
hostess,1,1,5.942799
gaseousness,1,1,5.942799
g,1,1,5.942799
ear-consciousness,1,1,5.942799
lemn,1,1,5.942799
sissay,1,1,5.942799
ex-addicts,1,1,5.942799
ex-junkies,1,1,5.942799
flunk,1,1,5.942799
ex-flunkies,1,1,5.942799
careerless,1,1,5.942799
laceless,1,1,5.942799
cordless,1,1,5.942799
one-bar,1,1,5.942799
buttonless,1,1,5.942799
rubbish,1,1,5.942799
ashtray,1,1,5.942799
jean,1,1,5.942799
crease,1,1,5.942799
antarctica,1,1,5.942799
colony,1,1,5.942799
skate,1,1,5.942799
silliness,1,1,5.942799
co-opt,1,1,5.942799
broad-brush,1,1,5.942799
stroller,1,1,5.942799
peanut,1,1,5.942799
hanson,1,1,5.942799
velcro,1,1,5.942799
teflon,1,1,5.942799
industrial,1,1,5.942799
closet,1,1,5.942799
asano,1,1,5.942799
first-grade,1,1,5.942799
s-u-t-t-a,1,1,5.942799
a-b-h-a-y-a-g-i-r-i,1,1,5.942799
monopole,1,1,5.942799
peggy,1,1,5.942799
awareing,1,1,5.942799
limber,1,1,5.942799
attender,1,1,5.942799
appreciator,1,1,5.942799
unresponsive,1,1,5.942799
nationality,1,1,5.942799
this-ness,1,1,5.942799
plumber,1,1,5.942799
conceivings,1,1,5.942799
valuings,1,1,5.942799
prioritizings,1,1,5.942799
subvocally,1,1,5.942799
insurmountable,1,1,5.942799
a-n-i-c-c-a,1,1,5.942799
thought-about,1,1,5.942799
flippant,1,1,5.942799
all-self,1,1,5.942799
untense,1,1,5.942799
moderately,1,1,5.942799
camille,1,1,5.942799
fifth-century,1,1,5.942799
buddhaghosa,1,1,5.942799
geologic,1,1,5.942799
unentanglement,1,1,5.942799
neutrality,1,1,5.942799
airtime,1,1,5.942799
unchain,1,1,5.942799
unhook,1,1,5.942799
anesthesia,1,1,5.942799
high-ticket,1,1,5.942799
almond,1,1,5.942799
introspective,1,1,5.942799
mokugyo,1,1,5.942799
lacquer,1,1,5.942799
hartman,1,1,5.942799
officiate,1,1,5.942799
facial,1,1,5.942799
incorrect,1,1,5.942799
shockingly,1,1,5.942799
v-e-d-a-n-a,1,1,5.942799
wedana,1,1,5.942799
co-guiding,1,1,5.942799
utmost,1,1,5.942799
inspirationally,1,1,5.942799
fancifully,1,1,5.942799
blimp,1,1,5.942799
transpiration,1,1,5.942799
windy,1,1,5.942799
gusty,1,1,5.942799
dustiness,1,1,5.942799
invigorate,1,1,5.942799
snuggle,1,1,5.942799
untrapped,1,1,5.942799
gutter,1,1,5.942799
gust,1,1,5.942799
squall,1,1,5.942799
enclave,1,1,5.942799
humanistic,1,1,5.942799
detrimental,1,1,5.942799
blaster-away,1,1,5.942799
over-prioritizing,1,1,5.942799
unfragmented,1,1,5.942799
whololeness,1,1,5.942799
katthahari-jataka,1,1,5.942799
indriya-jataka,1,1,5.942799
abduction,1,1,5.942799
upbraid,1,1,5.942799
debtor,1,1,5.942799
fetch,1,1,5.942799
jambu,1,1,5.942799
plum,1,1,5.942799
shipwreck,1,1,5.942799
therein,1,1,5.942799
yonder,1,1,5.942799
disembark,1,1,5.942799
castaway,1,1,5.942799
glisten,1,1,5.942799
utterance,1,1,5.942799
scout,1,1,5.942799
pleasantly,1,1,5.942799
newcomer,1,1,5.942799
first-rate,1,1,5.942799
excretion,1,1,5.942799
workman,1,1,5.942799
merry,1,1,5.942799
toddy,1,1,5.942799
hearken,1,1,5.942799
ark,1,1,5.942799
incontinently,1,1,5.942799
spake,1,1,5.942799
hie,1,1,5.942799
whoso,1,1,5.942799
harborage,1,1,5.942799
aboard,1,1,5.942799
waist-deep,1,1,5.942799
man-deep,1,1,5.942799
ensnare,1,1,5.942799
kokalika,1,1,5.942799
unrighteous,1,1,5.942799
alpha,1,1,5.942799
asuba,1,1,5.942799
unmetabolized,1,1,5.942799
ida,1,1,5.942799
paccayata,1,1,5.942799
this-that,1,1,5.942799
acknowledgement,1,1,5.942799
concurrent,1,1,5.942799
fractal,1,1,5.942799
mandelbrot,1,1,5.942799
macrocosm,1,1,5.942799
petavatthu,1,1,5.942799
supramundane,1,1,5.942799
jayasaro,1,1,5.942799
tucker,1,1,5.942799
virginia,1,1,5.942799
gati,1,1,5.942799
mahadukkhakkhandha,1,1,5.942799
charcoal,1,1,5.942799
cesspit,1,1,5.942799
scanty,1,1,5.942799
dapple,1,1,5.942799
jetsunma,1,1,5.942799
tenzin,1,1,5.942799
palmo,1,1,5.942799
basement,1,1,5.942799
penthouse,1,1,5.942799
z-axis,1,1,5.942799
oasis,1,1,5.942799
discernible,1,1,5.942799
psychedelically,1,1,5.942799
crescendo,1,1,5.942799
petas,1,1,5.942799
pinhole,1,1,5.942799
lateral,1,1,5.942799
bbc,1,1,5.942799
on-ramp,1,1,5.942799
disallow,1,1,5.942799
convergence,1,1,5.942799
dhamma-chanda,1,1,5.942799
breather,1,1,5.942799
krishnamurti,1,1,5.942799
wax,1,1,5.942799
re-find,1,1,5.942799
informal,1,1,5.942799
deadness,1,1,5.942799
outlive,1,1,5.942799
technique-ified,1,1,5.942799
non-inspiration,1,1,5.942799
mcleod,1,1,5.942799
paltry,1,1,5.942799
illumine,1,1,5.942799
self-monitoring,1,1,5.942799
clear-headed,1,1,5.942799
clear-minded,1,1,5.942799
unwilling,1,1,5.942799
char,1,1,5.942799
level-headed,1,1,5.942799
sadden,1,1,5.942799
s-u-k-h-a,1,1,5.942799
renuncient,1,1,5.942799
excitation,1,1,5.942799
liberal,1,1,5.942799
insightworldaid,1,1,5.942799
rahm,1,1,5.942799
coordinator,1,1,5.942799
broach,1,1,5.942799
nuisance,1,1,5.942799
birkenstocks,1,1,5.942799
not-soul,1,1,5.942799
phenomenologist,1,1,5.942799
stats,1,1,5.942799
insomniac,1,1,5.942799
not-sleeping,1,1,5.942799
subjectification,1,1,5.942799
dharmete,1,1,5.942799
nearsighted,1,1,5.942799
vigilant,1,1,5.942799
domanassa,1,1,5.942799
somanassa,1,1,5.942799
blandness,1,1,5.942799
self-involvement,1,1,5.942799
co-opted,1,1,5.942799
prowess,1,1,5.942799
dale,1,1,5.942799
genteel,1,1,5.942799
reluctantly,1,1,5.942799
lethality,1,1,5.942799
unstring,1,1,5.942799
supper,1,1,5.942799
wean,1,1,5.942799
plight,1,1,5.942799
prerogative,1,1,5.942799
dungeon,1,1,5.942799
nah,1,1,5.942799
magnificence,1,1,5.942799
flabbergast,1,1,5.942799
four-legged,1,1,5.942799
pheasant,1,1,5.942799
transpire,1,1,5.942799
decree,1,1,5.942799
proclamation,1,1,5.942799
philos,1,1,5.942799
brotherly,1,1,5.942799
sub-commentaries,1,1,5.942799
seven-minute,1,1,5.942799
over-exuberance,1,1,5.942799
jivaka,1,1,5.942799
squawk,1,1,5.942799
populace,1,1,5.942799
vegetarianism,1,1,5.942799
reptile,1,1,5.942799
amphibian,1,1,5.942799
pericope,1,1,5.942799
dhammam,1,1,5.942799
concise,1,1,5.942799
chide,1,1,5.942799
pith,1,1,5.942799
non-delighting,1,1,5.942799
non-delight,1,1,5.942799
controllability,1,1,5.942799
vex,1,1,5.942799
exhortation,1,1,5.942799
unintimidating,1,1,5.942799
firewall,1,1,5.942799
rejuvenation,1,1,5.942799
bourgeois,1,1,5.942799
spinny,1,1,5.942799
squander,1,1,5.942799
macabre,1,1,5.942799
boost,1,1,5.942799
janus,1,1,5.942799
tally,1,1,5.942799
ember,1,1,5.942799
nicety,1,1,5.942799
self-mortification,1,1,5.942799
pleasantry,1,1,5.942799
over-anchor,1,1,5.942799
fallibility,1,1,5.942799
conrad,1,1,5.942799
co-managing,1,1,5.942799
bruni,1,1,5.942799
spiel,1,1,5.942799
giggle,1,1,5.942799
30-something,1,1,5.942799
time-honored,1,1,5.942799
preface,1,1,5.942799
astronomy,1,1,5.942799
enthusiast,1,1,5.942799
astral,1,1,5.942799
haze,1,1,5.942799
hazy,1,1,5.942799
dairy-free,1,1,5.942799
creamer,1,1,5.942799
three-week,1,1,5.942799
pup,1,1,5.942799
cabin,1,1,5.942799
light-hearted,1,1,5.942799
anticlimactic,1,1,5.942799
gil-ism,1,1,5.942799
clause,1,1,5.942799
impudent,1,1,5.942799
passionless,1,1,5.942799
me-ing,1,1,5.942799
semi-adequate,1,1,5.942799
self-transcendence,1,1,5.942799
unhealed,1,1,5.942799
enforce,1,1,5.942799
black-and-white,1,1,5.942799
bitterness,1,1,5.942799
self-suppression,1,1,5.942799
goleman,1,1,5.942799
condemnation,1,1,5.942799
journalism,1,1,5.942799
newsworthy,1,1,5.942799
skew,1,1,5.942799
ashram,1,1,5.942799
compensate,1,1,5.942799
perfectionistic,1,1,5.942799
somber,1,1,5.942799
lamott,1,1,5.942799
myopia,1,1,5.942799
cellulite,1,1,5.942799
blessedly,1,1,5.942799
blur,1,1,5.942799
zorba,1,1,5.942799
ipad,1,1,5.942799
tummy,1,1,5.942799
unsought,1,1,5.942799
shambhala,1,1,5.942799
fort,1,1,5.942799
turnout,1,1,5.942799
texted,1,1,5.942799
oven,1,1,5.942799
shush,1,1,5.942799
heavy-breathing,1,1,5.942799
stockholm,1,1,5.942799
brimstone,1,1,5.942799
abusively,1,1,5.942799
rosa,1,1,5.942799
retroflection,1,1,5.942799
conflict-avoidant,1,1,5.942799
jeer,1,1,5.942799
scorn,1,1,5.942799
ethnic,1,1,5.942799
kathmandu,1,1,5.942799
frailty,1,1,5.942799
quirk,1,1,5.942799
keating,1,1,5.942799
worldliness,1,1,5.942799
schizophrenic,1,1,5.942799
unrelieved,1,1,5.942799
revolve,1,1,5.942799
sabbatical,1,1,5.942799
spiritus,1,1,5.942799
ira,1,1,5.942799
progoff,1,1,5.942799
meaning-makers,1,1,5.942799
recitation,1,1,5.942799
gathas,1,1,5.942799
pratanu,1,1,5.942799
mudana,1,1,5.942799
wish-fulfilling,1,1,5.942799
legit,1,1,5.942799
unreality,1,1,5.942799
malignant,1,1,5.942799
catapult,1,1,5.942799
out-of-hand,1,1,5.942799
incapacity,1,1,5.942799
news-lite,1,1,5.942799
people-pleaser,1,1,5.942799
florida,1,1,5.942799
jury,1,1,5.942799
egotism,1,1,5.942799
overhead,1,1,5.942799
vision-making,1,1,5.942799
paddock,1,1,5.942799
crucible,1,1,5.942799
detritus,1,1,5.942799
theragatha,1,1,5.942799
subhuti,1,1,5.942799
ya,1,1,5.942799
well-loved,1,1,5.942799
slim,1,1,5.942799
three-month,1,1,5.942799
apparition,1,1,5.942799
non-canonical,1,1,5.942799
straightish,1,1,5.942799
symmetric,1,1,5.942799
integrative,1,1,5.942799
unintegrated,1,1,5.942799
samma-sati,1,1,5.942799
appreciatively,1,1,5.942799
pre-story,1,1,5.942799
depersonify,1,1,5.942799
protract,1,1,5.942799
intrusion,1,1,5.942799
overcomplicate,1,1,5.942799
disharmonious,1,1,5.942799
individualist,1,1,5.942799
collectivist,1,1,5.942799
conditional,1,1,5.942799
punctuation,1,1,5.942799
infotainment,1,1,5.942799
10-foot,1,1,5.942799
earnest,1,1,5.942799
pedestrian,1,1,5.942799
grammatically,1,1,5.942799
rebel,1,1,5.942799
liner,1,1,5.942799
multi-year,1,1,5.942799
manzanita,1,1,5.942799
bracelet,1,1,5.942799
heck,1,1,5.942799
anupubba,1,1,5.942799
four-hour-long,1,1,5.942799
leper,1,1,5.942799
indicative,1,1,5.942799
non-intoxication,1,1,5.942799
hawaii,1,1,5.942799
frenetic,1,1,5.942799
intrepidity,1,1,5.942799
dustless,1,1,5.942799
stainless,1,1,5.942799
deduction,1,1,5.942799
reverential,1,1,5.942799
irrevocably,1,1,5.942799
upalis,1,1,5.942799
mahavira,1,1,5.942799
hilariously,1,1,5.942799
eulogy,1,1,5.942799
buoy,1,1,5.942799
shorter-term,1,1,5.942799
heartful,1,1,5.942799
gamut,1,1,5.942799
reinvoke,1,1,5.942799
caught-upness,1,1,5.942799
50-year,1,1,5.942799
over-consuming,1,1,5.942799
contour,1,1,5.942799
self-betrayal,1,1,5.942799
underdo,1,1,5.942799
onwardly,1,1,5.942799
pujas,1,1,5.942799
lori,1,1,5.942799
hyphen,1,1,5.942799
dis,1,1,5.942799
heirloom,1,1,5.942799
rapid-fire,1,1,5.942799
eleventh,1,1,5.942799
loudly,1,1,5.942799
crispness,1,1,5.942799
distaste,1,1,5.942799
eye-opening,1,1,5.942799
impersonality,1,1,5.942799
ceramic,1,1,5.942799
oriental,1,1,5.942799
pyramid-like,1,1,5.942799
kina,1,1,5.942799
yang,1,1,5.942799
hobbyist,1,1,5.942799
ceramicist,1,1,5.942799
nice-looking,1,1,5.942799
alan,1,1,5.942799
watt,1,1,5.942799
payoff,1,1,5.942799
istanbul,1,1,5.942799
low-windowed,1,1,5.942799
slat-shingled,1,1,5.942799
rivet,1,1,5.942799
ruby,1,1,5.942799
triangulation,1,1,5.942799
quantify,1,1,5.942799
paradoxically,1,1,5.942799
lively,1,1,5.942799
undeniably,1,1,5.942799
bounteous,1,1,5.942799
riotous,1,1,5.942799
profusion,1,1,5.942799
sanitation,1,1,5.942799
dunkin,1,1,5.942799
bro,1,1,5.942799
leisure,1,1,5.942799
variant,1,1,5.942799
lantern,1,1,5.942799
tuned-out,1,1,5.942799
iconic,1,1,5.942799
pediatrician,1,1,5.942799
moffett,1,1,5.942799
fixer,1,1,5.942799
so-so,1,1,5.942799
condole,1,1,5.942799
saddle,1,1,5.942799
supplement,1,1,5.942799
vigor,1,1,5.942799
jolt,1,1,5.942799
intensify,1,1,5.942799
manageable,1,1,5.942799
implant,1,1,5.942799
succinctly,1,1,5.942799
ado,1,1,5.942799
indra,1,1,5.942799
heart-expanding,1,1,5.942799
piyavaca,1,1,5.942799
equitable,1,1,5.942799
kayakamma,1,1,5.942799
vacikamma,1,1,5.942799
manokamma,1,1,5.942799
sadharana-bhogita,1,1,5.942799
diacritic,1,1,5.942799
non-possessiveness,1,1,5.942799
non-jealousy,1,1,5.942799
sila-samannata,1,1,5.942799
ditthi-samannata,1,1,5.942799
ditthi,1,1,5.942799
samannata,1,1,5.942799
uphold,1,1,5.942799
til,1,1,5.942799
small-minded,1,1,5.942799
non-visible,1,1,5.942799
gail,1,1,5.942799
nba,1,1,5.942799
well-regulated,1,1,5.942799
grunt,1,1,5.942799
pirouette,1,1,5.942799
referentiality,1,1,5.942799
regime,1,1,5.942799
monoculture,1,1,5.942799
over-cultivation,1,1,5.942799
spasm,1,1,5.942799
confection,1,1,5.942799
corn,1,1,5.942799
self-expression,1,1,5.942799
solicitation,1,1,5.942799
evacuate,1,1,5.942799
bauble-bedecked,1,1,5.942799
ill-advised,1,1,5.942799
dwarf,1,1,5.942799
ryokan,1,1,5.942799
interchangeably,1,1,5.942799
impulsivity,1,1,5.942799
weil,1,1,5.942799
self-evidently,1,1,5.942799
sit-walk-sit-walk,1,1,5.942799
peet,1,1,5.942799
meetup,1,1,5.942799
confidential,1,1,5.942799
abc,1,1,5.942799
stultify,1,1,5.942799
reticence,1,1,5.942799
insightmeditationcenter,1,1,5.942799
ukiah,1,1,5.942799
disco,1,1,5.942799
hardwood,1,1,5.942799
osho,1,1,5.942799
miga-sangha,1,1,5.942799
kaka-sangha,1,1,5.942799
deva-sangha,1,1,5.942799
soft-shell,1,1,5.942799
taco,1,1,5.942799
70-plus,1,1,5.942799
percent,1,1,5.942799
lame,1,1,5.942799
voluntary,1,1,5.942799
beautification,1,1,5.942799
adornment,1,1,5.942799
knock-on,1,1,5.942799
non-backsliding,1,1,5.942799
once-return,1,1,5.942799
non-return,1,1,5.942799
arahatship,1,1,5.942799
obstructive,1,1,5.942799
arahat,1,1,5.942799
healthfully,1,1,5.942799
disrobe,1,1,5.942799
monasticism,1,1,5.942799
proximal,1,1,5.942799
enobling,1,1,5.942799
tangibly,1,1,5.942799
40-plus-year,1,1,5.942799
creed,1,1,5.942799
ironic,1,1,5.942799
detail-oriented,1,1,5.942799
real-world,1,1,5.942799
higher-level,1,1,5.942799
game-changing,1,1,5.942799
tinkle,1,1,5.942799
reprimand,1,1,5.942799
deviation,1,1,5.942799
achievable,1,1,5.942799
one-month,1,1,5.942799
well-articulated,1,1,5.942799
present-oriented,1,1,5.942799
decentered,1,1,5.942799
disjoint,1,1,5.942799
well-tuned,1,1,5.942799
well-centered,1,1,5.942799
outermost,1,1,5.942799
pinch,1,1,5.942799
emanate,1,1,5.942799
neediness,1,1,5.942799
mahita,1,1,5.942799
desire-driven,1,1,5.942799
7-day,1,1,5.942799
sesshin,1,1,5.942799
ohlone,1,1,5.942799
hugh,1,1,5.942799
richmond,1,1,5.942799
hampshire,1,1,5.942799
yucca,1,1,5.942799
belmont,1,1,5.942799
amelia,1,1,5.942799
sara,1,1,5.942799
snowy,1,1,5.942799
sophia,1,1,5.942799
jeff,1,1,5.942799
montclair,1,1,5.942799
low-traffic,1,1,5.942799
high-in-heart,1,1,5.942799
backbone,1,1,5.942799
well-grounded,1,1,5.942799
dearly,1,1,5.942799
concisely,1,1,5.942799
boing,1,1,5.942799
unsee,1,1,5.942799
non-assertively,1,1,5.942799
upriver,1,1,5.942799
smoothy,1,1,5.942799
pier,1,1,5.942799
junction,1,1,5.942799
healthily,1,1,5.942799
utensil,1,1,5.942799
offhand,1,1,5.942799
half-consciously,1,1,5.942799
non-self-preoccupied,1,1,5.942799
mistrust,1,1,5.942799
reluctance,1,1,5.942799
eka,1,1,5.942799
odi,1,1,5.942799
coarseness,1,1,5.942799
countryside,1,1,5.942799
oz,1,1,5.942799
emerald,1,1,5.942799
harmless-looking,1,1,5.942799
condensation,1,1,5.942799
dialect,1,1,5.942799
enactor,1,1,5.942799
realness,1,1,5.942799
figment,1,1,5.942799
three-minute,1,1,5.942799
collude,1,1,5.942799
catalyze,1,1,5.942799
analytic,1,1,5.942799
outcome-focused,1,1,5.942799
multi-textured,1,1,5.942799
13th,1,1,5.942799
pain-pain,1,1,5.942799
old-age,1,1,5.942799
diligently,1,1,5.942799
openheartedness,1,1,5.942799
procrastinate,1,1,5.942799
unflinchingly,1,1,5.942799
non-moving,1,1,5.942799
windless,1,1,5.942799
non-reactively,1,1,5.942799
three-story,1,1,5.942799
crochet,1,1,5.942799
ajaan,1,1,5.942799
oberlin,1,1,5.942799
jotiko,1,1,5.942799
dhammatalks,1,1,5.942799
12-page,1,1,5.942799
yacht,1,1,5.942799
cursory,1,1,5.942799
splat,1,1,5.942799
unfabricated,1,1,5.942799
undeceptive,1,1,5.942799
materialist,1,1,5.942799
determinism,1,1,5.942799
botch,1,1,5.942799
sagesses,1,1,5.942799
bouddhistes,1,1,5.942799
pessimistic,1,1,5.942799
defeatist,1,1,5.942799
brainless,1,1,5.942799
novelist,1,1,5.942799
jeanne,1,1,5.942799
larsen,1,1,5.942799
scrimp,1,1,5.942799
non-animosity,1,1,5.942799
hire,1,1,5.942799
deceit,1,1,5.942799
countercultural,1,1,5.942799
craftspeople,1,1,5.942799
waylay,1,1,5.942799
businessman,1,1,5.942799
businessmen,1,1,5.942799
divisively,1,1,5.942799
misrepresent,1,1,5.942799
misrepresentation,1,1,5.942799
humorist,1,1,5.942799
divulge,1,1,5.942799
sectarian,1,1,5.942799
niganthas,1,1,5.942799
digress,1,1,5.942799
pepper,1,1,5.942799
herbicide,1,1,5.942799
illicit,1,1,5.942799
flute,1,1,5.942799
hanker,1,1,5.942799
brute,1,1,5.942799
slurp,1,1,5.942799
pique,1,1,5.942799
whimper,1,1,5.942799
marathon,1,1,5.942799
abort,1,1,5.942799
chorus,1,1,5.942799
pantomime,1,1,5.942799
sita,1,1,5.942799
digression,1,1,5.942799
youngster,1,1,5.942799
breakdown,1,1,5.942799
brazil,1,1,5.942799
wipeout,1,1,5.942799
non-percipient,1,1,5.942799
daze,1,1,5.942799
wacko,1,1,5.942799
blatant,1,1,5.942799
inquisitive,1,1,5.942799
curating,1,1,5.942799
fraud,1,1,5.942799
thwart,1,1,5.942799
tuere,1,1,5.942799
sala,1,1,5.942799
darra,1,1,5.942799
williams,1,1,5.942799
bird-eye,1,1,5.942799
well-aligned,1,1,5.942799
carefulness,1,1,5.942799
adamantine,1,1,5.942799
tack,1,1,5.942799
thru-hikes,1,1,5.942799
ounce,1,1,5.942799
boot,1,1,5.942799
mire,1,1,5.942799
self-consumed,1,1,5.942799
opinionatedness,1,1,5.942799
self-study,1,1,5.942799
gigantic,1,1,5.942799
wislawa,1,1,5.942799
szymborska,1,1,5.942799
prize-winning,1,1,5.942799
premeditation,1,1,5.942799
ill-prepared,1,1,5.942799
loathe,1,1,5.942799
hasty,1,1,5.942799
ham-acting,1,1,5.942799
fright,1,1,5.942799
extenuate,1,1,5.942799
unexpectedness,1,1,5.942799
hoarse,1,1,5.942799
slap-dash,1,1,5.942799
makeshift,1,1,5.942799
accommodation,1,1,5.942799
farthest,1,1,5.942799
premiere,1,1,5.942799
factualness,1,1,5.942799
sturm,1,1,5.942799
und,1,1,5.942799
drang,1,1,5.942799
finishing-someone-sentence,1,1,5.942799
leverage,1,1,5.942799
add-on,1,1,5.942799
caloric,1,1,5.942799
output,1,1,5.942799
expenditure,1,1,5.942799
emancipate,1,1,5.942799
representational,1,1,5.942799
meltdown,1,1,5.942799
self-regulation,1,1,5.942799
gruesome,1,1,5.942799
low-energy,1,1,5.942799
cortical,1,1,5.942799
reorganization,1,1,5.942799
amputation,1,1,5.942799
phantom,1,1,5.942799
virya,1,1,5.942799
wordlessly,1,1,5.942799
naivety,1,1,5.942799
re-enter,1,1,5.942799
toni,1,1,5.942799
motor,1,1,5.942799
egan,1,1,5.942799
abet,1,1,5.942799
fluently,1,1,5.942799
lion,1,1,5.942799
wilson,1,1,5.942799
everlasting,1,1,5.942799
mispredict,1,1,5.942799
alleviation,1,1,5.942799
non-strain,1,1,5.942799
non-resisting,1,1,5.942799
caught-up-ness,1,1,5.942799
slate,1,1,5.942799
co-producing,1,1,5.942799
prequel,1,1,5.942799
teaser,1,1,5.942799
pomo,1,1,5.942799
prana,1,1,5.942799
atapi,1,1,5.942799
x3,1,1,5.942799
post-european,1,1,5.942799
cross-tradition,1,1,5.942799
autonomic,1,1,5.942799
neurobiological,1,1,5.942799
approach-avoidance,1,1,5.942799
neurobiology,1,1,5.942799
physiologically,1,1,5.942799
instinctually,1,1,5.942799
somaticized,1,1,5.942799
structurally,1,1,5.942799
unawakened,1,1,5.942799
unpurified,1,1,5.942799
unethically,1,1,5.942799
specially,1,1,5.942799
portentous,1,1,5.942799
14th,1,1,5.942799
8th,1,1,5.942799
uposatha,1,1,5.942799
peacock,1,1,5.942799
misinformation,1,1,5.942799
italian,1,1,5.942799
heart-to-heart,1,1,5.942799
privy,1,1,5.942799
sasana,1,1,5.942799
mittata,1,1,5.942799
co-regulation,1,1,5.942799
proximity,1,1,5.942799
fowler,1,1,5.942799
christakis,1,1,5.942799
synchrony,1,1,5.942799
seamlessly,1,1,5.942799
lockdown,1,1,5.942799
warm-up,1,1,5.942799
passa,1,1,5.942799
usefulness,1,1,5.942799
misconstrue,1,1,5.942799
georgia,1,1,5.942799
o'keeffe,1,1,5.942799
leah,1,1,5.942799
purpura,1,1,5.942799
restore,1,1,5.942799
jonah,1,1,5.942799
lehrer,1,1,5.942799
henri,1,1,5.942799
bergson,1,1,5.942799
tricycle,1,1,5.942799
constraint,1,1,5.942799
transubstantiation,1,1,5.942799
tinge,1,1,5.942799
blocker,1,1,5.942799
alagaddupama,1,1,5.942799
scooper,1,1,5.942799
outrun,1,1,5.942799
half-comatose,1,1,5.942799
unbothered,1,1,5.942799
wreak,1,1,5.942799
havoc,1,1,5.942799
cul-de-sac,1,1,5.942799
erroneous,1,1,5.942799
residual,1,1,5.942799
non-seeking,1,1,5.942799
evasive,1,1,5.942799
cheekbone,1,1,5.942799
unguarded,1,1,5.942799
burramattagal,1,1,5.942799
darug,1,1,5.942799
australian,1,1,5.942799
quasi-magical,1,1,5.942799
kailash,1,1,5.942799
unrelenting,1,1,5.942799
restate,1,1,5.942799
relent,1,1,5.942799
paternity,1,1,5.942799
unreasonable,1,1,5.942799
twelfth,1,1,5.942799
bhaddasala,1,1,5.942799
intertextuality,1,1,5.942799
sakya,1,1,5.942799
servile,1,1,5.942799
rank,1,1,5.942799
bygone,1,1,5.942799
gatherer,1,1,5.942799
sakyans,1,1,5.942799
munda,1,1,5.942799
non-indo-european,1,1,5.942799
pre-vedic,1,1,5.942799
anthropology,1,1,5.942799
lower-caste,1,1,5.942799
outcast,1,1,5.942799
notoriously,1,1,5.942799
fraught,1,1,5.942799
no-father,1,1,5.942799
rear,1,1,5.942799
viceroy,1,1,5.942799
stick-bearer,1,1,5.942799
righteously,1,1,5.942799
fare,1,1,5.942799
mahamaya,1,1,5.942799
suddhodana,1,1,5.942799
disney,1,1,5.942799
consent-wise,1,1,5.942799
zeus,1,1,5.942799
apollo,1,1,5.942799
caucasian,1,1,5.942799
chalk,1,1,5.942799
otherworldly,1,1,5.942799
clothesline,1,1,5.942799
tampon,1,1,5.942799
marcello,1,1,5.942799
aragorn,1,1,5.942799
transgress,1,1,5.942799
tolkien,1,1,5.942799
opulence,1,1,5.942799
groom,1,1,5.942799
childbirth,1,1,5.942799
deadheaded,1,1,5.942799
charioteer,1,1,5.942799
sadhu,1,1,5.942799
fomo,1,1,5.942799
verdict,1,1,5.942799
underrate,1,1,5.942799
mongoose,1,1,5.942799
bi-plus,1,1,5.942799
shamatha-vipassana,1,1,5.942799
muncie,1,1,5.942799
indiana,1,1,5.942799
michigan,1,1,5.942799
nine-month-long,1,1,5.942799
ucsf-sponsored,1,1,5.942799
practice-pc,1,1,5.942799
interprofessional,1,1,5.942799
full-catastrophe,1,1,5.942799
end-of-life,1,1,5.942799
superstar,1,1,5.942799
psychiatry,1,1,5.942799
dame,1,1,5.942799
cicely,1,1,5.942799
disease-modifying,1,1,5.942799
family-centered,1,1,5.942799
npr,1,1,5.942799
dyspnea,1,1,5.942799
bowel,1,1,5.942799
regimen,1,1,5.942799
truth-tellers,1,1,5.942799
tenant,1,1,5.942799
bernie,1,1,5.942799
glassman,1,1,5.942799
bipolar,1,1,5.942799
tremor,1,1,5.942799
elective,1,1,5.942799
neurosurgery,1,1,5.942799
lucidity,1,1,5.942799
non-palliative,1,1,5.942799
inpatient,1,1,5.942799
christina,1,1,5.942799
puchalski,1,1,5.942799
transcendence,1,1,5.942799
integrally,1,1,5.942799
self-forgetting,1,1,5.942799
free-floating,1,1,5.942799
caught-up,1,1,5.942799
non-preoccupation,1,1,5.942799
leeway,1,1,5.942799
solidly,1,1,5.942799
self-rumination,1,1,5.942799
vortex,1,1,5.942799
eater,1,1,5.942799
talker,1,1,5.942799
at-risk,1,1,5.942799
differently-abled,1,1,5.942799
rehabilitative,1,1,5.942799
voeg,1,1,5.942799
mainline,1,1,5.942799
orca,1,1,5.942799
sukhasiddhi,1,1,5.942799
cadence,1,1,5.942799
visuals,1,1,5.942799
dakinis,1,1,5.942799
totem,1,1,5.942799
altruism,1,1,5.942799
chiropractic,1,1,5.942799
royalty,1,1,5.942799
kalu,1,1,5.942799
paramita,1,1,5.942799
interdependence,1,1,5.942799
teacher-student,1,1,5.942799
consumerism,1,1,5.942799
commodification,1,1,5.942799
fissure,1,1,5.942799
trillion,1,1,5.942799
counter-transference,1,1,5.942799
mandala,1,1,5.942799
unfair,1,1,5.942799
unjust,1,1,5.942799
unconscionable,1,1,5.942799
erupt,1,1,5.942799
24-year,1,1,5.942799
veteran,1,1,5.942799
out-of-the-box,1,1,5.942799
nicu,1,1,5.942799
on-calls,1,1,5.942799
kundalini,1,1,5.942799
tapa,1,1,5.942799
empaths,1,1,5.942799
deterrence,1,1,5.942799
encase,1,1,5.942799
two-triangle,1,1,5.942799
secretary,1,1,5.942799
petri,1,1,5.942799
developmentally,1,1,5.942799
vie,1,1,5.942799
billboard,1,1,5.942799
facelift,1,1,5.942799
r-a-f-t,1,1,5.942799
upfront,1,1,5.942799
onlooker,1,1,5.942799
crummy,1,1,5.942799
rustic,1,1,5.942799
multi-hour,1,1,5.942799
digestive,1,1,5.942799
incredulous,1,1,5.942799
r-a-f,1,1,5.942799
facade,1,1,5.942799
self-becoming,1,1,5.942799
self-construct,1,1,5.942799
heartfully,1,1,5.942799
donor,1,1,5.942799
colorado,1,1,5.942799
action-related,1,1,5.942799
charlie,1,1,5.942799
lucy,1,1,5.942799
senegal,1,1,5.942799
atlantic,1,1,5.942799
sanctum,1,1,5.942799
alternation,1,1,5.942799
sandy,1,1,5.942799
contraindicate,1,1,5.942799
trustingly,1,1,5.942799
zeroing-in,1,1,5.942799
caution,1,1,5.942799
subject-verb-object,1,1,5.942799
demarcation,1,1,5.942799
falsify,1,1,5.942799
rupert,1,1,5.942799
spira,1,1,5.942799
diversity,1,1,5.942799
indivisible,1,1,5.942799
coextensive,1,1,5.942799
comedian,1,1,5.942799
pete,1,1,5.942799
holmes,1,1,5.942799
undying,1,1,5.942799
approximation,1,1,5.942799
stridently,1,1,5.942799
anam,1,1,5.942799
thubten,1,1,5.942799
intangible,1,1,5.942799
non-directed,1,1,5.942799
imaginatively,1,1,5.942799
bishop,1,1,5.942799
immodest,1,1,5.942799
baffle,1,1,5.942799
wallace,1,1,5.942799
stevens,1,1,5.942799
inescapable,1,1,5.942799
stafford,1,1,5.942799
rochester,1,1,5.942799
minnesota,1,1,5.942799
twilight,1,1,5.942799
pony,1,1,5.942799
willow,1,1,5.942799
barb,1,1,5.942799
graze,1,1,5.942799
tensely,1,1,5.942799
tuft,1,1,5.942799
slender,1,1,5.942799
nuzzle,1,1,5.942799
mane,1,1,5.942799
sonnet,1,1,5.942799
orpheus,1,1,5.942799
fe,1,1,5.942799
wunderlich,1,1,5.942799
she-elephant,1,1,5.942799
that'd,1,1,5.942799
dentist,1,1,5.942799
savasana,1,1,5.942799
doomscrolling,1,1,5.942799
creepy,1,1,5.942799
crawly,1,1,5.942799
prude,1,1,5.942799
arctic,1,1,5.942799
microclimate,1,1,5.942799
agile,1,1,5.942799
outfit,1,1,5.942799
bizarre,1,1,5.942799
detergent,1,1,5.942799
smelly,1,1,5.942799
self-righteousness,1,1,5.942799
culahatthipadopama,1,1,5.942799
axe,1,1,5.942799
inflow,1,1,5.942799
backlash,1,1,5.942799
coagulate,1,1,5.942799
gift-bestowing,1,1,5.942799
heartbreakingly,1,1,5.942799
4of5,1,1,5.942799
non-ownership,1,1,5.942799
side-eyeing,1,1,5.942799
sandra,1,1,5.942799
rental,1,1,5.942799
break-in,1,1,5.942799
pushback,1,1,5.942799
pastime,1,1,5.942799
predictable,1,1,5.942799
cocoa,1,1,5.942799
curmudgeon,1,1,5.942799
cynical,1,1,5.942799
hellish,1,1,5.942799
closed-hearted,1,1,5.942799
foreclose,1,1,5.942799
viable,1,1,5.942799
dostoevsky,1,1,5.942799
wellings,1,1,5.942799
numerical,1,1,5.942799
tumultuous,1,1,5.942799
di,1,1,5.942799
real-time,1,1,5.942799
dutifully,1,1,5.942799
dearth,1,1,5.942799
antic,1,1,5.942799
offstage,1,1,5.942799
muddiness,1,1,5.942799
orderliness,1,1,5.942799
reflectively,1,1,5.942799
durable,1,1,5.942799
not-very-safe,1,1,5.942799
cost-benefit,1,1,5.942799
self-identification,1,1,5.942799
precision,1,1,5.942799
superimpose,1,1,5.942799
superposition,1,1,5.942799
arbitrarily,1,1,5.942799
self-loathing,1,1,5.942799
wary,1,1,5.942799
rationalization,1,1,5.942799
confabulate,1,1,5.942799
rewatched,1,1,5.942799
nicholson,1,1,5.942799
anxiolytic,1,1,5.942799
fretful,1,1,5.942799
collide,1,1,5.942799
inexhaustible,1,1,5.942799
warp-zoning,1,1,5.942799
half-hearted,1,1,5.942799
damocles,1,1,5.942799
one-one,1,1,5.942799
two-two,1,1,5.942799
three-three,1,1,5.942799
kingship,1,1,5.942799
drastically,1,1,5.942799
simpleness,1,1,5.942799
bifurcate,1,1,5.942799
knucklehead,1,1,5.942799
anxiousness,1,1,5.942799
bifurcation,1,1,5.942799
alt-middle,1,1,5.942799
abreast,1,1,5.942799
virus,1,1,5.942799
bacteria,1,1,5.942799
byron,1,1,5.942799
katie,1,1,5.942799
schoolyard,1,1,5.942799
mlk,1,1,5.942799
poster,1,1,5.942799
albert,1,1,5.942799
einstein,1,1,5.942799
self-standing,1,1,5.942799
stressfulness,1,1,5.942799
tenseness,1,1,5.942799
de-stress,1,1,5.942799
rightfully,1,1,5.942799
mural,1,1,5.942799
refurbish,1,1,5.942799
redo,1,1,5.942799
refurbishment,1,1,5.942799
elementary,1,1,5.942799
tego,1,1,5.942799
adapter,1,1,5.942799
8th-century,1,1,5.942799
electricity,1,1,5.942799
tourism,1,1,5.942799
utopian,1,1,5.942799
piero,1,1,5.942799
ferrucci,1,1,5.942799
indebted,1,1,5.942799
condescend,1,1,5.942799
witty,1,1,5.942799
measurable,1,1,5.942799
khenpo,1,1,5.942799
thimphu,1,1,5.942799
watcher,1,1,5.942799
buzzword,1,1,5.942799
tm,1,1,5.942799
nam,1,1,5.942799
myoho,1,1,5.942799
renge,1,1,5.942799
kyo,1,1,5.942799
bum,1,1,5.942799
acl,1,1,5.942799
cartilage,1,1,5.942799
shred,1,1,5.942799
meniscus,1,1,5.942799
self-protection,1,1,5.942799
tamp,1,1,5.942799
overwrought,1,1,5.942799
bemoan,1,1,5.942799
personnel,1,1,5.942799
retain,1,1,5.942799
work-life,1,1,5.942799
four-hour,1,1,5.942799
overextension,1,1,5.942799
dhi,1,1,5.942799
druk,1,1,5.942799
gelephu,1,1,5.942799
hong,1,1,5.942799
kong,1,1,5.942799
singapore,1,1,5.942799
mastermind,1,1,5.942799
diplomatic,1,1,5.942799
vassal,1,1,5.942799
allowance,1,1,5.942799
well-informed,1,1,5.942799
well-considered,1,1,5.942799
partition,1,1,5.942799
reabsorb,1,1,5.942799
precariousness,1,1,5.942799
unconstrained,1,1,5.942799
generational,1,1,5.942799
unquestioned,1,1,5.942799
championship,1,1,5.942799
malfunction,1,1,5.942799
glitching,1,1,5.942799
striate,1,1,5.942799
hauntingly,1,1,5.942799
unquenchable,1,1,5.942799
forthcoming,1,1,5.942799
self-evidencing,1,1,5.942799
180-degree,1,1,5.942799
over-orientation,1,1,5.942799
pervasion,1,1,5.942799
supportingly,1,1,5.942799
re-orientation,1,1,5.942799
non-grateful,1,1,5.942799
pollyanna-ing,1,1,5.942799
unsafety,1,1,5.942799
despondently,1,1,5.942799
daniel,1,1,5.942799
kahneman,1,1,5.942799
score,1,1,5.942799
agrarian,1,1,5.942799
easy-looking,1,1,5.942799
scramble,1,1,5.942799
wiggly,1,1,5.942799
relatable,1,1,5.942799
wade,1,1,5.942799
compute,1,1,5.942799
five-foot,1,1,5.942799
fear-driven,1,1,5.942799
duty-bound,1,1,5.942799
diffuseness,1,1,5.942799
horizontally,1,1,5.942799
non-attainment,1,1,5.942799
longer-than-usual,1,1,5.942799
40th,1,1,5.942799
recognizable,1,1,5.942799
snowman,1,1,5.942799
squeaky-clean,1,1,5.942799
robotic,1,1,5.942799
sappy,1,1,5.942799
reprise,1,1,5.942799
terrorist,1,1,5.942799
300th,1,1,5.942799
clockwise,1,1,5.942799
cubit,1,1,5.942799
sculptor,1,1,5.942799
girimekhala,1,1,5.942799
yojanas,1,1,5.942799
yojana,1,1,5.942799
guise,1,1,5.942799
hem,1,1,5.942799
hurl,1,1,5.942799
disc,1,1,5.942799
sub-perfections,1,1,5.942799
non-sentient,1,1,5.942799
extricate,1,1,5.942799
illustrious,1,1,5.942799
penetrative,1,1,5.942799
rhetorical,1,1,5.942799
compete,1,1,5.942799
jive,1,1,5.942799
steadfastness,1,1,5.942799
saboteur,1,1,5.942799
itivuttaka,1,1,5.942799
anupassi,1,1,5.942799
wherewithal,1,1,5.942799
straightness,1,1,5.942799
boundlessness,1,1,5.942799
permeation,1,1,5.942799
enrichment,1,1,5.942799
oncoming,1,1,5.942799
lane,1,1,5.942799
transfigure,1,1,5.942799
ill-will-related,1,1,5.942799
ed,1,1,5.942799
acculturate,1,1,5.942799
post-60s,1,1,5.942799
lebanese,1,1,5.942799
hundred-plus,1,1,5.942799
mega-estates,1,1,5.942799
dissociative,1,1,5.942799
patipada,1,1,5.942799
fulcrum,1,1,5.942799
anga,1,1,5.942799
sama-sambuddha,1,1,5.942799
passive-aggressive,1,1,5.942799
infer,1,1,5.942799
labradoodle,1,1,5.942799
labradoodles,1,1,5.942799
dharma-scientific,1,1,5.942799
davidson,1,1,5.942799
import,1,1,5.942799
kirk,1,1,5.942799
warren,1,1,5.942799
salience,1,1,5.942799
deficiency,1,1,5.942799
morass,1,1,5.942799
brutality,1,1,5.942799
iyengar,1,1,5.942799
non-regret,1,1,5.942799
uncaring,1,1,5.942799
garfield,1,1,5.942799
pre-existent,1,1,5.942799
psychophysiological,1,1,5.942799
mast,1,1,5.942799
unarmored,1,1,5.942799
watery,1,1,5.942799
scriptural,1,1,5.942799
underpinnings,1,1,5.942799
kayagatasati,1,1,5.942799
asthma,1,1,5.942799
orthodoxy,1,1,5.942799
pretense,1,1,5.942799
bullwhips,1,1,5.942799
depersonalize,1,1,5.942799
sentience,1,1,5.942799
anna,1,1,5.942799
karenina,1,1,5.942799
lerner,1,1,5.942799
unemotional,1,1,5.942799
teacher-therapist,1,1,5.942799
tift,1,1,5.942799
unbeneficial,1,1,5.942799
gunaratna,1,1,5.942799
overabundance,1,1,5.942799
fortran,1,1,5.942799
termination,1,1,5.942799
aghast,1,1,5.942799
plumb,1,1,5.942799
five-element,1,1,5.942799
blankety-blank,1,1,5.942799
concourse,1,1,5.942799
stent,1,1,5.942799
erratic,1,1,5.942799
take-home,1,1,5.942799
longish,1,1,5.942799
m-i-t-t-a,1,1,5.942799
expend,1,1,5.942799
side-by-side,1,1,5.942799
mindfulness-informed,1,1,5.942799
goodwill-informed,1,1,5.942799
dukkha-sukha,1,1,5.942799
somalia,1,1,5.942799
multi-page,1,1,5.942799
mediterranean,1,1,5.942799
yugoslavia,1,1,5.942799
trieste,1,1,5.942799
correspondence,1,1,5.942799
bottle,1,1,5.942799
half-an-hour,1,1,5.942799
non-compulsive,1,1,5.942799
non-forceful,1,1,5.942799
fistedness,1,1,5.942799
traummer,1,1,5.942799
twenty,1,1,5.942799
adequacy,1,1,5.942799
traumer,1,1,5.942799
scratchy,1,1,5.942799
reinterpretation,1,1,5.942799
respectable,1,1,5.942799
browbeat,1,1,5.942799
closure,1,1,5.942799
duckling,1,1,5.942799
boyfriend-girlfriend,1,1,5.942799
low-stakes,1,1,5.942799
unconsidered,1,1,5.942799
reconsider,1,1,5.942799
charlotte,1,1,5.942799
selection,1,1,5.942799
camino,1,1,5.942799
heliotropism,1,1,5.942799
imbibe,1,1,5.942799
monopoly,1,1,5.942799
insource,1,1,5.942799
inexpensive,1,1,5.942799
mediator,1,1,5.942799
obliviousness,1,1,5.942799
stockinged,1,1,5.942799
oversimplify,1,1,5.942799
minorly,1,1,5.942799
resentfully,1,1,5.942799
potter,1,1,5.942799
devilish-looking,1,1,5.942799
mantle,1,1,5.942799
disapprove,1,1,5.942799
dusk,1,1,5.942799
putter,1,1,5.942799
hearness,1,1,5.942799
person-dependent,1,1,5.942799
hyper-vigilant,1,1,5.942799
volcanic,1,1,5.942799
influencable,1,1,5.942799
sweetly,1,1,5.942799
mucky,1,1,5.942799
liven,1,1,5.942799
non-contemplative,1,1,5.942799
cynicism,1,1,5.942799
vehement,1,1,5.942799
effervescent,1,1,5.942799
visibility,1,1,5.942799
tautologically,1,1,5.942799
togetherness,1,1,5.942799
non-existent,1,1,5.942799
caretake,1,1,5.942799
sisyphus,1,1,5.942799
revelatory,1,1,5.942799
ambulance,1,1,5.942799
entrap,1,1,5.942799
unconstructed,1,1,5.942799
banish,1,1,5.942799
thought-maker,1,1,5.942799
rain-maker,1,1,5.942799
poodleish,1,1,5.942799
pooping,1,1,5.942799
remodel,1,1,5.942799
steamroll,1,1,5.942799
machination,1,1,5.942799
non-verbally,1,1,5.942799
deceiver,1,1,5.942799
non-deception,1,1,5.942799
irreproachable,1,1,5.942799
excel,1,1,5.942799
covert,1,1,5.942799
hominem,1,1,5.942799
considerably,1,1,5.942799
air-condition,1,1,5.942799
islam,1,1,5.942799
tranquilizer,1,1,5.942799
thievery,1,1,5.942799
neighborly,1,1,5.942799
lemonade,1,1,5.942799
mannerism,1,1,5.942799
profundity,1,1,5.942799
surface-sensing,1,1,5.942799
cross-purpose,1,1,5.942799
hollywood,1,1,5.942799
ketchup,1,1,5.942799
pushover,1,1,5.942799
synopsis,1,1,5.942799
non-conversational,1,1,5.942799
commentate,1,1,5.942799
music-making,1,1,5.942799
seashore,1,1,5.942799
snorkel,1,1,5.942799
comforter-filled,1,1,5.942799
thousand-year-old,1,1,5.942799
plateau,1,1,5.942799
unresisting,1,1,5.942799
over-prioritize,1,1,5.942799
ouches,1,1,5.942799
ahs,1,1,5.942799
faultless,1,1,5.942799
uninterrupted,1,1,5.942799
unconflictedness,1,1,5.942799
journalist,1,1,5.942799
sinuous,1,1,5.942799
consumption,1,1,5.942799
preclude,1,1,5.942799
inequality,1,1,5.942799
inveterate,1,1,5.942799
icky,1,1,5.942799
legion,1,1,5.942799
negligence,1,1,5.942799
cedary,1,1,5.942799
icy,1,1,5.942799
co-joined,1,1,5.942799
settlement,1,1,5.942799
jhanic-like,1,1,5.942799
9-to-5,1,1,5.942799
bald-pated,1,1,5.942799
bald,1,1,5.942799
shaveling,1,1,5.942799
traditionalist,1,1,5.942799
reasoner,1,1,5.942799
logician,1,1,5.942799
experientialists,1,1,5.942799
yathabhutananadassana,1,1,5.942799
well-respected,1,1,5.942799
controllable,1,1,5.942799
homunculus,1,1,5.942799
analytically,1,1,5.942799
superstitious,1,1,5.942799
sadly,1,1,5.942799
vignette,1,1,5.942799
rebellious,1,1,5.942799
elena,1,1,5.942799
question-answer,1,1,5.942799
stereotypical,1,1,5.942799
hallmark-y,1,1,5.942799
non-obligatory,1,1,5.942799
rationality,1,1,5.942799
obligatory,1,1,5.942799
unvirtuous,1,1,5.942799
clearance,1,1,5.942799
carpool,1,1,5.942799
kuan,1,1,5.942799
yin,1,1,5.942799
unselfconsciously,1,1,5.942799
professionalism,1,1,5.942799
unwaveringness,1,1,5.942799
well-born,1,1,5.942799
18th-century,1,1,5.942799
kobayashi,1,1,5.942799
issa,1,1,5.942799
to-the-point,1,1,5.942799
soberly,1,1,5.942799
11-year-old,1,1,5.942799
inning,1,1,5.942799
runner,1,1,5.942799
forthright,1,1,5.942799
inflection,1,1,5.942799
decisively,1,1,5.942799
rearrangement,1,1,5.942799
breed,1,1,5.942799
self-driven,1,1,5.942799
kaleidoscopic,1,1,5.942799
counterfactual,1,1,5.942799
transact,1,1,5.942799
non-tension,1,1,5.942799
tenable,1,1,5.942799
tania,1,1,5.942799
attorney,1,1,5.942799
mariel,1,1,5.942799
stman,1,1,5.942799
unselfish,1,1,5.942799
hysteresis,1,1,5.942799
procedure,1,1,5.942799
forster,1,1,5.942799
horribly,1,1,5.942799
dreamy,1,1,5.942799
all-inclusive,1,1,5.942799
undeserving,1,1,5.942799
reacquaint,1,1,5.942799
basal,1,1,5.942799
cramp,1,1,5.942799
gridlocked,1,1,5.942799
hyper-intensities,1,1,5.942799
unfixed,1,1,5.942799
inversely,1,1,5.942799
innovative,1,1,5.942799
crystallize,1,1,5.942799
catnip,1,1,5.942799
subtraction,1,1,5.942799
non-territoriality,1,1,5.942799
self-system,1,1,5.942799
darfur,1,1,5.942799
hvac,1,1,5.942799
bozo,1,1,5.942799
mini-daydream,1,1,5.942799
nucleus,1,1,5.942799
metaphysically,1,1,5.942799
ideological,1,1,5.942799
ism,1,1,5.942799
linguistics,1,1,5.942799
shoreline,1,1,5.942799
amphitheater,1,1,5.942799
four-day,1,1,5.942799
intermission,1,1,5.942799
sauce,1,1,5.942799
surgical,1,1,5.942799
self-absorption,1,1,5.942799
unpressured,1,1,5.942799
infantile,1,1,5.942799
westen,1,1,5.942799
gabbard,1,1,5.942799
libidinal,1,1,5.942799
idealization,1,1,5.942799
toleration,1,1,5.942799
smith,1,1,5.942799
bureaucracy,1,1,5.942799
wasp,1,1,5.942799
insatiable,1,1,5.942799
15-plus,1,1,5.942799
alcove,1,1,5.942799
buddhist-kind,1,1,5.942799
stimulus-reaction,1,1,5.942799
hyper-awake,1,1,5.942799
hyper-alert,1,1,5.942799
asynchronously,1,1,5.942799
ride-shares,1,1,5.942799
gobbledygook,1,1,5.942799
mara-vijaya,1,1,5.942799
semester-long,1,1,5.942799
neranjara,1,1,5.942799
ensue,1,1,5.942799
powerpoint,1,1,5.942799
factually,1,1,5.942799
dissuade,1,1,5.942799
annotation,1,1,5.942799
suta,1,1,5.942799
niranjara,1,1,5.942799
strenuously,1,1,5.942799
verge,1,1,5.942799
fraction,1,1,5.942799
systematize,1,1,5.942799
codify,1,1,5.942799
tenth,1,1,5.942799
squadron,1,1,5.942799
weakling,1,1,5.942799
re-emphasize,1,1,5.942799
wretched,1,1,5.942799
engulf,1,1,5.942799
bannered,1,1,5.942799
dislodge,1,1,5.942799
unambiguous,1,1,5.942799
heedful,1,1,5.942799
purview,1,1,5.942799
fat,1,1,5.942799
stricken,1,1,5.942799
armpit,1,1,5.942799
thereupon,1,1,5.942799
sullen,1,1,5.942799
papima,1,1,5.942799
wicked,1,1,5.942799
shroud,1,1,5.942799
goblin,1,1,5.942799
troll,1,1,5.942799
disarray,1,1,5.942799
ana,1,1,5.942799
waypoints,1,1,5.942799
roller,1,1,5.942799
coaster,1,1,5.942799
reliability,1,1,5.942799
superpower,1,1,5.942799
panorama,1,1,5.942799
gravelly,1,1,5.942799
checkbox,1,1,5.942799
grid,1,1,5.942799
preferentially,1,1,5.942799
indent,1,1,5.942799
derail,1,1,5.942799
brutally,1,1,5.942799
righteousness,1,1,5.942799
untrue,1,1,5.942799
endpoint,1,1,5.942799
telephone,1,1,5.942799
deficit,1,1,5.942799
leaning-into,1,1,5.942799
jumping-out-of-my-skin,1,1,5.942799
untruthful,1,1,5.942799
unconventional,1,1,5.942799
non-judgmentally,1,1,5.942799
kowit,1,1,5.942799
saffron-robed,1,1,5.942799
jab,1,1,5.942799
triumphantly,1,1,5.942799
half-lotus,1,1,5.942799
grimly,1,1,5.942799
hyperactive,1,1,5.942799
incorrigible,1,1,5.942799
brat,1,1,5.942799
sensei,1,1,5.942799
shapely,1,1,5.942799
lubricious,1,1,5.942799
zafus,1,1,5.942799
fragmentary,1,1,5.942799
wakeful,1,1,5.942799
weekend-long,1,1,5.942799
scrabble,1,1,5.942799
pine,1,1,5.942799
soul-wrenching,1,1,5.942799
upend,1,1,5.942799
antlike,1,1,5.942799
fifty-odd,1,1,5.942799
raven-haired,1,1,5.942799
crescent,1,1,5.942799
katas,1,1,5.942799
permutation,1,1,5.942799
unshaved,1,1,5.942799
caffeinated,1,1,5.942799
careen,1,1,5.942799
bad-faith,1,1,5.942799
deceptiveness,1,1,5.942799
outhouse,1,1,5.942799
faction,1,1,5.942799
parents-in-law,1,1,5.942799
germany,1,1,5.942799
father-in-law,1,1,5.942799
armenian,1,1,5.942799
genocide,1,1,5.942799
1910s,1,1,5.942799
amiability,1,1,5.942799
unmottled,1,1,5.942799
litmus,1,1,5.942799
obsessiveness,1,1,5.942799
harm-making,1,1,5.942799
twas,1,1,5.942799
ungrateful,1,1,5.942799
changeability,1,1,5.942799
me-versus-you,1,1,5.942799
five-year-old,1,1,5.942799
ufo,1,1,5.942799
lena,1,1,5.942799
coworkers,1,1,5.942799
buongiorno,1,1,5.942799
buonasera,1,1,5.942799
humbly,1,1,5.942799
prim,1,1,5.942799
toggle,1,1,5.942799
nalaka,1,1,5.942799
insula,1,1,5.942799
cingulate,1,1,5.942799
udayi,1,1,5.942799
reflexive,1,1,5.942799
ego-survival,1,1,5.942799
almost-metaphor,1,1,5.942799
32nd,1,1,5.942799
powder,1,1,5.942799
10-20,1,1,5.942799
solver,1,1,5.942799
greeter,1,1,5.942799
densing,1,1,5.942799
bridge-building,1,1,5.942799
misassociation,1,1,5.942799
backseat,1,1,5.942799
time-based,1,1,5.942799
microwave,1,1,5.942799
oatmeal,1,1,5.942799
five-pound,1,1,5.942799
future-tripping,1,1,5.942799
ecologist,1,1,5.942799
bright-eyed,1,1,5.942799
whine,1,1,5.942799
parenthood,1,1,5.942799
soothingly,1,1,5.942799
ironically,1,1,5.942799
kogan,1,1,5.942799
wry,1,1,5.942799
enactment,1,1,5.942799
one-day,1,1,5.942799
personify,1,1,5.942799
anti-apartheid,1,1,5.942799
iceberg,1,1,5.942799
one-word,1,1,5.942799
relabel,1,1,5.942799
polar,1,1,5.942799
xinxin,1,1,5.942799
ming,1,1,5.942799
gravitation,1,1,5.942799
distinctively,1,1,5.942799
figuring-out,1,1,5.942799
catastrophizing,1,1,5.942799
slew,1,1,5.942799
salt-free,1,1,5.942799
skyscraper,1,1,5.942799
self-understandings,1,1,5.942799
rightful,1,1,5.942799
squarely,1,1,5.942799
ever-so-slight,1,1,5.942799
toddler,1,1,5.942799
housebound,1,1,5.942799
self-effacing,1,1,5.942799
anxiously,1,1,5.942799
segment,1,1,5.942799
err,1,1,5.942799
ireland,1,1,5.942799
micro-adjustments,1,1,5.942799
truce,1,1,5.942799
lakota,1,1,5.942799
dais,1,1,5.942799
non-patience,1,1,5.942799
naivete,1,1,5.942799
instantaneous,1,1,5.942799
dispositional,1,1,5.942799
fetish,1,1,5.942799
state-based,1,1,5.942799
refinding,1,1,5.942799
value-wise,1,1,5.942799
adoption,1,1,5.942799
one-way,1,1,5.942799
faithfulness,1,1,5.942799
harassment,1,1,5.942799
wife-approved,1,1,5.942799
feminist,1,1,5.942799
mend,1,1,5.942799
housewife,1,1,5.942799
fishwife,1,1,5.942799
kettle,1,1,5.942799
suckle,1,1,5.942799
babe,1,1,5.942799
stir-fried,1,1,5.942799
poach,1,1,5.942799
cedar,1,1,5.942799
waxwing,1,1,5.942799
piny,1,1,5.942799
cane,1,1,5.942799
chrysanthemum,1,1,5.942799
earthbound,1,1,5.942799
courtesy,1,1,5.942799
massager,1,1,5.942799
hardwired,1,1,5.942799
beef,1,1,5.942799
barbecue,1,1,5.942799
gravy,1,1,5.942799
spud,1,1,5.942799
cranberry,1,1,5.942799
taste-smell,1,1,5.942799
ceanothus,1,1,5.942799
marcel,1,1,5.942799
proust,1,1,5.942799
madeleine,1,1,5.942799
broadness,1,1,5.942799
holistically,1,1,5.942799
oscillation,1,1,5.942799
knowledgeable,1,1,5.942799
misread,1,1,5.942799
ambiguous,1,1,5.942799
domineer,1,1,5.942799
contextualize,1,1,5.942799
sly,1,1,5.942799
overshare,1,1,5.942799
proverbially,1,1,5.942799
lighthearted,1,1,5.942799
respite,1,1,5.942799
ilk,1,1,5.942799
antibiotic,1,1,5.942799
fend,1,1,5.942799
encumber,1,1,5.942799
unafflicted,1,1,5.942799
nauseous,1,1,5.942799
uncomplaining,1,1,5.942799
non-affliction,1,1,5.942799
non-hostility,1,1,5.942799
ornamental,1,1,5.942799
instinctively,1,1,5.942799
acquisitiveness,1,1,5.942799
23rd,1,1,5.942799
episode,1,1,5.942799
rhodes,1,1,5.942799
junior,1,1,5.942799
anagarika,1,1,5.942799
consensually,1,1,5.942799
unpossessible,1,1,5.942799
dharma-centric,1,1,5.942799
unpossessibility,1,1,5.942799
outstretched,1,1,5.942799
guitar-like,1,1,5.942799
avadesi,1,1,5.942799
rakkhita,1,1,5.942799
angavijja,1,1,5.942799
pitaka,1,1,5.942799
suttacentral,1,1,5.942799
1880s,1,1,5.942799
avadayi,1,1,5.942799
purohita,1,1,5.942799
aromatics,1,1,5.942799
perfumery,1,1,5.942799
clasp,1,1,5.942799
likeness,1,1,5.942799
peerless,1,1,5.942799
kinnari,1,1,5.942799
payment,1,1,5.942799
hasten,1,1,5.942799
malady,1,1,5.942799
mistress,1,1,5.942799
cheerily,1,1,5.942799
hereupon,1,1,5.942799
wreck,1,1,5.942799
cuff,1,1,5.942799
unsuspecting,1,1,5.942799
stow,1,1,5.942799
naughtiness,1,1,5.942799
sevenfold,1,1,5.942799
alight,1,1,5.942799
fervor,1,1,5.942799
asseveration,1,1,5.942799
up-dashed,1,1,5.942799
guile,1,1,5.942799
womankind,1,1,5.942799
unsated,1,1,5.942799
preach,1,1,5.942799
testimony,1,1,5.942799
grotesque,1,1,5.942799
rapunzel,1,1,5.942799
well-constructed,1,1,5.942799
arthashastra,1,1,5.942799
cleverly,1,1,5.942799
subvert,1,1,5.942799
brihadaranyaka,1,1,5.942799
recruitment,1,1,5.942799
corruption,1,1,5.942799
subtext,1,1,5.942799
virulent,1,1,5.942799
gamergate,1,1,5.942799
segregate,1,1,5.942799
procession,1,1,5.942799
population-wise,1,1,5.942799
yuba,1,1,5.942799
mountainside,1,1,5.942799
outcrop,1,1,5.942799
cub,1,1,5.942799
dormant,1,1,5.942799
regrown,1,1,5.942799
regrow,1,1,5.942799
ultrasound,1,1,5.942799
opanayiko,1,1,5.942799
regurgitate,1,1,5.942799
self-absorbed,1,1,5.942799
orderly,1,1,5.942799
over-prioritized,1,1,5.942799
unenthusiastically,1,1,5.942799
committedly,1,1,5.942799
transportation,1,1,5.942799
shaky,1,1,5.942799
relisten,1,1,5.942799
squirrely,1,1,5.942799
ejector,1,1,5.942799
macro,1,1,5.942799
patriarchy,1,1,5.942799
hyper-plastic,1,1,5.942799
de-electrified,1,1,5.942799
beckon,1,1,5.942799
matthewbrensilver,1,1,5.942799
sangha-focused,1,1,5.942799
earthling,1,1,5.942799
nitpick,1,1,5.942799
carrot,1,1,5.942799
complicity,1,1,5.942799
tu-anh,1,1,5.942799
co-teaching,1,1,5.942799
transcribe,1,1,5.942799
pandora,1,1,5.942799
granddaughter,1,1,5.942799
uproariously,1,1,5.942799
illegitimate,1,1,5.942799
reflex,1,1,5.942799
essayist,1,1,5.942799
gluttony,1,1,5.942799
wrath,1,1,5.942799
deify,1,1,5.942799
manifold,1,1,5.942799
forebear,1,1,5.942799
matthieu,1,1,5.942799
ricard,1,1,5.942799
vicikiccha,1,1,5.942799
janna,1,1,5.942799
nana,1,1,5.942799
pa,1,1,5.942799
sati-sampajanna,1,1,5.942799
in-the-background,1,1,5.942799
aining,1,1,5.942799
aloe,1,1,5.942799
vera,1,1,5.942799
gocara,1,1,5.942799
story-ness,1,1,5.942799
re-engaged,1,1,5.942799
non-stuckness,1,1,5.942799
interception,1,1,5.942799
luminously,1,1,5.942799
bigness,1,1,5.942799
self-imagination,1,1,5.942799
heavy-duty,1,1,5.942799
un-tarnished,1,1,5.942799
body-mind-heart,1,1,5.942799
brain-mind,1,1,5.942799
infinitesimal,1,1,5.942799
20-30,1,1,5.942799
strainful,1,1,5.942799
mahasiddhas,1,1,5.942799
siddhi,1,1,5.942799
lifeblood,1,1,5.942799
slaughter,1,1,5.942799
dead-ended,1,1,5.942799
astonishingly,1,1,5.942799
athletic,1,1,5.942799
stutter,1,1,5.942799
instal,1,1,5.942799
stammer,1,1,5.942799
whirl,1,1,5.942799
sneer,1,1,5.942799
shovel,1,1,5.942799
well-shaven-headed,1,1,5.942799
passageway,1,1,5.942799
waterproof,1,1,5.942799
cartwheel,1,1,5.942799
wildfire,1,1,5.942799
abomination,1,1,5.942799
wench,1,1,5.942799
second-best,1,1,5.942799
third-best,1,1,5.942799
harem,1,1,5.942799
drought,1,1,5.942799
eldest,1,1,5.942799
habitation,1,1,5.942799
stoned-out,1,1,5.942799
well-fed,1,1,5.942799
spiff,1,1,5.942799
abolish,1,1,5.942799
lieutenant,1,1,5.942799
feint,1,1,5.942799
ether,1,1,5.942799
portugal,1,1,5.942799
telepathy,1,1,5.942799
extrasensory,1,1,5.942799
dei,1,1,5.942799
commonplace,1,1,5.942799
bcbs,1,1,5.942799
footage,1,1,5.942799
fatal,1,1,5.942799
casualness,1,1,5.942799
full-participation,1,1,5.942799
non-straining,1,1,5.942799
non-forcefulness,1,1,5.942799
imbalance,1,1,5.942799
in-and-out,1,1,5.942799
endanger,1,1,5.942799
i'vechosen,1,1,5.942799
figurative,1,1,5.942799
fortitude,1,1,5.942799
not-of-the-best-sort,1,1,5.942799
waffle,1,1,5.942799
cower,1,1,5.942799
unlucky,1,1,5.942799
mock,1,1,5.942799
overconfident,1,1,5.942799
tantalize,1,1,5.942799
unreflectively,1,1,5.942799
allower,1,1,5.942799
reframes,1,1,5.942799
k-u-s-a-l-a,1,1,5.942799
nutritious,1,1,5.942799
becomingness,1,1,5.942799
constrictedness,1,1,5.942799
dividedness,1,1,5.942799
devil,1,1,5.942799
earthiness,1,1,5.942799
helium,1,1,5.942799
unannounced,1,1,5.942799
governable,1,1,5.942799
ambient,1,1,5.942799
deteriorate,1,1,5.942799
caricature,1,1,5.942799
regrettable,1,1,5.942799
incompetence,1,1,5.942799
renee,1,1,5.942799
diresta,1,1,5.942799
exacerbate,1,1,5.942799
authoritarianism,1,1,5.942799
conmen,1,1,5.942799
livable,1,1,5.942799
insurable,1,1,5.942799
apocalyptic,1,1,5.942799
dabble,1,1,5.942799
steadfastly,1,1,5.942799
plural,1,1,5.942799
staticky,1,1,5.942799
climber,1,1,5.942799
summit,1,1,5.942799
ascent,1,1,5.942799
rescue,1,1,5.942799
flop,1,1,5.942799
football,1,1,5.942799
fuss,1,1,5.942799
snowmobile,1,1,5.942799
feisty,1,1,5.942799
stewardship,1,1,5.942799
ontologically,1,1,5.942799
sub-theme,1,1,5.942799
thingness,1,1,5.942799
unshifting,1,1,5.942799
beacon,1,1,5.942799
temperamental,1,1,5.942799
ajahns,1,1,5.942799
george,1,1,5.942799
re-acquiring,1,1,5.942799
non-vigilance,1,1,5.942799
90-minute,1,1,5.942799
algorithm,1,1,5.942799
bullock,1,1,5.942799
heifer,1,1,5.942799
swimmer,1,1,5.942799
self-deprecation,1,1,5.942799
fondness,1,1,5.942799
shapeshift,1,1,5.942799
pliable,1,1,5.942799
knotted-up,1,1,5.942799
circumscribe,1,1,5.942799
geography,1,1,5.942799
jargon,1,1,5.942799
mini-gods,1,1,5.942799
fatalistic,1,1,5.942799
waiter,1,1,5.942799
yelp,1,1,5.942799
toothache,1,1,5.942799
world-denial,1,1,5.942799
unreliability,1,1,5.942799
inclemency,1,1,5.942799
catalan,1,1,5.942799
josep,1,1,5.942799
esquirol,1,1,5.942799
self-sustenance,1,1,5.942799
eternally,1,1,5.942799
timelessness,1,1,5.942799
buddha-like,1,1,5.942799
un-buddha-like,1,1,5.942799
un-grasping,1,1,5.942799
serial,1,1,5.942799
killer,1,1,5.942799
module,1,1,5.942799
bua,1,1,5.942799
immaculately,1,1,5.942799
sperm,1,1,5.942799
undervalue,1,1,5.942799
amino,1,1,5.942799
chemoreceptor,1,1,5.942799
user,1,1,5.942799
layout,1,1,5.942799
non-deliberately,1,1,5.942799
impregnate,1,1,5.942799
catalyst,1,1,5.942799
overcharge,1,1,5.942799
palate,1,1,5.942799
tingly,1,1,5.942799
mindfulness-based,1,1,5.942799
exhilaration,1,1,5.942799
overcautious,1,1,5.942799
symptomatic,1,1,5.942799
paperback,1,1,5.942799
sublimely,1,1,5.942799
roadblock,1,1,5.942799
biggie,1,1,5.942799
medtiation,1,1,5.942799
yardstick,1,1,5.942799
angular,1,1,5.942799
writer-teacher,1,1,5.942799
psychoanalytic,1,1,5.942799
deconstruction,1,1,5.942799
wittgenstein,1,1,5.942799
bewitchment,1,1,5.942799
self-existing,1,1,5.942799
mini-taste,1,1,5.942799
fuse,1,1,5.942799
schizophrenia,1,1,5.942799
re-congeals,1,1,5.942799
interplay,1,1,5.942799
indoors,1,1,5.942799
unworldly,1,1,5.942799
latent,1,1,5.942799
glove,1,1,5.942799
chuckle,1,1,5.942799
hospitable,1,1,5.942799
boldly,1,1,5.942799
closed-mindedness,1,1,5.942799
teresa,1,1,5.942799
waterskied,1,1,5.942799
4-year,1,1,5.942799
heads-up,1,1,5.942799
re-engage,1,1,5.942799
offensiveness,1,1,5.942799
investigatory,1,1,5.942799
throughway,1,1,5.942799
inbox,1,1,5.942799
associative,1,1,5.942799
patron,1,1,5.942799
ingest,1,1,5.942799
feldman,1,1,5.942799
barrett,1,1,5.942799
choicefully,1,1,5.942799
unwillingly,1,1,5.942799
blameable,1,1,5.942799
la-la,1,1,5.942799
stack,1,1,5.942799
tangled-up,1,1,5.942799
replacement,1,1,5.942799
formulate,1,1,5.942799
equanimizing,1,1,5.942799
monotheistic,1,1,5.942799
augustine,1,1,5.942799
thyself,1,1,5.942799
thee,1,1,5.942799
popularize,1,1,5.942799
adjutant,1,1,5.942799
white-hot,1,1,5.942799
cobble,1,1,5.942799
ramble,1,1,5.942799
credential,1,1,5.942799
pub,1,1,5.942799
puritanical,1,1,5.942799
vega,1,1,5.942799
guardrail,1,1,5.942799
strife,1,1,5.942799
election,1,1,5.942799
well-thought-out,1,1,5.942799
electoral,1,1,5.942799
non-event,1,1,5.942799
hairstyle,1,1,5.942799
woodpecker,1,1,5.942799
blankness,1,1,5.942799
redemptive,1,1,5.942799
doingness,1,1,5.942799
megan,1,1,5.942799
cowan,1,1,5.942799
chris,1,1,5.942799
mckenna,1,1,5.942799
risk-averse,1,1,5.942799
harm-avoidant,1,1,5.942799
threshold,1,1,5.942799
kay,1,1,5.942799
tye,1,1,5.942799
authoritarian,1,1,5.942799
micro-level,1,1,5.942799
thinness,1,1,5.942799
immanuel,1,1,5.942799
kant,1,1,5.942799
annihilation,1,1,5.942799
problem-solving,1,1,5.942799
problem-solve,1,1,5.942799
coward,1,1,5.942799
aquinas,1,1,5.942799
anglican,1,1,5.942799
digestible,1,1,5.942799
task-focused,1,1,5.942799
liability,1,1,5.942799
achilles,1,1,5.942799
worldviews,1,1,5.942799
venezuela,1,1,5.942799
decision-maker,1,1,5.942799
respiratory,1,1,5.942799
workup,1,1,5.942799
re-educate,1,1,5.942799
affiliation,1,1,5.942799
judaism,1,1,5.942799
swedenborg,1,1,5.942799
rabbinical,1,1,5.942799
transferable,1,1,5.942799
oversee,1,1,5.942799
mobile,1,1,5.942799
dislocate,1,1,5.942799
mulcahy,1,1,5.942799
overseas,1,1,5.942799
pre-pandemic,1,1,5.942799
maui,1,1,5.942799
humanist,1,1,5.942799
membership,1,1,5.942799
part-time,1,1,5.942799
amass,1,1,5.942799
endorsement,1,1,5.942799
non-family,1,1,5.942799
worst-case,1,1,5.942799
generator,1,1,5.942799
greasy,1,1,5.942799
carla,1,1,5.942799
certificate,1,1,5.942799
elmwood,1,1,5.942799
midwest,1,1,5.942799
ohio,1,1,5.942799
fremont,1,1,5.942799
front-row,1,1,5.942799
muslim,1,1,5.942799
jehovah,1,1,5.942799
dimitra,1,1,5.942799
treasurer,1,1,5.942799
bhaso,1,1,5.942799
meditation-naive,1,1,5.942799
interchangeable,1,1,5.942799
distill,1,1,5.942799
cross-check,1,1,5.942799
codependent,1,1,5.942799
zigzag,1,1,5.942799
metropolitan,1,1,5.942799
n-i-m-i-t-t-a,1,1,5.942799
healthfulness,1,1,5.942799
whole-minded,1,1,5.942799
modestly,1,1,5.942799
emojis,1,1,5.942799
complementary,1,1,5.942799
escort,1,1,5.942799
one-sentence,1,1,5.942799
long-winded,1,1,5.942799
toothbrush,1,1,5.942799
comb,1,1,5.942799
leaflet,1,1,5.942799
unguided,1,1,5.942799
freeze-framed,1,1,5.942799
projector,1,1,5.942799
baraz,1,1,5.942799
custody,1,1,5.942799
obnoxious,1,1,5.942799
munindra,1,1,5.942799
flimsy,1,1,5.942799
evanescent,1,1,5.942799
boss,1,1,5.942799
diaphanous,1,1,5.942799
silo,1,1,5.942799
zoo,1,1,5.942799
handwritten,1,1,5.942799
plush,1,1,5.942799
leather,1,1,5.942799
relatedly,1,1,5.942799
non-practitioner,1,1,5.942799
leslie,1,1,5.942799
cheeky,1,1,5.942799
r-o-e-d-e-l,1,1,5.942799
oversimplification,1,1,5.942799
angst,1,1,5.942799
unclear,1,1,5.942799
flat-out,1,1,5.942799
asanka,1,1,5.942799
attainable,1,1,5.942799
three-month-long,1,1,5.942799
perilousness,1,1,5.942799
grumpiness,1,1,5.942799
crankiness,1,1,5.942799
chemist,1,1,5.942799
aggravation,1,1,5.942799
feminine,1,1,5.942799
motherhood,1,1,5.942799
victor,1,1,5.942799
reinvent,1,1,5.942799
subpersonality,1,1,5.942799
distractedness,1,1,5.942799
untold,1,1,5.942799
philosophize,1,1,5.942799
hmph,1,1,5.942799
non-truth,1,1,5.942799
step-wise,1,1,5.942799
interpolation,1,1,5.942799
godlike,1,1,5.942799
opapatika,1,1,5.942799
charter,1,1,5.942799
pascal,1,1,5.942799
wager,1,1,5.942799
steven,1,1,5.942799
truthtelling,1,1,5.942799
grandma,1,1,5.942799
sugati,1,1,5.942799
tavatimsa,1,1,5.942799
ascendingly,1,1,5.942799
unswerving,1,1,5.942799
sotapanna,1,1,5.942799
anupubbikatha,1,1,5.942799
devanussati,1,1,5.942799
unperturbed,1,1,5.942799
halo,1,1,5.942799
osmosis,1,1,5.942799
multi-life,1,1,5.942799
caganussati,1,1,5.942799
successively,1,1,5.942799
outright,1,1,5.942799
goad,1,1,5.942799
punna,1,1,5.942799
past-life,1,1,5.942799
regression,1,1,5.942799
deva-humans,1,1,5.942799
dibba-cakkhu,1,1,5.942799
stepwise,1,1,5.942799
clairvoyant,1,1,5.942799
afar,1,1,5.942799
consequently,1,1,5.942799
wretch,1,1,5.942799
santideva,1,1,5.942799
hell-being,1,1,5.942799
unduly,1,1,5.942799
aggressiveness,1,1,5.942799
de-nourishing,1,1,5.942799
dhammic,1,1,5.942799
gestational,1,1,5.942799
consummation,1,1,5.942799
nugent,1,1,5.942799
ficus,1,1,5.942799
benjamina,1,1,5.942799
quarter-inch,1,1,5.942799
nonsensically,1,1,5.942799
half-breath,1,1,5.942799
o'clock,1,1,5.942799
broadway,1,1,5.942799
recliner,1,1,5.942799
indulgent,1,1,5.942799
contradictory,1,1,5.942799
poignantly,1,1,5.942799
sugar,1,1,5.942799
gullible,1,1,5.942799
mind-constructed,1,1,5.942799
unintentionally,1,1,5.942799
bookworm,1,1,5.942799
violation,1,1,5.942799
treatise,1,1,5.942799
co-opting,1,1,5.942799
21-year-old,1,1,5.942799
tulane,1,1,5.942799
oat,1,1,5.942799
gusto,1,1,5.942799
onslaught,1,1,5.942799
unlove,1,1,5.942799
unaddressed,1,1,5.942799
supercharge,1,1,5.942799
disable,1,1,5.942799
disregard,1,1,5.942799
evade,1,1,5.942799
paranoia,1,1,5.942799
commune,1,1,5.942799
tim,1,1,5.942799
leary,1,1,5.942799
rota,1,1,5.942799
cleanup,1,1,5.942799
eco-dharma,1,1,5.942799
pupil,1,1,5.942799
herron,1,1,5.942799
colorless,1,1,5.942799
adrift,1,1,5.942799
circumference,1,1,5.942799
denver,1,1,5.942799
satori,1,1,5.942799
unitive,1,1,5.942799
joyce,1,1,5.942799
dubliner,1,1,5.942799
duffy,1,1,5.942799
rolfers,1,1,5.942799
giveaway,1,1,5.942799
eckhart,1,1,5.942799
tolle,1,1,5.942799
knost,1,1,5.942799
soul-healing,1,1,5.942799
breathtakingly,1,1,5.942799
fritz,1,1,5.942799
perls,1,1,5.942799
rehab,1,1,5.942799
mid-30s,1,1,5.942799
romantically,1,1,5.942799
sob,1,1,5.942799
excruciatingly,1,1,5.942799
incident,1,1,5.942799
fiance,1,1,5.942799
heartless,1,1,5.942799
pleaser,1,1,5.942799
overextend,1,1,5.942799
self-compassionate,1,1,5.942799
s-a-m-m-a,1,1,5.942799
piggyback,1,1,5.942799
loy,1,1,5.942799
augustus,1,1,5.942799
dissociation,1,1,5.942799
illiteracy,1,1,5.942799
immaturity,1,1,5.942799
full-blooded,1,1,5.942799
newfound,1,1,5.942799
firsthand,1,1,5.942799
fauld,1,1,5.942799
observant,1,1,5.942799
phillip,1,1,5.942799
2nd,1,1,5.942799
palatial,1,1,5.942799
barrage,1,1,5.942799
lunge,1,1,5.942799
unfazed,1,1,5.942799
bulge,1,1,5.942799
fang,1,1,5.942799
mythologist,1,1,5.942799
nayyirah,1,1,5.942799
waheed,1,1,5.942799
kahlil,1,1,5.942799
gibran,1,1,5.942799
alchemist,1,1,5.942799
11th-century,1,1,5.942799
machig,1,1,5.942799
labdron,1,1,5.942799
tsultrim,1,1,5.942799
allione,1,1,5.942799
fanged,1,1,5.942799
scary-looking,1,1,5.942799
princess,1,1,5.942799
untended,1,1,5.942799
monterey,1,1,5.942799
despondent,1,1,5.942799
academia,1,1,5.942799
ajiva,1,1,5.942799
five-point,1,1,5.942799
cheesemonger,1,1,5.942799
unprocessed,1,1,5.942799
unproductive,1,1,5.942799
graf,1,1,5.942799
for-profit,1,1,5.942799
high-end,1,1,5.942799
butch,1,1,5.942799
outage,1,1,5.942799
competition,1,1,5.942799
jailer,1,1,5.942799
flattery,1,1,5.942799
disingenuous,1,1,5.942799
archery,1,1,5.942799
fester,1,1,5.942799
anavakula,1,1,5.942799
ca,1,1,5.942799
kammanta,1,1,5.942799
narada,1,1,5.942799
thera,1,1,5.942799
imposter,1,1,5.942799
syndrome,1,1,5.942799
yearly,1,1,5.942799
boo-boo,1,1,5.942799
kammaramata,1,1,5.942799
covetous,1,1,5.942799
medicant,1,1,5.942799
replan,1,1,5.942799
compulsiveness,1,1,5.942799
unfiltered,1,1,5.942799
employee,1,1,5.942799
popularly,1,1,5.942799
fury,1,1,5.942799
loophole,1,1,5.942799
hypocrite,1,1,5.942799
puritan,1,1,5.942799
four-line,1,1,5.942799
non-hate,1,1,5.942799
seatbelt,1,1,5.942799
cowardly,1,1,5.942799
rationale,1,1,5.942799
vicious,1,1,5.942799
slander,1,1,5.942799
tiananmen,1,1,5.942799
sift,1,1,5.942799
chaff,1,1,5.942799
frisbee,1,1,5.942799
alabama,1,1,5.942799
baton,1,1,5.942799
concussion,1,1,5.942799
congressman,1,1,5.942799
ku,1,1,5.942799
klux,1,1,5.942799
klan,1,1,5.942799
congress,1,1,5.942799
boycott,1,1,5.942799
sunnyvale,1,1,5.942799
award-winning,1,1,5.942799
ambie-nominated,1,1,5.942799
prx,1,1,5.942799
templeton,1,1,5.942799
doula,1,1,5.942799
uc,1,1,5.942799
facilitation,1,1,5.942799
pre-vaccine,1,1,5.942799
dormitory,1,1,5.942799
glo,1,1,5.942799
touchpoints,1,1,5.942799
demographic,1,1,5.942799
lgbtq,1,1,5.942799
self-determination,1,1,5.942799
internship,1,1,5.942799
disqualify,1,1,5.942799
referral,1,1,5.942799
ptsd,1,1,5.942799
reenact,1,1,5.942799
multi-disciplinary,1,1,5.942799
garner,1,1,5.942799
capitalist,1,1,5.942799
latino,1,1,5.942799
quad,1,1,5.942799
admin,1,1,5.942799
petty,1,1,5.942799
dissent,1,1,5.942799
multidisciplinary,1,1,5.942799
tenure,1,1,5.942799
geopolitical,1,1,5.942799
parish,1,1,5.942799
crude,1,1,5.942799
stressor,1,1,5.942799
wheelhouse,1,1,5.942799
hospital-worthy,1,1,5.942799
networker,1,1,5.942799
sophomore,1,1,5.942799
africana,1,1,5.942799
homie,1,1,5.942799
millennial,1,1,5.942799
socialization,1,1,5.942799
technologically,1,1,5.942799
chatgpt,1,1,5.942799
acuho,1,1,5.942799
academy-driven,1,1,5.942799
legitimacy,1,1,5.942799
princeton,1,1,5.942799
yale,1,1,5.942799
void,1,1,5.942799
unsatisfied,1,1,5.942799
qual,1,1,5.942799
irb,1,1,5.942799
israel-palestine,1,1,5.942799
nerdly,1,1,5.942799
augusta,1,1,5.942799
well-educated,1,1,5.942799
financial,1,1,5.942799
opioid,1,1,5.942799
millennials,1,1,5.942799
bipartisan,1,1,5.942799
no-pressure,1,1,5.942799
58th,1,1,5.942799
kilter,1,1,5.942799
gung-ho,1,1,5.942799
well-established,1,1,5.942799
sophistication,1,1,5.942799
imposition,1,1,5.942799
matter-of-factly,1,1,5.942799
totter,1,1,5.942799
self-idea,1,1,5.942799
shoe-chooser,1,1,5.942799
attribution,1,1,5.942799
jot,1,1,5.942799
dreamscape,1,1,5.942799
medha,1,1,5.942799
nandi,1,1,5.942799
10-precept,1,1,5.942799
taiwan,1,1,5.942799
hermitage,1,1,5.942799
ontario,1,1,5.942799
proto-hinduism,1,1,5.942799
fresh-baked,1,1,5.942799
hyper-education,1,1,5.942799
sangahavatthuni,1,1,5.942799
helpfully,1,1,5.942799
happenstance,1,1,5.942799
timeliness,1,1,5.942799
obtuse,1,1,5.942799
favoritism,1,1,5.942799
even-minded,1,1,5.942799
unshaken,1,1,5.942799
untouchable,1,1,5.942799
takeaway,1,1,5.942799
outbreath,1,1,5.942799
scintillate,1,1,5.942799
co-leading,1,1,5.942799
lomond,1,1,5.942799
fact-check,1,1,5.942799
substack,1,1,5.942799
tl,1,1,5.942799
potassium,1,1,5.942799
plasma,1,1,5.942799
salinity,1,1,5.942799
bloodstream,1,1,5.942799
seaside,1,1,5.942799
internal-external,1,1,5.942799
synovial,1,1,5.942799
stahl,1,1,5.942799
mcclennon,1,1,5.942799
mesozoic,1,1,5.942799
urinate,1,1,5.942799
aquifer,1,1,5.942799
ion,1,1,5.942799
evaporation,1,1,5.942799
shapeshifter,1,1,5.942799
oceanic,1,1,5.942799
dhamma-vinaya,1,1,5.942799
sweaty,1,1,5.942799
fast-moving,1,1,5.942799
distractible,1,1,5.942799
popcorn,1,1,5.942799
blender,1,1,5.942799
free-throw,1,1,5.942799
artwork,1,1,5.942799
recompose,1,1,5.942799
anti-dogmatic,1,1,5.942799
folktale,1,1,5.942799
self-reliant,1,1,5.942799
antiquity,1,1,5.942799
doctrinally,1,1,5.942799
pragmatically,1,1,5.942799
k-a-l-a-m-a,1,1,5.942799
domesticate,1,1,5.942799
independent-minded,1,1,5.942799
nivapa,1,1,5.942799
unwittingly,1,1,5.942799
unmindful,1,1,5.942799
outsmart,1,1,5.942799
fiddle,1,1,5.942799
unworried,1,1,5.942799
adjunct,1,1,5.942799
microsecond,1,1,5.942799
abstractly,1,1,5.942799
scrutiny,1,1,5.942799
cut-and-paste,1,1,5.942799
perceptive,1,1,5.942799
sutamaya,1,1,5.942799
cintamaya,1,1,5.942799
bhavanamaya,1,1,5.942799
hark,1,1,5.942799
haphazard,1,1,5.942799
not-very-useful,1,1,5.942799
blurt,1,1,5.942799
pollution,1,1,5.942799
thought-construct,1,1,5.942799
externalize,1,1,5.942799
touchness,1,1,5.942799
dennett,1,1,5.942799
copernicus,1,1,5.942799
heliocentrism,1,1,5.942799
darwin,1,1,5.942799
primate,1,1,5.942799
haircut,1,1,5.942799
grandiosely,1,1,5.942799
yogacara,1,1,5.942799
alayavijnana,1,1,5.942799
overdisclosure,1,1,5.942799
self-curation,1,1,5.942799
pejoratively,1,1,5.942799
wo,1,1,5.942799
soll,1,1,5.942799
ich,1,1,5.942799
werden,1,1,5.942799
eas,1,1,5.942799
brent,1,1,5.942799
non-arising,1,1,5.942799
forward-looking,1,1,5.942799
daishan,1,1,5.942799
dhammachanda,1,1,5.942799
kamachanda,1,1,5.942799
amok,1,1,5.942799
palihawadana,1,1,5.942799
causation,1,1,5.942799
pdf,1,1,5.942799
unawareness,1,1,5.942799
principled,1,1,5.942799
grok,1,1,5.942799
retina,1,1,5.942799
virtualization,1,1,5.942799
incompletion,1,1,5.942799
pacifier,1,1,5.942799
plea,1,1,5.942799
commence,1,1,5.942799
salivate,1,1,5.942799
dereified,1,1,5.942799
distractors,1,1,5.942799
incessantly,1,1,5.942799
addendum,1,1,5.942799
holographically,1,1,5.942799
overstimulation,1,1,5.942799
under-efforting,1,1,5.942799
panicky,1,1,5.942799
non-hurrying,1,1,5.942799
result-driven,1,1,5.942799
proportion,1,1,5.942799
one-liner,1,1,5.942799
aloft,1,1,5.942799
obedient,1,1,5.942799
far-reaching,1,1,5.942799
suspense,1,1,5.942799
thriller,1,1,5.942799
hush,1,1,5.942799
snow-blanketed,1,1,5.942799
quaint,1,1,5.942799
cheesy,1,1,5.942799
pinball,1,1,5.942799
photographer,1,1,5.942799
unstuck,1,1,5.942799
tech-advanced,1,1,5.942799
guinness,1,1,5.942799
decisiveness,1,1,5.942799
algae,1,1,5.942799
nozzle,1,1,5.942799
breathlessly,1,1,5.942799
cooperation,1,1,5.942799
unjudged,1,1,5.942799
localize,1,1,5.942799
width,1,1,5.942799
samadhi-type,1,1,5.942799
two-thirds,1,1,5.942799
four-year,1,1,5.942799
hostage,1,1,5.942799
grammatical,1,1,5.942799
tablet,1,1,5.942799
economics,1,1,5.942799
unavailable,1,1,5.942799
serotonin,1,1,5.942799
dopamine,1,1,5.942799
overactivity,1,1,5.942799
morose,1,1,5.942799
magician,1,1,5.942799
vitalize,1,1,5.942799
fishy,1,1,5.942799
shark,1,1,5.942799
well-wishes,1,1,5.942799
shrimp,1,1,5.942799
eel,1,1,5.942799
orb,1,1,5.942799
enthusiastically,1,1,5.942799
semi-truck,1,1,5.942799
tinkerbell,1,1,5.942799
storti,1,1,5.942799
etch,1,1,5.942799
remedy,1,1,5.942799
burnish,1,1,5.942799
hieroglyph,1,1,5.942799
souvenir,1,1,5.942799
facile,1,1,5.942799
gornstein,1,1,5.942799
dizziness,1,1,5.942799
venom,1,1,5.942799
bleak,1,1,5.942799
stepfather,1,1,5.942799
grill,1,1,5.942799
interweave,1,1,5.942799
operationalized,1,1,5.942799
counterprogram,1,1,5.942799
p-a-i-r-s,1,1,5.942799
joy-making,1,1,5.942799
care-making,1,1,5.942799
muse,1,1,5.942799
experimental,1,1,5.942799
chisel,1,1,5.942799
sutta-based,1,1,5.942799
meta-level,1,1,5.942799
mini-talk,1,1,5.942799
30-ish,1,1,5.942799
afterglow,1,1,5.942799
neural,1,1,5.942799
efficacious,1,1,5.942799
honorific,1,1,5.942799
sunglass,1,1,5.942799
soundtrack,1,1,5.942799
coloration,1,1,5.942799
dorm,1,1,5.942799
excruciate,1,1,5.942799
rinse,1,1,5.942799
five-year,1,1,5.942799
love-making,1,1,5.942799
14th-century,1,1,5.942799
wink,1,1,5.942799
assuage,1,1,5.942799
non-freedom,1,1,5.942799
vulture,1,1,5.942799
legging,1,1,5.942799
swimsuit,1,1,5.942799
alpine,1,1,5.942799
quick-dry,1,1,5.942799
personification,1,1,5.942799
donut-eating,1,1,5.942799
people-please,1,1,5.942799
deacon,1,1,5.942799
dresser,1,1,5.942799
lipstick,1,1,5.942799
antithesis,1,1,5.942799
administratively,1,1,5.942799
hyper-availability,1,1,5.942799
rarity,1,1,5.942799
jangly,1,1,5.942799
disidentifying,1,1,5.942799
yogurt,1,1,5.942799
blueberry,1,1,5.942799
ravenously,1,1,5.942799
delightedly,1,1,5.942799
proudly,1,1,5.942799
mashup,1,1,5.942799
gratefully,1,1,5.942799
revulsion,1,1,5.942799
corrode,1,1,5.942799
initiatory,1,1,5.942799
chapman,1,1,5.942799
pragmatism,1,1,5.942799
co-option,1,1,5.942799
vengefulness,1,1,5.942799
irony,1,1,5.942799
accessory,1,1,5.942799
quark,1,1,5.942799
shire,1,1,5.942799
atlas,1,1,5.942799
bone-deep,1,1,5.942799
angie,1,1,5.942799
documentation,1,1,5.942799
downfall,1,1,5.942799
reunite,1,1,5.942799
grave,1,1,5.942799
captor,1,1,5.942799
hysterically,1,1,5.942799
novik,1,1,5.942799
ham,1,1,5.942799
kasha,1,1,5.942799
pork,1,1,5.942799
hoot,1,1,5.942799
wheat,1,1,5.942799
brand-new,1,1,5.942799
pea,1,1,5.942799
headwoman,1,1,5.942799
sting,1,1,5.942799
absurdly,1,1,5.942799
solnit,1,1,5.942799
insurrection,1,1,5.942799
bestow,1,1,5.942799
bernstein,1,1,5.942799
devotedly,1,1,5.942799
screwtape,1,1,5.942799
acceleration,1,1,5.942799
froth,1,1,5.942799
purpose-built,1,1,5.942799
pirate,1,1,5.942799
rig,1,1,5.942799
wooo,1,1,5.942799
exhilarate,1,1,5.942799
longchenpa,1,1,5.942799
moisten,1,1,5.942799
vivification,1,1,5.942799
linden,1,1,5.942799
self-blame,1,1,5.942799
not-rightness,1,1,5.942799
uptight,1,1,5.942799
zeroth,1,1,5.942799
unlimiting,1,1,5.942799
choke,1,1,5.942799
veritable,1,1,5.942799
fountainhead,1,1,5.942799
modifier,1,1,5.942799
unfettered,1,1,5.942799
hiri,1,1,5.942799
derivation,1,1,5.942799
unsuccessfully,1,1,5.942799
profusely,1,1,5.942799
untrimable,1,1,5.942799
distasteful,1,1,5.942799
abhorrent,1,1,5.942799
synchronize,1,1,5.942799
cloudiness,1,1,5.942799
off-kilter,1,1,5.942799
auspicious,1,1,5.942799
terrence,1,1,5.942799
jog,1,1,5.942799
unsurprising,1,1,5.942799
adoration,1,1,5.942799
cockatiel,1,1,5.942799
lick,1,1,5.942799
poofed,1,1,5.942799
piffle,1,1,5.942799
pill,1,1,5.942799
wand,1,1,5.942799
self-assessment,1,1,5.942799
subplot,1,1,5.942799
dylan,1,1,5.942799
palisade,1,1,5.942799
decent,1,1,5.942799
snyder,1,1,5.942799
autocracy,1,1,5.942799
fluorescent,1,1,5.942799
confetti,1,1,5.942799
cumulatively,1,1,5.942799
rider,1,1,5.942799
casa,1,1,5.942799
teary,1,1,5.942799
restaurateur,1,1,5.942799
sou,1,1,5.942799
chef,1,1,5.942799
cal,1,1,5.942799
monica,1,1,5.942799
ceaselessly,1,1,5.942799
macular,1,1,5.942799
degeneration,1,1,5.942799
fearlessness,1,1,5.942799
fenton,1,1,5.942799
exorbitant,1,1,5.942799
deface,1,1,5.942799
self-engrossed,1,1,5.942799
honour,1,1,5.942799
favourite,1,1,5.942799
hallow,1,1,5.942799
celebrity,1,1,5.942799
amend,1,1,5.942799
pact,1,1,5.942799
